subjects,covariance,lh_SFG_L_6_1_thickness,lh_SFG_L_6_2_thickness,lh_SFG_L_6_3_thickness,lh_SFG_L_6_4_thickness,lh_SFG_L_6_5_thickness,lh_SFG_L_6_6_thickness,lh_MFG_L_7_1_thickness,lh_MFG_L_7_2_thickness,lh_MFG_L_7_3_thickness,lh_MFG_L_7_4_thickness,lh_MFG_L_7_5_thickness,lh_MFG_L_7_6_thickness,lh_MFG_L_7_7_thickness,lh_IFG_L_6_1_thickness,lh_IFG_L_6_2_thickness,lh_IFG_L_6_3_thickness,lh_IFG_L_6_4_thickness,lh_IFG_L_6_5_thickness,lh_IFG_L_6_6_thickness,lh_OrG_L_6_1_thickness,lh_OrG_L_6_2_thickness,lh_OrG_L_6_3_thickness,lh_OrG_L_6_4_thickness,lh_OrG_L_6_5_thickness,lh_OrG_L_6_6_thickness,lh_PrG_L_6_1_thickness,lh_PrG_L_6_2_thickness,lh_PrG_L_6_3_thickness,lh_PrG_L_6_4_thickness,lh_PrG_L_6_5_thickness,lh_PrG_L_6_6_thickness,lh_PCL_L_2_1_thickness,lh_PCL_L_2_2_thickness,lh_STG_L_6_1_thickness,lh_STG_L_6_2_thickness,lh_STG_L_6_3_thickness,lh_STG_L_6_4_thickness,lh_STG_L_6_5_thickness,lh_STG_L_6_6_thickness,lh_MTG_L_4_1_thickness,lh_MTG_L_4_2_thickness,lh_MTG_L_4_3_thickness,lh_MTG_L_4_4_thickness,lh_ITG_L_5_1_thickness,lh_ITG_L_5_2_thickness,lh_ITG_L_5_3_thickness,lh_ITG_L_5_4_thickness,lh_ITG_L_5_5_thickness,lh_FuG_L_3_1_thickness,lh_FuG_L_3_2_thickness,lh_FuG_L_3_3_thickness,lh_PhG_L_6_1_thickness,lh_PhG_L_6_2_thickness,lh_PhG_L_6_3_thickness,lh_PhG_L_6_4_thickness,lh_PhG_L_6_5_thickness,lh_PhG_L_6_6_thickness,lh_pSTS_L_2_1_thickness,lh_pSTS_L_2_2_thickness,lh_SPL_L_4_1_thickness,lh_SPL_L_4_2_thickness,lh_SPL_L_4_3_thickness,lh_SPL_L_4_4_thickness,lh_IPL_L_6_1_thickness,lh_IPL_L_6_2_thickness,lh_IPL_L_6_3_thickness,lh_IPL_L_6_4_thickness,lh_IPL_L_6_5_thickness,lh_IPL_L_6_6_thickness,lh_PCun_L_4_1_thickness,lh_PCun_L_4_2_thickness,lh_PCun_L_4_3_thickness,lh_PCun_L_4_4_thickness,lh_PoG_L_4_1_thickness,lh_PoG_L_4_2_thickness,lh_PoG_L_4_3_thickness,lh_PoG_L_4_4_thickness,lh_INS_L_6_1_thickness,lh_INS_L_6_2_thickness,lh_INS_L_6_3_thickness,lh_CG_L_5_1_thickness,lh_CG_L_5_2_thickness,lh_CG_L_5_3_thickness,lh_CG_L_5_4_thickness,lh_CG_L_5_5_thickness,lh_MVOcC_L_5_1_thickness,lh_MVOcC_L_5_2_thickness,lh_MVOcC_L_5_3_thickness,lh_MVOcC_L_5_4_thickness,lh_MVOcC_L_5_5_thickness,lh_LOcC_L_4_1_thickness,lh_LOcC_L_4_2_thickness,lh_LOcC_L_4_3_thickness,lh_LOcC_L_4_4_thickness,lh_MeanThickness_thickness
sub-31151_ses-baseline_fs,lh_SFG_L_6_1_thickness,1.0,0.1544711422702547,0.46161716249208085,0.35628875376869973,0.9970160640425427,0.17883055532529343,0.016720576726564365,0.5181293795108959,1.4834039019010384e-08,0.09339870656149626,0.7003759374756513,0.9849851060850049,0.21537558847194146,0.8727040117767483,0.5257984315201539,0.99925317981651,0.9280126458822486,0.44691195056038263,0.5878576001882727,0.41805823265463954,0.49907992589587363,0.6927434922334672,0.6812383984443431,0.9762952918687953,0.4952932413079511,0.17459142920636608,0.3209923872221545,0.0035006948947823324,0.01414134966897071,0.6347218845034154,0.9953415146061657,0.9970160640425427,0.8092083480430168,0.2485489224880826,0.0064483149195116996,0.9970160640425427,0.01581830771258913,0.3696040803572255,0.92093328217616,0.01611418912144329,0.3304209675507929,0.3934851947104097,0.6696741781691316,0.4579246168900526,0.8842255635809748,0.35299893027052504,0.1275569752340028,0.9551920716583119,0.9900059422592276,0.45057179397759317,0.8192963127090247,0.10871001260288993,0.5373480724326506,0.9606190732803924,0.6308217644671957,0.9303072776107428,0.14324411590101246,4.183089720517789e-05,0.009257322436386762,0.2649105340896275,0.8159536270840859,0.9325688755633158,0.24324199981158404,0.8925773626028858,0.44326343656545264,0.7117609675593424,0.4216217614892939,0.913566597362053,0.14324411590101246,0.24588624672811357,0.913566597362053,0.9789733862204,0.6696741781691317,0.5528218697386719,0.273337711624,0.08100521983949162,0.4839841591456666,0.2302978155229945,0.7989460943661537,0.9947013820909866,0.9974920667352474,0.9689280313642172,0.9964989274428286,0.999916992423919,0.7527030627076103,0.10152484768176259,0.9454299792570177,0.15065929756905821,0.16230574417518445,0.8484173763967716,0.5956680175984803,0.895304465840182,0.31171638866518403,0.6386196106472283,0.7133483073892741
sub-31151_ses-baseline_fs,lh_SFG_L_6_2_thickness,0.1544711422702547,1.0,0.7885193788677635,0.8842255635809748,0.17883055532529343,0.9970160640425427,0.6502950246820474,0.7342659321290261,0.00025122827927528507,0.9704775794258568,0.552821869738672,0.2129533601906355,0.9838614839378633,0.04916905978894483,0.009076412203629152,0.14324411590101246,0.06791101094827942,0.8023856057349249,0.012384828889421688,0.0050293152709682066,0.7527030627076102,0.02042668085045475,0.5722575607612336,0.2302978155229945,0.756351490754057,0.9979268763604099,0.913566597362053,0.3595943117873477,0.61520406697718,0.6191104064448554,0.1275569752340028,0.1326347436859075,0.43962646112564013,0.0015264023089925972,0.46161716249208085,0.17883055532529343,0.6386196106472282,0.00373509160770817,0.3117163886651842,0.6425146036571826,0.9059203703733224,0.8515395458111807,0.5839545226090208,0.7920126151188829,0.052362302465415525,0.8870375934267624,0.9953415146061657,0.2649105340896275,0.20111951523302385,0.7989460943661538,0.03735384384594097,0.00028628865925623445,0.715537556824545,0.256647283463737,0.015240845803546734,0.06893192453891375,0.99925317981651,0.03797523592119263,0.5296424447775875,0.955192071658312,0.43238794672229686,0.2966019234432368,0.9689280313642172,0.34646698985516333,0.005818188396018886,0.02233561618912194,0.8259199745162488,0.3209923872221545,0.99925317981651,0.9673408066369943,0.06204123119543676,0.10152484768176259,0.018324949924722528,0.7003759374756514,0.9494410002396817,0.9533107543865665,0.7672121390006451,0.0012962630992837379,0.45057179397759317,0.12589750716545076,0.13436070727522703,0.24324199981158415,0.1309255171441501,0.15835313850970142,0.027087690616476517,0.00025122827927528507,0.2790463268032964,0.0005416548595220508,0.9996680110349342,0.3969545768072896,0.65806039978699,0.05572590835838276,0.9209332821761601,0.61520406697718,0.5395868455168926
sub-31151_ses-baseline_fs,lh_SFG_L_6_3_thickness,0.46161716249208085,0.7885193788677635,1.0,0.9814958634283794,0.5066772742416186,0.8292002333249004,0.27051050666249704,0.9953415146061656,1.1965111658271797e-05,0.6464065225570532,0.9233253713747008,0.5644728871313157,0.8785188222528114,0.21054963442387,0.05926621169837814,0.43962646112564013,0.2649105340896275,0.9996680110349342,0.07532222075012762,0.037353843845940954,0.9979268763604099,0.11019322893288294,0.9347971714722627,0.5917622035382554,0.9983204388607467,0.8226185482731799,0.9657160986097532,0.10579003069276417,0.24588624672811357,0.9588464519533727,0.40744586267083277,0.41805823265463954,0.8389104425632683,0.014409451564626778,0.1544711422702547,0.5066772742416186,0.26213785114793065,0.029520932111548614,0.7041797945693158,0.264910534089628,0.9704775794258568,0.9925362484882712,0.9412796171485452,0.9999792474599868,0.22027558333396416,0.9802541561886393,0.734265932129027,0.6425146036571819,0.545075305195551,0.9998132426431755,0.17249895925986414,0.003655417202230431,0.9917332568700329,0.6308217644671958,0.088272621938321,0.2677014329217963,0.767212139000645,0.005135737092699855,0.19198421642285882,0.9280126458822486,0.832458967796947,0.6850804747343633,0.9084996823946978,0.7453661025307791,0.04189025776415045,0.11784504870301211,0.9974920667352474,0.715537556824545,0.767212139000645,0.9110485238446264,0.24854892248808214,0.34972496783190593,0.10152484768176259,0.9881175732178824,0.9347971714722626,0.6073895401053296,0.99925317981651,0.012623296420413058,0.8484173763967716,0.40393508022354235,0.421621761489294,0.611297002231013,0.41450761790366814,0.46903341397313275,0.1361034815065385,0.003279782422526481,0.6619365794191026,0.006189234422452308,0.8023856057349248,0.7989460943661537,0.9748982959182017,0.2302978155229945,0.9606190732803924,0.9570373784782781,0.9150128660190245
sub-31151_ses-baseline_fs,lh_SFG_L_6_4_thickness,0.35628875376869973,0.8842255635809748,0.9814958634283794,1.0,0.3969545768072896,0.9160536085942149,0.36291547464249396,0.9588464519533727,2.9473594057696244e-05,0.759986058836964,0.8389104425632683,0.4505717939775924,0.9513936536011709,0.1469171232746612,0.03674109467350373,0.3367901498545922,0.18974628842557348,0.98606908331815,0.04763435999315517,0.02233561618912185,0.9673408066369943,0.07206972671040379,0.8546377318733218,0.4764896991465336,0.9689280313642169,0.9110485238446264,0.9974920667352474,0.1564033422744966,0.33359728132961247,0.8898216328720556,0.3086587213650825,0.3178833096880326,0.7342659321290261,0.008055798518739738,0.22027558333396416,0.3969545768072896,0.35299893027052504,0.017346902891391448,0.5878576001882718,0.35628875376870034,0.9986727052934236,0.9974920667352473,0.8637849498888556,0.9826983553195634,0.1544711422702547,0.9999792474599868,0.838910442563269,0.5257984315201532,0.43238794672229686,0.9849851060850047,0.11784504870301181,0.0018776984263916105,0.9494410002396817,0.5143048817729025,0.05659417035304802,0.19198421642285882,0.8667837716733968,0.009441446675455028,0.2677014329217963,0.9814958634283794,0.7268069600128628,0.5683636908308479,0.9704775794258568,0.6308217644671957,0.02526742882159249,0.0775555975645869,0.9925362484882709,0.59957472507115,0.8667837716733968,0.9719892618381478,0.17670194725490265,0.25938342239429596,0.06590611352144907,0.9412796171485452,0.9849851060850049,0.7230609185534976,0.9734628940375306,0.006995979779807541,0.7453661025307791,0.30561836201864756,0.3209923872221545,0.49529324130795044,0.3147912803048124,0.36291547464249313,0.09080703499333316,0.0016742876851927157,0.545075305195551,0.003279782422526481,0.895304465840182,0.6889156253357249,0.9160536085942145,0.16230574417518445,0.995940721187631,0.8870375934267624,0.8278251257416752
sub-31151_ses-baseline_fs,lh_SFG_L_6_5_thickness,0.9970160640425427,0.17883055532529343,0.5066772742416186,0.3969545768072896,1.0,0.20579764649084026,0.020796673884428102,0.5644728871313165,2.3526647351521938e-08,0.11019322893288304,0.7453661025307791,0.9953415146061657,0.24588624672811357,0.8356958223055267,0.4802322753744756,0.9932986620529995,0.8980026284002947,0.4915148865495917,0.5412091292588714,0.3763534702712026,0.545075305195551,0.6464065225570532,0.7268069600128628,0.9900059422592276,0.5412091292588714,0.20111951523302385,0.35959431178734785,0.004526566080491991,0.017667709752437463,0.681238398444344,0.9849851060850049,0.9881175732178824,0.8484173763967716,0.21781632751280797,0.008218412372801,1.0,0.019703871668934985,0.3304209675507929,0.9474530291927439,0.02006243763303164,0.3696040803572255,0.43600123023135456,0.715537556824545,0.5028746884661174,0.8484173763967716,0.3934851947104097,0.14877953257534762,0.974898295918202,0.9979268763604099,0.4952932413079511,0.7779380853859484,0.09209566570354454,0.5839545226090207,0.9789733862203999,0.5839545226090207,0.900671538755167,0.16632939301888144,5.90154296257207e-05,0.011693204572813873,0.29958988682745746,0.8546377318733218,0.9570373784782781,0.27618300139168733,0.9233253713747008,0.4004379279244766,0.6658079556774164,0.4653201697515911,0.9412796171485452,0.16632939301888144,0.2790463268032964,0.8813858651227013,0.9606190732803924,0.6230156907367871,0.59957472507115,0.3086587213650825,0.09604839806824761,0.5296424447775875,0.20111951523302385,0.8389104425632683,0.9838614839378633,0.9890818330270071,0.9849851060850049,0.9871132819783243,0.9979268763604099,0.7079749255668157,0.0857946990428702,0.9673408066369943,0.1292329529318436,0.1875266640302867,0.8842255635809748,0.6425146036571827,0.8607607761055023,0.34972496783190576,0.6850804747343633,0.757879718767296
sub-31151_ses-baseline_fs,lh_SFG_L_6_6_thickness,0.17883055532529343,0.9970160640425427,0.8292002333249004,0.9160536085942149,0.20579764649084026,1.0,0.6034820064592491,0.7779380853859483,0.00018283714069834692,0.9494410002396817,0.59957472507115,0.24324199981158404,0.9947013820909866,0.05926621169837814,0.011470402970859953,0.16632939301888144,0.08100521983949166,0.842102475686435,0.015527214665192303,0.0064483149195116996,0.7954883089955138,0.025267428821592466,0.6191104064448563,0.26213785114793076,0.7989460943661537,0.999916992423919,0.9412796171485452,0.3209923872221545,0.568363690830848,0.6658079556774154,0.14877953257534762,0.1544711422702547,0.4839841591456666,0.002010420900579521,0.41805823265463965,0.20579764649084026,0.5917622035382554,0.0048224411812263605,0.34972496783190576,0.5956680175984803,0.9347971714722626,0.8870375934267624,0.6308217644671957,0.832458967796947,0.06298958828775206,0.918509266253888,0.984985106085005,0.29958988682745735,0.2302978155229945,0.8389104425632683,0.045407520578295404,0.0003900596459090516,0.759986058836964,0.29067890434422594,0.019003484223176777,0.08218203780755681,0.9932986620529995,0.03106909549868664,0.4839841591456667,0.974898295918202,0.47648969914653355,0.33359728132961247,0.9849851060850049,0.3865889929560972,0.007433802291130374,0.027560027641677615,0.8637849498888555,0.3595943117873477,0.9932986620529995,0.9838614839378633,0.07422514613984368,0.11942315750763073,0.022735467469821243,0.7453661025307791,0.9704775794258568,0.9280126458822486,0.8092083480430168,0.0017132679317483108,0.4952932413079511,0.1469171232746612,0.1564033422744966,0.27618300139168733,0.15255648051375248,0.1831422003821949,0.033241017581338954,0.0003431444176868409,0.3147912803048124,0.0007288561741590095,0.9986727052934236,0.4396264611256401,0.7041797945693158,0.06690244068112564,0.9474530291927439,0.6619365794191026,0.5862181036811762
sub-31151_ses-baseline_fs,lh_MFG_L_7_1_thickness,0.016720576726564365,0.6502950246820474,0.27051050666249704,0.36291547464249396,0.020796673884428102,0.6034820064592491,1.0,0.2302978155229945,0.007139274131143998,0.7920126151188835,0.1309255171441501,0.027087690616476517,0.5412091292588713,0.0032797824225265014,0.0003431444176868427,0.01495913755143151,0.005135737092699832,0.28192763592852277,0.0005152093702120699,0.0001598809141784668,0.2432419998115847,0.0009985622276024227,0.13963975049283558,0.03054549173331685,0.24588624672811357,0.6112970022310139,0.40043792792447647,0.8813858651227013,0.9983204388607467,0.16230574417518445,0.012623296420413113,0.01336327593138455,0.08702664749424115,3.5139016317567e-05,0.9513936536011705,0.020796673884428102,0.9998132426431755,0.00010920672454085364,0.04916905978894483,0.999916992423919,0.3900299462770848,0.3272613133020999,0.14507200603961018,0.2733377116240001,0.003577293875886051,0.36625210949772385,0.7079749255668156,0.037975235921192514,0.024829230174867354,0.2790463268032964,0.0022509286317795975,4.389528924655151e-06,0.21781632751280797,0.03613689707315813,0.0006771040080050004,0.005244193164711329,0.6735348951030745,0.264910534089628,0.9802541561886391,0.4690334139731336,0.08457667957173878,0.04540752057829555,0.4990799258958746,0.05836422237580891,0.0001928614203704498,0.0011250030789560406,0.3025953912736651,0.051548266560903354,0.6735348951030745,0.4952932413079512,0.004526566080491991,0.009076412203629152,0.0008642631504929118,0.20816440072871042,0.4579246168900526,0.8259199745162495,0.2539294673507807,2.861830608473908e-05,0.0908070349933334,0.012384828889421688,0.013618322145212159,0.033241017581338954,0.013112462014960774,0.01734690289139154,0.0014570696975798418,3.738555669601068e-06,0.04121506648369306,9.643365457323524e-06,0.6347218845034155,0.07314101469725358,0.18314220038219503,0.0038992025356902964,0.41097010103807574,0.16032058747853056,0.12520543503826437
sub-31151_ses-baseline_fs,lh_MFG_L_7_2_thickness,0.5181293795108959,0.7342659321290261,0.9953415146061656,0.9588464519533727,0.5644728871313165,0.7779380853859483,0.2302978155229945,1.0,7.517526021453509e-06,0.5878576001882718,0.955192071658312,0.6230156907367871,0.832458967796947,0.2485489224880826,0.07422514613984388,0.4952932413079512,0.3086587213650825,0.9925362484882709,0.09339870656149651,0.04763435999315513,0.9994813156794913,0.13436070727522695,0.9640541049906037,0.6502950246820474,0.99925317981651,0.770802913112906,0.9369919005748487,0.0857946990428702,0.20816440072870987,0.9814958634283794,0.4616171624920817,0.4727566673837804,0.8842255635809748,0.019003484223176877,0.12755697523400242,0.5644728871313165,0.22275335970563837,0.037975235921192514,0.759986058836964,0.22524965812151895,0.9433720930874003,0.9762952918687953,0.9689280313642172,0.9947013820909866,0.25938342239429646,0.9570373784782781,0.6773897533401442,0.7003759374756514,0.6034820064592491,0.9932986620529995,0.20579764649084037,0.005029315270968225,0.9994813156794913,0.6889156253357258,0.10871001260288993,0.3117163886651848,0.7117609675593414,0.0037350916077081866,0.16032058747853006,0.8898216328720556,0.8785188222528114,0.7416783079638966,0.8667837716733962,0.7989460943661545,0.05318698579995671,0.14324411590101285,0.98606908331815,0.7708029131129069,0.7117609675593414,0.8697569040818147,0.29067890434422605,0.4004379279244766,0.12425447079738128,0.9983204388607468,0.8980026284002947,0.5489463147366704,0.9983204388607467,0.016720576726564365,0.8925773626028864,0.4579246168900526,0.47648969914653444,0.6696741781691316,0.4690334139731336,0.525798431520154,0.16430866205747763,0.004526566080491983,0.7193043288827281,0.00838396075233725,0.7490411436772227,0.8484173763967716,0.9917332568700329,0.27051050666249704,0.9303072776107423,0.9802541561886393,0.9486103404153773
sub-31151_ses-baseline_fs,lh_MFG_L_7_3_thickness,1.4834039019010384e-08,0.00025122827927528507,1.1965111658271797e-05,2.9473594057696244e-05,2.3526647351521938e-08,0.00018283714069834692,0.007139274131143998,7.517526021453509e-06,1.0,0.0006606283127905398,1.649582082603253e-06,4.1522705009888537e-08,0.00011858266679514334,5.64074824940351e-10,8.615909807340797e-12,1.1752647785597106e-08,1.3515152846505442e-09,1.3522477473863675e-05,1.7887595075866163e-11,2.231116950378582e-12,8.786303194519725e-06,5.990303543731157e-11,1.946889019569946e-06,5.395556899935614e-08,9.063550480387669e-06,0.00019286142037044877,4.0637250272170966e-05,0.030545491733316714,0.008552488888782274,2.8855195357688005e-06,8.264820923119998e-09,9.29743397337217e-09,5.97182253829317e-07,1.6424960181352256e-13,0.018324949924722514,2.3526647351521938e-08,0.007585119760095776,1.1476886786900672e-12,1.5627141793092197e-07,0.007433802291130328,3.724753716078937e-05,2.1269671492499404e-05,2.149340624419244e-06,1.2337542790026529e-05,6.671635353537849e-10,3.035318335466512e-05,0.0003706154034286167,8.728590786102473e-08,3.4394928682688136e-08,1.3115909983014253e-05,2.743550210519651e-10,5.17571861212799e-15,6.425294736415395e-06,7.816368254765432e-08,2.937548759236062e-11,1.4082940945953834e-09,0.0002938307150559937,0.3178833096880319,0.013112462014960715,6.994012218150126e-05,5.573298081095301e-07,1.3041661944512374e-07,8.751141450687026e-05,2.317906161057134e-07,3.1013199442504327e-12,7.468096232069373e-11,1.6724626375403884e-05,1.7409697047810973e-07,0.0002938307150559937,8.510606362063257e-05,1.054892110940339e-09,4.211476509627834e-09,4.5913530986158027e-11,5.6626938744105565e-06,6.425798386119783e-05,0.000843583449289533,9.94641833219793e-06,1.160868833760057e-13,6.621610557487264e-07,7.946102785060718e-09,9.668748639142185e-09,6.497495160704835e-08,8.940008056764065e-09,1.6025925178880236e-08,1.2086429362141527e-10,3.9835850612912555e-15,1.0482917219584848e-07,1.8866609546302267e-14,0.0002261286375074877,3.9360229664215034e-07,3.9869753820475626e-06,7.885685922342653e-10,4.431888592109442e-05,2.7930771028407883e-06,1.4719355183962657e-06
sub-31151_ses-baseline_fs,lh_MFG_L_7_4_thickness,0.09339870656149626,0.9704775794258568,0.6464065225570532,0.759986058836964,0.11019322893288304,0.9494410002396817,0.7920126151188835,0.5878576001882718,0.0006606283127905398,1.0,0.41097010103807496,0.1343607072752266,0.913566597362053,0.02616390520427184,0.004157692889242428,0.08579469904287024,0.03735384384594097,0.6619365794191027,0.005818188396018886,0.0022008114136445696,0.6073895401053298,0.010013591091108342,0.42878681027991106,0.14691712327466128,0.611297002231013,0.9533107543865665,0.7989460943661537,0.4952932413079511,0.759986058836964,0.4727566673837795,0.07532222075012762,0.0786920983789239,0.31171638866518403,0.0006134150436333889,0.6073895401053298,0.11019322893288304,0.7814817465657604,0.0015987685623084994,0.20816440072870987,0.7850089669458497,0.7885193788677635,0.7193043288827274,0.43962646112564013,0.6502950246820467,0.028039437148583115,0.7636063979258736,0.989081833027007,0.17249895925986403,0.12589750716545076,0.6580603997869902,0.019350910989769265,0.0001033502105367251,0.568363690830848,0.16632939301888144,0.007285201110285721,0.037975235921192514,0.9789733862204,0.0689319245389139,0.6773897533401442,0.8607607761055023,0.30561836201864767,0.19651509732555983,0.8842255635809748,0.23542002097934953,0.002574284619658192,0.011036080362374686,0.6889156253357249,0.21537558847194146,0.9789733862204,0.8813858651227013,0.03380381147804166,0.05836422237580873,0.00889866803830306,0.552821869738672,0.8515395458111807,0.9979268763604099,0.6230156907367871,0.000515209370212067,0.3209923872221545,0.07422514613984368,0.07984193954288343,0.1564033422744962,0.0775555975645869,0.09604839806824761,0.01361832214521211,8.998101298921431e-05,0.18314220038219503,0.00020340152203429047,0.9640541049906034,0.27618300139168733,0.5104874255356787,0.03002946578565127,0.8092083480430169,0.46903341397313275,0.3989732297223179
sub-31151_ses-baseline_fs,lh_MFG_L_7_5_thickness,0.7003759374756513,0.552821869738672,0.9233253713747008,0.8389104425632683,0.7453661025307791,0.59957472507115,0.1309255171441501,0.955192071658312,1.649582082603253e-06,0.41097010103807496,1.0,0.7989460943661537,0.6619365794191027,0.3934851947104096,0.14143338657546514,0.6773897533401442,0.46903341397313275,0.913566597362053,0.17249895925986455,0.09604839806824761,0.9454299792570177,0.23542002097934941,0.9994813156794913,0.8226185482731799,0.9433720930874008,0.5917622035382555,0.8023856057349249,0.04189025776415042,0.11628296722063124,0.9940204030825932,0.6425146036571826,0.6541797657256309,0.9814958634283794,0.04257474300433812,0.06590611352144907,0.7453661025307791,0.12589750716545065,0.0786920983789239,0.9084996823946978,0.1275569752340028,0.8125908517414787,0.8727040117767483,0.9986727052934236,0.92093328217616,0.40744586267083277,0.8356958223055269,0.4952932413079512,0.8637849498888556,0.7814817465657605,0.9160536085942149,0.3367901498545922,0.012865821584901273,0.9640541049906034,0.8546377318733218,0.19651509732555972,0.4727566673837804,0.5296424447775875,0.0012962630992837448,0.08579469904287024,0.7342659321290261,0.9789733862203999,0.895304465840182,0.7041797945693158,0.9347971714722627,0.10579003069276427,0.2485489224880826,0.895304465840182,0.916053608594215,0.5296424447775875,0.7079749255668156,0.44691195056038263,0.576154193594644,0.22027558333396416,0.9704775794258568,0.7453661025307791,0.3763534702712026,0.9369919005748487,0.037975235921192514,0.9849851060850049,0.6386196106472283,0.6580603997869909,0.8389104425632683,0.6502950246820474,0.7079749255668156,0.2790463268032964,0.011693204572813852,0.8785188222528114,0.02042668085045475,0.5683636908308479,0.9640541049906034,0.9849851060850049,0.4216217614892939,0.7920126151188828,0.9947013820909866,0.9997572969294792
sub-31151_ses-baseline_fs,lh_MFG_L_7_6_thickness,0.9849851060850049,0.2129533601906355,0.5644728871313157,0.4505717939775924,0.9953415146061657,0.24324199981158404,0.027087690616476517,0.6230156907367871,4.1522705009888537e-08,0.1343607072752266,0.7989460943661537,1.0,0.28774398363859344,0.7850089669458497,0.4251980174205389,0.9776537108081851,0.8546377318733218,0.5489463147366705,0.4839841591456675,0.3272613133020998,0.6034820064592482,0.5878576001882726,0.7814817465657597,0.9989836318401992,0.59957472507115,0.23800887054357472,0.41097010103807496,0.006189234422452308,0.023141516351284263,0.7379781284397146,0.9640541049906037,0.9689280313642172,0.8925773626028858,0.18314220038219556,0.011036080362374618,0.9953415146061657,0.025712293792712927,0.2848268740489897,0.9734628940375306,0.02616390520427184,0.4216217614892932,0.49151488654959175,0.770802913112906,0.5605854505397876,0.7989460943661545,0.44691195056038263,0.17883055532529343,0.9917332568700329,0.9994813156794913,0.552821869738672,0.7230609185534976,0.07422514613984388,0.6425146036571819,0.9940204030825931,0.5257984315201539,0.8577115896776236,0.198808102368355,8.998101298921478e-05,0.01552721466519225,0.34646698985516255,0.8980026284002947,0.9802541561886391,0.32099238722215384,0.9551920716583115,0.3497249678319067,0.6073895401053306,0.5219606524627282,0.9689280313642169,0.198808102368355,0.3241184203032387,0.8356958223055267,0.9303072776107428,0.5644728871313165,0.65806039978699,0.35628875376869973,0.11784504870301181,0.5878576001882718,0.16836798736055544,0.8842255635809743,0.962355027790113,0.9704775794258571,0.9970160640425427,0.9673408066369946,0.9871132819783243,0.6502950246820475,0.06893192453891367,0.987113281978324,0.10579003069276417,0.22275335970563848,0.9233253713747008,0.7003759374756514,0.8125908517414794,0.40043792792447575,0.7416783079638958,0.8106313792892255
sub-31151_ses-baseline_fs,lh_MFG_L_7_7_thickness,0.21537558847194146,0.9838614839378633,0.8785188222528114,0.9513936536011709,0.24588624672811357,0.9947013820909866,0.5412091292588713,0.832458967796947,0.00011858266679514334,0.913566597362053,0.6619365794191027,0.28774398363859344,1.0,0.07532222075012762,0.015527214665192303,0.20111951523302385,0.10152484768176259,0.8898216328720563,0.020796673884428102,0.008898668038303045,0.8484173763967716,0.033241017581338926,0.681238398444344,0.3086587213650825,0.8515395458111807,0.9932986620529995,0.9704775794258568,0.273337711624,0.5066772742416186,0.7268069600128629,0.18097729357719552,0.1875266640302867,0.545075305195551,0.0028756755705364938,0.36291547464249313,0.24588624672811357,0.5296424447775873,0.006717125206924756,0.40393508022354235,0.5334924175568476,0.9657160986097532,0.9280126458822486,0.6927434922334673,0.8813858651227013,0.07984193954288343,0.9533107543865665,0.962355027790113,0.34972496783190593,0.2733377116240001,0.8870375934267624,0.05836422237580873,0.000583708191335261,0.815953627084086,0.3399994652655343,0.02526742882159249,0.1029313900303658,0.9762952918687953,0.023553839514049452,0.4251980174205382,0.9925362484882712,0.5373480724326506,0.3865889929560973,0.9974920667352474,0.4432634365654526,0.010211061792698406,0.03613689707315813,0.9084996823946978,0.41450761790366814,0.9762952918687953,0.9970160640425427,0.09339870656149626,0.14691712327466128,0.03002946578565127,0.8023856057349249,0.9900059422592276,0.8870375934267622,0.8607607761055023,0.002462051041862245,0.5567016794497315,0.17883055532529343,0.189746288425574,0.3241184203032387,0.18532531229593538,0.22027558333396416,0.0432686167843621,0.0005152093702120662,0.36625210949772385,0.0010727446495122689,0.9881175732178824,0.49907992589587374,0.7636063979258736,0.08457667957173878,0.974898295918202,0.7230609185534976,0.6486622920024734
sub-31151_ses-baseline_fs,lh_IFG_L_6_1_thickness,0.8727040117767483,0.04916905978894483,0.21054963442387,0.1469171232746612,0.8356958223055267,0.05926621169837814,0.0032797824225265014,0.2485489224880826,5.64074824940351e-10,0.02616390520427184,0.3934851947104096,0.7850089669458497,0.07532222075012762,1.0,0.8292002333249004,0.8898216328720562,0.9908897866559563,0.20111951523302385,0.8785188222528114,0.7268069600128628,0.23542002097934941,0.9454299792570177,0.3763534702712026,0.759986058836964,0.23284966588151168,0.057473575165540025,0.1275569752340028,0.0005282776183501793,0.002691187576269582,0.3367901498545929,0.913566597362053,0.9059203703733224,0.5028746884661174,0.518129379510896,0.0010727446495122689,0.8356958223055267,0.0030716630697331894,0.6735348951030737,0.6502950246820474,0.0031396561524774077,0.1326347436859075,0.16836798736055553,0.36625210949772385,0.20816440072871042,0.9996680110349342,0.14507200603961026,0.0386053626661091,0.7117609675593423,0.8023856057349248,0.20344935695124408,0.9940204030825931,0.2848268740489897,0.26213785114793076,0.7230609185534976,0.9084996823946978,0.9900059422592276,0.04468491009896005,3.5050324849270615e-06,0.0016361264069568453,0.09875686330037994,0.5104874255356795,0.6696741781691316,0.088272621938321,0.6073895401053298,0.7527030627076103,0.955192071658312,0.18532531229593538,0.6386196106472283,0.04468491009896005,0.0895327190196345,0.9953415146061657,0.9513936536011708,0.9325688755633158,0.273337711624,0.1029313900303658,0.021941886410773142,0.22524965812151895,0.4915148865495917,0.4915148865495917,0.9160536085942149,0.9033108880921301,0.7416783079638966,0.9084996823946978,0.8667837716733968,0.9734628940375306,0.27051050666249615,0.6927434922334673,0.36291547464249313,0.052362302465415476,0.5489463147366713,0.3056183620186482,0.9986727052934236,0.12262778718378693,0.3399994652655342,0.40540795867122054
sub-31151_ses-baseline_fs,lh_IFG_L_6_2_thickness,0.5257984315201539,0.009076412203629152,0.05926621169837814,0.03674109467350373,0.4802322753744756,0.011470402970859953,0.0003431444176868427,0.07422514613984388,8.615909807340797e-12,0.004157692889242428,0.14143338657546514,0.4251980174205389,0.015527214665192303,0.8292002333249004,1.0,0.5489463147366712,0.7563514907540577,0.0557259083583827,0.9947013820909866,0.9826983553195634,0.0689319245389137,0.962355027790113,0.1326347436859075,0.4004379279244764,0.0679110109482796,0.011036080362374667,0.03054549173331685,4.0637250272171325e-05,0.00027174650870855245,0.1132065507992456,0.5839545226090207,0.5722575607612335,0.20344935695124408,0.866783771673397,9.251646426196942e-05,0.4802322753744756,0.0003175909953093147,0.9623550277901126,0.3056183620186481,0.0003259035755460154,0.03213938123631732,0.04397197404924073,0.1275569752340028,0.05836422237580886,0.8159536270840858,0.03613689707315813,0.0067171252069247855,0.35628875376870034,0.4432634365654525,0.056594170353048194,0.8813858651227019,0.6230156907367871,0.07984193954288335,0.36625210949772385,0.9849851060850049,0.7527030627076101,0.008055798518739738,1.3523163929713865e-07,0.00015148280010136394,0.021941886410773142,0.20816440072871034,0.3209923872221545,0.019003484223176777,0.273337711624,0.9900059422592276,0.9533107543865665,0.0499517433517355,0.2966019234432368,0.008055798518739738,0.019350910989769335,0.7779380853859491,0.6502950246820473,0.9719892618381478,0.08457667957173874,0.023141516351284346,0.003351964949467961,0.06492192923055488,0.8452715702590168,0.19651509732555972,0.5878576001882726,0.5683636908308478,0.38316249300313077,0.5761541935946439,0.5181293795108958,0.9303072776107427,0.6034820064592482,0.3399994652655342,0.7193043288827274,0.009819531682508388,0.23284966588151168,0.09875686330038021,0.8023856057349248,0.029019805688776372,0.11473682942005635,0.14769722530824866
sub-31151_ses-baseline_fs,lh_IFG_L_6_3_thickness,0.99925317981651,0.14324411590101246,0.43962646112564013,0.3367901498545922,0.9932986620529995,0.16632939301888144,0.01495913755143151,0.4952932413079512,1.1752647785597106e-08,0.08579469904287024,0.6773897533401442,0.9776537108081851,0.20111951523302385,0.8898216328720562,0.5489463147366712,1.0,0.9412796171485452,0.4251980174205382,0.6112970022310139,0.4396264611256401,0.4764896991465336,0.7155375568245449,0.65806039978699,0.9673408066369943,0.47275666738378047,0.16230574417518445,0.3025953912736652,0.0030716630697331894,0.012623296420413058,0.6112970022310139,0.9983204388607468,0.99925317981651,0.7885193788677635,0.2649105340896282,0.005699044014626683,0.9932986620529995,0.014141349668970684,0.39002994627708404,0.9059203703733224,0.014409451564626778,0.3117163886651842,0.3729712480594213,0.6464065225570532,0.43600123023135456,0.900671538755167,0.33359728132961247,0.11784504870301211,0.9433720930874008,0.9838614839378633,0.428786810279911,0.8389104425632683,0.11784504870301211,0.5143048817729025,0.9494410002396817,0.6541797657256309,0.9433720930874008,0.1326347436859075,3.5139016317567e-05,0.008218412372801,0.24854892248808214,0.7954883089955138,0.9185092662538881,0.22776447777289507,0.8756247615235458,0.4653201697515911,0.734265932129027,0.4004379279244766,0.8980026284002947,0.1326347436859075,0.2302978155229945,0.9280126458822486,0.98606908331815,0.6927434922334673,0.5296424447775875,0.256647283463737,0.07422514613984368,0.46161716249208085,0.24588624672811357,0.7779380853859484,0.9979268763604099,0.9994813156794913,0.958846451953373,0.9989836318401992,0.9986727052934236,0.7743783514477943,0.11019322893288294,0.9325688755633158,0.16230574417518445,0.15065929756905821,0.8292002333249006,0.5722575607612336,0.9110485238446264,0.29363157296689313,0.61520406697718,0.6905242372666696
sub-31151_ses-baseline_fs,lh_IFG_L_6_4_thickness,0.9280126458822486,0.06791101094827942,0.2649105340896275,0.18974628842557348,0.8980026284002947,0.08100521983949166,0.005135737092699832,0.3086587213650825,1.3515152846505442e-09,0.03735384384594097,0.46903341397313275,0.8546377318733218,0.10152484768176259,0.9908897866559563,0.7563514907540577,0.9412796171485452,1.0,0.2539294673507801,0.8125908517414795,0.6464065225570532,0.2936315729668933,0.8953044658401819,0.4505717939775924,0.8324589677969471,0.29067890434422605,0.0786920983789239,0.16632939301888156,0.0008854130459745535,0.004247257184491386,0.4074458626708329,0.9588464519533727,0.9533107543865666,0.5839545226090208,0.4396264611256409,0.0017530829402005144,0.8980026284002947,0.0048224411812263605,0.5917622035382554,0.7305420868507652,0.004924894288619989,0.17249895925986414,0.21537558847194146,0.43962646112564013,0.26213785114793076,0.9940204030825932,0.1875266640302867,0.05402241526142267,0.7885193788677636,0.8697569040818148,0.256647283463737,0.9704775794258568,0.22776447777289557,0.3241184203032387,0.7989460943661538,0.8484173763967715,0.9999792474599868,0.06204123119543676,6.8425800261747815e-06,0.0026321417776188527,0.13092551714414982,0.5917622035382555,0.7490411436772229,0.11784504870301181,0.688915625335725,0.6735348951030745,0.9084996823946984,0.23542002097934953,0.7193043288827274,0.06204123119543676,0.11942315750763073,0.99925317981651,0.9838614839378633,0.8785188222528114,0.3367901498545922,0.1361034815065385,0.03160036314245548,0.28192763592852205,0.4145076179036681,0.5722575607612327,0.9606190732803924,0.9513936536011705,0.815953627084086,0.9551920716583115,0.9233253713747008,0.9347971714722627,0.21537558847194135,0.770802913112906,0.2966019234432368,0.07206972671040385,0.6308217644671958,0.3729712480594214,0.9964989274428286,0.16032058747853006,0.41097010103807496,0.4818069466641226
sub-31151_ses-baseline_fs,lh_IFG_L_6_5_thickness,0.44691195056038263,0.8023856057349249,0.9996680110349342,0.98606908331815,0.4915148865495917,0.842102475686435,0.28192763592852277,0.9925362484882709,1.3522477473863675e-05,0.6619365794191027,0.913566597362053,0.5489463147366705,0.8898216328720563,0.20111951523302385,0.0557259083583827,0.4251980174205382,0.2539294673507801,1.0,0.07101118233829709,0.03495379349357329,0.995940721187631,0.10435308753561719,0.9256852520975296,0.5761541935946439,0.9964989274428285,0.8356958223055269,0.9719892618381479,0.11169204601993854,0.256647283463737,0.9513936536011705,0.3934851947104096,0.4039350802235423,0.8259199745162487,0.013363275931384574,0.16230574417518445,0.4915148865495917,0.273337711624,0.027560027641677504,0.6889156253357249,0.2761830013916879,0.9762952918687953,0.9953415146061658,0.9325688755633158,0.9998132426431755,0.21054963442387,0.984985106085005,0.7490411436772236,0.6269195879996927,0.5296424447775875,0.9999792474599868,0.1643086620574772,0.003351964949467961,0.9881175732178824,0.61520406697718,0.08337249172163079,0.256647283463737,0.7814817465657605,0.005582107768993384,0.20111951523302385,0.9369919005748487,0.8192963127090246,0.6696741781691316,0.9185092662538881,0.730542086850765,0.03924431627556352,0.11169204601993854,0.9989836318401992,0.7003759374756513,0.7814817465657605,0.92093328217616,0.23800887054357472,0.3367901498545922,0.09604839806824761,0.9838614839378633,0.9433720930874008,0.623015690736787,0.9979268763604099,0.011693204572813852,0.8356958223055267,0.39002994627708404,0.40744586267083277,0.5956680175984793,0.40043792792447647,0.4542427545508101,0.1292329529318436,0.0030050177327282353,0.6464065225570532,0.005699044014626668,0.8159536270840859,0.7850089669458489,0.9689280313642169,0.22027558333396416,0.9673408066369943,0.9494410002396817,0.9048280451377714
sub-31151_ses-baseline_fs,lh_IFG_L_6_6_thickness,0.5878576001882727,0.012384828889421688,0.07532222075012762,0.04763435999315517,0.5412091292588714,0.015527214665192303,0.0005152093702120699,0.09339870656149651,1.7887595075866163e-11,0.005818188396018886,0.17249895925986455,0.4839841591456675,0.020796673884428102,0.8785188222528114,0.9947013820909866,0.6112970022310139,0.8125908517414795,0.07101118233829709,1.0,0.9588464519533726,0.08702664749424122,0.984985106085005,0.16230574417518456,0.4579246168900526,0.08579469904287054,0.01495913755143151,0.039892189364120534,6.425798386119827e-05,0.0004104558752249241,0.13963975049283564,0.6464065225570533,0.6347218845034156,0.24324199981158479,0.8159536270840859,0.00014350198988057167,0.5412091292588714,0.0004777934862301681,0.9303072776107423,0.35628875376870034,0.0004899736892235341,0.04189025776415045,0.05659417035304822,0.15640334227449668,0.07422514613984395,0.8667837716733969,0.046882149066119115,0.009257322436386802,0.41097010103807585,0.5028746884661175,0.07206972671040404,0.9233253713747013,0.5605854505397874,0.10013336935518184,0.4216217614892941,0.9974920667352474,0.8092083480430169,0.011036080362374686,2.4018883411737837e-07,0.00023217253529961702,0.029019805688776424,0.2485489224880826,0.3729712480594214,0.02526742882159249,0.3209923872221545,0.9704775794258568,0.9789733862204,0.06394978756391081,0.34646698985516333,0.011036080362374686,0.025712293792713052,0.8324589677969477,0.7117609675593424,0.9908897866559563,0.10579003069276427,0.03054549173331685,0.00472192342697223,0.08218203780755685,0.7920126151188828,0.23542002097934953,0.6502950246820475,0.6308217644671958,0.4396264611256409,0.6386196106472284,0.5800532835863164,0.962355027790113,0.5412091292588703,0.3934851947104097,0.6580603997869899,0.013363275931384574,0.276183001391688,0.12262778718378738,0.8546377318733219,0.037975235921192514,0.14143338657546523,0.1797299748817593
sub-31151_ses-baseline_fs,lh_OrG_L_6_1_thickness,0.41805823265463954,0.0050293152709682066,0.037353843845940954,0.02233561618912185,0.3763534702712026,0.0064483149195116996,0.0001598809141784668,0.04763435999315513,2.231116950378582e-12,0.0022008114136445696,0.09604839806824761,0.3272613133020998,0.008898668038303045,0.7268069600128628,0.9826983553195634,0.4396264611256401,0.6464065225570532,0.03495379349357329,0.9588464519533726,1.0,0.04397197404924059,0.8980026284002947,0.08953271901963426,0.30561836201864756,0.0432686167843621,0.006189234422452308,0.018324949924722528,1.7237332493538054e-05,0.0001252503570358998,0.07532222075012762,0.4727566673837795,0.46161716249208085,0.14324411590101246,0.9412796171485458,4.063725027217111e-05,0.3763534702712026,0.00014744146471124613,0.995940721187631,0.22524965812151895,0.00015148280010136394,0.019350910989769265,0.027087690616476492,0.08579469904287024,0.03674109467350373,0.7117609675593414,0.021941886410773142,0.003655417202230431,0.2677014329217963,0.3432251166145525,0.035541160158193266,0.7885193788677635,0.734265932129027,0.051548266560903166,0.27618300139168733,0.9369919005748487,0.6425146036571818,0.004431663622873918,4.646693911984367e-08,6.799515713658172e-05,0.012865821584901228,0.1469171232746612,0.23800887054357472,0.011036080362374618,0.198808102368355,0.9989836318401991,0.8842255635809741,0.031069095498686545,0.21781632751280738,0.004431663622873918,0.01125137961300092,0.6696741781691316,0.5373480724326505,0.9135665973620529,0.05486868975051281,0.013618322145212086,0.0017530829402005144,0.04121506648369289,0.9256852520975296,0.13786313882367346,0.47648969914653355,0.45792461689005165,0.29067890434422594,0.4653201697515902,0.41097010103807485,0.8515395458111806,0.7155375568245449,0.2539294673507801,0.8226185482731799,0.005467343958537014,0.16632939301888144,0.06492192923055488,0.69656371632536,0.017346902891391448,0.07643233809242435,0.10071596132631662
sub-31151_ses-baseline_fs,lh_OrG_L_6_2_thickness,0.49907992589587363,0.7527030627076102,0.9979268763604099,0.9673408066369943,0.545075305195551,0.7954883089955138,0.2432419998115847,0.9994813156794913,8.786303194519725e-06,0.6073895401053298,0.9454299792570177,0.6034820064592482,0.8484173763967716,0.23542002097934941,0.0689319245389137,0.4764896991465336,0.2936315729668933,0.995940721187631,0.08702664749424122,0.04397197404924059,1.0,0.12589750716545065,0.9551920716583119,0.6308217644671957,0.9999792474599868,0.7885193788677636,0.9474530291927439,0.09209566570354454,0.22027558333396416,0.9748982959182017,0.4432634365654526,0.4542427545508101,0.8697569040818148,0.01734690289139154,0.1361034815065385,0.545075305195551,0.23542002097934941,0.03495379349357332,0.7416783079638957,0.23800887054357525,0.9533107543865665,0.9826983553195636,0.9606190732803924,0.9974920667352474,0.24588624672811357,0.9657160986097532,0.6965637163253608,0.6812383984443431,0.5839545226090207,0.9964989274428286,0.19424047703629604,0.004526566080491983,0.9979268763604099,0.6696741781691316,0.10152484768176259,0.2966019234432368,0.730542086850765,0.004157692889242454,0.17042449376335903,0.9033108880921301,0.8637849498888555,0.7230609185534976,0.8813858651227013,0.7814817465657605,0.04916905978894483,0.13436070727522703,0.9908897866559563,0.7527030627076102,0.730542086850765,0.8842255635809748,0.27618300139168733,0.3831624930031301,0.11628296722063124,0.995940721187631,0.9110485238446264,0.5683636908308478,0.9996680110349342,0.015240845803546706,0.8785188222528113,0.4396264611256401,0.4579246168900526,0.6502950246820466,0.45057179397759317,0.5066772742416185,0.15447114227025482,0.00406984836189867,0.7003759374756513,0.007585119760095762,0.7672121390006451,0.832458967796947,0.987113281978324,0.256647283463737,0.9412796171485452,0.9734628940375306,0.9382493600664472
sub-31151_ses-baseline_fs,lh_OrG_L_6_3_thickness,0.6927434922334672,0.02042668085045475,0.11019322893288294,0.07206972671040379,0.6464065225570532,0.025267428821592466,0.0009985622276024227,0.13436070727522695,5.990303543731157e-11,0.010013591091108342,0.23542002097934941,0.5878576001882726,0.033241017581338926,0.9454299792570177,0.962355027790113,0.7155375568245449,0.8953044658401819,0.10435308753561719,0.984985106085005,0.8980026284002947,0.12589750716545065,1.0,0.22275335970563848,0.5605854505397874,0.12425447079738128,0.024397618301415794,0.0611046161235484,0.00013591907799082116,0.0008035965837488549,0.19424047703629646,0.7490411436772227,0.7379781284397146,0.3209923872221545,0.7193043288827283,0.0002938307150559937,0.6464065225570532,0.0009291625143020675,0.8577115896776231,0.45057179397759317,0.0009517820805744163,0.06394978756391059,0.08457667957173874,0.21537558847194146,0.10871001260288987,0.9369919005748486,0.07101118233829709,0.015527214665192303,0.5104874255356795,0.6073895401053296,0.10579003069276417,0.974898295918202,0.4579246168900526,0.1432441159010124,0.5219606524627282,0.9947013820909866,0.8925773626028858,0.018324949924722514,6.181262200928485e-07,0.00046589673190370814,0.045407520578295404,0.3272613133020998,0.4690334139731327,0.03989218936412036,0.41097010103807485,0.916053608594215,0.9994813156794913,0.09471625252342211,0.4396264611256401,0.018324949924722514,0.04054907495747976,0.9110485238446264,0.8092083480430168,0.99925317981651,0.15065929756905816,0.04763435999315513,0.008218412372801,0.11942315750763062,0.6927434922334673,0.31171638866518403,0.7527030627076101,0.734265932129026,0.5412091292588712,0.7416783079638957,0.6850804747343632,0.9947013820909866,0.4396264611256401,0.4915148865495916,0.552821869738672,0.021941886410773142,0.3595943117873477,0.17249895925986444,0.9280126458822486,0.058364222375808655,0.19651509732555972,0.2443503375345996
sub-31151_ses-baseline_fs,lh_OrG_L_6_4_thickness,0.6812383984443431,0.5722575607612336,0.9347971714722627,0.8546377318733218,0.7268069600128628,0.6191104064448563,0.13963975049283558,0.9640541049906037,1.946889019569946e-06,0.42878681027991106,0.9994813156794913,0.7814817465657597,0.681238398444344,0.3763534702712026,0.1326347436859075,0.65806039978699,0.4505717939775924,0.9256852520975296,0.16230574417518456,0.08953271901963426,0.9551920716583119,0.22275335970563848,1.0,0.805806478305141,0.953310754386567,0.6112970022310139,0.8192963127090255,0.04540752057829555,0.12425447079738128,0.9970160640425428,0.623015690736787,0.6347218845034146,0.9748982959182017,0.03924431627556352,0.07101118233829709,0.7268069600128628,0.13436070727522695,0.07314101469725338,0.8953044658401813,0.13610348150653884,0.8292002333249006,0.8870375934267629,0.9998132426431755,0.9325688755633162,0.39002994627708404,0.8515395458111815,0.5143048817729033,0.848417376396771,0.7636063979258736,0.9280126458822491,0.32099238722215384,0.011693204572813852,0.9719892618381478,0.8389104425632683,0.18532531229593494,0.4542427545508101,0.5489463147366713,0.0014570696975798481,0.09209566570354454,0.7527030627076102,0.9719892618381476,0.8813858651227013,0.7230609185534976,0.9233253713747007,0.09875686330038004,0.23542002097934953,0.9084996823946984,0.9033108880921301,0.5489463147366713,0.7268069600128637,0.4287868102799102,0.5567016794497307,0.20816440072870995,0.9776537108081851,0.7636063979258744,0.3934851947104096,0.9474530291927439,0.03495379349357332,0.9789733862203999,0.6191104064448554,0.6386196106472283,0.8226185482731793,0.6308217644671957,0.6889156253357249,0.2649105340896276,0.010616440510966732,0.8637849498888556,0.01866152059390336,0.5878576001882727,0.9551920716583115,0.9900059422592278,0.4039350802235423,0.8092083480430168,0.9974920667352474,0.9985297861804047
sub-31151_ses-baseline_fs,lh_OrG_L_6_5_thickness,0.9762952918687953,0.2302978155229945,0.5917622035382554,0.4764896991465336,0.9900059422592276,0.26213785114793076,0.03054549173331685,0.6502950246820474,5.395556899935614e-08,0.14691712327466128,0.8226185482731799,0.9989836318401992,0.3086587213650825,0.759986058836964,0.4004379279244764,0.9673408066369943,0.8324589677969471,0.5761541935946439,0.4579246168900526,0.30561836201864756,0.6308217644671957,0.5605854505397874,0.805806478305141,1.0,0.6269195879996936,0.256647283463737,0.43600123023135456,0.00713927413114403,0.02616390520427186,0.7636063979258744,0.9513936536011708,0.9570373784782781,0.9110485238446264,0.16836798736055553,0.012623296420413058,0.9900059422592276,0.029019805688776396,0.2649105340896275,0.9826983553195636,0.029520932111548732,0.44691195056038263,0.5181293795108959,0.7954883089955138,0.5878576001882727,0.7743783514477943,0.47275666738378047,0.19424047703629646,0.9964989274428286,0.9970160640425427,0.5800532835863161,0.69656371632536,0.06690244068112564,0.6696741781691316,0.9979268763604099,0.49907992589587363,0.8356958223055269,0.21537558847194146,0.00010920672454085422,0.017667709752437432,0.36960408035722536,0.916053608594215,0.9881175732178824,0.3432251166145525,0.9673408066369943,0.3272613133020999,0.5800532835863161,0.5489463147366713,0.9789733862203999,0.21537558847194146,0.34646698985516317,0.8125908517414786,0.913566597362053,0.5373480724326506,0.6850804747343633,0.3797506014827786,0.1292329529318436,0.61520406697718,0.1544711422702547,0.9033108880921301,0.9494410002396817,0.958846451953373,0.9994813156794913,0.9551920716583119,0.9789733862203999,0.6230156907367871,0.062041231195436704,0.9932986620529995,0.09604839806824761,0.2406162018725977,0.9391528016656956,0.7268069600128637,0.7885193788677635,0.42519801742053814,0.7672121390006451,0.8338211321266872
sub-31151_ses-baseline_fs,lh_OrG_L_6_6_thickness,0.4952932413079511,0.756351490754057,0.9983204388607467,0.9689280313642169,0.5412091292588714,0.7989460943661537,0.24588624672811357,0.99925317981651,9.063550480387669e-06,0.611297002231013,0.9433720930874008,0.59957472507115,0.8515395458111807,0.23284966588151168,0.0679110109482796,0.47275666738378047,0.29067890434422605,0.9964989274428285,0.08579469904287054,0.0432686167843621,0.9999792474599868,0.12425447079738128,0.953310754386567,0.6269195879996936,1.0,0.7920126151188829,0.9494410002396817,0.09339870656149618,0.22275335970563848,0.9734628940375306,0.4396264611256409,0.45057179397759317,0.8667837716733969,0.017031214275445985,0.13786313882367346,0.5412091292588714,0.2380088705435746,0.03437470710338059,0.7379781284397146,0.2406162018725977,0.9551920716583115,0.9838614839378633,0.958846451953373,0.9979268763604099,0.2432419998115847,0.9673408066369943,0.7003759374756514,0.6773897533401442,0.5800532835863161,0.9970160640425427,0.19198421642285896,0.004431663622873946,0.9974920667352474,0.6658079556774164,0.10013336935518184,0.29363157296689385,0.734265932129026,0.0042472571844913935,0.17249895925986403,0.9059203703733218,0.8607607761055023,0.7193043288827281,0.8842255635809741,0.7779380853859492,0.04839663116487189,0.1326347436859079,0.9917332568700329,0.7490411436772236,0.734265932129026,0.8870375934267624,0.2733377116240001,0.3797506014827786,0.1147368294200564,0.9953415146061658,0.913566597362053,0.5722575607612326,0.9998132426431755,0.01495913755143151,0.8756247615235464,0.43600123023135456,0.454242754550811,0.6464065225570532,0.4469119505603835,0.5028746884661174,0.15255648051375253,0.0039836944817563955,0.6965637163253607,0.007433802291130374,0.770802913112906,0.8292002333249006,0.98606908331815,0.2539294673507807,0.9433720930874003,0.9719892618381478,0.9360742196262014
sub-31151_ses-baseline_fs,lh_PrG_L_6_1_thickness,0.17459142920636608,0.9979268763604099,0.8226185482731799,0.9110485238446264,0.20111951523302385,0.999916992423919,0.6112970022310139,0.770802913112906,0.00019286142037044877,0.9533107543865665,0.5917622035382555,0.23800887054357472,0.9932986620529995,0.057473575165540025,0.011036080362374667,0.16230574417518445,0.0786920983789239,0.8356958223055269,0.01495913755143151,0.006189234422452308,0.7885193788677636,0.024397618301415794,0.6112970022310139,0.256647283463737,0.7920126151188829,1.0,0.9369919005748487,0.3272613133020998,0.576154193594644,0.6580603997869902,0.14507200603961026,0.15065929756905821,0.4764896991465336,0.0019210157136687863,0.4251980174205382,0.20111951523302385,0.5995747250711498,0.004623308942791347,0.3432251166145525,0.603482006459249,0.9303072776107428,0.8813858651227013,0.6230156907367871,0.8259199745162488,0.0611046161235484,0.913566597362053,0.9871132819783243,0.2936315729668933,0.22524965812151906,0.8324589677969471,0.04397197404924063,0.00037061540342861834,0.7527030627076102,0.2848268740489899,0.018324949924722528,0.07984193954288343,0.9947013820909866,0.03213938123631744,0.4915148865495917,0.9719892618381479,0.46903341397313275,0.3272613133020999,0.9826983553195636,0.3797506014827786,0.007139274131144042,0.02662234373376207,0.8577115896776231,0.35299893027052515,0.9947013820909866,0.9814958634283795,0.07206972671040385,0.11628296722063124,0.021941886410773142,0.7379781284397146,0.9673408066369943,0.9325688755633158,0.8023856057349249,0.0016361264069568453,0.487745110518799,0.14324411590101246,0.15255648051375253,0.2705105066624963,0.14877953257534762,0.17883055532529343,0.03213938123631732,0.0003259035755460136,0.3086587213650825,0.0006939617938717313,0.99925317981651,0.43238794672229686,0.69656371632536,0.06492192923055491,0.9433720930874008,0.654179765725631,0.5784153862198385
sub-31151_ses-baseline_fs,lh_PrG_L_6_2_thickness,0.3209923872221545,0.913566597362053,0.9657160986097532,0.9974920667352474,0.35959431178734785,0.9412796171485452,0.40043792792447647,0.9369919005748487,4.0637250272170966e-05,0.7989460943661537,0.8023856057349249,0.41097010103807496,0.9704775794258568,0.1275569752340028,0.03054549173331685,0.3025953912736652,0.16632939301888156,0.9719892618381479,0.039892189364120534,0.018324949924722528,0.9474530291927439,0.0611046161235484,0.8192963127090255,0.43600123023135456,0.9494410002396817,0.9369919005748487,1.0,0.17883055532529343,0.3696040803572255,0.8577115896776231,0.2761830013916879,0.2848268740489897,0.6927434922334673,0.006448314919511728,0.24854892248808214,0.35959431178734785,0.3900299462770839,0.01414134966897071,0.545075305195551,0.3934851947104096,0.9998132426431755,0.9900059422592276,0.8292002333249006,0.9673408066369943,0.13436070727522703,0.9979268763604099,0.8727040117767483,0.4839841591456667,0.3934851947104097,0.9704775794258568,0.10152484768176259,0.0014570696975798418,0.9256852520975296,0.47275666738378047,0.04763435999315513,0.16836798736055553,0.8980026284002947,0.011693204572813894,0.29958988682745746,0.9925362484882709,0.6850804747343633,0.525798431520154,0.9849851060850047,0.5878576001882727,0.020796673884428102,0.0659061135214493,0.9814958634283794,0.5567016794497315,0.8980026284002947,0.98606908331815,0.1544711422702547,0.2302978155229945,0.05572590835838278,0.916053608594215,0.9947013820909866,0.7636063979258735,0.955192071658312,0.005582107768993359,0.7041797945693167,0.2733377116240001,0.287743983638594,0.4542427545508101,0.28192763592852277,0.3272613133020999,0.07755559756458692,0.0012962630992837379,0.5028746884661174,0.002574284619658192,0.9233253713747007,0.6464065225570532,0.8870375934267624,0.14143338657546514,0.9998132426431755,0.8546377318733218,0.7905475714257566
sub-31151_ses-baseline_fs,lh_PrG_L_6_3_thickness,0.0035006948947823324,0.3595943117873477,0.10579003069276417,0.1564033422744966,0.004526566080491991,0.3209923872221545,0.8813858651227013,0.0857946990428702,0.030545491733316714,0.4952932413079511,0.04189025776415042,0.006189234422452308,0.273337711624,0.0005282776183501793,4.0637250272171325e-05,0.0030716630697331894,0.0008854130459745535,0.11169204601993854,6.425798386119827e-05,1.7237332493538054e-05,0.09209566570354454,0.00013591907799082116,0.04540752057829555,0.00713927413114403,0.09339870656149618,0.3272613133020998,0.17883055532529343,1.0,0.9059203703733224,0.05486868975051281,0.002517594724752397,0.002691187576269582,0.025267428821592466,3.1808204028565674e-06,0.9826983553195636,0.004526566080491991,0.8898216328720563,1.1252236372428754e-05,0.012623296420413058,0.8870375934267624,0.17249895925986455,0.1361034815065385,0.04763435999315513,0.10724230933371476,0.000583708191335261,0.15835313850970134,0.41097010103807485,0.009257322436386762,0.005582107768993359,0.11019322893288304,0.0003431444176868409,3.188303132304799e-07,0.07984193954288343,0.008724042548986122,8.751141450687026e-05,0.000907042865017537,0.3797506014827786,0.5296424447775882,0.9551920716583119,0.22275335970563906,0.024397618301415815,0.011470402970859973,0.2432419998115847,0.015527214665192303,2.1269671492499594e-05,0.00015562844795859727,0.12262778718378693,0.013363275931384574,0.3797506014827786,0.2406162018725978,0.0007653780633337658,0.0017132679317483108,0.00011537595124811686,0.07532222075012762,0.21537558847194146,0.5334924175568477,0.09739523717506307,2.532511858933146e-06,0.02662234373376207,0.002462051041862245,0.0027514437235929366,0.007896074490998332,0.0026321417776188644,0.003655417202230431,0.0002088726509474863,2.6718714113370246e-07,0.010211061792698388,7.594868594687268e-07,0.34646698985516333,0.02042668085045475,0.06394978756391059,0.0006445267619694548,0.18532531229593538,0.05402241526142267,0.03961899031621971
sub-31151_ses-baseline_fs,lh_PrG_L_6_4_thickness,0.01414134966897071,0.61520406697718,0.24588624672811357,0.33359728132961247,0.017667709752437463,0.568363690830848,0.9983204388607467,0.20816440072870987,0.008552488888782274,0.759986058836964,0.11628296722063124,0.023141516351284263,0.5066772742416186,0.002691187576269582,0.00027174650870855245,0.012623296420413058,0.004247257184491386,0.256647283463737,0.0004104558752249241,0.0001252503570358998,0.22027558333396416,0.0008035965837488549,0.12425447079738128,0.02616390520427186,0.22275335970563848,0.576154193594644,0.3696040803572255,0.9059203703733224,1.0,0.14507200603960982,0.010616440510966798,0.01125137961300092,0.07643233809242435,2.6978108740341687e-05,0.9673408066369943,0.017667709752437463,0.99925317981651,8.510606362063257e-05,0.04257474300433795,0.9989836318401992,0.35959431178734785,0.29958988682745746,0.1292329529318436,0.24854892248808214,0.0029396963718259957,0.3367901498545922,0.6735348951030737,0.032686236857206716,0.021172489891646586,0.2539294673507802,0.0018352817315926673,3.2855504511594746e-06,0.19651509732555983,0.031069095498686545,0.0005416548595220508,0.004338570779838369,0.6386196106472284,0.29067890434422644,0.9900059422592276,0.43600123023135456,0.07422514613984371,0.03924431627556352,0.4653201697515911,0.05074477960642469,0.00015148280010136394,0.000907042865017537,0.27618300139168733,0.044684910098960084,0.6386196106472284,0.46161716249208096,0.00373509160770817,0.007585119760095776,0.0006939617938717313,0.1875266640302867,0.4251980174205383,0.7954883089955139,0.2302978155229945,2.191443165347282e-05,0.07984193954288343,0.010411994505360192,0.011470402970859973,0.0285260020221677,0.011036080362374686,0.014682026931511548,0.0011796114041485713,2.7930771028407883e-06,0.0355411601581933,7.2857558568989964e-06,0.5995747250711501,0.06394978756391059,0.1643086620574772,0.0032090211075862765,0.3797506014827787,0.14324411590101246,0.11106063707682379
sub-31151_ses-baseline_fs,lh_PrG_L_6_5_thickness,0.6347218845034154,0.6191104064448554,0.9588464519533727,0.8898216328720556,0.681238398444344,0.6658079556774154,0.16230574417518445,0.9814958634283794,2.8855195357688005e-06,0.4727566673837795,0.9940204030825932,0.7379781284397146,0.7268069600128629,0.3367901498545929,0.1132065507992456,0.6112970022310139,0.4074458626708329,0.9513936536011705,0.13963975049283564,0.07532222075012762,0.9748982959182017,0.19424047703629646,0.9970160640425428,0.7636063979258744,0.9734628940375306,0.6580603997869902,0.8577115896776231,0.05486868975051281,0.14507200603960982,1.0,0.5761541935946448,0.5878576001882727,0.9551920716583119,0.03213938123631747,0.08457667957173848,0.681238398444344,0.15640334227449612,0.0611046161235484,0.8607607761055023,0.15835313850970134,0.8667837716733963,0.9185092662538881,0.9983204388607468,0.9570373784782781,0.34972496783190654,0.8870375934267624,0.5605854505397876,0.8092083480430168,0.7193043288827281,0.9533107543865665,0.2848268740489899,0.009257322436386802,0.987113281978324,0.7989460943661545,0.16032058747853056,0.41097010103807563,0.5956680175984793,0.001921015713668781,0.1087100126028896,0.795488308995513,0.9513936536011708,0.8452715702590174,0.7672121390006443,0.8925773626028864,0.0833724917216311,0.20579764649084084,0.9369919005748487,0.8697569040818155,0.5956680175984793,0.770802913112906,0.3865889929560973,0.5104874255356795,0.18097729357719552,0.9908897866559562,0.805806478305141,0.4360012302313536,0.9689280313642169,0.0285260020221678,0.9606190732803929,0.5722575607612335,0.5917622035382564,0.7814817465657605,0.5839545226090216,0.6425146036571826,0.23284966588151182,0.00838396075233725,0.8259199745162494,0.01495913755143151,0.6347218845034146,0.9303072776107428,0.9979268763604099,0.36291547464249396,0.8484173763967708,0.9999792474599868,0.991383923766082
sub-31151_ses-baseline_fs,lh_PrG_L_6_6_thickness,0.9953415146061657,0.1275569752340028,0.40744586267083277,0.3086587213650825,0.9849851060850049,0.14877953257534762,0.012623296420413113,0.4616171624920817,8.264820923119998e-09,0.07532222075012762,0.6425146036571826,0.9640541049906037,0.18097729357719552,0.913566597362053,0.5839545226090207,0.9983204388607468,0.9588464519533727,0.3934851947104096,0.6464065225570533,0.4727566673837795,0.4432634365654526,0.7490411436772227,0.623015690736787,0.9513936536011708,0.4396264611256409,0.14507200603961026,0.2761830013916879,0.002517594724752397,0.010616440510966798,0.5761541935946448,1.0,0.9998132426431755,0.7563514907540578,0.29067890434422605,0.00472192342697223,0.9849851060850049,0.01191983913341416,0.4216217614892932,0.881385865122702,0.012150361946951172,0.2848268740489897,0.3432251166145531,0.6112970022310139,0.4039350802235431,0.9233253713747008,0.3056183620186482,0.1043530875356176,0.9233253713747013,0.9719892618381478,0.3969545768072903,0.8667837716733963,0.1326347436859075,0.4802322753744756,0.9303072776107428,0.6889156253357249,0.9606190732803924,0.11784504870301211,2.6978108740341833e-05,0.006855276991465505,0.22524965812151895,0.7636063979258744,0.895304465840182,0.20579764649084026,0.8484173763967716,0.4990799258958738,0.7672121390006451,0.3696040803572262,0.8727040117767483,0.11784504870301211,0.20816440072871034,0.9474530291927434,0.9940204030825931,0.7268069600128629,0.4952932413079511,0.23284966588151168,0.06492192923055488,0.428786810279911,0.2705105066624963,0.7453661025307791,0.9999792474599868,0.9996680110349342,0.9412796171485457,0.999916992423919,0.9940204030825932,0.8058064783051411,0.1242544707973809,0.9110485238446264,0.18097729357719503,0.13436070727522695,0.7989460943661545,0.5373480724326514,0.9325688755633158,0.2677014329217963,0.5800532835863161,0.6558101522581756
sub-31151_ses-baseline_fs,lh_PCL_L_2_1_thickness,0.9970160640425427,0.1326347436859075,0.41805823265463954,0.3178833096880326,0.9881175732178824,0.1544711422702547,0.01336327593138455,0.4727566673837804,9.29743397337217e-09,0.0786920983789239,0.6541797657256309,0.9689280313642172,0.1875266640302867,0.9059203703733224,0.5722575607612335,0.99925317981651,0.9533107543865666,0.4039350802235423,0.6347218845034156,0.46161716249208085,0.4542427545508101,0.7379781284397146,0.6347218845034146,0.9570373784782781,0.45057179397759317,0.15065929756905821,0.2848268740489897,0.002691187576269582,0.01125137961300092,0.5878576001882727,0.9998132426431755,1.0,0.767212139000645,0.28192763592852277,0.0050293152709682066,0.9881175732178824,0.012623296420413058,0.41097010103807496,0.8898216328720562,0.012865821584901273,0.29363157296689313,0.35299893027052504,0.623015690736787,0.4145076179036681,0.916053608594215,0.3147912803048124,0.10871001260288993,0.9303072776107428,0.9762952918687953,0.4074458626708327,0.8577115896776231,0.1275569752340028,0.4915148865495916,0.9369919005748487,0.6773897533401442,0.955192071658312,0.12262778718378693,2.94735940576964e-05,0.007285201110285721,0.23284966588151104,0.7743783514477943,0.9033108880921301,0.21295336019063538,0.857711589677623,0.4877451105187991,0.7563514907540579,0.3797506014827786,0.8813858651227013,0.12262778718378693,0.21537558847194135,0.9412796171485452,0.9917332568700329,0.715537556824545,0.5066772742416185,0.2406162018725977,0.06791101094827937,0.4396264611256401,0.26213785114793076,0.756351490754057,0.9996680110349342,0.9999792474599868,0.9474530291927439,0.9999792474599868,0.995940721187631,0.7954883089955139,0.11942315750763062,0.9185092662538881,0.17459142920636608,0.13963975049283514,0.8092083480430168,0.5489463147366713,0.9256852520975296,0.27618300139168733,0.5917622035382554,0.6674324171028816
sub-31151_ses-baseline_fs,lh_PCL_L_2_2_thickness,0.8092083480430168,0.43962646112564013,0.8389104425632683,0.7342659321290261,0.8484173763967716,0.4839841591456666,0.08702664749424115,0.8842255635809748,5.97182253829317e-07,0.31171638866518403,0.9814958634283794,0.8925773626028858,0.545075305195551,0.5028746884661174,0.20344935695124408,0.7885193788677635,0.5839545226090208,0.8259199745162487,0.24324199981158479,0.14324411590101246,0.8697569040818148,0.3209923872221545,0.9748982959182017,0.9110485238446264,0.8667837716733969,0.4764896991465336,0.6927434922334673,0.025267428821592466,0.07643233809242435,0.9551920716583119,0.7563514907540578,0.767212139000645,1.0,0.06791101094827967,0.04121506648369289,0.8484173763967716,0.08337249172163072,0.11942315750763073,0.9704775794258568,0.08457667957173874,0.7041797945693158,0.7743783514477943,0.9704775794258568,0.8356958223055269,0.5181293795108959,0.7305420868507652,0.3865889929560973,0.9412796171485452,0.8785188222528114,0.8292002333249006,0.43962646112564013,0.02233561618912194,0.8980026284002947,0.9347971714722627,0.2733377116240001,0.5878576001882727,0.41805823265463954,0.0006287915567783541,0.05486868975051281,0.6191104064448554,0.999916992423919,0.962355027790113,0.5878576001882718,0.9849851060850049,0.15640334227449668,0.33679014985459305,0.8023856057349248,0.974898295918202,0.41805823265463954,0.5917622035382554,0.5605854505397875,0.6927434922334673,0.3025953912736652,0.9084996823946978,0.6308217644671957,0.2819276359285219,0.857711589677623,0.0611046161235484,0.9998132426431755,0.7527030627076102,0.7708029131129069,0.9233253713747007,0.7636063979258744,0.8159536270840859,0.3729712480594214,0.02042668085045475,0.9513936536011708,0.03437470710338059,0.4542427545508101,0.9970160640425427,0.9347971714722627,0.5334924175568476,0.6812383984443431,0.9570373784782781,0.9854452130884057
sub-31151_ses-baseline_fs,lh_STG_L_6_1_thickness,0.2485489224880826,0.0015264023089925972,0.014409451564626778,0.008055798518739738,0.21781632751280797,0.002010420900579521,3.5139016317567e-05,0.019003484223176877,1.6424960181352256e-13,0.0006134150436333889,0.04257474300433812,0.18314220038219556,0.0028756755705364938,0.518129379510896,0.866783771673397,0.2649105340896282,0.4396264611256409,0.013363275931384574,0.8159536270840859,0.9412796171485458,0.01734690289139154,0.7193043288827283,0.03924431627556352,0.16836798736055553,0.017031214275445985,0.0019210157136687863,0.006448314919511728,3.1808204028565674e-06,2.6978108740341687e-05,0.03213938123631747,0.29067890434422605,0.28192763592852277,0.06791101094827967,1.0,8.002423204999157e-06,0.21781632751280797,3.218788669775688e-05,0.9673408066369946,0.1162829672206316,3.3144352166370996e-05,0.006855276991465505,0.010013591091108378,0.037353843845941134,0.01414134966897076,0.5028746884661175,0.007896074490998382,0.0010727446495122765,0.1432441159010129,0.19424047703629646,0.013618322145212159,0.5839545226090216,0.9084996823946977,0.020796673884428102,0.1487795325753477,0.7779380853859493,0.43600123023135456,0.0013270480342672845,5.79256745948822e-09,1.3941069116500754e-05,0.004338570779838369,0.06996528162923457,0.12425447079738128,0.003655417202230431,0.10013336935518184,0.9256852520975296,0.7003759374756514,0.011693204572813915,0.11169204601993858,0.0013270480342672845,0.0037350916077081866,0.4616171624920818,0.3432251166145531,0.7416783079638966,0.02233561618912194,0.004623308942791364,0.0004777934862301681,0.01611418912144329,0.9989836318401991,0.06492192923055491,0.29363157296689396,0.2790463268032964,0.1583531385097018,0.2848268740489899,0.24324199981158479,0.6580603997869909,0.8953044658401812,0.13436070727522703,0.9623550277901125,0.0016742876851927261,0.08100521983949195,0.0270876906164766,0.4877451105187991,0.0060632467186324005,0.03268623685720686,0.04498722262886221
sub-31151_ses-baseline_fs,lh_STG_L_6_2_thickness,0.0064483149195116996,0.46161716249208085,0.1544711422702547,0.22027558333396416,0.008218412372801,0.41805823265463965,0.9513936536011705,0.12755697523400242,0.018324949924722514,0.6073895401053298,0.06590611352144907,0.011036080362374618,0.36291547464249313,0.0010727446495122689,9.251646426196942e-05,0.005699044014626683,0.0017530829402005144,0.16230574417518445,0.00014350198988057167,4.063725027217111e-05,0.1361034815065385,0.0002938307150559937,0.07101118233829709,0.012623296420413058,0.13786313882367346,0.4251980174205382,0.24854892248808214,0.9826983553195636,0.9673408066369943,0.08457667957173848,0.00472192342697223,0.0050293152709682066,0.04121506648369289,8.002423204999157e-06,1.0,0.008218412372801,0.9570373784782782,2.6978108740341545e-05,0.021554202620771342,0.9551920716583115,0.2406162018725978,0.19424047703629604,0.07422514613984368,0.1564033422744962,0.0011796114041485713,0.22275335970563848,0.5181293795108951,0.01611418912144323,0.010013591091108342,0.16032058747853017,0.0007112097664879767,8.705395044519394e-07,0.11942315750763073,0.015240845803546734,0.00019286142037044877,0.0017937487663448515,0.4839841591456667,0.4216217614892946,0.9932986620529995,0.3025953912736652,0.039892189364120374,0.019703871668935002,0.3272613133020999,0.02616390520427186,4.972282984372905e-05,0.0003344198474867983,0.17670194725490265,0.022735467469821243,0.4839841591456667,0.32411842030323884,0.0015264023089925902,0.00327978242252649,0.000251228279275286,0.1132065507992453,0.2936315729668933,0.6464065225570533,0.14324411590101246,6.425294736415407e-06,0.0432686167843621,0.004623308942791347,0.005135737092699832,0.013877660059162342,0.004924894288619989,0.006717125206924756,0.000442929356937908,7.339359232346948e-07,0.017667709752437432,2.012243679132903e-06,0.44691195056038263,0.03380381147804166,0.09739523717506281,0.0012962630992837379,0.256647283463737,0.08337249172163079,0.06258984170676905
sub-31151_ses-baseline_fs,lh_STG_L_6_3_thickness,0.9970160640425427,0.17883055532529343,0.5066772742416186,0.3969545768072896,1.0,0.20579764649084026,0.020796673884428102,0.5644728871313165,2.3526647351521938e-08,0.11019322893288304,0.7453661025307791,0.9953415146061657,0.24588624672811357,0.8356958223055267,0.4802322753744756,0.9932986620529995,0.8980026284002947,0.4915148865495917,0.5412091292588714,0.3763534702712026,0.545075305195551,0.6464065225570532,0.7268069600128628,0.9900059422592276,0.5412091292588714,0.20111951523302385,0.35959431178734785,0.004526566080491991,0.017667709752437463,0.681238398444344,0.9849851060850049,0.9881175732178824,0.8484173763967716,0.21781632751280797,0.008218412372801,1.0,0.019703871668934985,0.3304209675507929,0.9474530291927439,0.02006243763303164,0.3696040803572255,0.43600123023135456,0.715537556824545,0.5028746884661174,0.8484173763967716,0.3934851947104097,0.14877953257534762,0.974898295918202,0.9979268763604099,0.4952932413079511,0.7779380853859484,0.09209566570354454,0.5839545226090207,0.9789733862203999,0.5839545226090207,0.900671538755167,0.16632939301888144,5.90154296257207e-05,0.011693204572813873,0.29958988682745746,0.8546377318733218,0.9570373784782781,0.27618300139168733,0.9233253713747008,0.4004379279244766,0.6658079556774164,0.4653201697515911,0.9412796171485452,0.16632939301888144,0.2790463268032964,0.8813858651227013,0.9606190732803924,0.6230156907367871,0.59957472507115,0.3086587213650825,0.09604839806824761,0.5296424447775875,0.20111951523302385,0.8389104425632683,0.9838614839378633,0.9890818330270071,0.9849851060850049,0.9871132819783243,0.9979268763604099,0.7079749255668157,0.0857946990428702,0.9673408066369943,0.1292329529318436,0.1875266640302867,0.8842255635809748,0.6425146036571827,0.8607607761055023,0.34972496783190576,0.6850804747343633,0.757879718767296
sub-31151_ses-baseline_fs,lh_STG_L_6_4_thickness,0.01581830771258913,0.6386196106472282,0.26213785114793065,0.35299893027052504,0.019703871668934985,0.5917622035382554,0.9998132426431755,0.22275335970563837,0.007585119760095776,0.7814817465657604,0.12589750716545065,0.025712293792712927,0.5296424447775873,0.0030716630697331894,0.0003175909953093147,0.014141349668970684,0.0048224411812263605,0.273337711624,0.0004777934862301681,0.00014744146471124613,0.23542002097934941,0.0009291625143020675,0.13436070727522695,0.029019805688776396,0.2380088705435746,0.5995747250711498,0.3900299462770839,0.8898216328720563,0.99925317981651,0.15640334227449612,0.01191983913341416,0.012623296420413058,0.08337249172163072,3.218788669775688e-05,0.9570373784782782,0.019703871668934985,1.0,0.00010053454561305377,0.04688214906611891,0.9999792474599868,0.37975060148277856,0.3178833096880326,0.13963975049283514,0.2649105340896275,0.003351964949467961,0.35628875376869956,0.6965637163253598,0.03613689707315797,0.02355383951404937,0.2705105066624963,0.0021036377775752154,3.986975382047585e-06,0.21054963442387,0.03437470710338056,0.0006287915567783514,0.004924894288619989,0.6619365794191026,0.27333771162400067,0.9838614839378633,0.4579246168900525,0.08100521983949166,0.0432686167843621,0.48774511051879893,0.05572590835838276,0.000178011029779008,0.0010474677045314293,0.29363157296689313,0.0491690597889448,0.6619365794191026,0.4839841591456666,0.004247257184491374,0.008552488888782274,0.0008035965837488549,0.20111951523302385,0.44691195056038263,0.8159536270840859,0.24588624672811357,2.619197518940328e-05,0.08702664749424115,0.011693204572813852,0.012865821584901273,0.03160036314245548,0.012384828889421688,0.016414923667430404,0.001358507693533649,3.39358793137073e-06,0.03924431627556348,8.786303194519694e-06,0.623015690736787,0.06996528162923432,0.17670194725490265,0.003655417202230431,0.40043792792447647,0.1544711422702547,0.12034583697991767
sub-31151_ses-baseline_fs,lh_STG_L_6_5_thickness,0.3696040803572255,0.00373509160770817,0.029520932111548614,0.017346902891391448,0.3304209675507929,0.0048224411812263605,0.00010920672454085364,0.037975235921192514,1.1476886786900672e-12,0.0015987685623084994,0.0786920983789239,0.2848268740489897,0.006717125206924756,0.6735348951030737,0.9623550277901126,0.39002994627708404,0.5917622035382554,0.027560027641677504,0.9303072776107423,0.995940721187631,0.03495379349357332,0.8577115896776231,0.07314101469725338,0.2649105340896275,0.03437470710338059,0.004623308942791347,0.01414134966897071,1.1252236372428754e-05,8.510606362063257e-05,0.0611046161235484,0.4216217614892932,0.41097010103807496,0.11942315750763073,0.9673408066369946,2.6978108740341545e-05,0.3304209675507929,0.00010053454561305377,1.0,0.19198421642285882,0.0001033502105367251,0.014959137551431457,0.021172489891646565,0.06996528162923435,0.029019805688776396,0.65806039978699,0.017031214275445926,0.002691187576269582,0.2302978155229945,0.29958988682745746,0.028039437148583115,0.7379781284397146,0.7850089669458497,0.04121506648369289,0.23800887054357472,0.9033108880921302,0.5878576001882718,0.003279782422526481,2.7399970695349736e-08,4.56149941771344e-05,0.009819531682508344,0.12262778718378693,0.2034493569512436,0.00838396075233722,0.16836798736055503,0.9908897866559562,0.8421024756864343,0.024397618301415815,0.18532531229593494,0.003279782422526481,0.008552488888782274,0.61520406697718,0.4839841591456666,0.8756247615235457,0.04397197404924059,0.010411994505360192,0.0012661397620864258,0.032686236857206716,0.9551920716583119,0.11473682942005604,0.4251980174205382,0.407445862670832,0.25123000443187155,0.41450761790366736,0.36291547464249313,0.8058064783051408,0.767212139000645,0.21781632751280738,0.8667837716733968,0.004069848361898677,0.1396397504928352,0.052362302465415476,0.6425146036571819,0.013363275931384503,0.06204123119543676,0.08268036193721866
sub-31151_ses-baseline_fs,lh_STG_L_6_6_thickness,0.92093328217616,0.3117163886651842,0.7041797945693158,0.5878576001882718,0.9474530291927439,0.34972496783190576,0.04916905978894483,0.759986058836964,1.5627141793092197e-07,0.20816440072870987,0.9084996823946978,0.9734628940375306,0.40393508022354235,0.6502950246820474,0.3056183620186481,0.9059203703733224,0.7305420868507652,0.6889156253357249,0.35628875376870034,0.22524965812151895,0.7416783079638957,0.45057179397759317,0.8953044658401813,0.9826983553195636,0.7379781284397146,0.3432251166145525,0.545075305195551,0.012623296420413058,0.04257474300433795,0.8607607761055023,0.881385865122702,0.8898216328720562,0.9704775794258568,0.1162829672206316,0.021554202620771342,0.9474530291927439,0.04688214906611891,0.19198421642285882,1.0,0.04763435999315513,0.5567016794497307,0.6308217644671958,0.8870375934267624,0.7003759374756514,0.6658079556774164,0.5839545226090208,0.2677014329217963,0.9947013820909866,0.9657160986097532,0.6927434922334673,0.5839545226090208,0.042574743004338084,0.7779380853859484,0.9925362484882712,0.3934851947104096,0.734265932129027,0.29363157296689313,0.00023836807876875967,0.029520932111548614,0.4727566673837795,0.9734628940375306,0.9994813156794913,0.44326343656545175,0.9974920667352473,0.24324199981158479,0.4690334139731336,0.6619365794191026,0.9998132426431755,0.29363157296689313,0.44691195056038263,0.7079749255668156,0.8292002333249006,0.42878681027991106,0.7920126151188828,0.4839841591456666,0.18532531229593494,0.7268069600128628,0.10579003069276417,0.9657160986097527,0.8785188222528114,0.8925773626028864,0.9881175732178824,0.8870375934267629,0.9256852520975296,0.5104874255356796,0.03924431627556345,0.9974920667352474,0.06298958828775206,0.3241184203032387,0.98606908331815,0.8292002333249006,0.6812383984443439,0.5334924175568468,0.8637849498888556,0.9170888203614157
sub-31151_ses-baseline_fs,lh_MTG_L_4_1_thickness,0.01611418912144329,0.6425146036571826,0.264910534089628,0.35628875376870034,0.02006243763303164,0.5956680175984803,0.999916992423919,0.22524965812151895,0.007433802291130328,0.7850089669458497,0.1275569752340028,0.02616390520427184,0.5334924175568476,0.0031396561524774077,0.0003259035755460154,0.014409451564626778,0.004924894288619989,0.2761830013916879,0.0004899736892235341,0.00015148280010136394,0.23800887054357525,0.0009517820805744163,0.13610348150653884,0.029520932111548732,0.2406162018725977,0.603482006459249,0.3934851947104096,0.8870375934267624,0.9989836318401992,0.15835313850970134,0.012150361946951172,0.012865821584901273,0.08457667957173874,3.3144352166370996e-05,0.9551920716583115,0.02006243763303164,0.9999792474599868,0.0001033502105367251,0.04763435999315513,1.0,0.3831624930031308,0.3209923872221545,0.14143338657546514,0.2677014329217963,0.0034255939091544876,0.3595943117873477,0.7003759374756513,0.03674109467350373,0.023972514218332613,0.2733377116240001,0.002151720751753943,4.117052136221665e-06,0.21295336019063596,0.03495379349357343,0.0006445267619694548,0.005029315270968225,0.6658079556774164,0.2705105066624968,0.9826983553195634,0.4616171624920817,0.08218203780755685,0.04397197404924076,0.4915148865495925,0.05659417035304822,0.00018283714069834855,0.0010727446495122765,0.2966019234432368,0.0499517433517355,0.6658079556774164,0.487745110518799,0.004338570779838369,0.008724042548986122,0.000823364387836919,0.20344935695124408,0.45057179397759317,0.8192963127090255,0.2485489224880826,2.6978108740341687e-05,0.08827262193832124,0.01191983913341416,0.013112462014960774,0.03213938123631732,0.012623296420413113,0.016720576726564365,0.0013906554300331941,3.5050324849270365e-06,0.03989218936412052,9.06355048038775e-06,0.6269195879996936,0.07101118233829709,0.17883055532529343,0.0037350916077081866,0.40393508022354313,0.1564033422744966,0.12194943726273536
sub-31151_ses-baseline_fs,lh_MTG_L_4_2_thickness,0.3304209675507929,0.9059203703733224,0.9704775794258568,0.9986727052934236,0.3696040803572255,0.9347971714722626,0.3900299462770848,0.9433720930874003,3.724753716078937e-05,0.7885193788677635,0.8125908517414787,0.4216217614892932,0.9657160986097532,0.1326347436859075,0.03213938123631732,0.3117163886651842,0.17249895925986414,0.9762952918687953,0.04189025776415045,0.019350910989769265,0.9533107543865665,0.06394978756391059,0.8292002333249006,0.44691195056038263,0.9551920716583115,0.9303072776107428,0.9998132426431755,0.17249895925986455,0.35959431178734785,0.8667837716733963,0.2848268740489897,0.29363157296689313,0.7041797945693158,0.006855276991465505,0.2406162018725978,0.3696040803572255,0.37975060148277856,0.014959137551431457,0.5567016794497307,0.3831624930031308,1.0,0.9925362484882709,0.8389104425632683,0.9719892618381476,0.1396397504928352,0.9989836318401992,0.8637849498888562,0.49529324130795044,0.40393508022354235,0.9748982959182017,0.10579003069276388,0.0015621988720101127,0.9325688755633158,0.4839841591456667,0.04995174335173531,0.17459142920636608,0.8898216328720562,0.011036080362374705,0.29067890434422605,0.9900059422592276,0.69656371632536,0.5373480724326506,0.9814958634283794,0.59957472507115,0.021941886410773142,0.06893192453891375,0.9849851060850047,0.5683636908308479,0.8898216328720562,0.9826983553195636,0.16032058747853006,0.23800887054357472,0.05836422237580873,0.9233253713747008,0.9925362484882712,0.7527030627076101,0.9606190732803924,0.005939577083048093,0.715537556824545,0.28192763592852205,0.2966019234432368,0.4653201697515902,0.29067890434422605,0.3367901498545922,0.08100521983949173,0.0013906554300331842,0.5143048817729025,0.0027514437235929244,0.9160536085942149,0.65806039978699,0.8953044658401813,0.1469171232746612,0.99925317981651,0.8637849498888556,0.8009432601511167
sub-31151_ses-baseline_fs,lh_MTG_L_4_3_thickness,0.3934851947104097,0.8515395458111807,0.9925362484882712,0.9974920667352473,0.43600123023135456,0.8870375934267624,0.3272613133020999,0.9762952918687953,2.1269671492499404e-05,0.7193043288827274,0.8727040117767483,0.49151488654959175,0.9280126458822486,0.16836798736055553,0.04397197404924073,0.3729712480594213,0.21537558847194146,0.9953415146061658,0.05659417035304822,0.027087690616476492,0.9826983553195636,0.08457667957173874,0.8870375934267629,0.5181293795108959,0.9838614839378633,0.8813858651227013,0.9900059422592276,0.1361034815065385,0.29958988682745746,0.9185092662538881,0.3432251166145531,0.35299893027052504,0.7743783514477943,0.010013591091108378,0.19424047703629604,0.43600123023135456,0.3178833096880326,0.021172489891646565,0.6308217644671958,0.3209923872221545,0.9925362484882709,1.0,0.895304465840182,0.9932986620529995,0.1767019472549032,0.9970160640425427,0.8023856057349248,0.5683636908308479,0.47275666738378047,0.9947013820909866,0.1361034815065385,0.0024076328428086595,0.9689280313642172,0.5567016794497315,0.06690244068112564,0.21781632751280797,0.832458967796947,0.007585119760095789,0.23800887054357472,0.9657160986097527,0.7672121390006451,0.6112970022310139,0.9513936536011705,0.6735348951030745,0.03054549173331685,0.0908070349933334,0.9986727052934236,0.6425146036571827,0.832458967796947,0.9533107543865665,0.20111951523302385,0.29067890434422605,0.0775555975645869,0.962355027790113,0.9704775794258568,0.6812383984443431,0.9871132819783243,0.008724042548986122,0.7850089669458497,0.3399994652655343,0.35628875376870034,0.5373480724326506,0.34972496783190654,0.4004379279244766,0.10579003069276427,0.002151720751753943,0.5878576001882727,0.004157692889242439,0.8637849498888555,0.7305420868507652,0.9412796171485452,0.18532531229593538,0.9871132819783239,0.916053608594215,0.862517865253175
sub-31151_ses-baseline_fs,lh_MTG_L_4_4_thickness,0.6696741781691316,0.5839545226090208,0.9412796171485452,0.8637849498888556,0.715537556824545,0.6308217644671957,0.14507200603961018,0.9689280313642172,2.149340624419244e-06,0.43962646112564013,0.9986727052934236,0.770802913112906,0.6927434922334673,0.36625210949772385,0.1275569752340028,0.6464065225570532,0.43962646112564013,0.9325688755633158,0.15640334227449668,0.08579469904287024,0.9606190732803924,0.21537558847194146,0.9998132426431755,0.7954883089955138,0.958846451953373,0.6230156907367871,0.8292002333249006,0.04763435999315513,0.1292329529318436,0.9983204388607468,0.6112970022310139,0.623015690736787,0.9704775794258568,0.037353843845941134,0.07422514613984368,0.715537556824545,0.13963975049283514,0.06996528162923435,0.8870375934267624,0.14143338657546514,0.8389104425632683,0.895304465840182,1.0,0.9391528016656957,0.3797506014827786,0.8607607761055023,0.525798431520154,0.8389104425632683,0.7527030627076102,0.9347971714722627,0.3117163886651842,0.011036080362374667,0.9762952918687953,0.8292002333249006,0.17883055532529343,0.4432634365654526,0.5605854505397875,0.0015621988720101196,0.09604839806824761,0.7636063979258736,0.9673408066369943,0.8727040117767483,0.7342659321290261,0.916053608594215,0.09471625252342215,0.22776447777289568,0.916053608594215,0.895304465840182,0.5605854505397875,0.7379781284397146,0.41805823265463954,0.545075305195551,0.201119515233024,0.9814958634283794,0.7743783514477943,0.4039350802235423,0.9533107543865665,0.033241017581338954,0.974898295918202,0.6073895401053298,0.6269195879996936,0.8125908517414786,0.6191104064448563,0.6773897533401442,0.25664728346373716,0.010013591091108325,0.8546377318733218,0.017667709752437432,0.59957472507115,0.9494410002396817,0.9925362484882712,0.3934851947104096,0.8192963127090246,0.9986727052934236,0.9972971596252989
sub-31151_ses-baseline_fs,lh_ITG_L_5_1_thickness,0.4579246168900526,0.7920126151188829,0.9999792474599868,0.9826983553195634,0.5028746884661174,0.832458967796947,0.2733377116240001,0.9947013820909866,1.2337542790026529e-05,0.6502950246820467,0.92093328217616,0.5605854505397876,0.8813858651227013,0.20816440072871042,0.05836422237580886,0.43600123023135456,0.26213785114793076,0.9998132426431755,0.07422514613984395,0.03674109467350373,0.9974920667352474,0.10871001260288987,0.9325688755633162,0.5878576001882727,0.9979268763604099,0.8259199745162488,0.9673408066369943,0.10724230933371476,0.24854892248808214,0.9570373784782781,0.4039350802235431,0.4145076179036681,0.8356958223055269,0.01414134966897076,0.1564033422744962,0.5028746884661174,0.2649105340896275,0.029019805688776396,0.7003759374756514,0.2677014329217963,0.9719892618381476,0.9932986620529995,0.9391528016656957,1.0,0.21781632751280797,0.9814958634283794,0.7379781284397146,0.6386196106472283,0.5412091292588714,0.999916992423919,0.17042449376335903,0.003577293875886051,0.9908897866559563,0.6269195879996936,0.08702664749424115,0.2649105340896282,0.770802913112906,0.0052441931647113195,0.19424047703629604,0.9303072776107423,0.8292002333249006,0.681238398444344,0.9110485238446259,0.7416783079638966,0.04121506648369306,0.11628296722063149,0.9979268763604099,0.7117609675593424,0.770802913112906,0.913566597362053,0.24588624672811357,0.34646698985516333,0.10013336935518184,0.9871132819783243,0.9369919005748487,0.611297002231013,0.9989836318401992,0.012384828889421688,0.8452715702590174,0.4004379279244766,0.4180582326546403,0.6073895401053298,0.41097010103807563,0.4653201697515911,0.13436070727522703,0.0032090211075862765,0.6580603997869909,0.0060632467186324005,0.805806478305141,0.7954883089955138,0.9734628940375306,0.22776447777289557,0.9623550277901125,0.9551920716583119,0.9125127729702353
sub-31151_ses-baseline_fs,lh_ITG_L_5_2_thickness,0.8842255635809748,0.052362302465415525,0.22027558333396416,0.1544711422702547,0.8484173763967716,0.06298958828775206,0.003577293875886051,0.25938342239429646,6.671635353537849e-10,0.028039437148583115,0.40744586267083277,0.7989460943661545,0.07984193954288343,0.9996680110349342,0.8159536270840858,0.900671538755167,0.9940204030825932,0.21054963442387,0.8667837716733969,0.7117609675593414,0.24588624672811357,0.9369919005748486,0.39002994627708404,0.7743783514477943,0.2432419998115847,0.0611046161235484,0.13436070727522703,0.000583708191335261,0.0029396963718259957,0.34972496783190654,0.9233253713747008,0.916053608594215,0.5181293795108959,0.5028746884661175,0.0011796114041485713,0.8484173763967716,0.003351964949467961,0.65806039978699,0.6658079556774164,0.0034255939091544876,0.1396397504928352,0.1767019472549032,0.3797506014827786,0.21781632751280797,1.0,0.15255648051375253,0.04121506648369306,0.7268069600128637,0.8159536270840859,0.21295336019063596,0.9908897866559562,0.273337711624,0.2733377116240001,0.7379781284397146,0.8980026284002947,0.9932986620529995,0.04763435999315513,3.986975382047627e-06,0.0017937487663448515,0.10435308753561727,0.525798431520154,0.6850804747343633,0.09339870656149626,0.6230156907367871,0.7379781284397146,0.9474530291927439,0.19424047703629646,0.654179765725631,0.04763435999315513,0.09471625252342211,0.9974920667352474,0.958846451953373,0.9233253713747008,0.2848268740489897,0.10871001260288993,0.02355383951404937,0.23542002097934941,0.47648969914653355,0.5066772742416186,0.9256852520975296,0.913566597362053,0.7563514907540579,0.9185092662538881,0.8785188222528114,0.9673408066369943,0.2593834223942956,0.7079749255668157,0.34972496783190576,0.05572590835838276,0.5644728871313165,0.31788330968803324,0.9996680110349342,0.1292329529318436,0.35299893027052504,0.41955335253748344
sub-31151_ses-baseline_fs,lh_ITG_L_5_3_thickness,0.35299893027052504,0.8870375934267624,0.9802541561886393,0.9999792474599868,0.3934851947104097,0.918509266253888,0.36625210949772385,0.9570373784782781,3.035318335466512e-05,0.7636063979258736,0.8356958223055269,0.44691195056038263,0.9533107543865665,0.14507200603961026,0.03613689707315813,0.33359728132961247,0.1875266640302867,0.984985106085005,0.046882149066119115,0.021941886410773142,0.9657160986097532,0.07101118233829709,0.8515395458111815,0.47275666738378047,0.9673408066369943,0.913566597362053,0.9979268763604099,0.15835313850970134,0.3367901498545922,0.8870375934267624,0.3056183620186482,0.3147912803048124,0.7305420868507652,0.007896074490998382,0.22275335970563848,0.3934851947104097,0.35628875376869956,0.017031214275445926,0.5839545226090208,0.3595943117873477,0.9989836318401992,0.9970160640425427,0.8607607761055023,0.9814958634283794,0.15255648051375253,1.0,0.842102475686435,0.5219606524627282,0.42878681027991106,0.9838614839378633,0.11628296722063124,0.0018352817315926756,0.9474530291927439,0.5104874255356795,0.05572590835838276,0.189746288425574,0.8697569040818147,0.009628833410043468,0.2705105066624963,0.9826983553195634,0.7230609185534976,0.5644728871313165,0.9719892618381475,0.6269195879996936,0.02482923017486738,0.07643233809242461,0.9917332568700329,0.5956680175984803,0.8697569040818147,0.9734628940375306,0.17459142920636608,0.256647283463737,0.06492192923055491,0.9391528016656957,0.98606908331815,0.7268069600128628,0.9719892618381479,0.006855276991465505,0.7416783079638966,0.3025953912736652,0.31788330968803324,0.49151488654959175,0.3117163886651848,0.35959431178734785,0.08953271901963454,0.0016361264069568453,0.5412091292588714,0.0032090211075862765,0.8980026284002947,0.6850804747343633,0.913566597362053,0.16032058747853056,0.9964989274428285,0.8842255635809748,0.8245359330685958
sub-31151_ses-baseline_fs,lh_ITG_L_5_4_thickness,0.1275569752340028,0.9953415146061657,0.734265932129027,0.838910442563269,0.14877953257534762,0.984985106085005,0.7079749255668156,0.6773897533401442,0.0003706154034286167,0.989081833027007,0.4952932413079512,0.17883055532529343,0.962355027790113,0.0386053626661091,0.0067171252069247855,0.11784504870301211,0.05402241526142267,0.7490411436772236,0.009257322436386802,0.003655417202230431,0.6965637163253608,0.015527214665192303,0.5143048817729033,0.19424047703629646,0.7003759374756514,0.9871132819783243,0.8727040117767483,0.41097010103807485,0.6735348951030737,0.5605854505397876,0.1043530875356176,0.10871001260288993,0.3865889929560973,0.0010727446495122765,0.5181293795108951,0.14877953257534762,0.6965637163253598,0.002691187576269582,0.2677014329217963,0.7003759374756513,0.8637849498888562,0.8023856057349248,0.525798431520154,0.7379781284397146,0.04121506648369306,0.842102475686435,1.0,0.22524965812151906,0.16836798736055553,0.7453661025307791,0.029019805688776424,0.0001928614203704498,0.6580603997869909,0.21781632751280797,0.011470402970859973,0.05486868975051303,0.9983204388607468,0.04839663116487185,0.5878576001882718,0.9233253713747013,0.3797506014827786,0.2539294673507807,0.9412796171485458,0.2995898868274581,0.004247257184491401,0.017031214275445985,0.7743783514477943,0.276183001391688,0.9983204388607468,0.9391528016656957,0.04916905978894483,0.08218203780755685,0.013877660059162392,0.6425146036571827,0.916053608594215,0.9776537108081848,0.7117609675593424,0.000907042865017537,0.3969545768072904,0.1029313900303658,0.11019322893288339,0.20579764649084026,0.10724230933371505,0.1309255171441501,0.020796673884428102,0.00016871660157942138,0.23800887054357525,0.00037061540342861834,0.9925362484882712,0.34646698985516333,0.59957472507115,0.04397197404924076,0.881385865122702,0.5567016794497315,0.4824072496261844
sub-31151_ses-baseline_fs,lh_ITG_L_5_5_thickness,0.9551920716583119,0.2649105340896275,0.6425146036571819,0.5257984315201532,0.974898295918202,0.29958988682745735,0.037975235921192514,0.7003759374756514,8.728590786102473e-08,0.17249895925986403,0.8637849498888556,0.9917332568700329,0.34972496783190593,0.7117609675593423,0.35628875376870034,0.9433720930874008,0.7885193788677636,0.6269195879996927,0.41097010103807585,0.2677014329217963,0.6812383984443431,0.5104874255356795,0.848417376396771,0.9964989274428286,0.6773897533401442,0.2936315729668933,0.4839841591456667,0.009257322436386762,0.032686236857206716,0.8092083480430168,0.9233253713747013,0.9303072776107428,0.9412796171485452,0.1432441159010129,0.01611418912144323,0.974898295918202,0.03613689707315797,0.2302978155229945,0.9947013820909866,0.03674109467350373,0.49529324130795044,0.5683636908308479,0.8389104425632683,0.6386196106472283,0.7268069600128637,0.5219606524627282,0.22524965812151906,1.0,0.9871132819783243,0.6308217644671957,0.6464065225570533,0.05486868975051303,0.7193043288827273,0.9998132426431755,0.45057179397759317,0.7920126151188837,0.24854892248808197,0.00015562844795859727,0.02233561618912185,0.41450761790366736,0.9454299792570177,0.9974920667352473,0.3865889929560965,0.9849851060850047,0.2877439836385941,0.5296424447775884,0.59957472507115,0.9925362484882709,0.24854892248808197,0.39002994627708404,0.7672121390006451,0.8785188222528114,0.4877451105187991,0.734265932129026,0.42519801742053814,0.152556480513752,0.6658079556774154,0.1309255171441501,0.9347971714722622,0.9209332821761601,0.9325688755633164,0.9986727052934236,0.9280126458822491,0.958846451953373,0.5722575607612337,0.050744779606424664,0.9994813156794913,0.07984193954288343,0.27618300139168733,0.9640541049906034,0.7743783514477943,0.7416783079638966,0.4727566673837795,0.8125908517414786,0.8739339562052949
sub-31151_ses-baseline_fs,lh_FuG_L_3_1_thickness,0.9900059422592276,0.20111951523302385,0.545075305195551,0.43238794672229686,0.9979268763604099,0.2302978155229945,0.024829230174867354,0.6034820064592491,3.4394928682688136e-08,0.12589750716545076,0.7814817465657605,0.9994813156794913,0.2733377116240001,0.8023856057349248,0.4432634365654525,0.9838614839378633,0.8697569040818148,0.5296424447775875,0.5028746884661175,0.3432251166145525,0.5839545226090207,0.6073895401053296,0.7636063979258736,0.9970160640425427,0.5800532835863161,0.22524965812151906,0.3934851947104097,0.005582107768993359,0.021172489891646586,0.7193043288827281,0.9719892618381478,0.9762952918687953,0.8785188222528114,0.19424047703629646,0.010013591091108342,0.9979268763604099,0.02355383951404937,0.29958988682745746,0.9657160986097532,0.023972514218332613,0.40393508022354235,0.47275666738378047,0.7527030627076102,0.5412091292588714,0.8159536270840859,0.42878681027991106,0.16836798736055553,0.9871132819783243,1.0,0.5334924175568477,0.7416783079638958,0.07984193954288343,0.6230156907367871,0.9900059422592276,0.5450753051955509,0.8727040117767483,0.1875266640302867,7.825998315650851e-05,0.01414134966897071,0.3304209675507929,0.8842255635809748,0.9734628940375306,0.30561836201864756,0.9454299792570177,0.36625210949772385,0.6269195879996936,0.5028746884661174,0.9606190732803924,0.1875266640302867,0.3086587213650825,0.8515395458111807,0.9412796171485452,0.5839545226090208,0.6386196106472283,0.3399994652655342,0.11019322893288294,0.5683636908308479,0.17883055532529343,0.8697569040818148,0.9704775794258568,0.9776537108081851,0.9940204030825933,0.974898295918202,0.9917332568700329,0.6696741781691317,0.07422514613984368,0.9814958634283794,0.1132065507992453,0.21054963442387,0.9110485238446264,0.681238398444344,0.8292002333249004,0.3831624930031301,0.7230609185534976,0.7934745643302228
sub-31151_ses-baseline_fs,lh_FuG_L_3_2_thickness,0.45057179397759317,0.7989460943661538,0.9998132426431755,0.9849851060850047,0.4952932413079511,0.8389104425632683,0.2790463268032964,0.9932986620529995,1.3115909983014253e-05,0.6580603997869902,0.9160536085942149,0.552821869738672,0.8870375934267624,0.20344935695124408,0.056594170353048194,0.428786810279911,0.256647283463737,0.9999792474599868,0.07206972671040404,0.035541160158193266,0.9964989274428286,0.10579003069276417,0.9280126458822491,0.5800532835863161,0.9970160640425427,0.8324589677969471,0.9704775794258568,0.11019322893288304,0.2539294673507802,0.9533107543865665,0.3969545768072903,0.4074458626708327,0.8292002333249006,0.013618322145212159,0.16032058747853017,0.4952932413079511,0.2705105066624963,0.028039437148583115,0.6927434922334673,0.2733377116240001,0.9748982959182017,0.9947013820909866,0.9347971714722627,0.999916992423919,0.21295336019063596,0.9838614839378633,0.7453661025307791,0.6308217644671957,0.5334924175568477,1.0,0.16632939301888144,0.0034255939091544876,0.9890818330270071,0.6191104064448563,0.08457667957173874,0.25938342239429646,0.7779380853859484,0.005467343958537038,0.19880810236835514,0.9347971714722622,0.8226185482731799,0.6735348951030745,0.9160536085942145,0.734265932129027,0.03989218936412052,0.1132065507992456,0.9986727052934236,0.7041797945693167,0.7779380853859484,0.9185092662538881,0.2406162018725977,0.3399994652655343,0.09739523717506307,0.9849851060850049,0.9412796171485452,0.6191104064448554,0.9983204388607468,0.01191983913341416,0.838910442563269,0.3934851947104097,0.41097010103807563,0.59957472507115,0.4039350802235431,0.4579246168900526,0.1309255171441501,0.0030716630697331894,0.6502950246820474,0.005818188396018886,0.8125908517414786,0.7885193788677635,0.9704775794258568,0.22275335970563898,0.9657160986097527,0.9513936536011708,0.9074200654143096
sub-31151_ses-baseline_fs,lh_FuG_L_3_3_thickness,0.8192963127090247,0.03735384384594097,0.17249895925986414,0.11784504870301181,0.7779380853859484,0.045407520578295404,0.0022509286317795975,0.20579764649084037,2.743550210519651e-10,0.019350910989769265,0.3367901498545922,0.7230609185534976,0.05836422237580873,0.9940204030825931,0.8813858651227019,0.8389104425632683,0.9704775794258568,0.1643086620574772,0.9233253713747013,0.7885193788677635,0.19424047703629604,0.974898295918202,0.32099238722215384,0.69656371632536,0.19198421642285896,0.04397197404924063,0.10152484768176259,0.0003431444176868409,0.0018352817315926673,0.2848268740489899,0.8667837716733963,0.8577115896776231,0.43962646112564013,0.5839545226090216,0.0007112097664879767,0.7779380853859484,0.0021036377775752154,0.7379781284397146,0.5839545226090208,0.002151720751753943,0.10579003069276388,0.1361034815065385,0.3117163886651842,0.17042449376335903,0.9908897866559562,0.11628296722063124,0.029019805688776424,0.6464065225570533,0.7416783079638958,0.16632939301888144,1.0,0.3367901498545929,0.21781632751280738,0.6580603997869902,0.9474530291927439,0.9689280313642169,0.03380381147804166,2.0122436791329174e-06,0.0010985859662438241,0.07755559756458662,0.44691195056038263,0.6034820064592482,0.06893192453891352,0.5412091292588705,0.8125908517414795,0.9814958634283797,0.15065929756905821,0.5722575607612327,0.03380381147804166,0.06996528162923432,0.9789733862204,0.913566597362053,0.9657160986097532,0.22776447777289507,0.08100521983949166,0.01611418912144323,0.18532531229593494,0.5567016794497315,0.4287868102799103,0.8697569040818148,0.8546377318733211,0.6773897533401442,0.8607607761055016,0.8125908517414787,0.9925362484882712,0.32099238722215434,0.6269195879996927,0.4216217614892939,0.03989218936412036,0.4839841591456667,0.256647283463737,0.987113281978324,0.09739523717506281,0.28774398363859344,0.34783338591145774
sub-31151_ses-baseline_fs,lh_PhG_L_6_1_thickness,0.10871001260288993,0.00028628865925623445,0.003655417202230431,0.0018776984263916105,0.09209566570354454,0.0003900596459090516,4.389528924655151e-06,0.005029315270968225,5.17571861212799e-15,0.0001033502105367251,0.012865821584901273,0.07422514613984388,0.000583708191335261,0.2848268740489897,0.6230156907367871,0.11784504870301211,0.22776447777289557,0.003351964949467961,0.5605854505397874,0.734265932129027,0.004526566080491983,0.4579246168900526,0.011693204572813852,0.06690244068112564,0.004431663622873946,0.00037061540342861834,0.0014570696975798418,3.188303132304799e-07,3.2855504511594746e-06,0.009257322436386802,0.1326347436859075,0.1275569752340028,0.02233561618912194,0.9084996823946977,8.705395044519394e-07,0.09209566570354454,3.986975382047585e-06,0.7850089669458497,0.042574743004338084,4.117052136221665e-06,0.0015621988720101127,0.0024076328428086595,0.011036080362374667,0.003577293875886051,0.273337711624,0.0018352817315926756,0.0001928614203704498,0.05486868975051303,0.07984193954288343,0.0034255939091544876,0.3367901498545929,1.0,0.005582107768993359,0.057473575165540025,0.5181293795108959,0.22524965812151895,0.0002447187934428306,3.5431272315220903e-10,1.5956087194747702e-06,0.00092916251430207,0.023141516351284346,0.046139901466394,0.0007653780633337658,0.035541160158193266,0.7079749255668155,0.4396264611256401,0.002875675570536486,0.04054907495747976,0.0002447187934428306,0.0007842708241935182,0.2432419998115847,0.16430866205747763,0.4802322753744756,0.0060632467186324005,0.0009985622276024227,7.82599831565081e-05,0.004157692889242428,0.9256852520975296,0.021172489891646565,0.13436070727522695,0.12589750716545065,0.06204123119543692,0.1292329529318436,0.10579003069276417,0.4004379279244764,0.9994813156794913,0.050744779606424664,0.9871132819783243,0.0003175909953093147,0.027560027641677615,0.007585119760095803,0.26213785114793076,0.001358507693533649,0.009441446675454995,0.013726717894640755
sub-31151_ses-baseline_fs,lh_PhG_L_6_2_thickness,0.5373480724326506,0.715537556824545,0.9917332568700329,0.9494410002396817,0.5839545226090207,0.759986058836964,0.21781632751280797,0.9994813156794913,6.425294736415395e-06,0.568363690830848,0.9640541049906034,0.6425146036571819,0.815953627084086,0.26213785114793076,0.07984193954288335,0.5143048817729025,0.3241184203032387,0.9881175732178824,0.10013336935518184,0.051548266560903166,0.9979268763604099,0.1432441159010124,0.9719892618381478,0.6696741781691316,0.9974920667352474,0.7527030627076102,0.9256852520975296,0.07984193954288343,0.19651509732555983,0.987113281978324,0.4802322753744756,0.4915148865495916,0.8980026284002947,0.020796673884428102,0.11942315750763073,0.5839545226090207,0.21054963442387,0.04121506648369289,0.7779380853859484,0.21295336019063596,0.9325688755633158,0.9689280313642172,0.9762952918687953,0.9908897866559563,0.2733377116240001,0.9474530291927439,0.6580603997869909,0.7193043288827273,0.6230156907367871,0.9890818330270071,0.21781632751280738,0.005582107768993359,1.0,0.7079749255668156,0.11628296722063113,0.3272613133020999,0.6927434922334673,0.003351964949467976,0.15065929756905821,0.8756247615235457,0.8925773626028858,0.759986058836964,0.8515395458111807,0.8159536270840859,0.057473575165540025,0.15255648051375248,0.9802541561886393,0.7885193788677635,0.6927434922334673,0.8546377318733218,0.30561836201864756,0.41805823265463965,0.1326347436859075,0.9996680110349342,0.8842255635809748,0.5296424447775875,0.995940721187631,0.018324949924722514,0.9059203703733224,0.4764896991465336,0.4952932413079511,0.6889156253357249,0.48774511051879893,0.545075305195551,0.17459142920636608,0.0050293152709682066,0.7379781284397146,0.009257322436386762,0.730542086850765,0.8637849498888556,0.9953415146061656,0.2848268740489897,0.9185092662538881,0.98606908331815,0.9580910684446853
sub-31151_ses-baseline_fs,lh_PhG_L_6_3_thickness,0.9606190732803924,0.256647283463737,0.6308217644671958,0.5143048817729025,0.9789733862203999,0.29067890434422594,0.03613689707315813,0.6889156253357258,7.816368254765432e-08,0.16632939301888144,0.8546377318733218,0.9940204030825931,0.3399994652655343,0.7230609185534976,0.36625210949772385,0.9494410002396817,0.7989460943661538,0.61520406697718,0.4216217614892941,0.27618300139168733,0.6696741781691316,0.5219606524627282,0.8389104425632683,0.9979268763604099,0.6658079556774164,0.2848268740489899,0.47275666738378047,0.008724042548986122,0.031069095498686545,0.7989460943661545,0.9303072776107428,0.9369919005748487,0.9347971714722627,0.1487795325753477,0.015240845803546734,0.9789733862203999,0.03437470710338056,0.23800887054357472,0.9925362484882712,0.03495379349357343,0.4839841591456667,0.5567016794497315,0.8292002333249006,0.6269195879996936,0.7379781284397146,0.5104874255356795,0.21781632751280797,0.9998132426431755,0.9900059422592276,0.6191104064448563,0.6580603997869902,0.057473575165540025,0.7079749255668156,1.0,0.46161716249208085,0.8023856057349248,0.2406162018725977,0.00014350198988057243,0.021172489891646565,0.40393508022354235,0.9391528016656957,0.995940721187631,0.3763534702712026,0.9814958634283794,0.296601923443237,0.5412091292588714,0.5878576001882727,0.9900059422592276,0.2406162018725977,0.3797506014827786,0.7779380853859484,0.8870375934267624,0.4990799258958738,0.7230609185534976,0.4145076179036681,0.1469171232746612,0.6541797657256309,0.1361034815065385,0.9280126458822486,0.9280126458822486,0.9391528016656957,0.9994813156794913,0.9347971714722627,0.9640541049906034,0.5839545226090208,0.053186985799956475,0.9986727052934236,0.08337249172163079,0.2677014329217963,0.958846451953373,0.7636063979258744,0.7527030627076102,0.46161716249208085,0.8023856057349248,0.8650475624080108
sub-31151_ses-baseline_fs,lh_PhG_L_6_4_thickness,0.6308217644671957,0.015240845803546734,0.088272621938321,0.05659417035304802,0.5839545226090207,0.019003484223176777,0.0006771040080050004,0.10871001260288993,2.937548759236062e-11,0.007285201110285721,0.19651509732555972,0.5257984315201539,0.02526742882159249,0.9084996823946978,0.9849851060850049,0.6541797657256309,0.8484173763967715,0.08337249172163079,0.9974920667352474,0.9369919005748487,0.10152484768176259,0.9947013820909866,0.18532531229593494,0.49907992589587363,0.10013336935518184,0.018324949924722528,0.04763435999315513,8.751141450687026e-05,0.0005416548595220508,0.16032058747853056,0.6889156253357249,0.6773897533401442,0.2733377116240001,0.7779380853859493,0.00019286142037044877,0.5839545226090207,0.0006287915567783514,0.9033108880921302,0.3934851947104096,0.0006445267619694548,0.04995174335173531,0.06690244068112564,0.17883055532529343,0.08702664749424115,0.8980026284002947,0.05572590835838276,0.011470402970859973,0.45057179397759317,0.5450753051955509,0.08457667957173874,0.9474530291927439,0.5181293795108959,0.11628296722063113,0.46161716249208085,1.0,0.8452715702590167,0.013618322145212086,3.543151561781757e-07,0.0003094775925853399,0.03495379349357329,0.2790463268032962,0.41097010103807485,0.030545491733316714,0.35628875376869956,0.9513936536011709,0.9908897866559562,0.07532222075012762,0.3831624930031301,0.013618322145212086,0.031069095498686517,0.8667837716733968,0.7527030627076101,0.9979268763604099,0.12262778718378693,0.03674109467350373,0.005939577083048083,0.09604839806824761,0.7527030627076102,0.2649105340896275,0.6927434922334672,0.6735348951030736,0.4802322753744756,0.6812383984443431,0.623015690736787,0.9789733862203999,0.49907992589587363,0.43238794672229675,0.61520406697718,0.016414923667430404,0.3086587213650825,0.14143338657546514,0.8870375934267624,0.045407520578295404,0.16230574417518445,0.2044333905923303
sub-31151_ses-baseline_fs,lh_PhG_L_6_5_thickness,0.9303072776107428,0.06893192453891375,0.2677014329217963,0.19198421642285882,0.900671538755167,0.08218203780755681,0.005244193164711329,0.3117163886651848,1.4082940945953834e-09,0.037975235921192514,0.4727566673837804,0.8577115896776236,0.1029313900303658,0.9900059422592276,0.7527030627076101,0.9433720930874008,0.9999792474599868,0.256647283463737,0.8092083480430169,0.6425146036571818,0.2966019234432368,0.8925773626028858,0.4542427545508101,0.8356958223055269,0.29363157296689385,0.07984193954288343,0.16836798736055553,0.000907042865017537,0.004338570779838369,0.41097010103807563,0.9606190732803924,0.955192071658312,0.5878576001882727,0.43600123023135456,0.0017937487663448515,0.900671538755167,0.004924894288619989,0.5878576001882718,0.734265932129027,0.005029315270968225,0.17459142920636608,0.21781632751280797,0.4432634365654526,0.2649105340896282,0.9932986620529995,0.189746288425574,0.05486868975051303,0.7920126151188837,0.8727040117767483,0.25938342239429646,0.9689280313642169,0.22524965812151895,0.3272613133020999,0.8023856057349248,0.8452715702590167,1.0,0.06298958828775206,7.0608382458759125e-06,0.002691187576269582,0.1326347436859075,0.5956680175984803,0.7527030627076102,0.11942315750763073,0.6927434922334673,0.6696741781691317,0.9059203703733224,0.23800887054357525,0.7230609185534976,0.06298958828775206,0.12101737638775699,0.9989836318401992,0.9849851060850049,0.8756247615235458,0.3399994652655342,0.13786313882367388,0.03213938123631732,0.2848268740489897,0.41097010103807485,0.576154193594644,0.962355027790113,0.9533107543865665,0.8192963127090254,0.9570373784782781,0.9256852520975296,0.9325688755633158,0.21295336019063524,0.7743783514477943,0.29363157296689313,0.07314101469725358,0.6347218845034155,0.3763534702712034,0.995940721187631,0.16230574417518445,0.41450761790366814,0.4855626682264899
sub-31151_ses-baseline_fs,lh_PhG_L_6_6_thickness,0.14324411590101246,0.99925317981651,0.767212139000645,0.8667837716733968,0.16632939301888144,0.9932986620529995,0.6735348951030745,0.7117609675593414,0.0002938307150559937,0.9789733862204,0.5296424447775875,0.198808102368355,0.9762952918687953,0.04468491009896005,0.008055798518739738,0.1326347436859075,0.06204123119543676,0.7814817465657605,0.011036080362374686,0.004431663622873918,0.730542086850765,0.018324949924722514,0.5489463147366713,0.21537558847194146,0.734265932129026,0.9947013820909866,0.8980026284002947,0.3797506014827786,0.6386196106472284,0.5956680175984793,0.11784504870301211,0.12262778718378693,0.41805823265463954,0.0013270480342672845,0.4839841591456667,0.16632939301888144,0.6619365794191026,0.003279782422526481,0.29363157296689313,0.6658079556774164,0.8898216328720562,0.832458967796947,0.5605854505397875,0.770802913112906,0.04763435999315513,0.8697569040818147,0.9983204388607468,0.24854892248808197,0.1875266640302867,0.7779380853859484,0.03380381147804166,0.0002447187934428306,0.6927434922334673,0.2406162018725977,0.013618322145212086,0.06298958828775206,1.0,0.04189025776415056,0.552821869738672,0.9433720930874008,0.41097010103807485,0.2790463268032964,0.958846451953373,0.3272613133020999,0.005135737092699832,0.02006243763303164,0.805806478305141,0.3025953912736651,1.0,0.9570373784782781,0.05659417035304802,0.09339870656149626,0.016414923667430404,0.6773897533401442,0.9369919005748487,0.9640541049906033,0.7453661025307791,0.0011250030789560325,0.428786810279911,0.11628296722063113,0.12425447079738128,0.22776447777289507,0.12101737638775699,0.1469171232746612,0.024397618301415815,0.00021448204085014295,0.26213785114793076,0.00046589673190370814,0.9979268763604099,0.3763534702712026,0.6347218845034146,0.050744779606424664,0.9059203703733224,0.5917622035382554,0.5165222498234106
sub-31151_ses-baseline_fs,lh_pSTS_L_2_1_thickness,4.183089720517789e-05,0.03797523592119263,0.005135737092699855,0.009441446675455028,5.90154296257207e-05,0.03106909549868664,0.264910534089628,0.0037350916077081866,0.3178833096880319,0.0689319245389139,0.0012962630992837448,8.998101298921478e-05,0.023553839514049452,3.5050324849270615e-06,1.3523163929713865e-07,3.5139016317567e-05,6.8425800261747815e-06,0.005582107768993384,2.4018883411737837e-07,4.646693911984367e-08,0.004157692889242454,6.181262200928485e-07,0.0014570696975798481,0.00010920672454085422,0.0042472571844913935,0.03213938123631744,0.011693204572813894,0.5296424447775882,0.29067890434422644,0.001921015713668781,2.6978108740341833e-05,2.94735940576964e-05,0.0006287915567783541,5.79256745948822e-09,0.4216217614892946,5.90154296257207e-05,0.27333771162400067,2.7399970695349736e-08,0.00023836807876875967,0.2705105066624968,0.011036080362374705,0.007585119760095789,0.0015621988720101196,0.0052441931647113195,3.986975382047627e-06,0.009628833410043468,0.04839663116487185,0.00015562844795859727,7.825998315650851e-05,0.005467343958537038,2.0122436791329174e-06,3.5431272315220903e-10,0.003351964949467976,0.00014350198988057243,3.543151561781757e-07,7.0608382458759125e-06,0.04189025776415056,1.0,0.35959431178734835,0.016720576726564424,0.0005983897118409909,0.0002088726509474874,0.019350910989769404,0.0003175909953093164,6.032761641778432e-08,7.339359232347039e-07,0.006448314919511728,0.00025790021202238937,0.04189025776415056,0.019003484223176843,5.662693874410587e-06,1.6226496652335198e-05,5.023254084835509e-07,0.0030716630697332032,0.015818307712589186,0.07984193954288364,0.004526566080492012,4.38330874591906e-09,0.000677104008005004,2.619197518940351e-05,3.0353183354665444e-05,0.00012525035703590047,2.8618306084739283e-05,4.4318885921094654e-05,1.0669646846603002e-06,2.863322609930961e-10,0.00017801102977900896,1.0120674762237256e-09,0.03554116015819338,0.0004658967319037119,0.002407632842808655,4.532174792193623e-06,0.012384828889421733,0.0018776984263916188,0.0011959009164665426
sub-31151_ses-baseline_fs,lh_pSTS_L_2_2_thickness,0.009257322436386762,0.5296424447775875,0.19198421642285882,0.2677014329217963,0.011693204572813873,0.4839841591456667,0.9802541561886391,0.16032058747853006,0.013112462014960715,0.6773897533401442,0.08579469904287024,0.01552721466519225,0.4251980174205382,0.0016361264069568453,0.00015148280010136394,0.008218412372801,0.0026321417776188527,0.20111951523302385,0.00023217253529961702,6.799515713658172e-05,0.17042449376335903,0.00046589673190370814,0.09209566570354454,0.017667709752437432,0.17249895925986403,0.4915148865495917,0.29958988682745746,0.9551920716583119,0.9900059422592276,0.1087100126028896,0.006855276991465505,0.007285201110285721,0.05486868975051281,1.3941069116500754e-05,0.9932986620529995,0.011693204572813873,0.9838614839378633,4.56149941771344e-05,0.029520932111548614,0.9826983553195634,0.29067890434422605,0.23800887054357472,0.09604839806824761,0.19424047703629604,0.0017937487663448515,0.2705105066624963,0.5878576001882718,0.02233561618912185,0.01414134966897071,0.19880810236835514,0.0010985859662438241,1.5956087194747702e-06,0.15065929756905821,0.021172489891646565,0.0003094775925853399,0.002691187576269582,0.552821869738672,0.35959431178734835,1.0,0.35959431178734785,0.053186985799956524,0.027087690616476517,0.3865889929560973,0.0355411601581933,8.276339133461728e-05,0.0005282776183501793,0.21781632751280738,0.031069095498686545,0.552821869738672,0.3831624930031302,0.0023020915754932585,0.0048224411812263605,0.0004001361251075046,0.14324411590101246,0.34972496783190593,0.715537556824545,0.17883055532529343,1.1252236372428754e-05,0.057473575165540025,0.006717125206924756,0.007433802291130374,0.019350910989769265,0.007139274131144042,0.009628833410043435,0.0006939617938717313,1.3502630008786953e-06,0.024397618301415815,3.619986596406008e-06,0.5143048817729025,0.045407520578295404,0.12425447079738094,0.0019652507322963845,0.3086587213650825,0.10724230933371476,0.08168611906221514
sub-31151_ses-baseline_fs,lh_SPL_L_4_1_thickness,0.2649105340896275,0.955192071658312,0.9280126458822486,0.9814958634283794,0.29958988682745746,0.974898295918202,0.4690334139731336,0.8898216328720556,6.994012218150126e-05,0.8607607761055023,0.7342659321290261,0.34646698985516255,0.9925362484882712,0.09875686330037994,0.021941886410773142,0.24854892248808214,0.13092551714414982,0.9369919005748487,0.029019805688776424,0.012865821584901228,0.9033108880921301,0.045407520578295404,0.7527030627076102,0.36960408035722536,0.9059203703733218,0.9719892618381479,0.9925362484882709,0.22275335970563906,0.43600123023135456,0.795488308995513,0.22524965812151895,0.23284966588151104,0.6191104064448554,0.004338570779838369,0.3025953912736652,0.29958988682745746,0.4579246168900525,0.009819531682508344,0.4727566673837795,0.4616171624920817,0.9900059422592276,0.9657160986097527,0.7636063979258736,0.9303072776107423,0.10435308753561727,0.9826983553195634,0.9233253713747013,0.41450761790366736,0.3304209675507929,0.9347971714722622,0.07755559756458662,0.00092916251430207,0.8756247615235457,0.40393508022354235,0.03495379349357329,0.1326347436859075,0.9433720930874008,0.016720576726564424,0.35959431178734785,1.0,0.611297002231013,0.4542427545508101,0.9986727052934236,0.5143048817729025,0.014682026931511548,0.04916905978894483,0.9513936536011705,0.4839841591456666,0.9433720930874008,0.9989836318401992,0.12101737638775661,0.18532531229593494,0.041215066483692935,0.8637849498888556,0.9998132426431755,0.8292002333249004,0.913566597362053,0.00373509160770817,0.6308217644671957,0.22275335970563848,0.23542002097934941,0.3865889929560965,0.2302978155229945,0.2705105066624963,0.05836422237580873,0.0008233643878369131,0.43238794672229675,0.0016742876851927185,0.962355027790113,0.5722575607612326,0.8292002333248998,0.11019322893288294,0.9947013820909866,0.7920126151188828,0.7214844145594559
sub-31151_ses-baseline_fs,lh_SPL_L_4_2_thickness,0.8159536270840859,0.43238794672229686,0.832458967796947,0.7268069600128628,0.8546377318733218,0.47648969914653355,0.08457667957173878,0.8785188222528114,5.573298081095301e-07,0.30561836201864767,0.9789733862203999,0.8980026284002947,0.5373480724326506,0.5104874255356795,0.20816440072871034,0.7954883089955138,0.5917622035382555,0.8192963127090246,0.2485489224880826,0.1469171232746612,0.8637849498888555,0.3272613133020998,0.9719892618381476,0.916053608594215,0.8607607761055023,0.46903341397313275,0.6850804747343633,0.024397618301415815,0.07422514613984371,0.9513936536011708,0.7636063979258744,0.7743783514477943,0.999916992423919,0.06996528162923457,0.039892189364120374,0.8546377318733218,0.08100521983949166,0.12262778718378693,0.9734628940375306,0.08218203780755685,0.69656371632536,0.7672121390006451,0.9673408066369943,0.8292002333249006,0.525798431520154,0.7230609185534976,0.3797506014827786,0.9454299792570177,0.8842255635809748,0.8226185482731799,0.44691195056038263,0.023141516351284346,0.8925773626028858,0.9391528016656957,0.2790463268032962,0.5956680175984803,0.41097010103807485,0.0005983897118409909,0.053186985799956524,0.611297002231013,1.0,0.9657160986097532,0.5800532835863154,0.9871132819783243,0.16032058747853056,0.3432251166145531,0.7954883089955138,0.9776537108081851,0.41097010103807485,0.5839545226090207,0.5683636908308479,0.7003759374756514,0.3086587213650825,0.9033108880921301,0.623015690736787,0.27618300139168733,0.8515395458111807,0.06298958828775206,0.9994813156794913,0.759986058836964,0.7779380853859492,0.9280126458822486,0.7708029131129069,0.8226185482731799,0.3797506014827787,0.021172489891646547,0.9551920716583119,0.035541160158193266,0.44691195056038263,0.9979268763604099,0.9303072776107428,0.5412091292588713,0.6735348951030736,0.9533107543865665,0.9831916721495062
sub-31151_ses-baseline_fs,lh_SPL_L_4_3_thickness,0.9325688755633158,0.2966019234432368,0.6850804747343633,0.5683636908308479,0.9570373784782781,0.33359728132961247,0.04540752057829555,0.7416783079638966,1.3041661944512374e-07,0.19651509732555983,0.895304465840182,0.9802541561886391,0.3865889929560973,0.6696741781691316,0.3209923872221545,0.9185092662538881,0.7490411436772229,0.6696741781691316,0.3729712480594214,0.23800887054357472,0.7230609185534976,0.4690334139731327,0.8813858651227013,0.9881175732178824,0.7193043288827281,0.3272613133020999,0.525798431520154,0.011470402970859973,0.03924431627556352,0.8452715702590174,0.895304465840182,0.9033108880921301,0.962355027790113,0.12425447079738128,0.019703871668935002,0.9570373784782781,0.0432686167843621,0.2034493569512436,0.9994813156794913,0.04397197404924076,0.5373480724326506,0.6112970022310139,0.8727040117767483,0.681238398444344,0.6850804747343633,0.5644728871313165,0.2539294673507807,0.9974920667352473,0.9734628940375306,0.6735348951030745,0.6034820064592482,0.046139901466394,0.759986058836964,0.995940721187631,0.41097010103807485,0.7527030627076102,0.2790463268032964,0.0002088726509474874,0.027087690616476517,0.4542427545508101,0.9657160986097532,1.0,0.4251980174205382,0.9947013820909866,0.256647283463737,0.487745110518799,0.6425146036571826,0.9986727052934236,0.2790463268032964,0.428786810279911,0.7268069600128628,0.8452715702590168,0.44691195056038263,0.7743783514477943,0.46532016975159096,0.17459142920636594,0.7079749255668156,0.1132065507992453,0.9570373784782781,0.8925773626028858,0.9059203703733224,0.9925362484882709,0.900671538755167,0.9369919005748487,0.5296424447775875,0.04257474300433795,0.99925317981651,0.06791101094827942,0.3086587213650825,0.9802541561886393,0.8125908517414795,0.7003759374756513,0.5143048817729025,0.8484173763967716,0.9044105260031247
sub-31151_ses-baseline_fs,lh_SPL_L_4_4_thickness,0.24324199981158404,0.9689280313642172,0.9084996823946978,0.9704775794258568,0.27618300139168733,0.9849851060850049,0.4990799258958746,0.8667837716733962,8.751141450687026e-05,0.8842255635809748,0.7041797945693158,0.32099238722215384,0.9974920667352474,0.088272621938321,0.019003484223176777,0.22776447777289507,0.11784504870301181,0.9185092662538881,0.02526742882159249,0.011036080362374618,0.8813858651227013,0.03989218936412036,0.7230609185534976,0.3432251166145525,0.8842255635809741,0.9826983553195636,0.9849851060850047,0.2432419998115847,0.4653201697515911,0.7672121390006443,0.20579764649084026,0.21295336019063538,0.5878576001882718,0.003655417202230431,0.3272613133020999,0.27618300139168733,0.48774511051879893,0.00838396075233722,0.44326343656545175,0.4915148865495925,0.9814958634283794,0.9513936536011705,0.7342659321290261,0.9110485238446259,0.09339870656149626,0.9719892618381475,0.9412796171485458,0.3865889929560965,0.30561836201864756,0.9160536085942145,0.06893192453891352,0.0007653780633337658,0.8515395458111807,0.3763534702712026,0.030545491733316714,0.11942315750763073,0.958846451953373,0.019350910989769404,0.3865889929560973,0.9986727052934236,0.5800532835863154,0.4251980174205382,1.0,0.4839841591456666,0.012623296420413058,0.0432686167843621,0.9347971714722622,0.4542427545508101,0.958846451953373,0.9999792474599868,0.1087100126028896,0.16836798736055503,0.036136897073157995,0.8389104425632683,0.9974920667352473,0.8546377318733218,0.8925773626028858,0.0031396561524773938,0.59957472507115,0.2034493569512436,0.21537558847194146,0.35959431178734697,0.21054963442387,0.24854892248808214,0.051548266560903194,0.0006771040080049956,0.40393508022354235,0.0013906554300331842,0.974898295918202,0.5412091292588705,0.802385605734924,0.09875686330037994,0.9881175732178824,0.7636063979258736,0.6911366983030752
sub-31151_ses-baseline_fs,lh_IPL_L_6_1_thickness,0.8925773626028858,0.34646698985516333,0.7453661025307791,0.6308217644671957,0.9233253713747008,0.3865889929560972,0.05836422237580891,0.7989460943661545,2.317906161057134e-07,0.23542002097934953,0.9347971714722627,0.9551920716583115,0.4432634365654526,0.6073895401053298,0.273337711624,0.8756247615235458,0.688915625335725,0.730542086850765,0.3209923872221545,0.198808102368355,0.7814817465657605,0.41097010103807485,0.9233253713747007,0.9673408066369943,0.7779380853859492,0.3797506014827786,0.5878576001882727,0.015527214665192303,0.05074477960642469,0.8925773626028864,0.8484173763967716,0.857711589677623,0.9849851060850049,0.10013336935518184,0.02616390520427186,0.9233253713747008,0.05572590835838276,0.16836798736055503,0.9974920667352473,0.05659417035304822,0.59957472507115,0.6735348951030745,0.916053608594215,0.7416783079638966,0.6230156907367871,0.6269195879996936,0.2995898868274581,0.9849851060850047,0.9454299792570177,0.734265932129027,0.5412091292588705,0.035541160158193266,0.8159536270840859,0.9814958634283794,0.35628875376869956,0.6927434922334673,0.3272613133020999,0.0003175909953093164,0.0355411601581933,0.5143048817729025,0.9871132819783243,0.9947013820909866,0.4839841591456666,1.0,0.21537558847194146,0.42878681027991106,0.7041797945693167,0.9986727052934236,0.3272613133020999,0.48774511051879893,0.6658079556774155,0.7920126151188829,0.3900299462770841,0.8292002333249004,0.5257984315201539,0.21054963442387,0.767212139000645,0.09080703499333308,0.9814958634283794,0.8452715702590168,0.8607607761055023,0.9748982959182017,0.8546377318733218,0.8980026284002947,0.46903341397313286,0.0326862368572067,0.9900059422592276,0.053186985799956475,0.3595943117873477,0.9953415146061657,0.8637849498888562,0.6386196106472283,0.5761541935946439,0.895304465840182,0.9421626541103647
sub-31151_ses-baseline_fs,lh_IPL_L_6_2_thickness,0.44326343656545264,0.005818188396018886,0.04189025776415045,0.02526742882159249,0.4004379279244766,0.007433802291130374,0.0001928614203704498,0.05318698579995671,3.1013199442504327e-12,0.002574284619658192,0.10579003069276427,0.3497249678319067,0.010211061792698406,0.7527030627076103,0.9900059422592276,0.4653201697515911,0.6735348951030745,0.03924431627556352,0.9704775794258568,0.9989836318401991,0.04916905978894483,0.916053608594215,0.09875686330038004,0.3272613133020999,0.04839663116487189,0.007139274131144042,0.020796673884428102,2.1269671492499594e-05,0.00015148280010136394,0.0833724917216311,0.4990799258958738,0.4877451105187991,0.15640334227449668,0.9256852520975296,4.972282984372905e-05,0.4004379279244766,0.000178011029779008,0.9908897866559562,0.24324199981158479,0.00018283714069834855,0.021941886410773142,0.03054549173331685,0.09471625252342215,0.04121506648369306,0.7379781284397146,0.02482923017486738,0.004247257184491401,0.2877439836385941,0.36625210949772385,0.03989218936412052,0.8125908517414795,0.7079749255668155,0.057473575165540025,0.296601923443237,0.9513936536011709,0.6696741781691317,0.005135737092699832,6.032761641778432e-08,8.276339133461728e-05,0.014682026931511548,0.16032058747853056,0.256647283463737,0.012623296420413058,0.21537558847194146,1.0,0.9033108880921302,0.034953793493573464,0.23542002097934953,0.005135737092699832,0.012865821584901273,0.6965637163253608,0.5644728871313165,0.9303072776107428,0.0611046161235484,0.015527214665192303,0.002056543919765595,0.046139901466394,0.9084996823946977,0.15065929756905821,0.5028746884661175,0.4839841591456667,0.3117163886651848,0.49151488654959175,0.43600123023135456,0.8727040117767483,0.6889156253357247,0.2733377116240001,0.7989460943661537,0.006317577794651241,0.18097729357719552,0.07206972671040404,0.7230609185534977,0.019703871668935002,0.08457667957173878,0.11082082690764415
sub-31151_ses-baseline_fs,lh_IPL_L_6_3_thickness,0.7117609675593424,0.02233561618912194,0.11784504870301211,0.0775555975645869,0.6658079556774164,0.027560027641677615,0.0011250030789560406,0.14324411590101285,7.468096232069373e-11,0.011036080362374686,0.2485489224880826,0.6073895401053306,0.03613689707315813,0.955192071658312,0.9533107543865665,0.734265932129027,0.9084996823946984,0.11169204601993854,0.9789733862204,0.8842255635809741,0.13436070727522703,0.9994813156794913,0.23542002097934953,0.5800532835863161,0.1326347436859079,0.02662234373376207,0.0659061135214493,0.00015562844795859727,0.000907042865017537,0.20579764649084084,0.7672121390006451,0.7563514907540579,0.33679014985459305,0.7003759374756514,0.0003344198474867983,0.6658079556774164,0.0010474677045314293,0.8421024756864343,0.4690334139731336,0.0010727446495122765,0.06893192453891375,0.0908070349933334,0.22776447777289568,0.11628296722063149,0.9474530291927439,0.07643233809242461,0.017031214275445985,0.5296424447775884,0.6269195879996936,0.1132065507992456,0.9814958634283797,0.4396264611256401,0.15255648051375248,0.5412091292588714,0.9908897866559562,0.9059203703733224,0.02006243763303164,7.339359232347039e-07,0.0005282776183501793,0.04916905978894483,0.3432251166145531,0.487745110518799,0.0432686167843621,0.42878681027991106,0.9033108880921302,1.0,0.10152484768176291,0.4579246168900526,0.02006243763303164,0.04397197404924076,0.9233253713747013,0.8259199745162494,0.9974920667352473,0.16032058747853056,0.051548266560903354,0.009076412203629152,0.1275569752340028,0.6735348951030736,0.3272613133020999,0.7708029131129069,0.7527030627076102,0.5605854505397883,0.759986058836964,0.7041797945693167,0.9974920667352474,0.42162176148929303,0.5104874255356795,0.5334924175568468,0.023972514218332613,0.3763534702712034,0.18314220038219542,0.9391528016656957,0.06298958828775206,0.20816440072871042,0.25779423193771983
sub-31151_ses-baseline_fs,lh_IPL_L_6_4_thickness,0.4216217614892939,0.8259199745162488,0.9974920667352474,0.9925362484882709,0.4653201697515911,0.8637849498888555,0.3025953912736651,0.98606908331815,1.6724626375403884e-05,0.6889156253357249,0.895304465840182,0.5219606524627282,0.9084996823946978,0.18532531229593538,0.0499517433517355,0.4004379279244766,0.23542002097934953,0.9989836318401992,0.06394978756391081,0.031069095498686545,0.9908897866559563,0.09471625252342211,0.9084996823946984,0.5489463147366713,0.9917332568700329,0.8577115896776231,0.9814958634283794,0.12262778718378693,0.27618300139168733,0.9369919005748487,0.3696040803572262,0.3797506014827786,0.8023856057349248,0.011693204572813915,0.17670194725490265,0.4653201697515911,0.29363157296689313,0.024397618301415815,0.6619365794191026,0.2966019234432368,0.9849851060850047,0.9986727052934236,0.916053608594215,0.9979268763604099,0.19424047703629646,0.9917332568700329,0.7743783514477943,0.59957472507115,0.5028746884661174,0.9986727052934236,0.15065929756905821,0.002875675570536486,0.9802541561886393,0.5878576001882727,0.07532222075012762,0.23800887054357525,0.805806478305141,0.006448314919511728,0.21781632751280738,0.9513936536011705,0.7954883089955138,0.6425146036571826,0.9347971714722622,0.7041797945693167,0.034953793493573464,0.10152484768176291,1.0,0.6735348951030745,0.805806478305141,0.9369919005748487,0.22027558333396416,0.3147912803048124,0.08702664749424122,0.974898295918202,0.9570373784782781,0.6502950246820465,0.9940204030825933,0.010211061792698388,0.8125908517414794,0.36625210949772385,0.38316249300313093,0.5683636908308479,0.3763534702712034,0.428786810279911,0.11784504870301217,0.0025742846196581876,0.6191104064448563,0.004924894288619989,0.8389104425632683,0.759986058836964,0.9570373784782781,0.20344935695124408,0.9776537108081848,0.9347971714722627,0.8858599316262571
sub-31151_ses-baseline_fs,lh_IPL_L_6_5_thickness,0.913566597362053,0.3209923872221545,0.715537556824545,0.59957472507115,0.9412796171485452,0.3595943117873477,0.051548266560903354,0.7708029131129069,1.7409697047810973e-07,0.21537558847194146,0.916053608594215,0.9689280313642169,0.41450761790366814,0.6386196106472283,0.2966019234432368,0.8980026284002947,0.7193043288827274,0.7003759374756513,0.34646698985516333,0.21781632751280738,0.7527030627076102,0.4396264611256401,0.9033108880921301,0.9789733862203999,0.7490411436772236,0.35299893027052515,0.5567016794497315,0.013363275931384574,0.044684910098960084,0.8697569040818155,0.8727040117767483,0.8813858651227013,0.974898295918202,0.11169204601993858,0.022735467469821243,0.9412796171485452,0.0491690597889448,0.18532531229593494,0.9998132426431755,0.0499517433517355,0.5683636908308479,0.6425146036571827,0.895304465840182,0.7117609675593424,0.654179765725631,0.5956680175984803,0.276183001391688,0.9925362484882709,0.9606190732803924,0.7041797945693167,0.5722575607612327,0.04054907495747976,0.7885193788677635,0.9900059422592276,0.3831624930031301,0.7230609185534976,0.3025953912736651,0.00025790021202238937,0.031069095498686545,0.4839841591456666,0.9776537108081851,0.9986727052934236,0.4542427545508101,0.9986727052934236,0.23542002097934953,0.4579246168900526,0.6735348951030745,1.0,0.3025953912736651,0.4579246168900525,0.69656371632536,0.8192963127090247,0.41805823265463965,0.8023856057349248,0.4952932413079511,0.19198421642285882,0.7379781284397146,0.10152484768176259,0.9704775794258568,0.8697569040818148,0.8842255635809748,0.9849851060850047,0.8785188222528114,0.9185092662538881,0.4990799258958738,0.037353843845940954,0.995940721187631,0.0601796429677483,0.33359728132961247,0.9890818330270071,0.838910442563269,0.6696741781691316,0.5450753051955509,0.8727040117767483,0.9243204604000625
sub-31151_ses-baseline_fs,lh_IPL_L_6_6_thickness,0.14324411590101246,0.99925317981651,0.767212139000645,0.8667837716733968,0.16632939301888144,0.9932986620529995,0.6735348951030745,0.7117609675593414,0.0002938307150559937,0.9789733862204,0.5296424447775875,0.198808102368355,0.9762952918687953,0.04468491009896005,0.008055798518739738,0.1326347436859075,0.06204123119543676,0.7814817465657605,0.011036080362374686,0.004431663622873918,0.730542086850765,0.018324949924722514,0.5489463147366713,0.21537558847194146,0.734265932129026,0.9947013820909866,0.8980026284002947,0.3797506014827786,0.6386196106472284,0.5956680175984793,0.11784504870301211,0.12262778718378693,0.41805823265463954,0.0013270480342672845,0.4839841591456667,0.16632939301888144,0.6619365794191026,0.003279782422526481,0.29363157296689313,0.6658079556774164,0.8898216328720562,0.832458967796947,0.5605854505397875,0.770802913112906,0.04763435999315513,0.8697569040818147,0.9983204388607468,0.24854892248808197,0.1875266640302867,0.7779380853859484,0.03380381147804166,0.0002447187934428306,0.6927434922334673,0.2406162018725977,0.013618322145212086,0.06298958828775206,1.0,0.04189025776415056,0.552821869738672,0.9433720930874008,0.41097010103807485,0.2790463268032964,0.958846451953373,0.3272613133020999,0.005135737092699832,0.02006243763303164,0.805806478305141,0.3025953912736651,1.0,0.9570373784782781,0.05659417035304802,0.09339870656149626,0.016414923667430404,0.6773897533401442,0.9369919005748487,0.9640541049906033,0.7453661025307791,0.0011250030789560325,0.428786810279911,0.11628296722063113,0.12425447079738128,0.22776447777289507,0.12101737638775699,0.1469171232746612,0.024397618301415815,0.00021448204085014295,0.26213785114793076,0.00046589673190370814,0.9979268763604099,0.3763534702712026,0.6347218845034146,0.050744779606424664,0.9059203703733224,0.5917622035382554,0.5165222498234106
sub-31151_ses-baseline_fs,lh_PCun_L_4_1_thickness,0.24588624672811357,0.9673408066369943,0.9110485238446264,0.9719892618381478,0.2790463268032964,0.9838614839378633,0.4952932413079512,0.8697569040818147,8.510606362063257e-05,0.8813858651227013,0.7079749255668156,0.3241184203032387,0.9970160640425427,0.0895327190196345,0.019350910989769335,0.2302978155229945,0.11942315750763073,0.92093328217616,0.025712293792713052,0.01125137961300092,0.8842255635809748,0.04054907495747976,0.7268069600128637,0.34646698985516317,0.8870375934267624,0.9814958634283795,0.98606908331815,0.2406162018725978,0.46161716249208096,0.770802913112906,0.20816440072871034,0.21537558847194135,0.5917622035382554,0.0037350916077081866,0.32411842030323884,0.2790463268032964,0.4839841591456666,0.008552488888782274,0.44691195056038263,0.487745110518799,0.9826983553195636,0.9533107543865665,0.7379781284397146,0.913566597362053,0.09471625252342211,0.9734628940375306,0.9391528016656957,0.39002994627708404,0.3086587213650825,0.9185092662538881,0.06996528162923432,0.0007842708241935182,0.8546377318733218,0.3797506014827786,0.031069095498686517,0.12101737638775699,0.9570373784782781,0.019003484223176843,0.3831624930031302,0.9989836318401992,0.5839545226090207,0.428786810279911,0.9999792474599868,0.48774511051879893,0.012865821584901273,0.04397197404924076,0.9369919005748487,0.4579246168900525,0.9570373784782781,1.0,0.11019322893288294,0.17042449376335903,0.03674109467350376,0.842102475686435,0.9979268763604099,0.8515395458111807,0.895304465840182,0.0032090211075862765,0.603482006459249,0.20579764649084026,0.21781632751280788,0.36291547464249313,0.21295336019063596,0.25123000443187155,0.052362302465415525,0.0006939617938717313,0.4074458626708327,0.0014235048262953391,0.9734628940375306,0.5450753051955509,0.8058064783051408,0.10013336935518174,0.9890818330270071,0.767212139000645,0.694960176179605
sub-31151_ses-baseline_fs,lh_PCun_L_4_2_thickness,0.913566597362053,0.06204123119543676,0.24854892248808214,0.17670194725490265,0.8813858651227013,0.07422514613984368,0.004526566080491991,0.29067890434422605,1.054892110940339e-09,0.03380381147804166,0.44691195056038263,0.8356958223055267,0.09339870656149626,0.9953415146061657,0.7779380853859491,0.9280126458822486,0.99925317981651,0.23800887054357472,0.8324589677969477,0.6696741781691316,0.27618300139168733,0.9110485238446264,0.4287868102799102,0.8125908517414786,0.2733377116240001,0.07206972671040385,0.1544711422702547,0.0007653780633337658,0.00373509160770817,0.3865889929560973,0.9474530291927434,0.9412796171485452,0.5605854505397875,0.4616171624920818,0.0015264023089925902,0.8813858651227013,0.004247257184491374,0.61520406697718,0.7079749255668156,0.004338570779838369,0.16032058747853006,0.20111951523302385,0.41805823265463954,0.24588624672811357,0.9974920667352474,0.17459142920636608,0.04916905978894483,0.7672121390006451,0.8515395458111807,0.2406162018725977,0.9789733862204,0.2432419998115847,0.30561836201864756,0.7779380853859484,0.8667837716733968,0.9989836318401992,0.05659417035304802,5.662693874410587e-06,0.0023020915754932585,0.12101737638775661,0.5683636908308479,0.7268069600128628,0.1087100126028896,0.6658079556774155,0.6965637163253608,0.9233253713747013,0.22027558333396416,0.69656371632536,0.05659417035304802,0.11019322893288294,1.0,0.9762952918687953,0.895304465840182,0.3178833096880326,0.12589750716545065,0.028526002022167672,0.2649105340896275,0.43600123023135456,0.5489463147366705,0.9494410002396817,0.9391528016656951,0.7954883089955138,0.9433720930874003,0.9084996823946978,0.947453029192744,0.23029781552299433,0.7490411436772227,0.3147912803048124,0.06590611352144901,0.6073895401053298,0.35299893027052504,0.9989836318401992,0.14877953257534726,0.39002994627708404,0.4594741975269718
sub-31151_ses-baseline_fs,lh_PCun_L_4_3_thickness,0.9789733862204,0.10152484768176259,0.34972496783190593,0.25938342239429596,0.9606190732803924,0.11942315750763073,0.009076412203629152,0.4004379279244766,4.211476509627834e-09,0.05836422237580873,0.576154193594644,0.9303072776107428,0.14691712327466128,0.9513936536011708,0.6502950246820473,0.98606908331815,0.9838614839378633,0.3367901498545922,0.7117609675593424,0.5373480724326505,0.3831624930031301,0.8092083480430168,0.5567016794497307,0.913566597362053,0.3797506014827786,0.11628296722063124,0.2302978155229945,0.0017132679317483108,0.007585119760095776,0.5104874255356795,0.9940204030825931,0.9917332568700329,0.6927434922334673,0.3432251166145531,0.00327978242252649,0.9606190732803924,0.008552488888782274,0.4839841591456666,0.8292002333249006,0.008724042548986122,0.23800887054357472,0.29067890434422605,0.545075305195551,0.34646698985516333,0.958846451953373,0.256647283463737,0.08218203780755685,0.8785188222528114,0.9412796171485452,0.3399994652655343,0.913566597362053,0.16430866205747763,0.41805823265463965,0.8870375934267624,0.7527030627076101,0.9849851060850049,0.09339870656149626,1.6226496652335198e-05,0.0048224411812263605,0.18532531229593494,0.7003759374756514,0.8452715702590168,0.16836798736055503,0.7920126151188829,0.5644728871313165,0.8259199745162494,0.3147912803048124,0.8192963127090247,0.09339870656149626,0.17042449376335903,0.9762952918687953,1.0,0.7885193788677635,0.43238794672229686,0.19198421642285882,0.04995174335173531,0.3696040803572255,0.3209923872221545,0.6812383984443431,0.9947013820909866,0.9908897866559562,0.900671538755167,0.9925362484882709,0.9762952918687953,0.8607607761055023,0.1544711422702547,0.8637849498888556,0.22027558333396416,0.10724230933371476,0.7379781284397146,0.47275666738378047,0.965716098609753,0.22275335970563848,0.5143048817729025,0.5894973658688658
sub-31151_ses-baseline_fs,lh_PCun_L_4_4_thickness,0.6696741781691317,0.018324949924722528,0.10152484768176259,0.06590611352144907,0.6230156907367871,0.022735467469821243,0.0008642631504929118,0.12425447079738128,4.5913530986158027e-11,0.00889866803830306,0.22027558333396416,0.5644728871313165,0.03002946578565127,0.9325688755633158,0.9719892618381478,0.6927434922334673,0.8785188222528114,0.09604839806824761,0.9908897866559563,0.9135665973620529,0.11628296722063124,0.99925317981651,0.20816440072870995,0.5373480724326506,0.1147368294200564,0.021941886410773142,0.05572590835838278,0.00011537595124811686,0.0006939617938717313,0.18097729357719552,0.7268069600128629,0.715537556824545,0.3025953912736652,0.7416783079638966,0.000251228279275286,0.6230156907367871,0.0008035965837488549,0.8756247615235457,0.42878681027991106,0.000823364387836919,0.05836422237580873,0.0775555975645869,0.201119515233024,0.10013336935518184,0.9233253713747008,0.06492192923055491,0.013877660059162392,0.4877451105187991,0.5839545226090208,0.09739523717506307,0.9657160986097532,0.4802322753744756,0.1326347436859075,0.4990799258958738,0.9979268763604099,0.8756247615235458,0.016414923667430404,5.023254084835509e-07,0.0004001361251075046,0.041215066483692935,0.3086587213650825,0.44691195056038263,0.036136897073157995,0.3900299462770841,0.9303072776107428,0.9974920667352473,0.08702664749424122,0.41805823265463965,0.016414923667430404,0.03674109467350376,0.895304465840182,0.7885193788677635,1.0,0.1396397504928352,0.0432686167843621,0.007285201110285721,0.11019322893288304,0.7155375568245449,0.2936315729668933,0.7305420868507652,0.7117609675593415,0.5181293795108959,0.7193043288827274,0.6619365794191027,0.9900059422592276,0.4616171624920807,0.46903341397313275,0.5761541935946439,0.019703871668935002,0.3399994652655343,0.16032058747853056,0.913566597362053,0.053186985799956475,0.18314220038219503,0.22882622438616426
sub-31151_ses-baseline_fs,lh_PoG_L_4_1_thickness,0.5528218697386719,0.7003759374756514,0.9881175732178824,0.9412796171485452,0.59957472507115,0.7453661025307791,0.20816440072871042,0.9983204388607468,5.6626938744105565e-06,0.552821869738672,0.9704775794258568,0.65806039978699,0.8023856057349249,0.273337711624,0.08457667957173874,0.5296424447775875,0.3367901498545922,0.9838614839378633,0.10579003069276427,0.05486868975051281,0.995940721187631,0.15065929756905816,0.9776537108081851,0.6850804747343633,0.9953415146061658,0.7379781284397146,0.916053608594215,0.07532222075012762,0.1875266640302867,0.9908897866559562,0.4952932413079511,0.5066772742416185,0.9084996823946978,0.02233561618912194,0.1132065507992453,0.59957472507115,0.20111951523302385,0.04397197404924059,0.7920126151188828,0.20344935695124408,0.9233253713747008,0.962355027790113,0.9814958634283794,0.9871132819783243,0.2848268740489897,0.9391528016656957,0.6425146036571827,0.734265932129026,0.6386196106472283,0.9849851060850049,0.22776447777289507,0.0060632467186324005,0.9996680110349342,0.7230609185534976,0.12262778718378693,0.3399994652655342,0.6773897533401442,0.0030716630697332032,0.14324411590101246,0.8637849498888556,0.9033108880921301,0.7743783514477943,0.8389104425632683,0.8292002333249004,0.0611046161235484,0.16032058747853056,0.974898295918202,0.8023856057349248,0.6773897533401442,0.842102475686435,0.3178833096880326,0.43238794672229686,0.1396397504928352,1.0,0.8727040117767483,0.5143048817729025,0.9932986620529995,0.019703871668934985,0.9160536085942149,0.4915148865495917,0.5104874255356795,0.7041797945693158,0.5028746884661174,0.5605854505397875,0.18314220038219503,0.005467343958537014,0.7527030627076102,0.010013591091108342,0.715537556824545,0.8756247615235457,0.9974920667352473,0.2966019234432368,0.9084996823946978,0.9900059422592276,0.9650225911260222
sub-31151_ses-baseline_fs,lh_PoG_L_4_2_thickness,0.273337711624,0.9494410002396817,0.9347971714722626,0.9849851060850049,0.3086587213650825,0.9704775794258568,0.4579246168900526,0.8980026284002947,6.425798386119783e-05,0.8515395458111807,0.7453661025307791,0.35628875376869973,0.9900059422592276,0.1029313900303658,0.023141516351284346,0.256647283463737,0.1361034815065385,0.9433720930874008,0.03054549173331685,0.013618322145212086,0.9110485238446264,0.04763435999315513,0.7636063979258744,0.3797506014827786,0.913566597362053,0.9673408066369943,0.9947013820909866,0.21537558847194146,0.4251980174205383,0.805806478305141,0.23284966588151168,0.2406162018725977,0.6308217644671957,0.004623308942791364,0.2936315729668933,0.3086587213650825,0.44691195056038263,0.010411994505360192,0.4839841591456666,0.45057179397759317,0.9925362484882712,0.9704775794258568,0.7743783514477943,0.9369919005748487,0.10871001260288993,0.98606908331815,0.916053608594215,0.42519801742053814,0.3399994652655342,0.9412796171485452,0.08100521983949166,0.0009985622276024227,0.8842255635809748,0.4145076179036681,0.03674109467350373,0.13786313882367388,0.9369919005748487,0.015818307712589186,0.34972496783190593,0.9998132426431755,0.623015690736787,0.46532016975159096,0.9974920667352473,0.5257984315201539,0.015527214665192303,0.051548266560903354,0.9570373784782781,0.4952932413079511,0.9369919005748487,0.9979268763604099,0.12589750716545065,0.19198421642285882,0.0432686167843621,0.8727040117767483,1.0,0.8192963127090246,0.92093328217616,0.0039836944817563955,0.6425146036571826,0.2302978155229945,0.2432419998115847,0.3969545768072896,0.23800887054357525,0.2790463268032964,0.0611046161235484,0.000885413045974552,0.4432634365654526,0.0017937487663448515,0.9570373784782781,0.5839545226090207,0.8389104425632682,0.11473682942005635,0.9964989274428286,0.8023856057349248,0.732703314764596
sub-31151_ses-baseline_fs,lh_PoG_L_4_3_thickness,0.08100521983949162,0.9533107543865665,0.6073895401053296,0.7230609185534976,0.09604839806824761,0.9280126458822486,0.8259199745162495,0.5489463147366704,0.000843583449289533,0.9979268763604099,0.3763534702712026,0.11784504870301181,0.8870375934267622,0.021941886410773142,0.003351964949467961,0.07422514613984368,0.03160036314245548,0.623015690736787,0.00472192342697223,0.0017530829402005144,0.5683636908308478,0.008218412372801,0.3934851947104096,0.1292329529318436,0.5722575607612326,0.9325688755633158,0.7636063979258735,0.5334924175568477,0.7954883089955139,0.4360012302313536,0.06492192923055488,0.06791101094827937,0.2819276359285219,0.0004777934862301681,0.6464065225570533,0.09604839806824761,0.8159536270840859,0.0012661397620864258,0.18532531229593494,0.8192963127090255,0.7527030627076101,0.6812383984443431,0.4039350802235423,0.611297002231013,0.02355383951404937,0.7268069600128628,0.9776537108081848,0.152556480513752,0.11019322893288294,0.6191104064448554,0.01611418912144323,7.82599831565081e-05,0.5296424447775875,0.1469171232746612,0.005939577083048083,0.03213938123631732,0.9640541049906033,0.07984193954288364,0.715537556824545,0.8292002333249004,0.27618300139168733,0.17459142920636594,0.8546377318733218,0.21054963442387,0.002056543919765595,0.009076412203629152,0.6502950246820465,0.19198421642285882,0.9640541049906033,0.8515395458111807,0.028526002022167672,0.04995174335173531,0.007285201110285721,0.5143048817729025,0.8192963127090246,1.0,0.5839545226090207,0.0004001361251075046,0.29067890434422594,0.06394978756391059,0.0689319245389137,0.13786313882367346,0.06690244068112564,0.08337249172163079,0.01125137961300092,6.799515713658172e-05,0.16230574417518445,0.00015562844795859645,0.9454299792570177,0.24854892248808197,0.47275666738377947,0.025267428821592466,0.7743783514477943,0.43238794672229675,0.36484884702075077
sub-31151_ses-baseline_fs,lh_PoG_L_4_4_thickness,0.4839841591456666,0.7672121390006451,0.99925317981651,0.9734628940375306,0.5296424447775875,0.8092083480430168,0.2539294673507807,0.9983204388607467,9.94641833219793e-06,0.6230156907367871,0.9369919005748487,0.5878576001882718,0.8607607761055023,0.22524965812151895,0.06492192923055488,0.46161716249208085,0.28192763592852205,0.9979268763604099,0.08218203780755685,0.04121506648369289,0.9996680110349342,0.11942315750763062,0.9474530291927439,0.61520406697718,0.9998132426431755,0.8023856057349249,0.955192071658312,0.09739523717506307,0.2302978155229945,0.9689280313642169,0.428786810279911,0.4396264611256401,0.857711589677623,0.01611418912144329,0.14324411590101246,0.5296424447775875,0.24588624672811357,0.032686236857206716,0.7268069600128628,0.2485489224880826,0.9606190732803924,0.9871132819783243,0.9533107543865665,0.9989836318401992,0.23542002097934941,0.9719892618381479,0.7117609675593424,0.6658079556774154,0.5683636908308479,0.9983204388607468,0.18532531229593494,0.004157692889242428,0.995940721187631,0.6541797657256309,0.09604839806824761,0.2848268740489897,0.7453661025307791,0.004526566080492012,0.17883055532529343,0.913566597362053,0.8515395458111807,0.7079749255668156,0.8925773626028858,0.767212139000645,0.046139901466394,0.1275569752340028,0.9940204030825933,0.7379781284397146,0.7453661025307791,0.895304465840182,0.2649105340896275,0.3696040803572255,0.11019322893288304,0.9932986620529995,0.92093328217616,0.5839545226090207,1.0,0.014141349668970684,0.8667837716733968,0.4251980174205382,0.4432634365654526,0.6347218845034146,0.43600123023135456,0.4915148865495917,0.14691712327466128,0.003735091607708163,0.6850804747343633,0.006995979779807541,0.7814817465657605,0.8192963127090246,0.9826983553195634,0.24588624672811357,0.9494410002396817,0.9673408066369943,0.9293475402115213
sub-31151_ses-baseline_fs,lh_INS_L_6_1_thickness,0.2302978155229945,0.0012962630992837379,0.012623296420413058,0.006995979779807541,0.20111951523302385,0.0017132679317483108,2.861830608473908e-05,0.016720576726564365,1.160868833760057e-13,0.000515209370212067,0.037975235921192514,0.16836798736055544,0.002462051041862245,0.4915148865495917,0.8452715702590168,0.24588624672811357,0.4145076179036681,0.011693204572813852,0.7920126151188828,0.9256852520975296,0.015240845803546706,0.6927434922334673,0.03495379349357332,0.1544711422702547,0.01495913755143151,0.0016361264069568453,0.005582107768993359,2.532511858933146e-06,2.191443165347282e-05,0.0285260020221678,0.2705105066624963,0.26213785114793076,0.0611046161235484,0.9989836318401991,6.425294736415407e-06,0.20111951523302385,2.619197518940328e-05,0.9551920716583119,0.10579003069276417,2.6978108740341687e-05,0.005939577083048093,0.008724042548986122,0.033241017581338954,0.012384828889421688,0.47648969914653355,0.006855276991465505,0.000907042865017537,0.1309255171441501,0.17883055532529343,0.01191983913341416,0.5567016794497315,0.9256852520975296,0.018324949924722514,0.1361034815065385,0.7527030627076102,0.41097010103807485,0.0011250030789560325,4.38330874591906e-09,1.1252236372428754e-05,0.00373509160770817,0.06298958828775206,0.1132065507992453,0.0031396561524773938,0.09080703499333308,0.9084996823946977,0.6735348951030736,0.010211061792698388,0.10152484768176259,0.0011250030789560325,0.0032090211075862765,0.43600123023135456,0.3209923872221545,0.7155375568245449,0.019703871668934985,0.0039836944817563955,0.0004001361251075046,0.014141349668970684,1.0,0.058364222375808704,0.273337711624,0.25938342239429585,0.14507200603961018,0.2649105340896275,0.22524965812151895,0.6308217644671956,0.9135665973620529,0.12262778718378693,0.9734628940375306,0.0014235048262953391,0.07314101469725358,0.023972514218332592,0.46161716249208085,0.005244193164711297,0.029019805688776396,0.04016697821299671
sub-31151_ses-baseline_fs,lh_INS_L_6_2_thickness,0.7989460943661537,0.45057179397759317,0.8484173763967716,0.7453661025307791,0.8389104425632683,0.4952932413079511,0.0908070349933334,0.8925773626028864,6.621610557487264e-07,0.3209923872221545,0.9849851060850049,0.8842255635809743,0.5567016794497315,0.4915148865495917,0.19651509732555972,0.7779380853859484,0.5722575607612327,0.8356958223055267,0.23542002097934953,0.13786313882367346,0.8785188222528113,0.31171638866518403,0.9789733862203999,0.9033108880921301,0.8756247615235464,0.487745110518799,0.7041797945693167,0.02662234373376207,0.07984193954288343,0.9606190732803929,0.7453661025307791,0.756351490754057,0.9998132426431755,0.06492192923055491,0.0432686167843621,0.8389104425632683,0.08702664749424115,0.11473682942005604,0.9657160986097527,0.08827262193832124,0.715537556824545,0.7850089669458497,0.974898295918202,0.8452715702590174,0.5066772742416186,0.7416783079638966,0.3969545768072904,0.9347971714722622,0.8697569040818148,0.838910442563269,0.4287868102799103,0.021172489891646565,0.9059203703733224,0.9280126458822486,0.2649105340896275,0.576154193594644,0.428786810279911,0.000677104008005004,0.057473575165540025,0.6308217644671957,0.9994813156794913,0.9570373784782781,0.59957472507115,0.9814958634283794,0.15065929756905821,0.3272613133020999,0.8125908517414794,0.9704775794258568,0.428786810279911,0.603482006459249,0.5489463147366705,0.6812383984443431,0.2936315729668933,0.9160536085942149,0.6425146036571826,0.29067890434422594,0.8667837716733968,0.058364222375808704,1.0,0.7416783079638958,0.759986058836964,0.9160536085942145,0.7527030627076102,0.805806478305141,0.3629154746424933,0.019350910989769248,0.9454299792570177,0.032686236857206716,0.46532016975159096,0.9953415146061656,0.9412796171485458,0.5219606524627282,0.6927434922334672,0.962355027790113,0.9885274451459999
sub-31151_ses-baseline_fs,lh_INS_L_6_3_thickness,0.9947013820909866,0.12589750716545076,0.40393508022354235,0.30561836201864756,0.9838614839378633,0.1469171232746612,0.012384828889421688,0.4579246168900526,7.946102785060718e-09,0.07422514613984368,0.6386196106472283,0.962355027790113,0.17883055532529343,0.9160536085942149,0.5878576001882726,0.9979268763604099,0.9606190732803924,0.39002994627708404,0.6502950246820475,0.47648969914653355,0.4396264611256401,0.7527030627076101,0.6191104064448554,0.9494410002396817,0.43600123023135456,0.14324411590101246,0.2733377116240001,0.002462051041862245,0.010411994505360192,0.5722575607612335,0.9999792474599868,0.9996680110349342,0.7527030627076102,0.29363157296689396,0.004623308942791347,0.9838614839378633,0.011693204572813852,0.4251980174205382,0.8785188222528114,0.01191983913341416,0.28192763592852205,0.3399994652655343,0.6073895401053298,0.4004379279244766,0.9256852520975296,0.3025953912736652,0.1029313900303658,0.9209332821761601,0.9704775794258568,0.3934851947104097,0.8697569040818148,0.13436070727522695,0.4764896991465336,0.9280126458822486,0.6927434922334672,0.962355027790113,0.11628296722063113,2.619197518940351e-05,0.006717125206924756,0.22275335970563848,0.759986058836964,0.8925773626028858,0.2034493569512436,0.8452715702590168,0.5028746884661175,0.7708029131129069,0.36625210949772385,0.8697569040818148,0.11628296722063113,0.20579764649084026,0.9494410002396817,0.9947013820909866,0.7305420868507652,0.4915148865495917,0.2302978155229945,0.06394978756391059,0.4251980174205382,0.273337711624,0.7416783079638958,1.0,0.9994813156794913,0.9391528016656957,0.9998132426431755,0.9932986620529995,0.8092083480430169,0.1258975071654506,0.9084996823946978,0.1831422003821949,0.1326347436859075,0.7954883089955138,0.5334924175568477,0.9347971714722626,0.2649105340896275,0.576154193594644,0.6519270939261628
sub-31151_ses-baseline_fs,lh_CG_L_5_1_thickness,0.9974920667352474,0.13436070727522703,0.421621761489294,0.3209923872221545,0.9890818330270071,0.1564033422744966,0.013618322145212159,0.47648969914653444,9.668748639142185e-09,0.07984193954288343,0.6580603997869909,0.9704775794258571,0.189746288425574,0.9033108880921301,0.5683636908308478,0.9994813156794913,0.9513936536011705,0.40744586267083277,0.6308217644671958,0.45792461689005165,0.4579246168900526,0.734265932129026,0.6386196106472283,0.958846451953373,0.454242754550811,0.15255648051375253,0.287743983638594,0.0027514437235929366,0.011470402970859973,0.5917622035382564,0.9996680110349342,0.9999792474599868,0.7708029131129069,0.2790463268032964,0.005135737092699832,0.9890818330270071,0.012865821584901273,0.407445862670832,0.8925773626028864,0.013112462014960774,0.2966019234432368,0.35628875376870034,0.6269195879996936,0.4180582326546403,0.913566597362053,0.31788330968803324,0.11019322893288339,0.9325688755633164,0.9776537108081851,0.41097010103807563,0.8546377318733211,0.12589750716545065,0.4952932413079511,0.9391528016656957,0.6735348951030736,0.9533107543865665,0.12425447079738128,3.0353183354665444e-05,0.007433802291130374,0.23542002097934941,0.7779380853859492,0.9059203703733224,0.21537558847194146,0.8607607761055023,0.4839841591456667,0.7527030627076102,0.38316249300313093,0.8842255635809748,0.12425447079738128,0.21781632751280788,0.9391528016656951,0.9908897866559562,0.7117609675593415,0.5104874255356795,0.2432419998115847,0.0689319245389137,0.4432634365654526,0.25938342239429585,0.759986058836964,0.9994813156794913,1.0,0.9494410002396821,0.999916992423919,0.9964989274428286,0.7920126151188829,0.11784504870301175,0.9209332821761601,0.17249895925986403,0.14143338657546514,0.8125908517414795,0.5528218697386729,0.9233253713747007,0.2790463268032964,0.5956680175984803,0.671296370187364
sub-31151_ses-baseline_fs,lh_CG_L_5_2_thickness,0.9689280313642172,0.24324199981158415,0.611297002231013,0.49529324130795044,0.9849851060850049,0.27618300139168733,0.033241017581338954,0.6696741781691316,6.497495160704835e-08,0.1564033422744962,0.8389104425632683,0.9970160640425427,0.3241184203032387,0.7416783079638966,0.38316249300313077,0.958846451953373,0.815953627084086,0.5956680175984793,0.4396264611256409,0.29067890434422594,0.6502950246820466,0.5412091292588712,0.8226185482731793,0.9994813156794913,0.6464065225570532,0.2705105066624963,0.4542427545508101,0.007896074490998332,0.0285260020221677,0.7814817465657605,0.9412796171485457,0.9474530291927439,0.9233253713747007,0.1583531385097018,0.013877660059162342,0.9849851060850049,0.03160036314245548,0.25123000443187155,0.9881175732178824,0.03213938123631732,0.4653201697515902,0.5373480724326506,0.8125908517414786,0.6073895401053298,0.7563514907540579,0.49151488654959175,0.20579764649084026,0.9986727052934236,0.9940204030825933,0.59957472507115,0.6773897533401442,0.06204123119543692,0.6889156253357249,0.9994813156794913,0.4802322753744756,0.8192963127090254,0.22776447777289507,0.00012525035703590047,0.019350910989769265,0.3865889929560965,0.9280126458822486,0.9925362484882709,0.35959431178734697,0.9748982959182017,0.3117163886651848,0.5605854505397883,0.5683636908308479,0.9849851060850047,0.22776447777289507,0.36291547464249313,0.7954883089955138,0.900671538755167,0.5181293795108959,0.7041797945693158,0.3969545768072896,0.13786313882367346,0.6347218845034146,0.14507200603961018,0.9160536085942145,0.9391528016656957,0.9494410002396821,1.0,0.9454299792570181,0.9719892618381478,0.6034820064592491,0.05747357516553997,0.9964989274428285,0.0895327190196345,0.2539294673507801,0.9494410002396817,0.7453661025307791,0.7708029131129068,0.4432634365654517,0.785008966945849,0.8497315865260737
sub-31151_ses-baseline_fs,lh_CG_L_5_3_thickness,0.9964989274428286,0.1309255171441501,0.41450761790366814,0.3147912803048124,0.9871132819783243,0.15255648051375248,0.013112462014960774,0.4690334139731336,8.940008056764065e-09,0.0775555975645869,0.6502950246820474,0.9673408066369946,0.18532531229593538,0.9084996823946978,0.5761541935946439,0.9989836318401992,0.9551920716583115,0.40043792792447647,0.6386196106472284,0.4653201697515902,0.45057179397759317,0.7416783079638957,0.6308217644671957,0.9551920716583119,0.4469119505603835,0.14877953257534762,0.28192763592852277,0.0026321417776188644,0.011036080362374686,0.5839545226090216,0.999916992423919,0.9999792474599868,0.7636063979258744,0.2848268740489899,0.004924894288619989,0.9871132819783243,0.012384828889421688,0.41450761790366736,0.8870375934267629,0.012623296420413113,0.29067890434422605,0.34972496783190654,0.6191104064448563,0.41097010103807563,0.9185092662538881,0.3117163886651848,0.10724230933371505,0.9280126458822491,0.974898295918202,0.4039350802235431,0.8607607761055016,0.1292329529318436,0.48774511051879893,0.9347971714722627,0.6812383984443431,0.9570373784782781,0.12101737638775699,2.8618306084739283e-05,0.007139274131144042,0.2302978155229945,0.7708029131129069,0.900671538755167,0.21054963442387,0.8546377318733218,0.49151488654959175,0.759986058836964,0.3763534702712034,0.8785188222528114,0.12101737638775699,0.21295336019063596,0.9433720930874003,0.9925362484882709,0.7193043288827274,0.5028746884661174,0.23800887054357525,0.06690244068112564,0.43600123023135456,0.2649105340896275,0.7527030627076102,0.9998132426431755,0.999916992423919,0.9454299792570181,1.0,0.9953415146061657,0.7989460943661538,0.12101737638775661,0.916053608594215,0.17670194725490265,0.13786313882367388,0.8058064783051417,0.5450753051955518,0.9280126458822486,0.273337711624,0.5878576001882727,0.6635631626669355
sub-31151_ses-baseline_fs,lh_CG_L_5_4_thickness,0.999916992423919,0.15835313850970142,0.46903341397313275,0.36291547464249313,0.9979268763604099,0.1831422003821949,0.01734690289139154,0.525798431520154,1.6025925178880236e-08,0.09604839806824761,0.7079749255668156,0.9871132819783243,0.22027558333396416,0.8667837716733968,0.5181293795108958,0.9986727052934236,0.9233253713747008,0.4542427545508101,0.5800532835863164,0.41097010103807485,0.5066772742416185,0.6850804747343632,0.6889156253357249,0.9789733862203999,0.5028746884661174,0.17883055532529343,0.3272613133020999,0.003655417202230431,0.014682026931511548,0.6425146036571826,0.9940204030825932,0.995940721187631,0.8159536270840859,0.24324199981158479,0.006717125206924756,0.9979268763604099,0.016414923667430404,0.36291547464249313,0.9256852520975296,0.016720576726564365,0.3367901498545922,0.4004379279244766,0.6773897533401442,0.4653201697515911,0.8785188222528114,0.35959431178734785,0.1309255171441501,0.958846451953373,0.9917332568700329,0.4579246168900526,0.8125908517414787,0.10579003069276417,0.545075305195551,0.9640541049906034,0.623015690736787,0.9256852520975296,0.1469171232746612,4.4318885921094654e-05,0.009628833410043435,0.2705105066624963,0.8226185482731799,0.9369919005748487,0.24854892248808214,0.8980026284002947,0.43600123023135456,0.7041797945693167,0.428786810279911,0.9185092662538881,0.1469171232746612,0.25123000443187155,0.9084996823946978,0.9762952918687953,0.6619365794191027,0.5605854505397875,0.2790463268032964,0.08337249172163079,0.4915148865495917,0.22524965812151895,0.805806478305141,0.9932986620529995,0.9964989274428286,0.9719892618381478,0.9953415146061657,1.0,0.7453661025307791,0.0987568633003799,0.9494410002396817,0.1469171232746612,0.16632939301888144,0.8546377318733218,0.6034820064592491,0.8898216328720562,0.3178833096880326,0.6464065225570532,0.7208833578356985
sub-31151_ses-baseline_fs,lh_CG_L_5_5_thickness,0.7527030627076103,0.027087690616476517,0.1361034815065385,0.09080703499333316,0.7079749255668157,0.033241017581338954,0.0014570696975798418,0.16430866205747763,1.2086429362141527e-10,0.01361832214521211,0.2790463268032964,0.6502950246820475,0.0432686167843621,0.9734628940375306,0.9303072776107427,0.7743783514477943,0.9347971714722627,0.1292329529318436,0.962355027790113,0.8515395458111806,0.15447114227025482,0.9947013820909866,0.2649105340896276,0.6230156907367871,0.15255648051375253,0.03213938123631732,0.07755559756458692,0.0002088726509474863,0.0011796114041485713,0.23284966588151182,0.8058064783051411,0.7954883089955139,0.3729712480594214,0.6580603997869909,0.000442929356937908,0.7079749255668157,0.001358507693533649,0.8058064783051408,0.5104874255356796,0.0013906554300331941,0.08100521983949173,0.10579003069276427,0.25664728346373716,0.13436070727522703,0.9673408066369943,0.08953271901963454,0.020796673884428102,0.5722575607612337,0.6696741781691317,0.1309255171441501,0.9925362484882712,0.4004379279244764,0.17459142920636608,0.5839545226090208,0.9789733862203999,0.9325688755633158,0.024397618301415815,1.0669646846603002e-06,0.0006939617938717313,0.05836422237580873,0.3797506014827787,0.5296424447775875,0.051548266560903194,0.46903341397313286,0.8727040117767483,0.9974920667352474,0.11784504870301217,0.4990799258958738,0.024397618301415815,0.052362302465415525,0.947453029192744,0.8607607761055023,0.9900059422592276,0.18314220038219503,0.0611046161235484,0.01125137961300092,0.14691712327466128,0.6308217644671956,0.3629154746424933,0.8092083480430169,0.7920126151188829,0.6034820064592491,0.7989460943661538,0.7453661025307791,1.0,0.38316249300312993,0.552821869738672,0.4915148865495916,0.029019805688776424,0.41450761790366825,0.20816440072871042,0.9606190732803925,0.07422514613984368,0.23542002097934953,0.2889744845195617
sub-31151_ses-baseline_fs,lh_MVOcC_L_5_1_thickness,0.10152484768176259,0.00025122827927528507,0.003279782422526481,0.0016742876851927157,0.0857946990428702,0.0003431444176868409,3.738555669601068e-06,0.004526566080491983,3.9835850612912555e-15,8.998101298921431e-05,0.011693204572813852,0.06893192453891367,0.0005152093702120662,0.27051050666249615,0.6034820064592482,0.11019322893288294,0.21537558847194135,0.0030050177327282353,0.5412091292588703,0.7155375568245449,0.00406984836189867,0.4396264611256401,0.010616440510966732,0.062041231195436704,0.0039836944817563955,0.0003259035755460136,0.0012962630992837379,2.6718714113370246e-07,2.7930771028407883e-06,0.00838396075233725,0.1242544707973809,0.11942315750763062,0.02042668085045475,0.8953044658401812,7.339359232346948e-07,0.0857946990428702,3.39358793137073e-06,0.767212139000645,0.03924431627556345,3.5050324849270365e-06,0.0013906554300331842,0.002151720751753943,0.010013591091108325,0.0032090211075862765,0.2593834223942956,0.0016361264069568453,0.00016871660157942138,0.050744779606424664,0.07422514613984368,0.0030716630697331894,0.32099238722215434,0.9994813156794913,0.0050293152709682066,0.053186985799956475,0.49907992589587363,0.21295336019063524,0.00021448204085014295,2.863322609930961e-10,1.3502630008786953e-06,0.0008233643878369131,0.021172489891646547,0.04257474300433795,0.0006771040080049956,0.0326862368572067,0.6889156253357247,0.42162176148929303,0.0025742846196581876,0.037353843845940954,0.00021448204085014295,0.0006939617938717313,0.23029781552299433,0.1544711422702547,0.4616171624920807,0.005467343958537014,0.000885413045974552,6.799515713658172e-05,0.003735091607708163,0.9135665973620529,0.019350910989769248,0.1258975071654506,0.11784504870301175,0.05747357516553997,0.12101737638775661,0.0987568633003799,0.38316249300312993,1.0,0.04688214906611891,0.9814958634283794,0.0002789286158609905,0.025267428821592466,0.006855276991465505,0.24854892248808197,0.0012078264887627865,0.008552488888782274,0.012484494705349292
sub-31151_ses-baseline_fs,lh_MVOcC_L_5_2_thickness,0.9454299792570177,0.2790463268032964,0.6619365794191026,0.545075305195551,0.9673408066369943,0.3147912803048124,0.04121506648369306,0.7193043288827281,1.0482917219584848e-07,0.18314220038219503,0.8785188222528114,0.987113281978324,0.36625210949772385,0.6927434922334673,0.3399994652655342,0.9325688755633158,0.770802913112906,0.6464065225570532,0.3934851947104097,0.2539294673507801,0.7003759374756513,0.4915148865495916,0.8637849498888556,0.9932986620529995,0.6965637163253607,0.3086587213650825,0.5028746884661174,0.010211061792698388,0.0355411601581933,0.8259199745162494,0.9110485238446264,0.9185092662538881,0.9513936536011708,0.13436070727522703,0.017667709752437432,0.9673408066369943,0.03924431627556348,0.21781632751280738,0.9974920667352474,0.03989218936412052,0.5143048817729025,0.5878576001882727,0.8546377318733218,0.6580603997869909,0.7079749255668157,0.5412091292588714,0.23800887054357525,0.9994813156794913,0.9814958634283794,0.6502950246820474,0.6269195879996927,0.050744779606424664,0.7379781284397146,0.9986727052934236,0.43238794672229675,0.7743783514477943,0.26213785114793076,0.00017801102977900896,0.024397618301415815,0.43238794672229675,0.9551920716583119,0.99925317981651,0.40393508022354235,0.9900059422592276,0.2733377116240001,0.5104874255356795,0.6191104064448563,0.995940721187631,0.26213785114793076,0.4074458626708327,0.7490411436772227,0.8637849498888556,0.46903341397313275,0.7527030627076102,0.4432634365654526,0.16230574417518445,0.6850804747343633,0.12262778718378693,0.9454299792570177,0.9084996823946978,0.9209332821761601,0.9964989274428285,0.916053608594215,0.9494410002396817,0.552821869738672,0.04688214906611891,1.0,0.07422514613984368,0.29067890434422594,0.9719892618381478,0.7920126151188835,0.7230609185534976,0.4915148865495916,0.8292002333249006,0.8882103176906676
sub-31151_ses-baseline_fs,lh_MVOcC_L_5_3_thickness,0.15065929756905821,0.0005416548595220508,0.006189234422452308,0.003279782422526481,0.1292329529318436,0.0007288561741590095,9.643365457323524e-06,0.00838396075233725,1.8866609546302267e-14,0.00020340152203429047,0.02042668085045475,0.10579003069276417,0.0010727446495122689,0.36291547464249313,0.7193043288827274,0.16230574417518445,0.2966019234432368,0.005699044014626668,0.6580603997869899,0.8226185482731799,0.007585119760095762,0.552821869738672,0.01866152059390336,0.09604839806824761,0.007433802291130374,0.0006939617938717313,0.002574284619658192,7.594868594687268e-07,7.2857558568989964e-06,0.01495913755143151,0.18097729357719503,0.17459142920636608,0.03437470710338059,0.9623550277901125,2.012243679132903e-06,0.1292329529318436,8.786303194519694e-06,0.8667837716733968,0.06298958828775206,9.06355048038775e-06,0.0027514437235929244,0.004157692889242439,0.017667709752437432,0.0060632467186324005,0.34972496783190576,0.0032090211075862765,0.00037061540342861834,0.07984193954288343,0.1132065507992453,0.005818188396018886,0.4216217614892939,0.9871132819783243,0.009257322436386762,0.08337249172163079,0.61520406697718,0.29363157296689313,0.00046589673190370814,1.0120674762237256e-09,3.619986596406008e-06,0.0016742876851927185,0.035541160158193266,0.06791101094827942,0.0013906554300331842,0.053186985799956475,0.7989460943661537,0.5334924175568468,0.004924894288619989,0.0601796429677483,0.00046589673190370814,0.0014235048262953391,0.3147912803048124,0.22027558333396416,0.5761541935946439,0.010013591091108342,0.0017937487663448515,0.00015562844795859645,0.006995979779807541,0.9734628940375306,0.032686236857206716,0.1831422003821949,0.17249895925986403,0.0895327190196345,0.17670194725490265,0.1469171232746612,0.4915148865495916,0.9814958634283794,0.07422514613984368,1.0,0.0005983897118409883,0.04189025776415042,0.012384828889421688,0.3367901498545922,0.0024076328428086443,0.015240845803546734,0.021716298231019508
sub-31151_ses-baseline_fs,lh_MVOcC_L_5_4_thickness,0.16230574417518445,0.9996680110349342,0.8023856057349248,0.895304465840182,0.1875266640302867,0.9986727052934236,0.6347218845034155,0.7490411436772227,0.0002261286375074877,0.9640541049906034,0.5683636908308479,0.22275335970563848,0.9881175732178824,0.052362302465415476,0.009819531682508388,0.15065929756905821,0.07206972671040385,0.8159536270840859,0.013363275931384574,0.005467343958537014,0.7672121390006451,0.021941886410773142,0.5878576001882727,0.2406162018725977,0.770802913112906,0.99925317981651,0.9233253713747007,0.34646698985516333,0.5995747250711501,0.6347218845034146,0.13436070727522695,0.13963975049283514,0.4542427545508101,0.0016742876851927261,0.44691195056038263,0.1875266640302867,0.623015690736787,0.004069848361898677,0.3241184203032387,0.6269195879996936,0.9160536085942149,0.8637849498888555,0.59957472507115,0.805806478305141,0.05572590835838276,0.8980026284002947,0.9925362484882712,0.27618300139168733,0.21054963442387,0.8125908517414786,0.03989218936412036,0.0003175909953093147,0.730542086850765,0.2677014329217963,0.016414923667430404,0.07314101469725358,0.9979268763604099,0.03554116015819338,0.5143048817729025,0.962355027790113,0.44691195056038263,0.3086587213650825,0.974898295918202,0.3595943117873477,0.006317577794651241,0.023972514218332613,0.8389104425632683,0.33359728132961247,0.9979268763604099,0.9734628940375306,0.06590611352144901,0.10724230933371476,0.019703871668935002,0.715537556824545,0.9570373784782781,0.9454299792570177,0.7814817465657605,0.0014235048262953391,0.46532016975159096,0.1326347436859075,0.14143338657546514,0.2539294673507801,0.13786313882367388,0.16632939301888144,0.029019805688776424,0.0002789286158609905,0.29067890434422594,0.0005983897118409883,1.0,0.41097010103807485,0.6735348951030736,0.05926621169837814,0.9303072776107428,0.6308217644671957,0.5550716599057048
sub-31151_ses-baseline_fs,lh_MVOcC_L_5_5_thickness,0.8484173763967716,0.3969545768072896,0.7989460943661537,0.6889156253357249,0.8842255635809748,0.4396264611256401,0.07314101469725358,0.8484173763967716,3.9360229664215034e-07,0.27618300139168733,0.9640541049906034,0.9233253713747008,0.49907992589587374,0.5489463147366713,0.23284966588151168,0.8292002333249006,0.6308217644671958,0.7850089669458489,0.276183001391688,0.16632939301888144,0.832458967796947,0.3595943117873477,0.9551920716583115,0.9391528016656956,0.8292002333249006,0.43238794672229686,0.6464065225570532,0.02042668085045475,0.06394978756391059,0.9303072776107428,0.7989460943661545,0.8092083480430168,0.9970160640425427,0.08100521983949195,0.03380381147804166,0.8842255635809748,0.06996528162923432,0.1396397504928352,0.98606908331815,0.07101118233829709,0.65806039978699,0.7305420868507652,0.9494410002396817,0.7954883089955138,0.5644728871313165,0.6850804747343633,0.34646698985516333,0.9640541049906034,0.9110485238446264,0.7885193788677635,0.4839841591456667,0.027560027641677615,0.8637849498888556,0.958846451953373,0.3086587213650825,0.6347218845034155,0.3763534702712026,0.0004658967319037119,0.045407520578295404,0.5722575607612326,0.9979268763604099,0.9802541561886393,0.5412091292588705,0.9953415146061657,0.18097729357719552,0.3763534702712034,0.759986058836964,0.9890818330270071,0.3763534702712026,0.5450753051955509,0.6073895401053298,0.7379781284397146,0.3399994652655343,0.8756247615235457,0.5839545226090207,0.24854892248808197,0.8192963127090246,0.07314101469725358,0.9953415146061656,0.7954883089955138,0.8125908517414795,0.9494410002396817,0.8058064783051417,0.8546377318733218,0.41450761790366825,0.025267428821592466,0.9719892618381478,0.04189025776415042,0.41097010103807485,1.0,0.9059203703733224,0.5800532835863161,0.6347218845034146,0.9325688755633158,0.9695834415634779
sub-31151_ses-baseline_fs,lh_LOcC_L_4_1_thickness,0.5956680175984803,0.65806039978699,0.9748982959182017,0.9160536085942145,0.6425146036571827,0.7041797945693158,0.18314220038219503,0.9917332568700329,3.9869753820475626e-06,0.5104874255356787,0.9849851060850049,0.7003759374756514,0.7636063979258736,0.3056183620186482,0.09875686330038021,0.5722575607612336,0.3729712480594214,0.9689280313642169,0.12262778718378738,0.06492192923055488,0.987113281978324,0.17249895925986444,0.9900059422592278,0.7268069600128637,0.98606908331815,0.69656371632536,0.8870375934267624,0.06394978756391059,0.1643086620574772,0.9979268763604099,0.5373480724326514,0.5489463147366713,0.9347971714722627,0.0270876906164766,0.09739523717506281,0.6425146036571827,0.17670194725490265,0.052362302465415476,0.8292002333249006,0.17883055532529343,0.8953044658401813,0.9412796171485452,0.9925362484882712,0.9734628940375306,0.31788330968803324,0.913566597362053,0.59957472507115,0.7743783514477943,0.681238398444344,0.9704775794258568,0.256647283463737,0.007585119760095803,0.9953415146061656,0.7636063979258744,0.14143338657546514,0.3763534702712034,0.6347218845034146,0.002407632842808655,0.12425447079738094,0.8292002333248998,0.9303072776107428,0.8125908517414795,0.802385605734924,0.8637849498888562,0.07206972671040404,0.18314220038219542,0.9570373784782781,0.838910442563269,0.6347218845034146,0.8058064783051408,0.35299893027052504,0.47275666738378047,0.16032058747853056,0.9974920667352473,0.8389104425632682,0.47275666738377947,0.9826983553195634,0.023972514218332592,0.9412796171485458,0.5334924175568477,0.5528218697386729,0.7453661025307791,0.5450753051955518,0.6034820064592491,0.20816440072871042,0.006855276991465505,0.7920126151188835,0.012384828889421688,0.6735348951030736,0.9059203703733224,1.0,0.33042096755079353,0.8785188222528106,0.9974920667352474,0.9809791141248848
sub-31151_ses-baseline_fs,lh_LOcC_L_4_2_thickness,0.895304465840182,0.05572590835838276,0.2302978155229945,0.16230574417518445,0.8607607761055023,0.06690244068112564,0.0038992025356902964,0.27051050666249704,7.885685922342653e-10,0.03002946578565127,0.4216217614892939,0.8125908517414794,0.08457667957173878,0.9986727052934236,0.8023856057349248,0.9110485238446264,0.9964989274428286,0.22027558333396416,0.8546377318733219,0.69656371632536,0.256647283463737,0.9280126458822486,0.4039350802235423,0.7885193788677635,0.2539294673507807,0.06492192923055491,0.14143338657546514,0.0006445267619694548,0.0032090211075862765,0.36291547464249396,0.9325688755633158,0.9256852520975296,0.5334924175568476,0.4877451105187991,0.0012962630992837379,0.8607607761055023,0.003655417202230431,0.6425146036571819,0.6812383984443439,0.0037350916077081866,0.1469171232746612,0.18532531229593538,0.3934851947104096,0.22776447777289557,0.9996680110349342,0.16032058747853056,0.04397197404924076,0.7416783079638966,0.8292002333249004,0.22275335970563898,0.987113281978324,0.26213785114793076,0.2848268740489897,0.7527030627076102,0.8870375934267624,0.995940721187631,0.050744779606424664,4.532174792193623e-06,0.0019652507322963845,0.11019322893288294,0.5412091292588713,0.7003759374756513,0.09875686330037994,0.6386196106472283,0.7230609185534977,0.9391528016656957,0.20344935695124408,0.6696741781691316,0.050744779606424664,0.10013336935518174,0.9989836318401992,0.965716098609753,0.913566597362053,0.2966019234432368,0.11473682942005635,0.025267428821592466,0.24588624672811357,0.46161716249208085,0.5219606524627282,0.9347971714722626,0.9233253713747007,0.7708029131129068,0.9280126458822486,0.8898216328720562,0.9606190732803925,0.24854892248808197,0.7230609185534976,0.3367901498545922,0.05926621169837814,0.5800532835863161,0.33042096755079353,1.0,0.1361034815065385,0.36625210949772385,0.4339040577234098
sub-31151_ses-baseline_fs,lh_LOcC_L_4_3_thickness,0.31171638866518403,0.9209332821761601,0.9606190732803924,0.995940721187631,0.34972496783190576,0.9474530291927439,0.41097010103807574,0.9303072776107423,4.431888592109442e-05,0.8092083480430169,0.7920126151188828,0.40043792792447575,0.974898295918202,0.12262778718378693,0.029019805688776372,0.29363157296689313,0.16032058747853006,0.9673408066369943,0.037975235921192514,0.017346902891391448,0.9412796171485452,0.058364222375808655,0.8092083480430168,0.42519801742053814,0.9433720930874003,0.9433720930874008,0.9998132426431755,0.18532531229593538,0.3797506014827787,0.8484173763967708,0.2677014329217963,0.27618300139168733,0.6812383984443431,0.0060632467186324005,0.256647283463737,0.34972496783190576,0.40043792792447647,0.013363275931384503,0.5334924175568468,0.40393508022354313,0.99925317981651,0.9871132819783239,0.8192963127090246,0.9623550277901125,0.1292329529318436,0.9964989274428285,0.881385865122702,0.4727566673837795,0.3831624930031301,0.9657160986097527,0.09739523717506281,0.001358507693533649,0.9185092662538881,0.46161716249208085,0.045407520578295404,0.16230574417518445,0.9059203703733224,0.012384828889421733,0.3086587213650825,0.9947013820909866,0.6735348951030736,0.5143048817729025,0.9881175732178824,0.5761541935946439,0.019703871668935002,0.06298958828775206,0.9776537108081848,0.5450753051955509,0.9059203703733224,0.9890818330270071,0.14877953257534726,0.22275335970563848,0.053186985799956475,0.9084996823946978,0.9964989274428286,0.7743783514477943,0.9494410002396817,0.005244193164711297,0.6927434922334672,0.2649105340896275,0.2790463268032964,0.4432634365654517,0.273337711624,0.3178833096880326,0.07422514613984368,0.0012078264887627865,0.4915148865495916,0.0024076328428086443,0.9303072776107428,0.6347218845034146,0.8785188222528106,0.1361034815065385,1.0,0.8452715702590167,0.779995390149352
sub-31151_ses-baseline_fs,lh_LOcC_L_4_4_thickness,0.6386196106472283,0.61520406697718,0.9570373784782781,0.8870375934267624,0.6850804747343633,0.6619365794191026,0.16032058747853056,0.9802541561886393,2.7930771028407883e-06,0.46903341397313275,0.9947013820909866,0.7416783079638958,0.7230609185534976,0.3399994652655342,0.11473682942005635,0.61520406697718,0.41097010103807496,0.9494410002396817,0.14143338657546523,0.07643233809242435,0.9734628940375306,0.19651509732555972,0.9974920667352474,0.7672121390006451,0.9719892618381478,0.654179765725631,0.8546377318733218,0.05402241526142267,0.14324411590101246,0.9999792474599868,0.5800532835863161,0.5917622035382554,0.9570373784782781,0.03268623685720686,0.08337249172163079,0.6850804747343633,0.1544711422702547,0.06204123119543676,0.8637849498888556,0.1564033422744966,0.8637849498888556,0.916053608594215,0.9986727052934236,0.9551920716583119,0.35299893027052504,0.8842255635809748,0.5567016794497315,0.8125908517414786,0.7230609185534976,0.9513936536011708,0.28774398363859344,0.009441446675454995,0.98606908331815,0.8023856057349248,0.16230574417518445,0.41450761790366814,0.5917622035382554,0.0018776984263916188,0.10724230933371476,0.7920126151188828,0.9533107543865665,0.8484173763967716,0.7636063979258736,0.895304465840182,0.08457667957173878,0.20816440072871042,0.9347971714722627,0.8727040117767483,0.5917622035382554,0.767212139000645,0.39002994627708404,0.5143048817729025,0.18314220038219503,0.9900059422592276,0.8023856057349248,0.43238794672229675,0.9673408066369943,0.029019805688776396,0.962355027790113,0.576154193594644,0.5956680175984803,0.785008966945849,0.5878576001882727,0.6464065225570532,0.23542002097934953,0.008552488888782274,0.8292002333249006,0.015240845803546734,0.6308217644671957,0.9325688755633158,0.9974920667352474,0.36625210949772385,0.8452715702590167,1.0,0.9922039287946905
sub-31151_ses-baseline_fs,lh_MeanThickness_thickness,0.7133483073892741,0.5395868455168926,0.9150128660190245,0.8278251257416752,0.757879718767296,0.5862181036811762,0.12520543503826437,0.9486103404153773,1.4719355183962657e-06,0.3989732297223179,0.9997572969294792,0.8106313792892255,0.6486622920024734,0.40540795867122054,0.14769722530824866,0.6905242372666696,0.4818069466641226,0.9048280451377714,0.1797299748817593,0.10071596132631662,0.9382493600664472,0.2443503375345996,0.9985297861804047,0.8338211321266872,0.9360742196262014,0.5784153862198385,0.7905475714257566,0.03961899031621971,0.11106063707682379,0.991383923766082,0.6558101522581756,0.6674324171028816,0.9854452130884057,0.04498722262886221,0.06258984170676905,0.757879718767296,0.12034583697991767,0.08268036193721866,0.9170888203614157,0.12194943726273536,0.8009432601511167,0.862517865253175,0.9972971596252989,0.9125127729702353,0.41955335253748344,0.8245359330685958,0.4824072496261844,0.8739339562052949,0.7934745643302228,0.9074200654143096,0.34783338591145774,0.013726717894640755,0.9580910684446853,0.8650475624080108,0.2044333905923303,0.4855626682264899,0.5165222498234106,0.0011959009164665426,0.08168611906221514,0.7214844145594559,0.9831916721495062,0.9044105260031247,0.6911366983030752,0.9421626541103647,0.11082082690764415,0.25779423193771983,0.8858599316262571,0.9243204604000625,0.5165222498234106,0.694960176179605,0.4594741975269718,0.5894973658688658,0.22882622438616426,0.9650225911260222,0.732703314764596,0.36484884702075077,0.9293475402115213,0.04016697821299671,0.9885274451459999,0.6519270939261628,0.671296370187364,0.8497315865260737,0.6635631626669355,0.7208833578356985,0.2889744845195617,0.012484494705349292,0.8882103176906676,0.021716298231019508,0.5550716599057048,0.9695834415634779,0.9809791141248848,0.4339040577234098,0.779995390149352,0.9922039287946905,1.0
sub-31152_ses-baseline_fs,lh_SFG_L_6_1_thickness,1.0,0.8984888358995194,0.8595916521442373,0.9456969470525777,0.9801007360088808,0.10046635734263702,0.12589416022674668,0.7987486840742833,0.020785849855039444,0.041112089179851666,0.9732111877585402,0.9082635179777834,0.08362326386227459,0.6168280710384092,0.41143060971780776,0.9891214296279693,0.08862165983899077,0.7186279203109999,0.6826473151793278,0.05357687209292492,0.18297356865713577,0.682555313850379,0.005452068926368227,0.3522321786633244,0.7039079468366071,0.0008574501588122754,1.0,0.37347802295102966,0.0007782372941551721,0.682555313850379,0.9801007360088808,0.7998488930622698,0.9372987635595179,0.16379739400908058,0.004534970437178334,0.7105656788114726,0.976741067459861,0.682555313850379,0.682555313850379,0.682555313850379,0.49704723251329236,0.682555313850379,0.9801007360088808,0.9372987635595179,0.7746640574879582,0.49704723251329236,0.682555313850379,0.9372987635595179,0.9881770032102996,0.9801007360088808,0.7099615901006785,0.7998488930622698,0.7039079468366071,0.16379739400908058,0.7746640574879582,0.7998488930622698,0.16379739400908058,0.21900211445587578,0.17528901198699,0.9520166218315709,0.7998488930622698,0.37347802295102966,0.7099615901006785,0.7099615901006785,0.1786755049259062,0.7746640574879582,0.6801005459992306,0.9801007360088808,0.7746640574879582,0.9801007360088808,0.7746640574879582,0.7746640574879582,0.37347802295102966,0.21900211445587578,0.21900211445587578,0.0008249062264325562,0.7746640574879582,0.06029827114325905,0.4064823403847521,0.9372987635595179,0.9520166218315709,0.7099615901006785,0.7746640574879582,0.7998488930622698,0.9372987635595179,0.40089166547381505,0.9378525670005894,0.7105656788114726,0.9896929738065575,0.7099615901006785,0.44647997719478594,0.17528901198699,0.37347802295102966,0.3044207698154747,0.2172409107508151
sub-31152_ses-baseline_fs,lh_SFG_L_6_2_thickness,0.8984888358995194,1.0,0.9961881664597627,0.727974771192329,0.9662119548929463,0.24339731995164274,0.290139354679644,0.9786620519208903,0.06769779459631534,0.11889256624849445,0.9739754266478435,0.9997118382644132,0.2106163005179438,0.873390868279939,0.6848848190490834,0.8299298906085241,0.2205145327424855,0.9405155158811254,0.40937500099232393,0.01571578332672976,0.07007322447309379,0.40929062066038646,0.02181877316929916,0.16220127342667628,0.42918167329732265,0.004384117377520806,0.8984888358995194,0.17528901198699007,0.004026712141074604,0.40929062066038646,0.9662119548929463,0.9790780642570237,0.7129796404458169,0.061036643097020185,0.01862974952219073,0.43551412026906783,0.9702572669168017,0.40929062066038646,0.40929062066038646,0.40929062066038646,0.7718131549424307,0.40929062066038646,0.9662119548929463,0.7129796404458169,0.9687690187714367,0.7718131549424307,0.40929062066038646,0.7129796404458169,0.9535401212712816,0.9662119548929463,0.43493690200535273,0.9790780642570237,0.42918167329732265,0.061036643097020185,0.9687690187714367,0.9790780642570237,0.061036643097020185,0.44072271157291054,0.06641553960683909,0.73984557115979,0.9790780642570237,0.17528901198699007,0.43493690200535273,0.43493690200535273,0.06802148881881127,0.9687690187714367,0.40704331135636085,0.9662119548929463,0.9687690187714367,0.9662119548929463,0.9687690187714367,0.9687690187714367,0.17528901198699007,0.44072271157291054,0.44072271157291054,0.004237834308591002,0.9687690187714367,0.018095926830855487,0.19630345424098394,0.7129796404458169,0.73984557115979,0.43493690200535273,0.9687690187714367,0.9790780642570237,0.7129796404458169,0.19268467897346325,0.7139441383526232,0.43551412026906783,0.8319318128499267,0.43493690200535273,0.22291038693691298,0.06641553960683909,0.17528901198699007,0.13398973647373358,0.4381153651354077
sub-31152_ses-baseline_fs,lh_SFG_L_6_3_thickness,0.8595916521442373,0.9961881664597627,1.0,0.6764134842143207,0.9407236368149202,0.28084410632279294,0.33163349857219127,0.9927901451389869,0.0826035013776043,0.14184952763290165,0.9509831777004024,0.9938136266790198,0.24480935357967895,0.9105414467752382,0.73617836087356,0.7838030777814221,0.25572799032607,0.9660515822934443,0.3628559482435068,0.01216988421214664,0.05706591778268817,0.3627762664336489,0.02767914615441951,0.13677341440037835,0.38160509687549543,0.005825096500039028,0.8595916521442373,0.1483416747851444,0.005362251694050786,0.3627762664336489,0.9407236368149202,0.9930336758973438,0.6609938166157602,0.04945057284537451,0.023750667989705,0.38761852855552087,0.9460214333059128,0.3627762664336489,0.3627762664336489,0.3627762664336489,0.8187890507779487,0.3627762664336489,0.9407236368149202,0.6609938166157602,0.9865590506676591,0.8187890507779487,0.3627762664336489,0.6609938166157602,0.9246394810835331,0.9407236368149202,0.38707000548812276,0.9930336758973438,0.38160509687549543,0.04945057284537451,0.9865590506676591,0.9930336758973438,0.04945057284537451,0.4910148904284153,0.05397794118780943,0.6886801004884092,0.9930336758973438,0.1483416747851444,0.38707000548812276,0.38707000548812276,0.055332845885000426,0.9865590506676591,0.36065469615691653,0.9407236368149202,0.9865590506676591,0.9407236368149202,0.9865590506676591,0.9865590506676591,0.1483416747851444,0.4910148904284153,0.4910148904284153,0.005635795003897529,0.9865590506676591,0.014073577591464497,0.1670236652138836,0.6609938166157602,0.6886801004884092,0.38707000548812276,0.9865590506676591,0.9930336758973438,0.6609938166157602,0.16379739400908058,0.6619831617487962,0.38761852855552087,0.7859656060422558,0.38707000548812276,0.19085709897411826,0.05397794118780943,0.1483416747851444,0.11202409791121647,0.48830743236395885
sub-31152_ses-baseline_fs,lh_SFG_L_6_4_thickness,0.9456969470525777,0.727974771192329,0.6764134842143207,1.0,0.8668123428956352,0.046414319171066684,0.06029827114325905,0.6037701718843373,0.007755060341947596,0.016713568853713164,0.8514099033132178,0.7418220986396344,0.037564252286074296,0.4200047848093342,0.24924790292218463,0.9828034793097097,0.04015982770907508,0.5179426285005244,0.8644935372087651,0.11372097383388485,0.3203425150360031,0.8644215778459163,0.0017529402161106484,0.5398002317571786,0.8808074239996598,0.0002309761315693258,0.9456969470525777,0.5645473162023691,0.0002078451015982719,0.8644215778459163,0.8668123428956352,0.6050174255155345,0.9996696811163714,0.29249151803487466,0.0014307811427235022,0.8857841829121121,0.8591051510121684,0.8644215778459163,0.8644215778459163,0.8644215778459163,0.31662727590263234,0.8644215778459163,0.8668123428956352,0.9996696811163714,0.5769770076553429,0.31662727590263234,0.8644215778459163,0.9996696811163714,0.8875727263694232,0.8668123428956352,0.8853352705367961,0.6050174255155345,0.8808074239996598,0.29249151803487466,0.5769770076553429,0.6050174255155345,0.29249151803487466,0.11568441835552988,0.3092703834202932,0.9997885833430581,0.6050174255155345,0.5645473162023691,0.8853352705367961,0.8853352705367961,0.3141640393862519,0.5769770076553429,0.8624973012994396,0.8668123428956352,0.5769770076553429,0.8668123428956352,0.5769770076553429,0.5769770076553429,0.5645473162023691,0.11568441835552988,0.11568441835552988,0.00022144741476615894,0.5769770076553429,0.12589416022674668,0.6018993383887772,0.9996696811163714,0.9997885833430581,0.8853352705367961,0.5769770076553429,0.6050174255155345,0.9996696811163714,0.595664058655481,0.9997106030245215,0.8857841829121121,0.9820714140832825,0.8853352705367961,0.6454369061812727,0.3092703834202932,0.5645473162023691,0.48200781416646127,0.11457680054672945
sub-31152_ses-baseline_fs,lh_SFG_L_6_5_thickness,0.9801007360088808,0.9662119548929463,0.9407236368149202,0.8668123428956352,1.0,0.15134349769268007,0.18558716077318407,0.895478502631507,0.03559584082850472,0.0668700526953821,0.9994706321339216,0.9720330689838642,0.12810923600436006,0.7362612980992891,0.5267657851771019,0.9411119198837549,0.1350549824420884,0.8290093945120636,0.5615379024361096,0.03232818582456165,0.12392945293445867,0.5614448613886819,0.010208449504965645,0.2584095227513214,0.5832016134958905,0.0017853191428805998,0.9801007360088808,0.2762649449396828,0.0016287607443379256,0.5614448613886819,1.0,0.8963423052232246,0.8546983504231342,0.1096339653351024,0.00858810052833626,0.5900542158464734,0.9998646881899689,0.5614448613886819,0.5614448613886819,0.5614448613886819,0.6174889196474497,0.5614448613886819,1.0,0.8546983504231342,0.8762100967133948,0.6174889196474497,0.5614448613886819,0.8546983504231342,0.998930162703404,1.0,0.5894310546503391,0.8963423052232246,0.5832016134958905,0.1096339653351024,0.8762100967133948,0.8963423052232246,0.1096339653351024,0.30442076981547483,0.11817521930392065,0.8762100967133953,0.8963423052232246,0.2762649449396828,0.5894310546503391,0.5894310546503391,0.12070688793493523,0.8762100967133948,0.5589645407294653,1.0,0.8762100967133948,1.0,0.8762100967133948,0.8762100967133948,0.2762649449396828,0.30442076981547483,0.30442076981547483,0.0017211030312855354,0.8762100967133948,0.03674568374718319,0.30442076981547533,0.8546983504231342,0.8762100967133953,0.5894310546503391,0.8762100967133948,0.8963423052232246,0.8546983504231342,0.2996155252555837,0.8554854803195509,0.5900542158464734,0.9424034013503644,0.5894310546503391,0.339228873662802,0.11817521930392065,0.2762649449396828,0.21900211445587564,0.3022529002560834
sub-31152_ses-baseline_fs,lh_SFG_L_6_6_thickness,0.10046635734263702,0.24339731995164274,0.28084410632279294,0.046414319171066684,0.15134349769268007,1.0,0.994189160939932,0.33774328098534545,0.8150499139534525,0.9294070816286881,0.16113820068631188,0.23370185216186384,0.9964821890563496,0.5098185194061304,0.7197176811088908,0.07237081728858,0.9983345174779612,0.4124544589556372,0.010535628594180299,3.0094313571637538e-05,0.0003535565763253033,0.010530726261534926,0.5552469793690795,0.0015990098717747698,0.011731178462422642,0.2717317178929651,0.10046635734263702,0.0018517354482712,0.26060086120550174,0.010530726261534926,0.15134349769268007,0.3367207823163597,0.04353571517179685,0.00027882590784943545,0.5213753755174306,0.012132777625982293,0.15623891305043314,0.010530726261534926,0.010530726261534926,0.010530726261534926,0.6299510454695665,0.010530726261534926,0.15134349769268007,0.04353571517179685,0.3601252932562184,0.6299510454695665,0.010530726261534926,0.04353571517179685,0.13818138747811295,0.15134349769268007,0.012095771392060334,0.3367207823163597,0.011731178462422642,0.00027882590784943545,0.3601252932562184,0.3367207823163597,0.00027882590784943545,0.9227474661820465,0.00032231916690191503,0.04883041498048086,0.3367207823163597,0.0018517354482712,0.012095771392060334,0.012095771392060334,0.0003358685969988897,0.3601252932562184,0.010400744260628855,0.15134349769268007,0.3601252932562184,0.15134349769268007,0.3601252932562184,0.3601252932562184,0.0018517354482712,0.9227474661820465,0.9227474661820465,0.26724462203362115,0.3601252932562184,3.764974811932148e-05,0.002300346358688993,0.04353571517179685,0.04883041498048086,0.012095771392060334,0.3601252932562184,0.3367207823163597,0.04353571517179685,0.0022192469588677636,0.0437153421019876,0.012132777625982293,0.07302977058038676,0.012095771392060334,0.002947599069213066,0.00032231916690191503,0.0018517354482712,0.0011208653247976271,0.9244512046410464
sub-31152_ses-baseline_fs,lh_MFG_L_7_1_thickness,0.12589416022674668,0.290139354679644,0.33163349857219127,0.06029827114325905,0.18558716077318407,0.994189160939932,1.0,0.3936763589078984,0.7562531385986531,0.88661279994245,0.19690504969641298,0.279304983655402,0.9817531292914836,0.5745261168843946,0.7810134413356317,0.09214744132762633,0.9863656302560005,0.4734194760726711,0.01450827761537942,4.8967203927409905e-05,0.0005405782921035848,0.014501768234030541,0.49101489042841506,0.002341907910146903,0.016092257025420286,0.22694526334537005,0.12589416022674668,0.002700034082707645,0.217045811007276,0.014501768234030541,0.18558716077318407,0.39257167155026707,0.05671576387592658,0.00042904695925160787,0.4582552772873738,0.016622841233670273,0.19125025586315975,0.014501768234030541,0.014501768234030541,0.014501768234030541,0.6947863904357866,0.014501768234030541,0.18558716077318407,0.05671576387592658,0.4177661543261989,0.6947863904357866,0.014501768234030541,0.05671576387592658,0.17029547886997098,0.18558716077318407,0.016573979539083152,0.39257167155026707,0.016092257025420286,0.00042904695925160787,0.4177661543261989,0.39257167155026707,0.00042904695925160787,0.9579733366719613,0.0004940495612677865,0.06329641451861664,0.39257167155026707,0.002700034082707645,0.016573979539083152,0.016573979539083152,0.0005142469156426664,0.4177661543261989,0.014329132228405416,0.18558716077318407,0.4177661543261989,0.18558716077318407,0.4177661543261989,0.4177661543261989,0.002700034082707645,0.9579733366719613,0.9579733366719613,0.22295010032133286,0.4177661543261989,6.093529305370917e-05,0.0033318925977016416,0.05671576387592658,0.06329641451861664,0.016573979539083152,0.4177661543261989,0.39257167155026707,0.05671576387592658,0.0032179958961460384,0.056939657373484456,0.016622841233670273,0.09294673418991335,0.016573979539083152,0.004236394141053756,0.0004940495612677865,0.002700034082707645,0.0016590213076521562,0.959262820188826
sub-31152_ses-baseline_fs,lh_MFG_L_7_2_thickness,0.7987486840742833,0.9786620519208903,0.9927901451389869,0.6037701718843373,0.895478502631507,0.33774328098534545,0.3936763589078984,1.0,0.10728348578146633,0.17862436683742972,0.9087954389090118,0.9735135179025397,0.29739628598061274,0.9523047749356909,0.8030288727852475,0.7154800020598295,0.30968219850426654,0.9898948681590055,0.30352844528418915,0.00845287351949843,0.0424819113230208,0.3034561612632471,0.03792689545225532,0.10681811676796892,0.3205910641667104,0.008506733895544887,0.7987486840742833,0.11642738767206648,0.007855066845149505,0.3034561612632471,0.895478502631507,0.9999978856121494,0.5881848404590319,0.036551882150658105,0.03276611577462208,0.3260863956792092,0.9023054547862167,0.3034561612632471,0.3034561612632471,0.3034561612632471,0.8771350569022929,0.3034561612632471,0.895478502631507,0.5881848404590319,0.9990231006599258,0.8771350569022929,0.3034561612632471,0.5881848404590319,0.8752824105327189,0.895478502631507,0.3255846727304186,0.9999978856121494,0.3205910641667104,0.036551882150658105,0.9990231006599258,0.9999978856121494,0.036551882150658105,0.5626855767172729,0.04007143426724233,0.6162420147898074,0.9999978856121494,0.11642738767206648,0.3255846727304186,0.3255846727304186,0.041128111261821934,0.9990231006599258,0.3015322786829084,0.895478502631507,0.9990231006599258,0.895478502631507,0.9990231006599258,0.9990231006599258,0.11642738767206648,0.5626855767172729,0.5626855767172729,0.008240472182376396,0.9990231006599258,0.009833337214265853,0.1320666329007196,0.5881848404590319,0.6162420147898074,0.3255846727304186,0.9990231006599258,0.9999978856121494,0.5881848404590319,0.12935549937364876,0.5891818000795881,0.3260863956792092,0.7177957682600921,0.3255846727304186,0.1522223244436315,0.04007143426724233,0.11642738767206648,0.08646720272980957,0.5598944841410062
sub-31152_ses-baseline_fs,lh_MFG_L_7_3_thickness,0.020785849855039444,0.06769779459631534,0.0826035013776043,0.007755060341947596,0.03559584082850472,0.8150499139534525,0.7562531385986531,0.10728348578146633,1.0,0.9675407731532701,0.038696585756372415,0.06401069744053162,0.8569815305662678,0.19778603528549357,0.3492044936192861,0.013621650477627756,0.8443006287805066,0.1435185431351026,0.0012465401964332624,1.3251306480609947e-06,2.2506165740997086e-05,0.0012458372780597248,0.905646504503521,0.00013132775008133893,0.00142016886178029,0.6218522796654309,0.020785849855039444,0.00015613761913236887,0.6062646919272007,0.0012458372780597248,0.03559584082850472,0.10681811676796915,0.0071554894682509616,1.70905008966095e-05,0.8817185941317591,0.0014794489263020296,0.037135903930859034,0.0012458372780597248,0.0012458372780597248,0.0012458372780597248,0.2776338796740789,0.0012458372780597248,0.03559584082850472,0.0071554894682509616,0.11767380050755603,0.2776338796740789,0.0012458372780597248,0.0071554894682509616,0.03155250749636804,0.03559584082850472,0.001473966890180911,0.10681811676796915,0.00142016886178029,1.70905008966095e-05,0.11767380050755603,0.10681811676796915,1.70905008966095e-05,0.5819562650461744,2.02163684877877e-05,0.008266758274490256,0.10681811676796915,0.00015613761913236887,0.001473966890180911,0.001473966890180911,2.120519285221257e-05,0.11767380050755603,0.0012272275339112737,0.03559584082850472,0.11767380050755603,0.03559584082850472,0.11767380050755603,0.11767380050755603,0.00015613761913236887,0.5819562650461744,0.5819562650461744,0.6156185306452376,0.11767380050755603,1.7109772529608431e-06,0.00020177006038622704,0.0071554894682509616,0.008266758274490256,0.001473966890180911,0.11767380050755603,0.10681811676796915,0.0071554894682509616,0.00019338078206464053,0.007192576260100716,0.0014794489263020296,0.013780522346031393,0.001473966890180911,0.0002707036041045496,2.02163684877877e-05,0.00015613761913236887,8.648256590896096e-05,0.5847585699252771
sub-31152_ses-baseline_fs,lh_MFG_L_7_4_thickness,0.041112089179851666,0.11889256624849445,0.14184952763290165,0.016713568853713164,0.0668700526953821,0.9294070816286881,0.88661279994245,0.17862436683742972,0.9675407731532701,1.0,0.07208988619548667,0.11311268877383744,0.956371850129302,0.3038948379369404,0.49044294299801916,0.027985507811891523,0.9485868162479663,0.23036403460438534,0.0030860166931617025,4.8795971392901255e-06,7.147089751120601e-05,0.0030843987069433688,0.7815496249964945,0.00037647167866918007,0.0034836471908165022,0.46838938434481586,0.041112089179851666,0.00044288887812205235,0.45364301007466146,0.0030843987069433688,0.0668700526953821,0.17794351810901238,0.015523556470925641,5.5103426485536554e-05,0.7499262212978033,0.003618530978272721,0.06946898843286486,0.0030843987069433688,0.0030843987069433688,0.0030843987069433688,0.40527741848365384,0.0030843987069433688,0.0668700526953821,0.015523556470925641,0.19371126524832613,0.40527741848365384,0.0030843987069433688,0.015523556470925641,0.05998303634246312,0.0668700526953821,0.003606075046601632,0.17794351810901238,0.0034836471908165022,5.5103426485536554e-05,0.19371126524832613,0.17794351810901238,5.5103426485536554e-05,0.7356154166459292,6.458206792526783e-05,0.01772249896764442,0.17794351810901238,0.00044288887812205235,0.003606075046601632,0.003606075046601632,6.75622154837502e-05,0.19371126524832613,0.0030415372496839176,0.0668700526953821,0.19371126524832613,0.0668700526953821,0.19371126524832613,0.19371126524832613,0.00044288887812205235,0.7356154166459292,0.7356154166459292,0.46247083580212955,0.19371126524832613,6.221043000544888e-06,0.0005633276497842221,0.015523556470925641,0.01772249896764442,0.003606075046601632,0.19371126524832613,0.17794351810901238,0.015523556470925641,0.0005413333739024618,0.015597421582972155,0.003618530978272721,0.028283131178105263,0.003606075046601632,0.0007419588681063751,6.458206792526783e-05,0.00044288887812205235,0.0002542156378536387,0.7382795757110597
sub-31152_ses-baseline_fs,lh_MFG_L_7_5_thickness,0.9732111877585402,0.9739754266478435,0.9509831777004024,0.8514099033132178,0.9994706321339216,0.16113820068631188,0.19690504969641298,0.9087954389090118,0.038696585756372415,0.07208988619548667,1.0,0.9790780642570237,0.13677341440037807,0.7548513252683533,0.5462479038226833,0.9300092804338111,0.14406595929293003,0.8452491112899699,0.5419581865438167,0.029670500983412614,0.11589455560353819,0.5418656700049133,0.01125966205336406,0.24480935357967934,0.5635232620217868,0.002003388615740436,0.9732111877585402,0.2620755693000936,0.0018292367724444,0.5418656700049133,0.9994706321339216,0.9096112137496586,0.8388092029529376,0.10232884161123622,0.009489906374971485,0.570354531763449,0.9998705429538309,0.5418656700049133,0.5418656700049133,0.5418656700049133,0.637201625788418,0.5418656700049133,0.9994706321339216,0.8388092029529376,0.8905208374144749,0.637201625788418,0.5418656700049133,0.8388092029529376,0.9968991894227436,0.9994706321339216,0.5697331118525899,0.9096112137496586,0.5635232620217868,0.10232884161123622,0.8905208374144749,0.9096112137496586,0.10232884161123622,0.31992022961882455,0.11043022526555026,0.8612168052204315,0.9096112137496586,0.2620755693000936,0.5697331118525899,0.5697331118525899,0.11283372092889572,0.8905208374144749,0.5393996466739883,0.9994706321339216,0.8905208374144749,0.9994706321339216,0.8905208374144749,0.8905208374144749,0.2620755693000936,0.31992022961882455,0.31992022961882455,0.0019319751023058336,0.8905208374144749,0.03377904716475257,0.2893656209602253,0.8388092029529376,0.8612168052204315,0.5697331118525899,0.8905208374144749,0.9096112137496586,0.8388092029529376,0.2847027419688446,0.8396266491723602,0.570354531763449,0.9314055034844333,0.5697331118525899,0.3232073442780662,0.11043022526555026,0.2620755693000936,0.20681750759837259,0.3176898151349943
sub-31152_ses-baseline_fs,lh_MFG_L_7_6_thickness,0.9082635179777834,0.9997118382644132,0.9938136266790198,0.7418220986396344,0.9720330689838642,0.23370185216186384,0.279304983655402,0.9735135179025397,0.06401069744053162,0.11311268877383744,0.9790780642570237,1.0,0.20181943730638677,0.8622994810025184,0.670533456818263,0.8419431646220893,0.21143727526227774,0.9323718257510646,0.4226020086534559,0.016836864198195255,0.07404031922620075,0.4225164664740052,0.02041109333673053,0.16975248402176335,0.4426676531127429,0.00404945813752153,0.9082635179777834,0.18326846427680768,0.0037170406038842603,0.4225164664740052,0.9720330689838642,0.9739754266478435,0.7269902494244347,0.0645837510135092,0.017404169905004412,0.4490771224700975,0.975717299409891,0.4225164664740052,0.4225164664740052,0.4225164664740052,0.7583723084961524,0.4225164664740052,0.9720330689838642,0.7269902494244347,0.9626501566958224,0.7583723084961524,0.4225164664740052,0.7269902494244347,0.9603511031657441,0.9720330689838642,0.44849299932088016,0.9739754266478435,0.4426676531127429,0.0645837510135092,0.9626501566958224,0.9739754266478435,0.0645837510135092,0.42726065048834605,0.07021454780116547,0.7535465761640059,0.9739754266478435,0.18326846427680768,0.44849299932088016,0.44849299932088016,0.07189460852168544,0.9626501566958224,0.4202380305617315,0.9720330689838642,0.9626501566958224,0.9720330689838642,0.9626501566958224,0.9626501566958224,0.18326846427680768,0.42726065048834605,0.42726065048834605,0.003913375352228544,0.9626501566958224,0.019363836662563208,0.20493575803247274,0.7269902494244347,0.7535465761640059,0.44849299932088016,0.9626501566958224,0.9739754266478435,0.7269902494244347,0.2012075126736997,0.7279449484025722,0.4490771224700975,0.8438938579804378,0.44849299932088016,0.23231150809572793,0.07021454780116547,0.18326846427680768,0.14055680787519356,0.4246857678064899
sub-31152_ses-baseline_fs,lh_MFG_L_7_7_thickness,0.08362326386227459,0.2106163005179438,0.24480935357967895,0.037564252286074296,0.12810923600436006,0.9964821890563496,0.9817531292914836,0.29739628598061274,0.8569815305662678,0.956371850129302,0.13677341440037807,0.20181943730638677,1.0,0.46085374294269593,0.6699786298099661,0.05949455835587718,0.9996564732596352,0.367554094222266,0.008149059487776101,2.0444710071889053e-05,0.0002520969666159943,0.008145162185231463,0.6060464198448505,0.001178926031098349,0.009101126363386197,0.3100748117038256,0.08362326386227459,0.0013699789186613772,0.2980157438839295,0.008145162185231463,0.12810923600436006,0.29644475293017886,0.035158573028642434,0.0001978273113476354,0.5717840769754361,0.009421631447588542,0.1324358904927471,0.008145162185231463,0.008145162185231463,0.008145162185231463,0.5790616339699872,0.008145162185231463,0.12810923600436006,0.035158573028642434,0.3182837336416555,0.5790616339699872,0.008145162185231463,0.035158573028642434,0.11651430544510502,0.12810923600436006,0.00939208373212171,0.29644475293017886,0.009101126363386197,0.0001978273113476354,0.3182837336416555,0.29644475293017886,0.0001978273113476354,0.8890618384212059,0.0002293777802438718,0.039587943809601706,0.29644475293017886,0.0013699789186613772,0.00939208373212171,0.00939208373212171,0.00023922661589867843,0.3182837336416555,0.00804184831611641,0.12810923600436006,0.3182837336416555,0.12810923600436006,0.3182837336416555,0.3182837336416555,0.0013699789186613772,0.8890618384212059,0.8890618384212059,0.3052179080916172,0.3182837336416555,2.5683725949575414e-05,0.001710714249745225,0.035158573028642434,0.039587943809601706,0.00939208373212171,0.3182837336416555,0.29644475293017886,0.035158573028642434,0.0016489784941742388,0.03530851233674834,0.009421631447588542,0.060056225569144216,0.00939208373212171,0.002205327450028227,0.0002293777802438718,0.0013699789186613772,0.0008196481420533266,0.8910494324849318
sub-31152_ses-baseline_fs,lh_IFG_L_6_1_thickness,0.6168280710384092,0.873390868279939,0.9105414467752382,0.4200047848093342,0.7362612980992891,0.5098185194061304,0.5745261168843946,0.9523047749356909,0.19778603528549357,0.3038948379369404,0.7548513252683533,0.8622994810025184,0.46085374294269593,1.0,0.9406762887099297,0.5275570103554942,0.4759755112114532,0.9856353732854679,0.17836542683526663,0.0030638639968291223,0.018438150577319446,0.17831435176111765,0.08036347263423074,0.052511555506891266,0.1905144416066153,0.021270144985957154,0.6168280710384092,0.05797613911682151,0.019799197814475276,0.17831435176111765,0.7362612980992891,0.9516907213301559,0.4058880867160745,0.015573843573925128,0.07066666519370392,0.1944665083644866,0.7456998557437248,0.17831435176111765,0.17831435176111765,0.17831435176111765,0.9803143509551724,0.17831435176111765,0.7362612980992891,0.4058880867160745,0.9646160337230467,0.9803143509551724,0.17831435176111765,0.4058880867160745,0.7093209980392083,0.7362612980992891,0.19410489317766458,0.9516907213301559,0.1905144416066153,0.015573843573925128,0.9646160337230467,0.9516907213301559,0.015573843573925128,0.7492883924637406,0.017266610822388617,0.43144553075672476,0.9516907213301559,0.05797613911682151,0.19410489317766458,0.19410489317766458,0.017778987377600863,0.9646160337230467,0.1769561789844367,0.7362612980992891,0.9646160337230467,0.7362612980992891,0.9646160337230467,0.9646160337230467,0.05797613911682151,0.7492883924637406,0.7492883924637406,0.020670726610883695,0.9646160337230467,0.003619653932577603,0.06704455295481251,0.4058880867160745,0.43144553075672476,0.19410489317766458,0.9646160337230467,0.9516907213301559,0.4058880867160745,0.0654574749166225,0.40678522203379147,0.1944665083644866,0.5299199490264523,0.19410489317766458,0.0790327478739397,0.017266610822388617,0.05797613911682151,0.04122863624739696,0.7466509637772001
sub-31152_ses-baseline_fs,lh_IFG_L_6_2_thickness,0.41143060971780776,0.6848848190490834,0.73617836087356,0.24924790292218463,0.5267657851771019,0.7197176811088908,0.7810134413356317,0.8030288727852475,0.3492044936192861,0.49044294299801916,0.5462479038226833,0.670533456818263,0.6699786298099661,0.9406762887099297,1.0,0.3341464396876457,0.6856474898601761,0.8736127444581292,0.08764400547204104,0.0008768682466463103,0.006455284794146992,0.08761418258330178,0.16579232809003994,0.021133369291022146,0.09479424252446961,0.052808477603925714,0.41143060971780776,0.02367063684243641,0.04960038388755325,0.08761418258330178,0.5267657851771019,0.8019341240969733,0.23871479350119557,0.005340895650762548,0.1486995563505014,0.09714417023749698,0.5365971513553687,0.08761418258330178,0.08761418258330178,0.08761418258330178,0.9887651120648445,0.08761418258330178,0.5267657851771019,0.23871479350119557,0.8260854591719,0.9887651120648445,0.08761418258330178,0.23871479350119557,0.4993450632103651,0.5267657851771019,0.09692866703196445,0.8019341240969733,0.09479424252446961,0.005340895650762548,0.8260854591719,0.8019341240969733,0.005340895650762548,0.9193678993533295,0.0059964101291064735,0.2578853350448649,0.8019341240969733,0.02367063684243641,0.09692866703196445,0.09692866703196445,0.006196592664730429,0.8260854591719,0.08682187629049655,0.5267657851771019,0.8260854591719,0.5267657851771019,0.8260854591719,0.8260854591719,0.02367063684243641,0.9193678993533295,0.9193678993533295,0.051505147909324554,0.8260854591719,0.0010539695468592535,0.027970120741703252,0.23871479350119557,0.2578853350448649,0.09692866703196445,0.8260854591719,0.8019341240969733,0.23871479350119557,0.027209990586114584,0.2393801132805995,0.09714417023749698,0.33610808734492104,0.09692866703196445,0.033810702550935635,0.0059964101291064735,0.02367063684243641,0.01603528542086856,0.9176154670544167
sub-31152_ses-baseline_fs,lh_IFG_L_6_3_thickness,0.9891214296279693,0.8299298906085241,0.7838030777814221,0.9828034793097097,0.9411119198837549,0.07237081728858,0.09214744132762633,0.7154800020598295,0.013621650477627756,0.027985507811891523,0.9300092804338111,0.8419431646220893,0.05949455835587718,0.5275570103554942,0.3341464396876457,1.0,0.06329564999960621,0.630284178619726,0.7683791104610168,0.07579389005590959,0.23769835772783152,0.7682930807532248,0.003345223841928364,0.4313937642577378,0.7881217505813498,0.00048647309212348496,0.9891214296279693,0.45464040340245654,0.0004398563000710333,0.7682930807532248,0.9411119198837549,0.7166834651791846,0.9777861986416692,0.21465572697441437,0.0027593434069676536,0.7942462283311287,0.9356065729589251,0.7682930807532248,0.7682930807532248,0.7682930807532248,0.4127564663416172,0.7682930807532248,0.9411119198837549,0.9777861986416692,0.6893832926494982,0.4127564663416172,0.7682930807532248,0.9777861986416692,0.9553827390083344,0.9411119198837549,0.7936916919243535,0.7166834651791846,0.7881217505813498,0.21465572697441437,0.6893832926494982,0.7166834651791846,0.21465572697441437,0.1673976024859166,0.22849597816803116,0.9863664704900671,0.7166834651791846,0.45464040340245654,0.7936916919243535,0.7936916919243535,0.2325564670036846,0.6893832926494982,0.7659957835613586,0.9411119198837549,0.6893832926494982,0.9411119198837549,0.6893832926494982,0.6893832926494982,0.45464040340245654,0.1673976024859166,0.1673976024859166,0.0004672981437242556,0.6893832926494982,0.08468207171486195,0.49032255831882676,0.9777861986416692,0.9863664704900671,0.7936916919243535,0.6893832926494982,0.7166834651791846,0.9777861986416692,0.48431473622005816,0.9781258936300359,0.7942462283311287,0.9999921648939324,0.7936916919243535,0.5328752315030802,0.22849597816803116,0.45464040340245654,0.3782627051332597,0.16593780140548253
sub-31152_ses-baseline_fs,lh_IFG_L_6_4_thickness,0.08862165983899077,0.2205145327424855,0.25572799032607,0.04015982770907508,0.1350549824420884,0.9983345174779612,0.9863656302560005,0.30968219850426654,0.8443006287805066,0.9485868162479663,0.14406595929293003,0.21143727526227774,0.9996564732596352,0.4759755112114532,0.6856474898601761,0.06329564999960621,1.0,0.3813110501914184,0.008836255712776684,2.3085381033671744e-05,0.0002803901226651043,0.008832065465161104,0.59015080893983,0.0012976145894339599,0.0098593433414729,0.29777978412731526,0.08862165983899077,0.0015062769213370273,0.28600609583195735,0.008832065465161104,0.1350549824420884,0.3087079969940913,0.03761325973596665,0.00022037098476112774,0.5559623277220416,0.010203524138616839,0.13955602012511778,0.008832065465161104,0.008832065465161104,0.008832065465161104,0.5949440058732289,0.008832065465161104,0.1350549824420884,0.03761325973596665,0.3310486362604639,0.5949440058732289,0.008832065465161104,0.03761325973596665,0.12298047698104428,0.1350549824420884,0.0101717984436067,0.3087079969940913,0.0098593433414729,0.00022037098476112774,0.3310486362604639,0.3087079969940913,0.00022037098476112774,0.9001268319692519,0.00025527589805338866,0.04230054131760516,0.3087079969940913,0.0015062769213370273,0.0101717984436067,0.0101717984436067,0.0002661649763094335,0.3310486362604639,0.008720979043603607,0.1350549824420884,0.3310486362604639,0.1350549824420884,0.3310486362604639,0.3310486362604639,0.0015062769213370273,0.9001268319692519,0.9001268319692519,0.293036472219936,0.3310486362604639,2.896358048639871e-05,0.001877872376345552,0.03761325973596665,0.04230054131760516,0.0101717984436067,0.3310486362604639,0.3087079969940913,0.03761325973596665,0.0018105922137396841,0.03777203848659057,0.010203524138616839,0.06388657214397923,0.0101717984436067,0.0024162588675953633,0.00025527589805338866,0.0015062769213370273,0.0009044793486084236,0.902029749792793
sub-31152_ses-baseline_fs,lh_IFG_L_6_5_thickness,0.7186279203109999,0.9405155158811254,0.9660515822934443,0.5179426285005244,0.8290093945120636,0.4124544589556372,0.4734194760726711,0.9898948681590055,0.1435185431351026,0.23036403460438534,0.8452491112899699,0.9323718257510646,0.367554094222266,0.9856353732854679,0.8736127444581292,0.630284178619726,0.3813110501914184,1.0,0.2411051279561674,0.005386996110442074,0.029391256979584852,0.2410424112621214,0.05406046691518429,0.07822050860826953,0.25596254315525296,0.01307589474700929,0.7186279203109999,0.08575838343916324,0.012118518357938726,0.2410424112621214,0.8290093945120636,0.9896026937550028,0.5027276341730477,0.02507635402628211,0.047082315838160124,0.2607700770109809,0.8372904856853307,0.2410424112621214,0.2410424112621214,0.2410424112621214,0.9340060383506629,0.2410424112621214,0.8290093945120636,0.5027276341730477,0.9951790988466086,0.9340060383506629,0.2410424112621214,0.5027276341730477,0.8049864317313751,0.8290093945120636,0.260330698575481,0.9896026937550028,0.25596254315525296,0.02507635402628211,0.9951790988466086,0.9896026937550028,0.02507635402628211,0.6489845446686523,0.0276322999793092,0.5301932137107945,0.9896026937550028,0.08575838343916324,0.260330698575481,0.260330698575481,0.028402550584295177,0.9951790988466086,0.2393738703134654,0.8290093945120636,0.9951790988466086,0.8290093945120636,0.9951790988466086,0.9951790988466086,0.08575838343916324,0.6489845446686523,0.6489845446686523,0.012685193453665896,0.9951790988466086,0.006310998559450732,0.09813707499418597,0.5027276341730477,0.5301932137107945,0.260330698575481,0.9951790988466086,0.9896026937550028,0.5027276341730477,0.09598170766402378,0.5036978334724315,0.2607700770109809,0.6326810470365426,0.260330698575481,0.11427914674044266,0.0276322999793092,0.08575838343916324,0.062442611317334314,0.6461913693039687
sub-31152_ses-baseline_fs,lh_IFG_L_6_6_thickness,0.6826473151793278,0.40937500099232393,0.3628559482435068,0.8644935372087651,0.5615379024361096,0.010535628594180299,0.01450827761537942,0.30352844528418915,0.0012465401964332624,0.0030860166931617025,0.5419581865438167,0.4226020086534559,0.008149059487776101,0.17836542683526663,0.08764400547204104,0.7683791104610168,0.008836255712776684,0.2411051279561674,1.0,0.3029023159889833,0.6251860741521448,0.9999999881065559,0.00022158757316401208,0.8496682711261562,0.9993582124505004,2.194029788822645e-05,0.6826473151793278,0.8691157549203702,1.947111395126046e-05,0.9999999881065559,0.5615379024361096,0.3044931870359788,0.8762795634185978,0.5893375835136451,0.00017542755009453096,0.9988893875838735,0.5516259496823792,0.9999999881065559,0.9999999881065559,0.9999999881065559,0.12074517578749826,0.9999999881065559,0.5615379024361096,0.8762795634185978,0.28322022445867917,0.12074517578749826,0.9999999881065559,0.8762795634185978,0.5895245265889495,0.5615379024361096,0.9989372792801435,0.3044931870359788,0.9993582124505004,0.5893375835136451,0.28322022445867917,0.3044931870359788,0.5893375835136451,0.03260349495073489,0.6111601347470084,0.8547722113478305,0.3044931870359788,0.8691157549203702,0.9989372792801435,0.9989372792801435,0.6173954048934784,0.28322022445867917,0.9999908962706254,0.5615379024361096,0.28322022445867917,0.5615379024361096,0.28322022445867917,0.28322022445867917,0.8691157549203702,0.03260349495073489,0.03260349495073489,2.0918775845869848e-05,0.28322022445867917,0.3265131966240777,0.8962776226067726,0.8762795634185978,0.8547722113478305,0.9989372792801435,0.28322022445867917,0.3044931870359788,0.8762795634185978,0.8919281041933432,0.8755377953652047,0.9988893875838735,0.7661682918629116,0.9989372792801435,0.9245453686141847,0.6111601347470084,0.8691157549203702,0.7997664421614761,0.03221080557052267
sub-31152_ses-baseline_fs,lh_OrG_L_6_1_thickness,0.05357687209292492,0.01571578332672976,0.01216988421214664,0.11372097383388485,0.03232818582456165,3.0094313571637538e-05,4.8967203927409905e-05,0.00845287351949843,1.3251306480609947e-06,4.8795971392901255e-06,0.029670500983412614,0.016836864198195255,2.0444710071889053e-05,0.0030638639968291223,0.0008768682466463103,0.07579389005590959,2.3085381033671744e-05,0.005386996110442074,0.3029023159889833,1.0,0.8469917458822268,0.3029745233348786,1.1837610899122697e-07,0.6218522796654309,0.2863994295735674,5.170533482006491e-09,0.05357687209292492,0.5969109739854362,4.409912298506233e-09,0.3029745233348786,0.03232818582456165,0.008506733895544858,0.11994307622085122,0.8748175485470402,8.587334103717131e-08,0.2813045407360281,0.03096025940441296,0.3029745233348786,0.3029745233348786,0.3029745233348786,0.0015239876224354258,0.3029745233348786,0.03232818582456165,0.11994307622085122,0.007366359415966629,0.0015239876224354258,0.3029745233348786,0.11994307622085122,0.036455307180113077,0.03232818582456165,0.2817654321347347,0.008506733895544858,0.2863994295735674,0.8748175485470402,0.007366359415966629,0.008506733895544858,0.8748175485470402,0.00017307947416964306,0.8581302529865473,0.10892467412158308,0.008506733895544858,0.5969109739854362,0.2817654321347347,0.2817654321347347,0.8532182094387917,0.007366359415966629,0.3049037398089689,0.03232818582456165,0.007366359415966629,0.03232818582456165,0.007366359415966629,0.007366359415966629,0.5969109739854362,0.00017307947416964306,0.00017307947416964306,4.8520763817084994e-09,0.007366359415966629,0.9987828526359489,0.5595844791241603,0.11994307622085122,0.10892467412158308,0.2817654321347347,0.007366359415966629,0.008506733895544858,0.11994307622085122,0.5657889060022187,0.1195372231335633,0.2813045407360281,0.07511484160317175,0.2817654321347347,0.5165472366522457,0.8581302529865473,0.5969109739854362,0.6807144885259487,0.00016977640527979517
sub-31152_ses-baseline_fs,lh_OrG_L_6_2_thickness,0.18297356865713577,0.07007322447309379,0.05706591778268817,0.3203425150360031,0.12392945293445867,0.0003535565763253033,0.0005405782921035848,0.0424819113230208,2.2506165740997086e-05,7.147089751120601e-05,0.11589455560353819,0.07404031922620075,0.0002520969666159943,0.018438150577319446,0.006455284794146992,0.23769835772783152,0.0002803901226651043,0.029391256979584852,0.6251860741521448,0.8469917458822268,1.0,0.625279529476172,2.5985859336437257e-06,0.9236960408438707,0.6034583617057827,1.5400713519622534e-07,0.18297356865713577,0.9079150148097084,1.333119419799096e-07,0.625279529476172,0.12392945293445867,0.04270196259439156,0.3329013675433606,0.9982538507402299,1.9475352869075554e-06,0.5965992371812003,0.11981613416214897,0.625279529476172,0.625279529476172,0.625279529476172,0.010288184028085238,0.625279529476172,0.12392945293445867,0.3329013675433606,0.037976802828187516,0.010288184028085238,0.625279529476172,0.3329013675433606,0.13607346822737618,0.12392945293445867,0.5972227158340677,0.04270196259439156,0.6034583617057827,0.9982538507402299,0.037976802828187516,0.04270196259439156,0.9982538507402299,0.0016138220836060355,0.9997324333071026,0.31048968162357105,0.04270196259439156,0.9079150148097084,0.5972227158340677,0.5972227158340677,0.9999174100480059,0.037976802828187516,0.62777132291225,0.12392945293445867,0.037976802828187516,0.12392945293445867,0.037976802828187516,0.037976802828187516,0.9079150148097084,0.0016138220836060355,0.0016138220836060355,1.4538063531329207e-07,0.037976802828187516,0.8703677610925504,0.8819459511615104,0.3329013675433606,0.31048968162357105,0.5972227158340677,0.037976802828187516,0.04270196259439156,0.3329013675433606,0.8864562211321896,0.33208962694924565,0.5965992371812003,0.2361068114328003,0.5972227158340677,0.8485447292061999,0.9997324333071026,0.9079150148097084,0.9557825770149708,0.0015872504963206596
sub-31152_ses-baseline_fs,lh_OrG_L_6_3_thickness,0.682555313850379,0.40929062066038646,0.3627762664336489,0.8644215778459163,0.5614448613886819,0.010530726261534926,0.014501768234030541,0.3034561612632471,0.0012458372780597248,0.0030843987069433688,0.5418656700049133,0.4225164664740052,0.008145162185231463,0.17831435176111765,0.08761418258330178,0.7682930807532248,0.008832065465161104,0.2410424112621214,0.9999999881065559,0.3029745233348786,0.625279529476172,1.0,0.00022144741476615894,0.8497430650916753,0.9993526776397597,2.1924629607507272e-05,0.682555313850379,0.8691867473774927,1.945713185755411e-05,1.0,0.5614448613886819,0.30442076981547483,0.8762100967133953,0.5894310546503391,0.00017531505971832056,0.9988821129463261,0.5515331515541959,1.0,1.0,1.0,0.12070688793493523,1.0,0.5614448613886819,0.8762100967133953,0.2831508459688398,0.12070688793493523,1.0,0.8762100967133953,0.5894310546503392,0.5614448613886819,0.998930162703404,0.30442076981547483,0.9993526776397597,0.5894310546503391,0.2831508459688398,0.30442076981547483,0.5894310546503391,0.032590339737544806,0.6112536743868652,0.8546983504231342,0.30442076981547483,0.8691867473774927,0.998930162703404,0.998930162703404,0.6174889196474497,0.2831508459688398,0.9999915424754213,0.5614448613886819,0.2831508459688398,0.5614448613886819,0.2831508459688398,0.2831508459688398,0.8691867473774927,0.032590339737544806,0.032590339737544806,2.090380391816114e-05,0.2831508459688398,0.3265885465104167,0.8963423052232251,0.8762100967133953,0.8546983504231342,0.998930162703404,0.2831508459688398,0.30442076981547483,0.8762100967133953,0.8919938874296464,0.8754681653335891,0.9988821129463261,0.7660820419677571,0.998930162703404,0.9246018422773802,0.6112536743868652,0.8691867473774927,0.7998488930622698,0.03219778582735763
sub-31152_ses-baseline_fs,lh_OrG_L_6_4_thickness,0.005452068926368227,0.02181877316929916,0.02767914615441951,0.0017529402161106484,0.010208449504965645,0.5552469793690795,0.49101489042841506,0.03792689545225532,0.905646504503521,0.7815496249964945,0.01125966205336406,0.02041109333673053,0.6060464198448505,0.08036347263423074,0.16579232809003994,0.003345223841928364,0.59015080893983,0.05406046691518429,0.00022158757316401208,1.1837610899122697e-07,2.5985859336437257e-06,0.00022144741476615894,1.0,1.8106270988567427e-05,0.00025651186272141645,0.8691867473774934,0.005452068926368227,2.192462960750708e-05,0.8571528365401675,0.00022144741476615894,0.010208449504965645,0.037727821232786056,0.0015990098717747554,1.922025183561333e-06,0.9984022702288816,0.00026856802182987315,0.010728411144425687,0.00022144741476615894,0.00022144741476615894,0.00022144741476615894,0.12327975875854574,0.00022144741476615894,0.010208449504965645,0.0015990098717747554,0.042427047882552436,0.12327975875854574,0.00022144741476615894,0.0015990098717747554,0.008864376259566861,0.010208449504965645,0.00026745039667891863,0.037727821232786056,0.00025651186272141645,1.922025183561333e-06,0.042427047882552436,0.037727821232786056,1.922025183561333e-06,0.3316334985721911,2.3102852356388446e-06,0.0018857897130236567,0.037727821232786056,2.192462960750708e-05,0.00026745039667891863,0.00026745039667891863,2.4344044563405394e-06,0.042427047882552436,0.00021774047364642908,0.010208449504965645,0.042427047882552436,0.010208449504965645,0.042427047882552436,0.042427047882552436,2.192462960750708e-05,0.3316334985721911,0.3316334985721911,0.8644215778459163,0.042427047882552436,1.5624000288603747e-07,2.9121231516952386e-05,0.0015990098717747554,0.0018857897130236567,0.00026745039667891863,0.042427047882552436,0.037727821232786056,0.0015990098717747554,2.7782944747170055e-05,0.0016084751710058588,0.00026856802182987315,0.003390209448984057,0.00026745039667891863,4.034070848390449e-05,2.3102852356388446e-06,2.192462960750708e-05,1.1416016887018489e-05,0.333917563235362
sub-31152_ses-baseline_fs,lh_OrG_L_6_5_thickness,0.3522321786633244,0.16220127342667628,0.13677341440037835,0.5398002317571786,0.2584095227513214,0.0015990098717747698,0.002341907910146903,0.10681811676796892,0.00013132775008133893,0.00037647167866918007,0.24480935357967934,0.16975248402176335,0.001178926031098349,0.052511555506891266,0.021133369291022146,0.4313937642577378,0.0012976145894339599,0.07822050860826953,0.8496682711261562,0.6218522796654309,0.9236960408438707,0.8497430650916753,1.8106270988567427e-05,1.0,0.8319318128499272,1.3251306480609947e-06,0.3522321786633244,0.9991546015164525,1.1588701368561541e-06,0.8497430650916753,0.2584095227513214,0.10728348578146604,0.5552469793690811,0.9006167035135066,1.3879140136715699e-05,0.8261904579918838,0.25147563595499894,0.8497430650916753,0.8497430650916753,0.8497430650916753,0.03172349088379243,0.8497430650916753,0.2584095227513214,0.5552469793690811,0.09718731601088164,0.03172349088379243,0.8497430650916753,0.5552469793690811,0.278548796841558,0.2584095227513214,0.8267151279127344,0.10728348578146604,0.8319318128499272,0.9006167035135066,0.09718731601088164,0.10728348578146604,0.9006167035135066,0.0062210151293947006,0.9149761831757358,0.5275018001684811,0.10728348578146604,0.9991546015164525,0.8267151279127344,0.8267151279127344,0.9189021805870227,0.09718731601088164,0.8517325276530299,0.2584095227513214,0.09718731601088164,0.2584095227513214,0.09718731601088164,0.09718731601088164,0.9991546015164525,0.0062210151293947006,0.0062210151293947006,1.256040267898855e-06,0.09718731601088164,0.6517045314432234,0.9947279709682624,0.5552469793690811,0.5275018001684811,0.8267151279127344,0.09718731601088164,0.10728348578146604,0.5552469793690811,0.995727513228036,0.5542562495883052,0.8261904579918838,0.4291816732973232,0.8267151279127344,0.9848573197567035,0.9149761831757358,0.9991546015164525,0.9952407685718934,0.006129876007415567
sub-31152_ses-baseline_fs,lh_OrG_L_6_6_thickness,0.7039079468366071,0.42918167329732265,0.38160509687549543,0.8808074239996598,0.5832016134958905,0.011731178462422642,0.016092257025420286,0.3205910641667104,0.00142016886178029,0.0034836471908165022,0.5635232620217868,0.4426676531127429,0.009101126363386197,0.1905144416066153,0.09479424252446961,0.7881217505813498,0.0098593433414729,0.25596254315525296,0.9993582124505004,0.2863994295735674,0.6034583617057827,0.9993526776397597,0.00025651186272141645,0.8319318128499272,1.0,2.588481079645032e-05,0.7039079468366071,0.8522283682222339,2.2992875830202636e-05,0.9993526776397597,0.5832016134958905,0.32158634069335285,0.8919938874296464,0.567651911518908,0.000203488512313982,0.9999360417453168,0.5732450888266653,0.9993526776397597,0.9993526776397597,0.9993526776397597,0.1298943352380593,0.9993526776397597,0.5832016134958905,0.8919938874296464,0.2996155252555831,0.1298943352380593,0.9993526776397597,0.8919938874296464,0.6112536743868653,0.5832016134958905,0.9999471416449036,0.32158634069335285,1.0,0.567651911518908,0.2996155252555831,0.32158634069335285,0.567651911518908,0.03578533003541197,0.5894310546503391,0.8715446207953425,0.32158634069335285,0.8522283682222339,0.9999471416449036,0.9999471416449036,0.595664058655481,0.2996155252555831,0.9991963262886725,0.5832016134958905,0.2996155252555831,0.5832016134958905,0.2996155252555831,0.2996155252555831,0.8522283682222339,0.03578533003541197,0.03578533003541197,2.4688729964439844e-05,0.2996155252555831,0.3092703834202932,0.8808074239996604,0.8919938874296464,0.8715446207953425,0.9999471416449036,0.2996155252555831,0.32158634069335285,0.8919938874296464,0.8762100967133953,0.8912913566074726,0.9999360417453168,0.7859656060422558,0.9999471416449036,0.9109301940697007,0.5894310546503391,0.8522283682222339,0.7803356182625808,0.03536017941705889
sub-31152_ses-baseline_fs,lh_PrG_L_6_1_thickness,0.0008574501588122754,0.004384117377520806,0.005825096500039028,0.0002309761315693258,0.0017853191428805998,0.2717317178929651,0.22694526334537005,0.008506733895544887,0.6218522796654309,0.46838938434481586,0.002003388615740436,0.00404945813752153,0.3100748117038256,0.021270144985957154,0.052808477603925714,0.00048647309212348496,0.29777978412731526,0.01307589474700929,2.194029788822645e-05,5.170533482006491e-09,1.5400713519622534e-07,2.1924629607507272e-05,0.8691867473774934,1.3251306480609947e-06,2.588481079645032e-05,1.0,0.0008574501588122754,1.6399103530210085e-06,0.9996696811163714,2.1924629607507272e-05,0.0017853191428805998,0.008452873519498461,0.00020784510159827375,1.1039940379546782e-07,0.8941772693995731,2.726420476031543e-05,0.0018926693504900212,2.1924629607507272e-05,2.1924629607507272e-05,2.1924629607507272e-05,0.03626280704612285,2.1924629607507272e-05,0.0017853191428805998,0.00020784510159827375,0.009741501216138879,0.03626280704612285,2.1924629607507272e-05,0.00020784510159827375,0.0015127383913349558,0.0017853191428805998,2.7135968522166388e-05,0.008452873519498461,2.588481079645032e-05,1.1039940379546782e-07,0.009741501216138879,0.008452873519498461,1.1039940379546782e-07,0.1312488369957674,1.3525369760141726e-07,0.00025120156509672744,0.008452873519498461,1.6399103530210085e-06,2.7135968522166388e-05,2.7135968522166388e-05,1.432982274801456e-07,0.009741501216138879,2.1510722511244568e-05,0.0017853191428805998,0.009741501216138879,0.0017853191428805998,0.009741501216138879,0.009741501216138879,1.6399103530210085e-06,0.1312488369957674,0.1312488369957674,0.9999471416449036,0.009741501216138879,7.005083626180901e-09,2.250530066124567e-06,0.00020784510159827375,0.00025120156509672744,2.7135968522166388e-05,0.009741501216138879,0.008452873519498461,0.00020784510159827375,2.135447100544695e-06,0.0002092576464848469,2.726420476031543e-05,0.0004940495612677905,2.7135968522166388e-05,3.2385211512807382e-06,1.3525369760141726e-07,1.6399103530210085e-06,7.933798304439002e-07,0.13247696703628306
sub-31152_ses-baseline_fs,lh_PrG_L_6_2_thickness,1.0,0.8984888358995194,0.8595916521442373,0.9456969470525777,0.9801007360088808,0.10046635734263702,0.12589416022674668,0.7987486840742833,0.020785849855039444,0.041112089179851666,0.9732111877585402,0.9082635179777834,0.08362326386227459,0.6168280710384092,0.41143060971780776,0.9891214296279693,0.08862165983899077,0.7186279203109999,0.6826473151793278,0.05357687209292492,0.18297356865713577,0.682555313850379,0.005452068926368227,0.3522321786633244,0.7039079468366071,0.0008574501588122754,1.0,0.37347802295102966,0.0007782372941551721,0.682555313850379,0.9801007360088808,0.7998488930622698,0.9372987635595179,0.16379739400908058,0.004534970437178334,0.7105656788114726,0.976741067459861,0.682555313850379,0.682555313850379,0.682555313850379,0.49704723251329236,0.682555313850379,0.9801007360088808,0.9372987635595179,0.7746640574879582,0.49704723251329236,0.682555313850379,0.9372987635595179,0.9881770032102996,0.9801007360088808,0.7099615901006785,0.7998488930622698,0.7039079468366071,0.16379739400908058,0.7746640574879582,0.7998488930622698,0.16379739400908058,0.21900211445587578,0.17528901198699,0.9520166218315709,0.7998488930622698,0.37347802295102966,0.7099615901006785,0.7099615901006785,0.1786755049259062,0.7746640574879582,0.6801005459992306,0.9801007360088808,0.7746640574879582,0.9801007360088808,0.7746640574879582,0.7746640574879582,0.37347802295102966,0.21900211445587578,0.21900211445587578,0.0008249062264325562,0.7746640574879582,0.06029827114325905,0.4064823403847521,0.9372987635595179,0.9520166218315709,0.7099615901006785,0.7746640574879582,0.7998488930622698,0.9372987635595179,0.40089166547381505,0.9378525670005894,0.7105656788114726,0.9896929738065575,0.7099615901006785,0.44647997719478594,0.17528901198699,0.37347802295102966,0.3044207698154747,0.2172409107508151
sub-31152_ses-baseline_fs,lh_PrG_L_6_3_thickness,0.37347802295102966,0.17528901198699007,0.1483416747851444,0.5645473162023691,0.2762649449396828,0.0018517354482712,0.002700034082707645,0.11642738767206648,0.00015613761913236887,0.00044288887812205235,0.2620755693000936,0.18326846427680768,0.0013699789186613772,0.05797613911682151,0.02367063684243641,0.45464040340245654,0.0015062769213370273,0.08575838343916324,0.8691157549203702,0.5969109739854362,0.9079150148097084,0.8691867473774927,2.192462960750708e-05,0.9991546015164525,0.8522283682222339,1.6399103530210085e-06,0.37347802295102966,1.0,1.4356722784152303e-06,0.8691867473774927,0.2762649449396828,0.11692473150559173,0.5800886272155389,0.8830801150339574,1.6845189648288276e-05,0.8467407253653393,0.2690339127773046,0.8691867473774927,0.8691867473774927,0.8691867473774927,0.03531320668945891,0.8691867473774927,0.2762649449396828,0.5800886272155389,0.10612300403883246,0.03531320668945891,0.8691867473774927,0.5800886272155389,0.29722963822892734,0.2762649449396828,0.847242616890197,0.11692473150559173,0.8522283682222339,0.8830801150339574,0.10612300403883246,0.11692473150559173,0.8830801150339574,0.007086414687461111,0.8984888358995194,0.5521518526591566,0.11692473150559173,1.0,0.847242616890197,0.847242616890197,0.9027257512556865,0.10612300403883246,0.8710743767523882,0.2762649449396828,0.10612300403883246,0.2762649449396828,0.10612300403883246,0.10612300403883246,1.0,0.007086414687461111,0.007086414687461111,1.555065281840202e-06,0.10612300403883246,0.6268369813611766,0.9980988583861022,0.5800886272155389,0.5521518526591566,0.847242616890197,0.10612300403883246,0.11692473150559173,0.5800886272155389,0.9986793789847219,0.5790927527360998,0.8467407253653393,0.4523827544166829,0.847242616890197,0.9911201014026337,0.8984888358995194,1.0,0.990412565505125,0.006983926168562502
sub-31152_ses-baseline_fs,lh_PrG_L_6_4_thickness,0.0007782372941551721,0.004026712141074604,0.005362251694050786,0.0002078451015982719,0.0016287607443379256,0.26060086120550174,0.217045811007276,0.007855066845149505,0.6062646919272007,0.45364301007466146,0.0018292367724444,0.0037170406038842603,0.2980157438839295,0.019799197814475276,0.04960038388755325,0.0004398563000710333,0.28600609583195735,0.012118518357938726,1.947111395126046e-05,4.409912298506233e-09,1.333119419799096e-07,1.945713185755411e-05,0.8571528365401675,1.1588701368561541e-06,2.2992875830202636e-05,0.9996696811163714,0.0007782372941551721,1.4356722784152303e-06,1.0,1.945713185755411e-05,0.0016287607443379256,0.0078049199212593835,0.00018690698212147562,9.541901642502003e-08,0.8830801150339573,2.422520136527536e-05,0.0017274275226739403,1.945713185755411e-05,1.945713185755411e-05,1.945713185755411e-05,0.033928501172532495,1.945713185755411e-05,0.0016287607443379256,0.00018690698212147562,0.009005472320010378,0.033928501172532495,1.945713185755411e-05,0.00018690698212147562,0.001378442754890318,0.0016287607443379256,2.4110621724655782e-05,0.0078049199212593835,2.2992875830202636e-05,9.541901642502003e-08,0.009005472320010378,0.0078049199212593835,9.541901642502003e-08,0.12458174787781474,1.1700895388349255e-07,0.00022616458407559564,0.0078049199212593835,1.4356722784152303e-06,2.4110621724655782e-05,2.4110621724655782e-05,1.2400110398215342e-07,0.009005472320010378,1.9087789694184212e-05,0.0016287607443379256,0.009005472320010378,0.0016287607443379256,0.009005472320010378,0.009005472320010378,1.4356722784152303e-06,0.12458174787781474,0.12458174787781474,0.9998810726300864,0.009005472320010378,5.982171821819057e-09,1.9733709343898997e-06,0.00018690698212147562,0.00022616458407559564,2.4110621724655782e-05,0.009005472320010378,0.0078049199212593835,0.00018690698212147562,1.8719659372784856e-06,0.00018818518633820209,2.422520136527536e-05,0.0004467522031157302,2.4110621724655782e-05,2.84493915405674e-06,1.1700895388349255e-07,1.4356722784152303e-06,6.920967108868721e-07,0.12576244880144102
sub-31152_ses-baseline_fs,lh_PrG_L_6_5_thickness,0.682555313850379,0.40929062066038646,0.3627762664336489,0.8644215778459163,0.5614448613886819,0.010530726261534926,0.014501768234030541,0.3034561612632471,0.0012458372780597248,0.0030843987069433688,0.5418656700049133,0.4225164664740052,0.008145162185231463,0.17831435176111765,0.08761418258330178,0.7682930807532248,0.008832065465161104,0.2410424112621214,0.9999999881065559,0.3029745233348786,0.625279529476172,1.0,0.00022144741476615894,0.8497430650916753,0.9993526776397597,2.1924629607507272e-05,0.682555313850379,0.8691867473774927,1.945713185755411e-05,1.0,0.5614448613886819,0.30442076981547483,0.8762100967133953,0.5894310546503391,0.00017531505971832056,0.9988821129463261,0.5515331515541959,1.0,1.0,1.0,0.12070688793493523,1.0,0.5614448613886819,0.8762100967133953,0.2831508459688398,0.12070688793493523,1.0,0.8762100967133953,0.5894310546503392,0.5614448613886819,0.998930162703404,0.30442076981547483,0.9993526776397597,0.5894310546503391,0.2831508459688398,0.30442076981547483,0.5894310546503391,0.032590339737544806,0.6112536743868652,0.8546983504231342,0.30442076981547483,0.8691867473774927,0.998930162703404,0.998930162703404,0.6174889196474497,0.2831508459688398,0.9999915424754213,0.5614448613886819,0.2831508459688398,0.5614448613886819,0.2831508459688398,0.2831508459688398,0.8691867473774927,0.032590339737544806,0.032590339737544806,2.090380391816114e-05,0.2831508459688398,0.3265885465104167,0.8963423052232251,0.8762100967133953,0.8546983504231342,0.998930162703404,0.2831508459688398,0.30442076981547483,0.8762100967133953,0.8919938874296464,0.8754681653335891,0.9988821129463261,0.7660820419677571,0.998930162703404,0.9246018422773802,0.6112536743868652,0.8691867473774927,0.7998488930622698,0.03219778582735763
sub-31152_ses-baseline_fs,lh_PrG_L_6_6_thickness,0.9801007360088808,0.9662119548929463,0.9407236368149202,0.8668123428956352,1.0,0.15134349769268007,0.18558716077318407,0.895478502631507,0.03559584082850472,0.0668700526953821,0.9994706321339216,0.9720330689838642,0.12810923600436006,0.7362612980992891,0.5267657851771019,0.9411119198837549,0.1350549824420884,0.8290093945120636,0.5615379024361096,0.03232818582456165,0.12392945293445867,0.5614448613886819,0.010208449504965645,0.2584095227513214,0.5832016134958905,0.0017853191428805998,0.9801007360088808,0.2762649449396828,0.0016287607443379256,0.5614448613886819,1.0,0.8963423052232246,0.8546983504231342,0.1096339653351024,0.00858810052833626,0.5900542158464734,0.9998646881899689,0.5614448613886819,0.5614448613886819,0.5614448613886819,0.6174889196474497,0.5614448613886819,1.0,0.8546983504231342,0.8762100967133948,0.6174889196474497,0.5614448613886819,0.8546983504231342,0.998930162703404,1.0,0.5894310546503391,0.8963423052232246,0.5832016134958905,0.1096339653351024,0.8762100967133948,0.8963423052232246,0.1096339653351024,0.30442076981547483,0.11817521930392065,0.8762100967133953,0.8963423052232246,0.2762649449396828,0.5894310546503391,0.5894310546503391,0.12070688793493523,0.8762100967133948,0.5589645407294653,1.0,0.8762100967133948,1.0,0.8762100967133948,0.8762100967133948,0.2762649449396828,0.30442076981547483,0.30442076981547483,0.0017211030312855354,0.8762100967133948,0.03674568374718319,0.30442076981547533,0.8546983504231342,0.8762100967133953,0.5894310546503391,0.8762100967133948,0.8963423052232246,0.8546983504231342,0.2996155252555837,0.8554854803195509,0.5900542158464734,0.9424034013503644,0.5894310546503391,0.339228873662802,0.11817521930392065,0.2762649449396828,0.21900211445587564,0.3022529002560834
sub-31152_ses-baseline_fs,lh_PCL_L_2_1_thickness,0.7998488930622698,0.9790780642570237,0.9930336758973438,0.6050174255155345,0.8963423052232246,0.3367207823163597,0.39257167155026707,0.9999978856121494,0.10681811676796915,0.17794351810901238,0.9096112137496586,0.9739754266478435,0.29644475293017886,0.9516907213301559,0.8019341240969733,0.7166834651791846,0.3087079969940913,0.9896026937550028,0.3044931870359788,0.008506733895544858,0.04270196259439156,0.30442076981547483,0.037727821232786056,0.10728348578146604,0.32158634069335285,0.008452873519498461,0.7998488930622698,0.11692473150559173,0.0078049199212593835,0.30442076981547483,0.8963423052232246,1.0,0.5894310546503384,0.036745683747183226,0.032590339737544716,0.32709112482039143,0.9031452886992307,0.30442076981547483,0.30442076981547483,0.30442076981547483,0.8762100967133953,0.30442076981547483,0.8963423052232246,0.5894310546503384,0.998930162703404,0.8762100967133953,0.30442076981547483,0.5894310546503384,0.8762100967133948,0.8963423052232246,0.3265885465104167,1.0,0.32158634069335285,0.036745683747183226,0.998930162703404,1.0,0.036745683747183226,0.561444861388682,0.040280915822553526,0.6174889196474497,1.0,0.11692473150559173,0.3265885465104167,0.3265885465104167,0.04134224266505805,0.998930162703404,0.30249333005540474,0.8963423052232246,0.998930162703404,0.8963423052232246,0.998930162703404,0.998930162703404,0.11692473150559173,0.561444861388682,0.561444861388682,0.008188124511342786,0.998930162703404,0.009894989386511843,0.13261395810175,0.5894310546503384,0.6174889196474497,0.3265885465104167,0.998930162703404,1.0,0.5894310546503384,0.1298943352380593,0.5904281291389651,0.32709112482039143,0.7189972736310137,0.3265885465104167,0.15283059170000057,0.040280915822553526,0.11692473150559173,0.08686135579216814,0.5586546076527331
sub-31152_ses-baseline_fs,lh_PCL_L_2_2_thickness,0.9372987635595179,0.7129796404458169,0.6609938166157602,0.9996696811163714,0.8546983504231342,0.04353571517179685,0.05671576387592658,0.5881848404590319,0.0071554894682509616,0.015523556470925641,0.8388092029529376,0.7269902494244347,0.035158573028642434,0.4058880867160745,0.23871479350119557,0.9777861986416692,0.03761325973596665,0.5027276341730477,0.8762795634185978,0.11994307622085122,0.3329013675433606,0.8762100967133953,0.0015990098717747554,0.5552469793690811,0.8919938874296464,0.00020784510159827375,0.9372987635595179,0.5800886272155389,0.00018690698212147562,0.8762100967133953,0.8546983504231342,0.5894310546503384,1.0,0.30442076981547533,0.0013032446135278913,0.896773096839314,0.8467407253653387,0.8762100967133953,0.8762100967133953,0.8762100967133953,0.30442076981547483,0.8762100967133953,0.8546983504231342,1.0,0.5614448613886812,0.30442076981547483,0.8762100967133953,1.0,0.8762100967133948,0.8546983504231342,0.8963423052232251,0.5894310546503384,0.8919938874296464,0.30442076981547533,0.5614448613886812,0.5894310546503384,0.30442076981547533,0.10963396533510217,0.3215863406933533,0.998930162703404,0.5894310546503384,0.5800886272155389,0.8963423052232251,0.8963423052232251,0.32658854651041735,0.5614448613886812,0.8743520090881965,0.8546983504231342,0.5614448613886812,0.8546983504231342,0.5614448613886812,0.5614448613886812,0.5800886272155389,0.10963396533510217,0.10963396533510217,0.0001992179750340459,0.5614448613886812,0.1326139581017499,0.6174889196474505,1.0,0.998930162703404,0.8963423052232251,0.5614448613886812,0.5894310546503384,1.0,0.611253674386866,0.9999986467912606,0.896773096839314,0.9769584551716581,0.8963423052232251,0.6609319722694122,0.3215863406933533,0.5800886272155389,0.4970472325132923,0.10857136380736798
sub-31152_ses-baseline_fs,lh_STG_L_6_1_thickness,0.16379739400908058,0.061036643097020185,0.04945057284537451,0.29249151803487466,0.1096339653351024,0.00027882590784943545,0.00042904695925160787,0.036551882150658105,1.70905008966095e-05,5.5103426485536554e-05,0.10232884161123622,0.0645837510135092,0.0001978273113476354,0.015573843573925128,0.005340895650762548,0.21465572697441437,0.00022037098476112774,0.02507635402628211,0.5893375835136451,0.8748175485470402,0.9982538507402299,0.5894310546503391,1.922025183561333e-06,0.9006167035135066,0.567651911518908,1.1039940379546782e-07,0.16379739400908058,0.8830801150339574,9.541901642502003e-08,0.5894310546503391,0.1096339653351024,0.036745683747183226,0.30442076981547533,1.0,1.4356722784152303e-06,0.5608246406606904,0.10589208255728047,0.5894310546503391,0.5894310546503391,0.5894310546503391,0.008588100528336313,0.5894310546503391,0.1096339653351024,0.30442076981547533,0.03259033973754477,0.008588100528336313,0.5894310546503391,0.30442076981547533,0.12070688793493523,0.1096339653351024,0.5614448613886819,0.036745683747183226,0.567651911518908,1.0,0.03259033973754477,0.036745683747183226,1.0,0.0013032446135279004,0.9993526776397597,0.2831508459688398,0.036745683747183226,0.8830801150339574,0.5614448613886819,0.5614448613886819,0.998930162703404,0.03259033973754477,0.5919239004649673,0.1096339653351024,0.03259033973754477,0.1096339653351024,0.03259033973754477,0.03259033973754477,0.8830801150339574,0.0013032446135279004,0.0013032446135279004,1.0415219955150275e-07,0.03259033973754477,0.8963423052232246,0.8546983504231342,0.30442076981547533,0.2831508459688398,0.5614448613886819,0.03259033973754477,0.036745683747183226,0.30442076981547533,0.8595916521442373,0.3036489408663891,0.5608246406606904,0.21316857111874046,0.5614448613886819,0.8188422837933614,0.9993526776397597,0.8830801150339574,0.9372987635595184,0.0012814361017811614
sub-31152_ses-baseline_fs,lh_STG_L_6_2_thickness,0.004534970437178334,0.01862974952219073,0.023750667989705,0.0014307811427235022,0.00858810052833626,0.5213753755174306,0.4582552772873738,0.03276611577462208,0.8817185941317591,0.7499262212978033,0.009489906374971485,0.017404169905004412,0.5717840769754361,0.07066666519370392,0.1486995563505014,0.0027593434069676536,0.5559623277220416,0.047082315838160124,0.00017542755009453096,8.587334103717131e-08,1.9475352869075554e-06,0.00017531505971832056,0.9984022702288816,1.3879140136715699e-05,0.000203488512313982,0.8941772693995731,0.004534970437178334,1.6845189648288276e-05,0.8830801150339573,0.00017531505971832056,0.00858810052833626,0.032590339737544716,0.0013032446135278913,1.4356722784152303e-06,1.0,0.00021318886560037635,0.009033931246892026,0.00017531505971832056,0.00017531505971832056,0.00017531505971832056,0.10963396533510188,0.00017531505971832056,0.00858810052833626,0.0013032446135278913,0.036745683747183115,0.10963396533510188,0.00017531505971832056,0.0013032446135278913,0.007437879872348273,0.00858810052833626,0.00021228935246780933,0.032590339737544716,0.000203488512313982,1.4356722784152303e-06,0.036745683747183115,0.032590339737544716,1.4356722784152303e-06,0.3044207698154743,1.7292017899710675e-06,0.001541006294166981,0.032590339737544716,1.6845189648288276e-05,0.00021228935246780933,0.00021228935246780933,1.823162300088964e-06,0.036745683747183115,0.00017234026770145147,0.00858810052833626,0.036745683747183115,0.00858810052833626,0.036745683747183115,0.036745683747183115,1.6845189648288276e-05,0.3044207698154743,0.3044207698154743,0.8897923193812551,0.036745683747183115,1.1365764455453998e-07,2.2452697163972586e-05,0.0013032446135278913,0.001541006294166981,0.00021228935246780933,0.036745683747183115,0.032590339737544716,0.0013032446135278913,2.14084159031335e-05,0.0013110811060065496,0.00021318886560037635,0.00279707634899169,0.00021228935246780933,3.122967347959546e-05,1.7292017899710675e-06,1.6845189648288276e-05,8.702603005515723e-06,0.3065976243635163
sub-31152_ses-baseline_fs,lh_STG_L_6_3_thickness,0.7105656788114726,0.43551412026906783,0.38761852855552087,0.8857841829121121,0.5900542158464734,0.012132777625982293,0.016622841233670273,0.3260863956792092,0.0014794489263020296,0.003618530978272721,0.570354531763449,0.4490771224700975,0.009421631447588542,0.1944665083644866,0.09714417023749698,0.7942462283311287,0.010203524138616839,0.2607700770109809,0.9988893875838735,0.2813045407360281,0.5965992371812003,0.9988821129463261,0.00026856802182987315,0.8261904579918838,0.9999360417453168,2.726420476031543e-05,0.7105656788114726,0.8467407253653393,2.422520136527536e-05,0.9988821129463261,0.5900542158464734,0.32709112482039143,0.896773096839314,0.5608246406606904,0.00021318886560037635,1.0,0.5800886272155381,0.9988821129463261,0.9988821129463261,0.9988821129463261,0.1328882599894612,0.9988821129463261,0.5900542158464734,0.896773096839314,0.30490373980896834,0.1328882599894612,0.9988821129463261,0.896773096839314,0.6181123376795365,0.5900542158464734,0.9999994714026182,0.32709112482039143,0.9999360417453168,0.5608246406606904,0.30490373980896834,0.32709112482039143,0.5608246406606904,0.036842911113365906,0.5825789144561164,0.8766729182264057,0.32709112482039143,0.8467407253653393,0.9999994714026182,0.9999994714026182,0.588807929094807,0.30490373980896834,0.9986793789847219,0.5900542158464734,0.30490373980896834,0.5900542158464734,0.30490373980896834,0.30490373980896834,0.8467407253653393,0.036842911113365906,0.036842911113365906,2.600740939572819e-05,0.30490373980896834,0.3039382435281886,0.8757465937020765,0.896773096839314,0.8766729182264057,0.9999994714026182,0.30490373980896834,0.32709112482039143,0.896773096839314,0.8710743767523882,0.8960834748719242,1.0,0.7921087921049562,0.9999994714026182,0.9064328074585272,0.5825789144561164,0.8467407253653393,0.7740946725104898,0.03640710098999288
sub-31152_ses-baseline_fs,lh_STG_L_6_4_thickness,0.976741067459861,0.9702572669168017,0.9460214333059128,0.8591051510121684,0.9998646881899689,0.15623891305043314,0.19125025586315975,0.9023054547862167,0.037135903930859034,0.06946898843286486,0.9998705429538309,0.975717299409891,0.1324358904927471,0.7456998557437248,0.5365971513553687,0.9356065729589251,0.13955602012511778,0.8372904856853307,0.5516259496823792,0.03096025940441296,0.11981613416214897,0.5515331515541959,0.010728411144425687,0.25147563595499894,0.5732450888266653,0.0018926693504900212,0.976741067459861,0.2690339127773046,0.0017274275226739403,0.5515331515541959,0.9998646881899689,0.9031452886992307,0.8467407253653387,0.10589208255728047,0.009033931246892026,0.5800886272155381,1.0,0.5515331515541959,0.5515331515541959,0.5515331515541959,0.6274598869236947,0.5515331515541959,0.9998646881899689,0.8467407253653387,0.8835325542435518,0.6274598869236947,0.5515331515541959,0.8467407253653387,0.9980350217251186,0.9998646881899689,0.5794661889375499,0.9031452886992307,0.5732450888266653,0.10589208255728047,0.8835325542435518,0.9031452886992307,0.10589208255728047,0.3122013136238378,0.114209412941929,0.868713183522444,0.9031452886992307,0.2690339127773046,0.5794661889375499,0.5794661889375499,0.11667585626560606,0.8835325542435518,0.5490594674237005,0.9998646881899689,0.8835325542435518,0.9998646881899689,0.8835325542435518,0.8835325542435518,0.2690339127773046,0.3122013136238378,0.3122013136238378,0.001824900619277493,0.8835325542435518,0.03521942042277993,0.2967538044056247,0.8467407253653387,0.868713183522444,0.5794661889375499,0.8835325542435518,0.9031452886992307,0.8467407253653387,0.2920201822113735,0.8475434644989017,0.5800886272155381,0.9369515147833447,0.5794661889375499,0.3310764740312685,0.114209412941929,0.2690339127773046,0.2127834398719513,0.3100016323502618
sub-31152_ses-baseline_fs,lh_STG_L_6_5_thickness,0.682555313850379,0.40929062066038646,0.3627762664336489,0.8644215778459163,0.5614448613886819,0.010530726261534926,0.014501768234030541,0.3034561612632471,0.0012458372780597248,0.0030843987069433688,0.5418656700049133,0.4225164664740052,0.008145162185231463,0.17831435176111765,0.08761418258330178,0.7682930807532248,0.008832065465161104,0.2410424112621214,0.9999999881065559,0.3029745233348786,0.625279529476172,1.0,0.00022144741476615894,0.8497430650916753,0.9993526776397597,2.1924629607507272e-05,0.682555313850379,0.8691867473774927,1.945713185755411e-05,1.0,0.5614448613886819,0.30442076981547483,0.8762100967133953,0.5894310546503391,0.00017531505971832056,0.9988821129463261,0.5515331515541959,1.0,1.0,1.0,0.12070688793493523,1.0,0.5614448613886819,0.8762100967133953,0.2831508459688398,0.12070688793493523,1.0,0.8762100967133953,0.5894310546503392,0.5614448613886819,0.998930162703404,0.30442076981547483,0.9993526776397597,0.5894310546503391,0.2831508459688398,0.30442076981547483,0.5894310546503391,0.032590339737544806,0.6112536743868652,0.8546983504231342,0.30442076981547483,0.8691867473774927,0.998930162703404,0.998930162703404,0.6174889196474497,0.2831508459688398,0.9999915424754213,0.5614448613886819,0.2831508459688398,0.5614448613886819,0.2831508459688398,0.2831508459688398,0.8691867473774927,0.032590339737544806,0.032590339737544806,2.090380391816114e-05,0.2831508459688398,0.3265885465104167,0.8963423052232251,0.8762100967133953,0.8546983504231342,0.998930162703404,0.2831508459688398,0.30442076981547483,0.8762100967133953,0.8919938874296464,0.8754681653335891,0.9988821129463261,0.7660820419677571,0.998930162703404,0.9246018422773802,0.6112536743868652,0.8691867473774927,0.7998488930622698,0.03219778582735763
sub-31152_ses-baseline_fs,lh_STG_L_6_6_thickness,0.682555313850379,0.40929062066038646,0.3627762664336489,0.8644215778459163,0.5614448613886819,0.010530726261534926,0.014501768234030541,0.3034561612632471,0.0012458372780597248,0.0030843987069433688,0.5418656700049133,0.4225164664740052,0.008145162185231463,0.17831435176111765,0.08761418258330178,0.7682930807532248,0.008832065465161104,0.2410424112621214,0.9999999881065559,0.3029745233348786,0.625279529476172,1.0,0.00022144741476615894,0.8497430650916753,0.9993526776397597,2.1924629607507272e-05,0.682555313850379,0.8691867473774927,1.945713185755411e-05,1.0,0.5614448613886819,0.30442076981547483,0.8762100967133953,0.5894310546503391,0.00017531505971832056,0.9988821129463261,0.5515331515541959,1.0,1.0,1.0,0.12070688793493523,1.0,0.5614448613886819,0.8762100967133953,0.2831508459688398,0.12070688793493523,1.0,0.8762100967133953,0.5894310546503392,0.5614448613886819,0.998930162703404,0.30442076981547483,0.9993526776397597,0.5894310546503391,0.2831508459688398,0.30442076981547483,0.5894310546503391,0.032590339737544806,0.6112536743868652,0.8546983504231342,0.30442076981547483,0.8691867473774927,0.998930162703404,0.998930162703404,0.6174889196474497,0.2831508459688398,0.9999915424754213,0.5614448613886819,0.2831508459688398,0.5614448613886819,0.2831508459688398,0.2831508459688398,0.8691867473774927,0.032590339737544806,0.032590339737544806,2.090380391816114e-05,0.2831508459688398,0.3265885465104167,0.8963423052232251,0.8762100967133953,0.8546983504231342,0.998930162703404,0.2831508459688398,0.30442076981547483,0.8762100967133953,0.8919938874296464,0.8754681653335891,0.9988821129463261,0.7660820419677571,0.998930162703404,0.9246018422773802,0.6112536743868652,0.8691867473774927,0.7998488930622698,0.03219778582735763
sub-31152_ses-baseline_fs,lh_MTG_L_4_1_thickness,0.682555313850379,0.40929062066038646,0.3627762664336489,0.8644215778459163,0.5614448613886819,0.010530726261534926,0.014501768234030541,0.3034561612632471,0.0012458372780597248,0.0030843987069433688,0.5418656700049133,0.4225164664740052,0.008145162185231463,0.17831435176111765,0.08761418258330178,0.7682930807532248,0.008832065465161104,0.2410424112621214,0.9999999881065559,0.3029745233348786,0.625279529476172,1.0,0.00022144741476615894,0.8497430650916753,0.9993526776397597,2.1924629607507272e-05,0.682555313850379,0.8691867473774927,1.945713185755411e-05,1.0,0.5614448613886819,0.30442076981547483,0.8762100967133953,0.5894310546503391,0.00017531505971832056,0.9988821129463261,0.5515331515541959,1.0,1.0,1.0,0.12070688793493523,1.0,0.5614448613886819,0.8762100967133953,0.2831508459688398,0.12070688793493523,1.0,0.8762100967133953,0.5894310546503392,0.5614448613886819,0.998930162703404,0.30442076981547483,0.9993526776397597,0.5894310546503391,0.2831508459688398,0.30442076981547483,0.5894310546503391,0.032590339737544806,0.6112536743868652,0.8546983504231342,0.30442076981547483,0.8691867473774927,0.998930162703404,0.998930162703404,0.6174889196474497,0.2831508459688398,0.9999915424754213,0.5614448613886819,0.2831508459688398,0.5614448613886819,0.2831508459688398,0.2831508459688398,0.8691867473774927,0.032590339737544806,0.032590339737544806,2.090380391816114e-05,0.2831508459688398,0.3265885465104167,0.8963423052232251,0.8762100967133953,0.8546983504231342,0.998930162703404,0.2831508459688398,0.30442076981547483,0.8762100967133953,0.8919938874296464,0.8754681653335891,0.9988821129463261,0.7660820419677571,0.998930162703404,0.9246018422773802,0.6112536743868652,0.8691867473774927,0.7998488930622698,0.03219778582735763
sub-31152_ses-baseline_fs,lh_MTG_L_4_2_thickness,0.49704723251329236,0.7718131549424307,0.8187890507779487,0.31662727590263234,0.6174889196474497,0.6299510454695665,0.6947863904357866,0.8771350569022929,0.2776338796740789,0.40527741848365384,0.637201625788418,0.7583723084961524,0.5790616339699872,0.9803143509551724,0.9887651120648445,0.4127564663416172,0.5949440058732289,0.9340060383506629,0.12074517578749826,0.0015239876224354258,0.010288184028085238,0.12070688793493523,0.12327975875854574,0.03172349088379243,0.1298943352380593,0.03626280704612285,0.49704723251329236,0.03531320668945891,0.033928501172532495,0.12070688793493523,0.6174889196474497,0.8762100967133953,0.30442076981547483,0.008588100528336313,0.10963396533510188,0.1328882599894612,0.6274598869236947,0.12070688793493523,0.12070688793493523,0.12070688793493523,1.0,0.12070688793493523,0.6174889196474497,0.30442076981547483,0.8963423052232251,1.0,0.12070688793493523,0.30442076981547483,0.5894310546503391,0.6174889196474497,0.13261395810175,0.8762100967133953,0.1298943352380593,0.008588100528336313,0.8963423052232251,0.8762100967133953,0.008588100528336313,0.8546983504231344,0.009590140439630385,0.32658854651041735,0.8762100967133953,0.03531320668945891,0.13261395810175,0.13261395810175,0.009894989386511878,0.8963423052232251,0.11968929481916012,0.6174889196474497,0.8963423052232251,0.6174889196474497,0.8963423052232251,0.8963423052232251,0.03531320668945891,0.8546983504231344,0.8546983504231344,0.03531320668945876,0.8963423052232251,0.0018182480908982396,0.04134224266505818,0.30442076981547483,0.32658854651041735,0.13261395810175,0.8963423052232251,0.8762100967133953,0.30442076981547483,0.04028091582255365,0.305193734651816,0.1328882599894612,0.41493261911916246,0.13261395810175,0.04943810563806067,0.009590140439630385,0.03531320668945891,0.02442675833182573,0.8524760587797919
sub-31152_ses-baseline_fs,lh_MTG_L_4_3_thickness,0.682555313850379,0.40929062066038646,0.3627762664336489,0.8644215778459163,0.5614448613886819,0.010530726261534926,0.014501768234030541,0.3034561612632471,0.0012458372780597248,0.0030843987069433688,0.5418656700049133,0.4225164664740052,0.008145162185231463,0.17831435176111765,0.08761418258330178,0.7682930807532248,0.008832065465161104,0.2410424112621214,0.9999999881065559,0.3029745233348786,0.625279529476172,1.0,0.00022144741476615894,0.8497430650916753,0.9993526776397597,2.1924629607507272e-05,0.682555313850379,0.8691867473774927,1.945713185755411e-05,1.0,0.5614448613886819,0.30442076981547483,0.8762100967133953,0.5894310546503391,0.00017531505971832056,0.9988821129463261,0.5515331515541959,1.0,1.0,1.0,0.12070688793493523,1.0,0.5614448613886819,0.8762100967133953,0.2831508459688398,0.12070688793493523,1.0,0.8762100967133953,0.5894310546503392,0.5614448613886819,0.998930162703404,0.30442076981547483,0.9993526776397597,0.5894310546503391,0.2831508459688398,0.30442076981547483,0.5894310546503391,0.032590339737544806,0.6112536743868652,0.8546983504231342,0.30442076981547483,0.8691867473774927,0.998930162703404,0.998930162703404,0.6174889196474497,0.2831508459688398,0.9999915424754213,0.5614448613886819,0.2831508459688398,0.5614448613886819,0.2831508459688398,0.2831508459688398,0.8691867473774927,0.032590339737544806,0.032590339737544806,2.090380391816114e-05,0.2831508459688398,0.3265885465104167,0.8963423052232251,0.8762100967133953,0.8546983504231342,0.998930162703404,0.2831508459688398,0.30442076981547483,0.8762100967133953,0.8919938874296464,0.8754681653335891,0.9988821129463261,0.7660820419677571,0.998930162703404,0.9246018422773802,0.6112536743868652,0.8691867473774927,0.7998488930622698,0.03219778582735763
sub-31152_ses-baseline_fs,lh_MTG_L_4_4_thickness,0.9801007360088808,0.9662119548929463,0.9407236368149202,0.8668123428956352,1.0,0.15134349769268007,0.18558716077318407,0.895478502631507,0.03559584082850472,0.0668700526953821,0.9994706321339216,0.9720330689838642,0.12810923600436006,0.7362612980992891,0.5267657851771019,0.9411119198837549,0.1350549824420884,0.8290093945120636,0.5615379024361096,0.03232818582456165,0.12392945293445867,0.5614448613886819,0.010208449504965645,0.2584095227513214,0.5832016134958905,0.0017853191428805998,0.9801007360088808,0.2762649449396828,0.0016287607443379256,0.5614448613886819,1.0,0.8963423052232246,0.8546983504231342,0.1096339653351024,0.00858810052833626,0.5900542158464734,0.9998646881899689,0.5614448613886819,0.5614448613886819,0.5614448613886819,0.6174889196474497,0.5614448613886819,1.0,0.8546983504231342,0.8762100967133948,0.6174889196474497,0.5614448613886819,0.8546983504231342,0.998930162703404,1.0,0.5894310546503391,0.8963423052232246,0.5832016134958905,0.1096339653351024,0.8762100967133948,0.8963423052232246,0.1096339653351024,0.30442076981547483,0.11817521930392065,0.8762100967133953,0.8963423052232246,0.2762649449396828,0.5894310546503391,0.5894310546503391,0.12070688793493523,0.8762100967133948,0.5589645407294653,1.0,0.8762100967133948,1.0,0.8762100967133948,0.8762100967133948,0.2762649449396828,0.30442076981547483,0.30442076981547483,0.0017211030312855354,0.8762100967133948,0.03674568374718319,0.30442076981547533,0.8546983504231342,0.8762100967133953,0.5894310546503391,0.8762100967133948,0.8963423052232246,0.8546983504231342,0.2996155252555837,0.8554854803195509,0.5900542158464734,0.9424034013503644,0.5894310546503391,0.339228873662802,0.11817521930392065,0.2762649449396828,0.21900211445587564,0.3022529002560834
sub-31152_ses-baseline_fs,lh_ITG_L_5_1_thickness,0.9372987635595179,0.7129796404458169,0.6609938166157602,0.9996696811163714,0.8546983504231342,0.04353571517179685,0.05671576387592658,0.5881848404590319,0.0071554894682509616,0.015523556470925641,0.8388092029529376,0.7269902494244347,0.035158573028642434,0.4058880867160745,0.23871479350119557,0.9777861986416692,0.03761325973596665,0.5027276341730477,0.8762795634185978,0.11994307622085122,0.3329013675433606,0.8762100967133953,0.0015990098717747554,0.5552469793690811,0.8919938874296464,0.00020784510159827375,0.9372987635595179,0.5800886272155389,0.00018690698212147562,0.8762100967133953,0.8546983504231342,0.5894310546503384,1.0,0.30442076981547533,0.0013032446135278913,0.896773096839314,0.8467407253653387,0.8762100967133953,0.8762100967133953,0.8762100967133953,0.30442076981547483,0.8762100967133953,0.8546983504231342,1.0,0.5614448613886812,0.30442076981547483,0.8762100967133953,1.0,0.8762100967133948,0.8546983504231342,0.8963423052232251,0.5894310546503384,0.8919938874296464,0.30442076981547533,0.5614448613886812,0.5894310546503384,0.30442076981547533,0.10963396533510217,0.3215863406933533,0.998930162703404,0.5894310546503384,0.5800886272155389,0.8963423052232251,0.8963423052232251,0.32658854651041735,0.5614448613886812,0.8743520090881965,0.8546983504231342,0.5614448613886812,0.8546983504231342,0.5614448613886812,0.5614448613886812,0.5800886272155389,0.10963396533510217,0.10963396533510217,0.0001992179750340459,0.5614448613886812,0.1326139581017499,0.6174889196474505,1.0,0.998930162703404,0.8963423052232251,0.5614448613886812,0.5894310546503384,1.0,0.611253674386866,0.9999986467912606,0.896773096839314,0.9769584551716581,0.8963423052232251,0.6609319722694122,0.3215863406933533,0.5800886272155389,0.4970472325132923,0.10857136380736798
sub-31152_ses-baseline_fs,lh_ITG_L_5_2_thickness,0.7746640574879582,0.9687690187714367,0.9865590506676591,0.5769770076553429,0.8762100967133948,0.3601252932562184,0.4177661543261989,0.9990231006599258,0.11767380050755603,0.19371126524832613,0.8905208374144749,0.9626501566958224,0.3182837336416555,0.9646160337230467,0.8260854591719,0.6893832926494982,0.3310486362604639,0.9951790988466086,0.28322022445867917,0.007366359415966629,0.037976802828187516,0.2831508459688398,0.042427047882552436,0.09718731601088164,0.2996155252555831,0.009741501216138879,0.7746640574879582,0.10612300403883246,0.009005472320010378,0.2831508459688398,0.8762100967133948,0.998930162703404,0.5614448613886812,0.03259033973754477,0.036745683747183115,0.30490373980896834,0.8835325542435518,0.2831508459688398,0.2831508459688398,0.2831508459688398,0.8963423052232251,0.2831508459688398,0.8762100967133948,0.5614448613886812,1.0,0.8963423052232251,0.2831508459688398,0.5614448613886812,0.8546983504231342,0.8762100967133948,0.30442076981547483,0.998930162703404,0.2996155252555831,0.03259033973754477,1.0,0.998930162703404,0.03259033973754477,0.5894310546503392,0.035785330035411934,0.5894310546503391,0.998930162703404,0.10612300403883246,0.30442076981547483,0.30442076981547483,0.036745683747183226,1.0,0.28130454073602756,0.8762100967133948,1.0,0.8762100967133948,1.0,1.0,0.10612300403883246,0.5894310546503392,0.5894310546503392,0.009440881940753898,1.0,0.008588100528336275,0.12070688793493523,0.5614448613886812,0.5894310546503391,0.30442076981547483,1.0,0.998930162703404,0.5614448613886812,0.1181752193039207,0.5624374047743939,0.30490373980896834,0.6917356486870573,0.30442076981547483,0.13957168319018917,0.035785330035411934,0.10612300403883246,0.07833223511211909,0.5866272887747174
sub-31152_ses-baseline_fs,lh_ITG_L_5_3_thickness,0.49704723251329236,0.7718131549424307,0.8187890507779487,0.31662727590263234,0.6174889196474497,0.6299510454695665,0.6947863904357866,0.8771350569022929,0.2776338796740789,0.40527741848365384,0.637201625788418,0.7583723084961524,0.5790616339699872,0.9803143509551724,0.9887651120648445,0.4127564663416172,0.5949440058732289,0.9340060383506629,0.12074517578749826,0.0015239876224354258,0.010288184028085238,0.12070688793493523,0.12327975875854574,0.03172349088379243,0.1298943352380593,0.03626280704612285,0.49704723251329236,0.03531320668945891,0.033928501172532495,0.12070688793493523,0.6174889196474497,0.8762100967133953,0.30442076981547483,0.008588100528336313,0.10963396533510188,0.1328882599894612,0.6274598869236947,0.12070688793493523,0.12070688793493523,0.12070688793493523,1.0,0.12070688793493523,0.6174889196474497,0.30442076981547483,0.8963423052232251,1.0,0.12070688793493523,0.30442076981547483,0.5894310546503391,0.6174889196474497,0.13261395810175,0.8762100967133953,0.1298943352380593,0.008588100528336313,0.8963423052232251,0.8762100967133953,0.008588100528336313,0.8546983504231344,0.009590140439630385,0.32658854651041735,0.8762100967133953,0.03531320668945891,0.13261395810175,0.13261395810175,0.009894989386511878,0.8963423052232251,0.11968929481916012,0.6174889196474497,0.8963423052232251,0.6174889196474497,0.8963423052232251,0.8963423052232251,0.03531320668945891,0.8546983504231344,0.8546983504231344,0.03531320668945876,0.8963423052232251,0.0018182480908982396,0.04134224266505818,0.30442076981547483,0.32658854651041735,0.13261395810175,0.8963423052232251,0.8762100967133953,0.30442076981547483,0.04028091582255365,0.305193734651816,0.1328882599894612,0.41493261911916246,0.13261395810175,0.04943810563806067,0.009590140439630385,0.03531320668945891,0.02442675833182573,0.8524760587797919
sub-31152_ses-baseline_fs,lh_ITG_L_5_4_thickness,0.682555313850379,0.40929062066038646,0.3627762664336489,0.8644215778459163,0.5614448613886819,0.010530726261534926,0.014501768234030541,0.3034561612632471,0.0012458372780597248,0.0030843987069433688,0.5418656700049133,0.4225164664740052,0.008145162185231463,0.17831435176111765,0.08761418258330178,0.7682930807532248,0.008832065465161104,0.2410424112621214,0.9999999881065559,0.3029745233348786,0.625279529476172,1.0,0.00022144741476615894,0.8497430650916753,0.9993526776397597,2.1924629607507272e-05,0.682555313850379,0.8691867473774927,1.945713185755411e-05,1.0,0.5614448613886819,0.30442076981547483,0.8762100967133953,0.5894310546503391,0.00017531505971832056,0.9988821129463261,0.5515331515541959,1.0,1.0,1.0,0.12070688793493523,1.0,0.5614448613886819,0.8762100967133953,0.2831508459688398,0.12070688793493523,1.0,0.8762100967133953,0.5894310546503392,0.5614448613886819,0.998930162703404,0.30442076981547483,0.9993526776397597,0.5894310546503391,0.2831508459688398,0.30442076981547483,0.5894310546503391,0.032590339737544806,0.6112536743868652,0.8546983504231342,0.30442076981547483,0.8691867473774927,0.998930162703404,0.998930162703404,0.6174889196474497,0.2831508459688398,0.9999915424754213,0.5614448613886819,0.2831508459688398,0.5614448613886819,0.2831508459688398,0.2831508459688398,0.8691867473774927,0.032590339737544806,0.032590339737544806,2.090380391816114e-05,0.2831508459688398,0.3265885465104167,0.8963423052232251,0.8762100967133953,0.8546983504231342,0.998930162703404,0.2831508459688398,0.30442076981547483,0.8762100967133953,0.8919938874296464,0.8754681653335891,0.9988821129463261,0.7660820419677571,0.998930162703404,0.9246018422773802,0.6112536743868652,0.8691867473774927,0.7998488930622698,0.03219778582735763
sub-31152_ses-baseline_fs,lh_ITG_L_5_5_thickness,0.9372987635595179,0.7129796404458169,0.6609938166157602,0.9996696811163714,0.8546983504231342,0.04353571517179685,0.05671576387592658,0.5881848404590319,0.0071554894682509616,0.015523556470925641,0.8388092029529376,0.7269902494244347,0.035158573028642434,0.4058880867160745,0.23871479350119557,0.9777861986416692,0.03761325973596665,0.5027276341730477,0.8762795634185978,0.11994307622085122,0.3329013675433606,0.8762100967133953,0.0015990098717747554,0.5552469793690811,0.8919938874296464,0.00020784510159827375,0.9372987635595179,0.5800886272155389,0.00018690698212147562,0.8762100967133953,0.8546983504231342,0.5894310546503384,1.0,0.30442076981547533,0.0013032446135278913,0.896773096839314,0.8467407253653387,0.8762100967133953,0.8762100967133953,0.8762100967133953,0.30442076981547483,0.8762100967133953,0.8546983504231342,1.0,0.5614448613886812,0.30442076981547483,0.8762100967133953,1.0,0.8762100967133948,0.8546983504231342,0.8963423052232251,0.5894310546503384,0.8919938874296464,0.30442076981547533,0.5614448613886812,0.5894310546503384,0.30442076981547533,0.10963396533510217,0.3215863406933533,0.998930162703404,0.5894310546503384,0.5800886272155389,0.8963423052232251,0.8963423052232251,0.32658854651041735,0.5614448613886812,0.8743520090881965,0.8546983504231342,0.5614448613886812,0.8546983504231342,0.5614448613886812,0.5614448613886812,0.5800886272155389,0.10963396533510217,0.10963396533510217,0.0001992179750340459,0.5614448613886812,0.1326139581017499,0.6174889196474505,1.0,0.998930162703404,0.8963423052232251,0.5614448613886812,0.5894310546503384,1.0,0.611253674386866,0.9999986467912606,0.896773096839314,0.9769584551716581,0.8963423052232251,0.6609319722694122,0.3215863406933533,0.5800886272155389,0.4970472325132923,0.10857136380736798
sub-31152_ses-baseline_fs,lh_FuG_L_3_1_thickness,0.9881770032102996,0.9535401212712816,0.9246394810835331,0.8875727263694232,0.998930162703404,0.13818138747811295,0.17029547886997098,0.8752824105327189,0.03155250749636804,0.05998303634246312,0.9968991894227436,0.9603511031657441,0.11651430544510502,0.7093209980392083,0.4993450632103651,0.9553827390083344,0.12298047698104428,0.8049864317313751,0.5895245265889495,0.036455307180113077,0.13607346822737618,0.5894310546503392,0.008864376259566861,0.278548796841558,0.6112536743868653,0.0015127383913349558,0.9881770032102996,0.29722963822892734,0.001378442754890318,0.5894310546503392,0.998930162703404,0.8762100967133948,0.8762100967133948,0.12070688793493523,0.007437879872348273,0.6181123376795365,0.9980350217251186,0.5894310546503392,0.5894310546503392,0.5894310546503392,0.5894310546503391,0.5894310546503392,0.998930162703404,0.8762100967133948,0.8546983504231342,0.5894310546503391,0.5894310546503392,0.8762100967133948,1.0,0.998930162703404,0.6174889196474498,0.8762100967133948,0.6112536743868653,0.12070688793493523,0.8546983504231342,0.8762100967133948,0.12070688793493523,0.28315084596883994,0.1298943352380593,0.8963423052232251,0.8762100967133948,0.29722963822892734,0.6174889196474498,0.6174889196474498,0.1326139581017499,0.8546983504231342,0.5869387790560233,0.998930162703404,0.8546983504231342,0.998930162703404,0.8546983504231342,0.8546983504231342,0.29722963822892734,0.28315084596883994,0.28315084596883994,0.0014576331157028903,0.8546983504231342,0.04134224266505805,0.32658854651041735,0.8762100967133948,0.8963423052232251,0.6174889196474498,0.8546983504231342,0.8762100967133948,0.8762100967133948,0.3215863406933533,0.8769502834580165,0.6181123376795365,0.9565185931489992,0.6174889196474498,0.362723150154965,0.1298943352380593,0.29722963822892734,0.23713948842105223,0.2810742663921363
sub-31152_ses-baseline_fs,lh_FuG_L_3_2_thickness,0.9801007360088808,0.9662119548929463,0.9407236368149202,0.8668123428956352,1.0,0.15134349769268007,0.18558716077318407,0.895478502631507,0.03559584082850472,0.0668700526953821,0.9994706321339216,0.9720330689838642,0.12810923600436006,0.7362612980992891,0.5267657851771019,0.9411119198837549,0.1350549824420884,0.8290093945120636,0.5615379024361096,0.03232818582456165,0.12392945293445867,0.5614448613886819,0.010208449504965645,0.2584095227513214,0.5832016134958905,0.0017853191428805998,0.9801007360088808,0.2762649449396828,0.0016287607443379256,0.5614448613886819,1.0,0.8963423052232246,0.8546983504231342,0.1096339653351024,0.00858810052833626,0.5900542158464734,0.9998646881899689,0.5614448613886819,0.5614448613886819,0.5614448613886819,0.6174889196474497,0.5614448613886819,1.0,0.8546983504231342,0.8762100967133948,0.6174889196474497,0.5614448613886819,0.8546983504231342,0.998930162703404,1.0,0.5894310546503391,0.8963423052232246,0.5832016134958905,0.1096339653351024,0.8762100967133948,0.8963423052232246,0.1096339653351024,0.30442076981547483,0.11817521930392065,0.8762100967133953,0.8963423052232246,0.2762649449396828,0.5894310546503391,0.5894310546503391,0.12070688793493523,0.8762100967133948,0.5589645407294653,1.0,0.8762100967133948,1.0,0.8762100967133948,0.8762100967133948,0.2762649449396828,0.30442076981547483,0.30442076981547483,0.0017211030312855354,0.8762100967133948,0.03674568374718319,0.30442076981547533,0.8546983504231342,0.8762100967133953,0.5894310546503391,0.8762100967133948,0.8963423052232246,0.8546983504231342,0.2996155252555837,0.8554854803195509,0.5900542158464734,0.9424034013503644,0.5894310546503391,0.339228873662802,0.11817521930392065,0.2762649449396828,0.21900211445587564,0.3022529002560834
sub-31152_ses-baseline_fs,lh_FuG_L_3_3_thickness,0.7099615901006785,0.43493690200535273,0.38707000548812276,0.8853352705367961,0.5894310546503391,0.012095771392060334,0.016573979539083152,0.3255846727304186,0.001473966890180911,0.003606075046601632,0.5697331118525899,0.44849299932088016,0.00939208373212171,0.19410489317766458,0.09692866703196445,0.7936916919243535,0.0101717984436067,0.260330698575481,0.9989372792801435,0.2817654321347347,0.5972227158340677,0.998930162703404,0.00026745039667891863,0.8267151279127344,0.9999471416449036,2.7135968522166388e-05,0.7099615901006785,0.847242616890197,2.4110621724655782e-05,0.998930162703404,0.5894310546503391,0.3265885465104167,0.8963423052232251,0.5614448613886819,0.00021228935246780933,0.9999994714026182,0.5794661889375499,0.998930162703404,0.998930162703404,0.998930162703404,0.13261395810175,0.998930162703404,0.5894310546503391,0.8963423052232251,0.30442076981547483,0.13261395810175,0.998930162703404,0.8963423052232251,0.6174889196474498,0.5894310546503391,1.0,0.3265885465104167,0.9999471416449036,0.5614448613886819,0.30442076981547483,0.3265885465104167,0.5614448613886819,0.036745683747183226,0.5832016134958905,0.8762100967133948,0.3265885465104167,0.847242616890197,1.0,1.0,0.5894310546503391,0.30442076981547483,0.9987316423972167,0.5894310546503391,0.30442076981547483,0.5894310546503391,0.30442076981547483,0.30442076981547483,0.847242616890197,0.036745683747183226,0.036745683747183226,2.588481079645009e-05,0.30442076981547483,0.3044207698154747,0.8762100967133953,0.8963423052232251,0.8762100967133948,1.0,0.30442076981547483,0.3265885465104167,0.8963423052232251,0.871544620795343,0.8956514995296461,0.9999994714026182,0.7915525262547998,1.0,0.9068455351562591,0.5832016134958905,0.847242616890197,0.7746640574879581,0.03631085096915168
sub-31152_ses-baseline_fs,lh_PhG_L_6_1_thickness,0.7998488930622698,0.9790780642570237,0.9930336758973438,0.6050174255155345,0.8963423052232246,0.3367207823163597,0.39257167155026707,0.9999978856121494,0.10681811676796915,0.17794351810901238,0.9096112137496586,0.9739754266478435,0.29644475293017886,0.9516907213301559,0.8019341240969733,0.7166834651791846,0.3087079969940913,0.9896026937550028,0.3044931870359788,0.008506733895544858,0.04270196259439156,0.30442076981547483,0.037727821232786056,0.10728348578146604,0.32158634069335285,0.008452873519498461,0.7998488930622698,0.11692473150559173,0.0078049199212593835,0.30442076981547483,0.8963423052232246,1.0,0.5894310546503384,0.036745683747183226,0.032590339737544716,0.32709112482039143,0.9031452886992307,0.30442076981547483,0.30442076981547483,0.30442076981547483,0.8762100967133953,0.30442076981547483,0.8963423052232246,0.5894310546503384,0.998930162703404,0.8762100967133953,0.30442076981547483,0.5894310546503384,0.8762100967133948,0.8963423052232246,0.3265885465104167,1.0,0.32158634069335285,0.036745683747183226,0.998930162703404,1.0,0.036745683747183226,0.561444861388682,0.040280915822553526,0.6174889196474497,1.0,0.11692473150559173,0.3265885465104167,0.3265885465104167,0.04134224266505805,0.998930162703404,0.30249333005540474,0.8963423052232246,0.998930162703404,0.8963423052232246,0.998930162703404,0.998930162703404,0.11692473150559173,0.561444861388682,0.561444861388682,0.008188124511342786,0.998930162703404,0.009894989386511843,0.13261395810175,0.5894310546503384,0.6174889196474497,0.3265885465104167,0.998930162703404,1.0,0.5894310546503384,0.1298943352380593,0.5904281291389651,0.32709112482039143,0.7189972736310137,0.3265885465104167,0.15283059170000057,0.040280915822553526,0.11692473150559173,0.08686135579216814,0.5586546076527331
sub-31152_ses-baseline_fs,lh_PhG_L_6_2_thickness,0.7039079468366071,0.42918167329732265,0.38160509687549543,0.8808074239996598,0.5832016134958905,0.011731178462422642,0.016092257025420286,0.3205910641667104,0.00142016886178029,0.0034836471908165022,0.5635232620217868,0.4426676531127429,0.009101126363386197,0.1905144416066153,0.09479424252446961,0.7881217505813498,0.0098593433414729,0.25596254315525296,0.9993582124505004,0.2863994295735674,0.6034583617057827,0.9993526776397597,0.00025651186272141645,0.8319318128499272,1.0,2.588481079645032e-05,0.7039079468366071,0.8522283682222339,2.2992875830202636e-05,0.9993526776397597,0.5832016134958905,0.32158634069335285,0.8919938874296464,0.567651911518908,0.000203488512313982,0.9999360417453168,0.5732450888266653,0.9993526776397597,0.9993526776397597,0.9993526776397597,0.1298943352380593,0.9993526776397597,0.5832016134958905,0.8919938874296464,0.2996155252555831,0.1298943352380593,0.9993526776397597,0.8919938874296464,0.6112536743868653,0.5832016134958905,0.9999471416449036,0.32158634069335285,1.0,0.567651911518908,0.2996155252555831,0.32158634069335285,0.567651911518908,0.03578533003541197,0.5894310546503391,0.8715446207953425,0.32158634069335285,0.8522283682222339,0.9999471416449036,0.9999471416449036,0.595664058655481,0.2996155252555831,0.9991963262886725,0.5832016134958905,0.2996155252555831,0.5832016134958905,0.2996155252555831,0.2996155252555831,0.8522283682222339,0.03578533003541197,0.03578533003541197,2.4688729964439844e-05,0.2996155252555831,0.3092703834202932,0.8808074239996604,0.8919938874296464,0.8715446207953425,0.9999471416449036,0.2996155252555831,0.32158634069335285,0.8919938874296464,0.8762100967133953,0.8912913566074726,0.9999360417453168,0.7859656060422558,0.9999471416449036,0.9109301940697007,0.5894310546503391,0.8522283682222339,0.7803356182625808,0.03536017941705889
sub-31152_ses-baseline_fs,lh_PhG_L_6_3_thickness,0.16379739400908058,0.061036643097020185,0.04945057284537451,0.29249151803487466,0.1096339653351024,0.00027882590784943545,0.00042904695925160787,0.036551882150658105,1.70905008966095e-05,5.5103426485536554e-05,0.10232884161123622,0.0645837510135092,0.0001978273113476354,0.015573843573925128,0.005340895650762548,0.21465572697441437,0.00022037098476112774,0.02507635402628211,0.5893375835136451,0.8748175485470402,0.9982538507402299,0.5894310546503391,1.922025183561333e-06,0.9006167035135066,0.567651911518908,1.1039940379546782e-07,0.16379739400908058,0.8830801150339574,9.541901642502003e-08,0.5894310546503391,0.1096339653351024,0.036745683747183226,0.30442076981547533,1.0,1.4356722784152303e-06,0.5608246406606904,0.10589208255728047,0.5894310546503391,0.5894310546503391,0.5894310546503391,0.008588100528336313,0.5894310546503391,0.1096339653351024,0.30442076981547533,0.03259033973754477,0.008588100528336313,0.5894310546503391,0.30442076981547533,0.12070688793493523,0.1096339653351024,0.5614448613886819,0.036745683747183226,0.567651911518908,1.0,0.03259033973754477,0.036745683747183226,1.0,0.0013032446135279004,0.9993526776397597,0.2831508459688398,0.036745683747183226,0.8830801150339574,0.5614448613886819,0.5614448613886819,0.998930162703404,0.03259033973754477,0.5919239004649673,0.1096339653351024,0.03259033973754477,0.1096339653351024,0.03259033973754477,0.03259033973754477,0.8830801150339574,0.0013032446135279004,0.0013032446135279004,1.0415219955150275e-07,0.03259033973754477,0.8963423052232246,0.8546983504231342,0.30442076981547533,0.2831508459688398,0.5614448613886819,0.03259033973754477,0.036745683747183226,0.30442076981547533,0.8595916521442373,0.3036489408663891,0.5608246406606904,0.21316857111874046,0.5614448613886819,0.8188422837933614,0.9993526776397597,0.8830801150339574,0.9372987635595184,0.0012814361017811614
sub-31152_ses-baseline_fs,lh_PhG_L_6_4_thickness,0.7746640574879582,0.9687690187714367,0.9865590506676591,0.5769770076553429,0.8762100967133948,0.3601252932562184,0.4177661543261989,0.9990231006599258,0.11767380050755603,0.19371126524832613,0.8905208374144749,0.9626501566958224,0.3182837336416555,0.9646160337230467,0.8260854591719,0.6893832926494982,0.3310486362604639,0.9951790988466086,0.28322022445867917,0.007366359415966629,0.037976802828187516,0.2831508459688398,0.042427047882552436,0.09718731601088164,0.2996155252555831,0.009741501216138879,0.7746640574879582,0.10612300403883246,0.009005472320010378,0.2831508459688398,0.8762100967133948,0.998930162703404,0.5614448613886812,0.03259033973754477,0.036745683747183115,0.30490373980896834,0.8835325542435518,0.2831508459688398,0.2831508459688398,0.2831508459688398,0.8963423052232251,0.2831508459688398,0.8762100967133948,0.5614448613886812,1.0,0.8963423052232251,0.2831508459688398,0.5614448613886812,0.8546983504231342,0.8762100967133948,0.30442076981547483,0.998930162703404,0.2996155252555831,0.03259033973754477,1.0,0.998930162703404,0.03259033973754477,0.5894310546503392,0.035785330035411934,0.5894310546503391,0.998930162703404,0.10612300403883246,0.30442076981547483,0.30442076981547483,0.036745683747183226,1.0,0.28130454073602756,0.8762100967133948,1.0,0.8762100967133948,1.0,1.0,0.10612300403883246,0.5894310546503392,0.5894310546503392,0.009440881940753898,1.0,0.008588100528336275,0.12070688793493523,0.5614448613886812,0.5894310546503391,0.30442076981547483,1.0,0.998930162703404,0.5614448613886812,0.1181752193039207,0.5624374047743939,0.30490373980896834,0.6917356486870573,0.30442076981547483,0.13957168319018917,0.035785330035411934,0.10612300403883246,0.07833223511211909,0.5866272887747174
sub-31152_ses-baseline_fs,lh_PhG_L_6_5_thickness,0.7998488930622698,0.9790780642570237,0.9930336758973438,0.6050174255155345,0.8963423052232246,0.3367207823163597,0.39257167155026707,0.9999978856121494,0.10681811676796915,0.17794351810901238,0.9096112137496586,0.9739754266478435,0.29644475293017886,0.9516907213301559,0.8019341240969733,0.7166834651791846,0.3087079969940913,0.9896026937550028,0.3044931870359788,0.008506733895544858,0.04270196259439156,0.30442076981547483,0.037727821232786056,0.10728348578146604,0.32158634069335285,0.008452873519498461,0.7998488930622698,0.11692473150559173,0.0078049199212593835,0.30442076981547483,0.8963423052232246,1.0,0.5894310546503384,0.036745683747183226,0.032590339737544716,0.32709112482039143,0.9031452886992307,0.30442076981547483,0.30442076981547483,0.30442076981547483,0.8762100967133953,0.30442076981547483,0.8963423052232246,0.5894310546503384,0.998930162703404,0.8762100967133953,0.30442076981547483,0.5894310546503384,0.8762100967133948,0.8963423052232246,0.3265885465104167,1.0,0.32158634069335285,0.036745683747183226,0.998930162703404,1.0,0.036745683747183226,0.561444861388682,0.040280915822553526,0.6174889196474497,1.0,0.11692473150559173,0.3265885465104167,0.3265885465104167,0.04134224266505805,0.998930162703404,0.30249333005540474,0.8963423052232246,0.998930162703404,0.8963423052232246,0.998930162703404,0.998930162703404,0.11692473150559173,0.561444861388682,0.561444861388682,0.008188124511342786,0.998930162703404,0.009894989386511843,0.13261395810175,0.5894310546503384,0.6174889196474497,0.3265885465104167,0.998930162703404,1.0,0.5894310546503384,0.1298943352380593,0.5904281291389651,0.32709112482039143,0.7189972736310137,0.3265885465104167,0.15283059170000057,0.040280915822553526,0.11692473150559173,0.08686135579216814,0.5586546076527331
sub-31152_ses-baseline_fs,lh_PhG_L_6_6_thickness,0.16379739400908058,0.061036643097020185,0.04945057284537451,0.29249151803487466,0.1096339653351024,0.00027882590784943545,0.00042904695925160787,0.036551882150658105,1.70905008966095e-05,5.5103426485536554e-05,0.10232884161123622,0.0645837510135092,0.0001978273113476354,0.015573843573925128,0.005340895650762548,0.21465572697441437,0.00022037098476112774,0.02507635402628211,0.5893375835136451,0.8748175485470402,0.9982538507402299,0.5894310546503391,1.922025183561333e-06,0.9006167035135066,0.567651911518908,1.1039940379546782e-07,0.16379739400908058,0.8830801150339574,9.541901642502003e-08,0.5894310546503391,0.1096339653351024,0.036745683747183226,0.30442076981547533,1.0,1.4356722784152303e-06,0.5608246406606904,0.10589208255728047,0.5894310546503391,0.5894310546503391,0.5894310546503391,0.008588100528336313,0.5894310546503391,0.1096339653351024,0.30442076981547533,0.03259033973754477,0.008588100528336313,0.5894310546503391,0.30442076981547533,0.12070688793493523,0.1096339653351024,0.5614448613886819,0.036745683747183226,0.567651911518908,1.0,0.03259033973754477,0.036745683747183226,1.0,0.0013032446135279004,0.9993526776397597,0.2831508459688398,0.036745683747183226,0.8830801150339574,0.5614448613886819,0.5614448613886819,0.998930162703404,0.03259033973754477,0.5919239004649673,0.1096339653351024,0.03259033973754477,0.1096339653351024,0.03259033973754477,0.03259033973754477,0.8830801150339574,0.0013032446135279004,0.0013032446135279004,1.0415219955150275e-07,0.03259033973754477,0.8963423052232246,0.8546983504231342,0.30442076981547533,0.2831508459688398,0.5614448613886819,0.03259033973754477,0.036745683747183226,0.30442076981547533,0.8595916521442373,0.3036489408663891,0.5608246406606904,0.21316857111874046,0.5614448613886819,0.8188422837933614,0.9993526776397597,0.8830801150339574,0.9372987635595184,0.0012814361017811614
sub-31152_ses-baseline_fs,lh_pSTS_L_2_1_thickness,0.21900211445587578,0.44072271157291054,0.4910148904284153,0.11568441835552988,0.30442076981547483,0.9227474661820465,0.9579733366719613,0.5626855767172729,0.5819562650461744,0.7356154166459292,0.31992022961882455,0.42726065048834605,0.8890618384212059,0.7492883924637406,0.9193678993533295,0.1673976024859166,0.9001268319692519,0.6489845446686523,0.03260349495073489,0.00017307947416964306,0.0016138220836060355,0.032590339737544806,0.3316334985721911,0.0062210151293947006,0.03578533003541197,0.1312488369957674,0.21900211445587578,0.007086414687461111,0.12458174787781474,0.032590339737544806,0.30442076981547483,0.561444861388682,0.10963396533510217,0.0013032446135279004,0.3044207698154743,0.036842911113365906,0.3122013136238378,0.032590339737544806,0.032590339737544806,0.032590339737544806,0.8546983504231344,0.032590339737544806,0.30442076981547483,0.10963396533510217,0.5894310546503392,0.8546983504231344,0.032590339737544806,0.10963396533510217,0.28315084596883994,0.30442076981547483,0.036745683747183226,0.561444861388682,0.03578533003541197,0.0013032446135279004,0.5894310546503392,0.561444861388682,0.0013032446135279004,1.0,0.001484949781546951,0.12070688793493534,0.561444861388682,0.007086414687461111,0.036745683747183226,0.036745683747183226,0.0015410062941669878,0.5894310546503392,0.03224120246654069,0.30442076981547483,0.5894310546503392,0.30442076981547483,0.5894310546503392,0.5894310546503392,0.007086414687461111,1.0,1.0,0.12855041446407184,0.5894310546503392,0.0002122893524678097,0.008588100528336329,0.10963396533510217,0.12070688793493534,0.036745683747183226,0.5894310546503392,0.561444861388682,0.10963396533510217,0.008319555888162097,0.11001371261589342,0.036842911113365906,0.1686538668843031,0.036745683747183226,0.010691923606797589,0.001484949781546951,0.007086414687461111,0.004534970437178346,0.9999892959574787
sub-31152_ses-baseline_fs,lh_pSTS_L_2_2_thickness,0.17528901198699,0.06641553960683909,0.05397794118780943,0.3092703834202932,0.11817521930392065,0.00032231916690191503,0.0004940495612677865,0.04007143426724233,2.02163684877877e-05,6.458206792526783e-05,0.11043022526555026,0.07021454780116547,0.0002293777802438718,0.017266610822388617,0.0059964101291064735,0.22849597816803116,0.00025527589805338866,0.0276322999793092,0.6111601347470084,0.8581302529865473,0.9997324333071026,0.6112536743868652,2.3102852356388446e-06,0.9149761831757358,0.5894310546503391,1.3525369760141726e-07,0.17528901198699,0.8984888358995194,1.1700895388349255e-07,0.6112536743868652,0.11817521930392065,0.040280915822553526,0.3215863406933533,0.9993526776397597,1.7292017899710675e-06,0.5825789144561164,0.114209412941929,0.6112536743868652,0.6112536743868652,0.6112536743868652,0.009590140439630385,0.6112536743868652,0.11817521930392065,0.3215863406933533,0.035785330035411934,0.009590140439630385,0.6112536743868652,0.3215863406933533,0.1298943352380593,0.11817521930392065,0.5832016134958905,0.040280915822553526,0.5894310546503391,0.9993526776397597,0.035785330035411934,0.040280915822553526,0.9993526776397597,0.001484949781546951,1.0,0.2996155252555831,0.040280915822553526,0.8984888358995194,0.5832016134958905,0.5832016134958905,0.9999471416449036,0.035785330035411934,0.6137479674073854,0.11817521930392065,0.035785330035411934,0.11817521930392065,0.035785330035411934,0.035785330035411934,0.8984888358995194,0.001484949781546951,0.001484949781546951,1.2764727905119606e-07,0.035785330035411934,0.8808074239996598,0.8715446207953425,0.3215863406933533,0.2996155252555831,0.5832016134958905,0.035785330035411934,0.040280915822553526,0.3215863406933533,0.8762100967133948,0.32078998126821623,0.5825789144561164,0.22694526334536944,0.5832016134958905,0.8371442394891777,1.0,0.8984888358995194,0.9489016804399438,0.0014603437522290646
sub-31152_ses-baseline_fs,lh_SPL_L_4_1_thickness,0.9520166218315709,0.73984557115979,0.6886801004884092,0.9997885833430581,0.8762100967133953,0.04883041498048086,0.06329641451861664,0.6162420147898074,0.008266758274490256,0.01772249896764442,0.8612168052204315,0.7535465761640059,0.039587943809601706,0.43144553075672476,0.2578853350448649,0.9863664704900671,0.04230054131760516,0.5301932137107945,0.8547722113478305,0.10892467412158308,0.31048968162357105,0.8546983504231342,0.0018857897130236567,0.5275018001684811,0.8715446207953425,0.00025120156509672744,0.9520166218315709,0.5521518526591566,0.00022616458407559564,0.8546983504231342,0.8762100967133953,0.6174889196474497,0.998930162703404,0.2831508459688398,0.001541006294166981,0.8766729182264057,0.868713183522444,0.8546983504231342,0.8546983504231342,0.8546983504231342,0.32658854651041735,0.8546983504231342,0.8762100967133953,0.998930162703404,0.5894310546503391,0.32658854651041735,0.8546983504231342,0.998930162703404,0.8963423052232251,0.8762100967133953,0.8762100967133948,0.6174889196474497,0.8715446207953425,0.2831508459688398,0.5894310546503391,0.6174889196474497,0.2831508459688398,0.12070688793493534,0.2996155252555831,1.0,0.6174889196474497,0.5521518526591566,0.8762100967133948,0.8762100967133948,0.3044207698154747,0.5894310546503391,0.8527235959519964,0.8762100967133953,0.5894310546503391,0.8762100967133953,0.5894310546503391,0.5894310546503391,0.5521518526591566,0.12070688793493534,0.12070688793493534,0.0002408893938836344,0.5894310546503391,0.1207068879349349,0.5894310546503391,0.998930162703404,1.0,0.8762100967133948,0.5894310546503391,0.6174889196474497,0.998930162703404,0.5832016134958905,0.9990048503426051,0.8766729182264057,0.9857119889333684,0.8762100967133948,0.6330016053414171,0.2996155252555831,0.5521518526591566,0.47008089803178493,0.11956255815015926
sub-31152_ses-baseline_fs,lh_SPL_L_4_2_thickness,0.7998488930622698,0.9790780642570237,0.9930336758973438,0.6050174255155345,0.8963423052232246,0.3367207823163597,0.39257167155026707,0.9999978856121494,0.10681811676796915,0.17794351810901238,0.9096112137496586,0.9739754266478435,0.29644475293017886,0.9516907213301559,0.8019341240969733,0.7166834651791846,0.3087079969940913,0.9896026937550028,0.3044931870359788,0.008506733895544858,0.04270196259439156,0.30442076981547483,0.037727821232786056,0.10728348578146604,0.32158634069335285,0.008452873519498461,0.7998488930622698,0.11692473150559173,0.0078049199212593835,0.30442076981547483,0.8963423052232246,1.0,0.5894310546503384,0.036745683747183226,0.032590339737544716,0.32709112482039143,0.9031452886992307,0.30442076981547483,0.30442076981547483,0.30442076981547483,0.8762100967133953,0.30442076981547483,0.8963423052232246,0.5894310546503384,0.998930162703404,0.8762100967133953,0.30442076981547483,0.5894310546503384,0.8762100967133948,0.8963423052232246,0.3265885465104167,1.0,0.32158634069335285,0.036745683747183226,0.998930162703404,1.0,0.036745683747183226,0.561444861388682,0.040280915822553526,0.6174889196474497,1.0,0.11692473150559173,0.3265885465104167,0.3265885465104167,0.04134224266505805,0.998930162703404,0.30249333005540474,0.8963423052232246,0.998930162703404,0.8963423052232246,0.998930162703404,0.998930162703404,0.11692473150559173,0.561444861388682,0.561444861388682,0.008188124511342786,0.998930162703404,0.009894989386511843,0.13261395810175,0.5894310546503384,0.6174889196474497,0.3265885465104167,0.998930162703404,1.0,0.5894310546503384,0.1298943352380593,0.5904281291389651,0.32709112482039143,0.7189972736310137,0.3265885465104167,0.15283059170000057,0.040280915822553526,0.11692473150559173,0.08686135579216814,0.5586546076527331
sub-31152_ses-baseline_fs,lh_SPL_L_4_3_thickness,0.37347802295102966,0.17528901198699007,0.1483416747851444,0.5645473162023691,0.2762649449396828,0.0018517354482712,0.002700034082707645,0.11642738767206648,0.00015613761913236887,0.00044288887812205235,0.2620755693000936,0.18326846427680768,0.0013699789186613772,0.05797613911682151,0.02367063684243641,0.45464040340245654,0.0015062769213370273,0.08575838343916324,0.8691157549203702,0.5969109739854362,0.9079150148097084,0.8691867473774927,2.192462960750708e-05,0.9991546015164525,0.8522283682222339,1.6399103530210085e-06,0.37347802295102966,1.0,1.4356722784152303e-06,0.8691867473774927,0.2762649449396828,0.11692473150559173,0.5800886272155389,0.8830801150339574,1.6845189648288276e-05,0.8467407253653393,0.2690339127773046,0.8691867473774927,0.8691867473774927,0.8691867473774927,0.03531320668945891,0.8691867473774927,0.2762649449396828,0.5800886272155389,0.10612300403883246,0.03531320668945891,0.8691867473774927,0.5800886272155389,0.29722963822892734,0.2762649449396828,0.847242616890197,0.11692473150559173,0.8522283682222339,0.8830801150339574,0.10612300403883246,0.11692473150559173,0.8830801150339574,0.007086414687461111,0.8984888358995194,0.5521518526591566,0.11692473150559173,1.0,0.847242616890197,0.847242616890197,0.9027257512556865,0.10612300403883246,0.8710743767523882,0.2762649449396828,0.10612300403883246,0.2762649449396828,0.10612300403883246,0.10612300403883246,1.0,0.007086414687461111,0.007086414687461111,1.555065281840202e-06,0.10612300403883246,0.6268369813611766,0.9980988583861022,0.5800886272155389,0.5521518526591566,0.847242616890197,0.10612300403883246,0.11692473150559173,0.5800886272155389,0.9986793789847219,0.5790927527360998,0.8467407253653393,0.4523827544166829,0.847242616890197,0.9911201014026337,0.8984888358995194,1.0,0.990412565505125,0.006983926168562502
sub-31152_ses-baseline_fs,lh_SPL_L_4_4_thickness,0.7099615901006785,0.43493690200535273,0.38707000548812276,0.8853352705367961,0.5894310546503391,0.012095771392060334,0.016573979539083152,0.3255846727304186,0.001473966890180911,0.003606075046601632,0.5697331118525899,0.44849299932088016,0.00939208373212171,0.19410489317766458,0.09692866703196445,0.7936916919243535,0.0101717984436067,0.260330698575481,0.9989372792801435,0.2817654321347347,0.5972227158340677,0.998930162703404,0.00026745039667891863,0.8267151279127344,0.9999471416449036,2.7135968522166388e-05,0.7099615901006785,0.847242616890197,2.4110621724655782e-05,0.998930162703404,0.5894310546503391,0.3265885465104167,0.8963423052232251,0.5614448613886819,0.00021228935246780933,0.9999994714026182,0.5794661889375499,0.998930162703404,0.998930162703404,0.998930162703404,0.13261395810175,0.998930162703404,0.5894310546503391,0.8963423052232251,0.30442076981547483,0.13261395810175,0.998930162703404,0.8963423052232251,0.6174889196474498,0.5894310546503391,1.0,0.3265885465104167,0.9999471416449036,0.5614448613886819,0.30442076981547483,0.3265885465104167,0.5614448613886819,0.036745683747183226,0.5832016134958905,0.8762100967133948,0.3265885465104167,0.847242616890197,1.0,1.0,0.5894310546503391,0.30442076981547483,0.9987316423972167,0.5894310546503391,0.30442076981547483,0.5894310546503391,0.30442076981547483,0.30442076981547483,0.847242616890197,0.036745683747183226,0.036745683747183226,2.588481079645009e-05,0.30442076981547483,0.3044207698154747,0.8762100967133953,0.8963423052232251,0.8762100967133948,1.0,0.30442076981547483,0.3265885465104167,0.8963423052232251,0.871544620795343,0.8956514995296461,0.9999994714026182,0.7915525262547998,1.0,0.9068455351562591,0.5832016134958905,0.847242616890197,0.7746640574879581,0.03631085096915168
sub-31152_ses-baseline_fs,lh_IPL_L_6_1_thickness,0.7099615901006785,0.43493690200535273,0.38707000548812276,0.8853352705367961,0.5894310546503391,0.012095771392060334,0.016573979539083152,0.3255846727304186,0.001473966890180911,0.003606075046601632,0.5697331118525899,0.44849299932088016,0.00939208373212171,0.19410489317766458,0.09692866703196445,0.7936916919243535,0.0101717984436067,0.260330698575481,0.9989372792801435,0.2817654321347347,0.5972227158340677,0.998930162703404,0.00026745039667891863,0.8267151279127344,0.9999471416449036,2.7135968522166388e-05,0.7099615901006785,0.847242616890197,2.4110621724655782e-05,0.998930162703404,0.5894310546503391,0.3265885465104167,0.8963423052232251,0.5614448613886819,0.00021228935246780933,0.9999994714026182,0.5794661889375499,0.998930162703404,0.998930162703404,0.998930162703404,0.13261395810175,0.998930162703404,0.5894310546503391,0.8963423052232251,0.30442076981547483,0.13261395810175,0.998930162703404,0.8963423052232251,0.6174889196474498,0.5894310546503391,1.0,0.3265885465104167,0.9999471416449036,0.5614448613886819,0.30442076981547483,0.3265885465104167,0.5614448613886819,0.036745683747183226,0.5832016134958905,0.8762100967133948,0.3265885465104167,0.847242616890197,1.0,1.0,0.5894310546503391,0.30442076981547483,0.9987316423972167,0.5894310546503391,0.30442076981547483,0.5894310546503391,0.30442076981547483,0.30442076981547483,0.847242616890197,0.036745683747183226,0.036745683747183226,2.588481079645009e-05,0.30442076981547483,0.3044207698154747,0.8762100967133953,0.8963423052232251,0.8762100967133948,1.0,0.30442076981547483,0.3265885465104167,0.8963423052232251,0.871544620795343,0.8956514995296461,0.9999994714026182,0.7915525262547998,1.0,0.9068455351562591,0.5832016134958905,0.847242616890197,0.7746640574879581,0.03631085096915168
sub-31152_ses-baseline_fs,lh_IPL_L_6_2_thickness,0.1786755049259062,0.06802148881881127,0.055332845885000426,0.3141640393862519,0.12070688793493523,0.0003358685969988897,0.0005142469156426664,0.041128111261821934,2.120519285221257e-05,6.75622154837502e-05,0.11283372092889572,0.07189460852168544,0.00023922661589867843,0.017778987377600863,0.006196592664730429,0.2325564670036846,0.0002661649763094335,0.028402550584295177,0.6173954048934784,0.8532182094387917,0.9999174100480059,0.6174889196474497,2.4344044563405394e-06,0.9189021805870227,0.595664058655481,1.432982274801456e-07,0.1786755049259062,0.9027257512556865,1.2400110398215342e-07,0.6174889196474497,0.12070688793493523,0.04134224266505805,0.32658854651041735,0.998930162703404,1.823162300088964e-06,0.588807929094807,0.11667585626560606,0.6174889196474497,0.6174889196474497,0.6174889196474497,0.009894989386511878,0.6174889196474497,0.12070688793493523,0.32658854651041735,0.036745683747183226,0.009894989386511878,0.6174889196474497,0.32658854651041735,0.1326139581017499,0.12070688793493523,0.5894310546503391,0.04134224266505805,0.595664058655481,0.998930162703404,0.036745683747183226,0.04134224266505805,0.998930162703404,0.0015410062941669878,0.9999471416449036,0.3044207698154747,0.04134224266505805,0.9027257512556865,0.5894310546503391,0.5894310546503391,1.0,0.036745683747183226,0.6199824380760496,0.12070688793493523,0.036745683747183226,0.12070688793493523,0.036745683747183226,0.036745683747183226,0.9027257512556865,0.0015410062941669878,0.0015410062941669878,1.352536976014163e-07,0.036745683747183226,0.8762100967133948,0.8762100967133948,0.32658854651041735,0.3044207698154747,0.5894310546503391,0.036745683747183226,0.04134224266505805,0.32658854651041735,0.8808074239996598,0.3257853105382937,0.588807929094807,0.23098759666404595,0.5894310546503391,0.8422477400750377,0.9999471416449036,0.9027257512556865,0.9520166218315709,0.0015155434913162842
sub-31152_ses-baseline_fs,lh_IPL_L_6_3_thickness,0.7746640574879582,0.9687690187714367,0.9865590506676591,0.5769770076553429,0.8762100967133948,0.3601252932562184,0.4177661543261989,0.9990231006599258,0.11767380050755603,0.19371126524832613,0.8905208374144749,0.9626501566958224,0.3182837336416555,0.9646160337230467,0.8260854591719,0.6893832926494982,0.3310486362604639,0.9951790988466086,0.28322022445867917,0.007366359415966629,0.037976802828187516,0.2831508459688398,0.042427047882552436,0.09718731601088164,0.2996155252555831,0.009741501216138879,0.7746640574879582,0.10612300403883246,0.009005472320010378,0.2831508459688398,0.8762100967133948,0.998930162703404,0.5614448613886812,0.03259033973754477,0.036745683747183115,0.30490373980896834,0.8835325542435518,0.2831508459688398,0.2831508459688398,0.2831508459688398,0.8963423052232251,0.2831508459688398,0.8762100967133948,0.5614448613886812,1.0,0.8963423052232251,0.2831508459688398,0.5614448613886812,0.8546983504231342,0.8762100967133948,0.30442076981547483,0.998930162703404,0.2996155252555831,0.03259033973754477,1.0,0.998930162703404,0.03259033973754477,0.5894310546503392,0.035785330035411934,0.5894310546503391,0.998930162703404,0.10612300403883246,0.30442076981547483,0.30442076981547483,0.036745683747183226,1.0,0.28130454073602756,0.8762100967133948,1.0,0.8762100967133948,1.0,1.0,0.10612300403883246,0.5894310546503392,0.5894310546503392,0.009440881940753898,1.0,0.008588100528336275,0.12070688793493523,0.5614448613886812,0.5894310546503391,0.30442076981547483,1.0,0.998930162703404,0.5614448613886812,0.1181752193039207,0.5624374047743939,0.30490373980896834,0.6917356486870573,0.30442076981547483,0.13957168319018917,0.035785330035411934,0.10612300403883246,0.07833223511211909,0.5866272887747174
sub-31152_ses-baseline_fs,lh_IPL_L_6_4_thickness,0.6801005459992306,0.40704331135636085,0.36065469615691653,0.8624973012994396,0.5589645407294653,0.010400744260628855,0.014329132228405416,0.3015322786829084,0.0012272275339112737,0.0030415372496839176,0.5393996466739883,0.4202380305617315,0.00804184831611641,0.1769561789844367,0.08682187629049655,0.7659957835613586,0.008720979043603607,0.2393738703134654,0.9999908962706254,0.3049037398089689,0.62777132291225,0.9999915424754213,0.00021774047364642908,0.8517325276530299,0.9991963262886725,2.1510722511244568e-05,0.6801005459992306,0.8710743767523882,1.9087789694184212e-05,0.9999915424754213,0.5589645407294653,0.30249333005540474,0.8743520090881965,0.5919239004649673,0.00017234026770145147,0.9986793789847219,0.5490594674237005,0.9999915424754213,0.9999915424754213,0.9999915424754213,0.11968929481916012,0.9999915424754213,0.5589645407294653,0.8743520090881965,0.28130454073602756,0.11968929481916012,0.9999915424754213,0.8743520090881965,0.5869387790560233,0.5589645407294653,0.9987316423972167,0.30249333005540474,0.9991963262886725,0.5919239004649673,0.28130454073602756,0.30249333005540474,0.5919239004649673,0.03224120246654069,0.6137479674073854,0.8527235959519964,0.30249333005540474,0.8710743767523882,0.9987316423972167,0.9987316423972167,0.6199824380760496,0.28130454073602756,1.0,0.5589645407294653,0.28130454073602756,0.5589645407294653,0.28130454073602756,0.28130454073602756,0.8710743767523882,0.03224120246654069,0.03224120246654069,2.05083013489311e-05,0.28130454073602756,0.3286014205567385,0.8980610177717637,0.8743520090881965,0.8527235959519964,0.9987316423972167,0.28130454073602756,0.30249333005540474,0.8743520090881965,0.893742055590357,0.8736057401664977,0.9986793789847219,0.7637789210362987,0.9987316423972167,0.9261009534876861,0.6137479674073854,0.8710743767523882,0.8020436843972527,0.03185224781133295
sub-31152_ses-baseline_fs,lh_IPL_L_6_5_thickness,0.9801007360088808,0.9662119548929463,0.9407236368149202,0.8668123428956352,1.0,0.15134349769268007,0.18558716077318407,0.895478502631507,0.03559584082850472,0.0668700526953821,0.9994706321339216,0.9720330689838642,0.12810923600436006,0.7362612980992891,0.5267657851771019,0.9411119198837549,0.1350549824420884,0.8290093945120636,0.5615379024361096,0.03232818582456165,0.12392945293445867,0.5614448613886819,0.010208449504965645,0.2584095227513214,0.5832016134958905,0.0017853191428805998,0.9801007360088808,0.2762649449396828,0.0016287607443379256,0.5614448613886819,1.0,0.8963423052232246,0.8546983504231342,0.1096339653351024,0.00858810052833626,0.5900542158464734,0.9998646881899689,0.5614448613886819,0.5614448613886819,0.5614448613886819,0.6174889196474497,0.5614448613886819,1.0,0.8546983504231342,0.8762100967133948,0.6174889196474497,0.5614448613886819,0.8546983504231342,0.998930162703404,1.0,0.5894310546503391,0.8963423052232246,0.5832016134958905,0.1096339653351024,0.8762100967133948,0.8963423052232246,0.1096339653351024,0.30442076981547483,0.11817521930392065,0.8762100967133953,0.8963423052232246,0.2762649449396828,0.5894310546503391,0.5894310546503391,0.12070688793493523,0.8762100967133948,0.5589645407294653,1.0,0.8762100967133948,1.0,0.8762100967133948,0.8762100967133948,0.2762649449396828,0.30442076981547483,0.30442076981547483,0.0017211030312855354,0.8762100967133948,0.03674568374718319,0.30442076981547533,0.8546983504231342,0.8762100967133953,0.5894310546503391,0.8762100967133948,0.8963423052232246,0.8546983504231342,0.2996155252555837,0.8554854803195509,0.5900542158464734,0.9424034013503644,0.5894310546503391,0.339228873662802,0.11817521930392065,0.2762649449396828,0.21900211445587564,0.3022529002560834
sub-31152_ses-baseline_fs,lh_IPL_L_6_6_thickness,0.7746640574879582,0.9687690187714367,0.9865590506676591,0.5769770076553429,0.8762100967133948,0.3601252932562184,0.4177661543261989,0.9990231006599258,0.11767380050755603,0.19371126524832613,0.8905208374144749,0.9626501566958224,0.3182837336416555,0.9646160337230467,0.8260854591719,0.6893832926494982,0.3310486362604639,0.9951790988466086,0.28322022445867917,0.007366359415966629,0.037976802828187516,0.2831508459688398,0.042427047882552436,0.09718731601088164,0.2996155252555831,0.009741501216138879,0.7746640574879582,0.10612300403883246,0.009005472320010378,0.2831508459688398,0.8762100967133948,0.998930162703404,0.5614448613886812,0.03259033973754477,0.036745683747183115,0.30490373980896834,0.8835325542435518,0.2831508459688398,0.2831508459688398,0.2831508459688398,0.8963423052232251,0.2831508459688398,0.8762100967133948,0.5614448613886812,1.0,0.8963423052232251,0.2831508459688398,0.5614448613886812,0.8546983504231342,0.8762100967133948,0.30442076981547483,0.998930162703404,0.2996155252555831,0.03259033973754477,1.0,0.998930162703404,0.03259033973754477,0.5894310546503392,0.035785330035411934,0.5894310546503391,0.998930162703404,0.10612300403883246,0.30442076981547483,0.30442076981547483,0.036745683747183226,1.0,0.28130454073602756,0.8762100967133948,1.0,0.8762100967133948,1.0,1.0,0.10612300403883246,0.5894310546503392,0.5894310546503392,0.009440881940753898,1.0,0.008588100528336275,0.12070688793493523,0.5614448613886812,0.5894310546503391,0.30442076981547483,1.0,0.998930162703404,0.5614448613886812,0.1181752193039207,0.5624374047743939,0.30490373980896834,0.6917356486870573,0.30442076981547483,0.13957168319018917,0.035785330035411934,0.10612300403883246,0.07833223511211909,0.5866272887747174
sub-31152_ses-baseline_fs,lh_PCun_L_4_1_thickness,0.9801007360088808,0.9662119548929463,0.9407236368149202,0.8668123428956352,1.0,0.15134349769268007,0.18558716077318407,0.895478502631507,0.03559584082850472,0.0668700526953821,0.9994706321339216,0.9720330689838642,0.12810923600436006,0.7362612980992891,0.5267657851771019,0.9411119198837549,0.1350549824420884,0.8290093945120636,0.5615379024361096,0.03232818582456165,0.12392945293445867,0.5614448613886819,0.010208449504965645,0.2584095227513214,0.5832016134958905,0.0017853191428805998,0.9801007360088808,0.2762649449396828,0.0016287607443379256,0.5614448613886819,1.0,0.8963423052232246,0.8546983504231342,0.1096339653351024,0.00858810052833626,0.5900542158464734,0.9998646881899689,0.5614448613886819,0.5614448613886819,0.5614448613886819,0.6174889196474497,0.5614448613886819,1.0,0.8546983504231342,0.8762100967133948,0.6174889196474497,0.5614448613886819,0.8546983504231342,0.998930162703404,1.0,0.5894310546503391,0.8963423052232246,0.5832016134958905,0.1096339653351024,0.8762100967133948,0.8963423052232246,0.1096339653351024,0.30442076981547483,0.11817521930392065,0.8762100967133953,0.8963423052232246,0.2762649449396828,0.5894310546503391,0.5894310546503391,0.12070688793493523,0.8762100967133948,0.5589645407294653,1.0,0.8762100967133948,1.0,0.8762100967133948,0.8762100967133948,0.2762649449396828,0.30442076981547483,0.30442076981547483,0.0017211030312855354,0.8762100967133948,0.03674568374718319,0.30442076981547533,0.8546983504231342,0.8762100967133953,0.5894310546503391,0.8762100967133948,0.8963423052232246,0.8546983504231342,0.2996155252555837,0.8554854803195509,0.5900542158464734,0.9424034013503644,0.5894310546503391,0.339228873662802,0.11817521930392065,0.2762649449396828,0.21900211445587564,0.3022529002560834
sub-31152_ses-baseline_fs,lh_PCun_L_4_2_thickness,0.7746640574879582,0.9687690187714367,0.9865590506676591,0.5769770076553429,0.8762100967133948,0.3601252932562184,0.4177661543261989,0.9990231006599258,0.11767380050755603,0.19371126524832613,0.8905208374144749,0.9626501566958224,0.3182837336416555,0.9646160337230467,0.8260854591719,0.6893832926494982,0.3310486362604639,0.9951790988466086,0.28322022445867917,0.007366359415966629,0.037976802828187516,0.2831508459688398,0.042427047882552436,0.09718731601088164,0.2996155252555831,0.009741501216138879,0.7746640574879582,0.10612300403883246,0.009005472320010378,0.2831508459688398,0.8762100967133948,0.998930162703404,0.5614448613886812,0.03259033973754477,0.036745683747183115,0.30490373980896834,0.8835325542435518,0.2831508459688398,0.2831508459688398,0.2831508459688398,0.8963423052232251,0.2831508459688398,0.8762100967133948,0.5614448613886812,1.0,0.8963423052232251,0.2831508459688398,0.5614448613886812,0.8546983504231342,0.8762100967133948,0.30442076981547483,0.998930162703404,0.2996155252555831,0.03259033973754477,1.0,0.998930162703404,0.03259033973754477,0.5894310546503392,0.035785330035411934,0.5894310546503391,0.998930162703404,0.10612300403883246,0.30442076981547483,0.30442076981547483,0.036745683747183226,1.0,0.28130454073602756,0.8762100967133948,1.0,0.8762100967133948,1.0,1.0,0.10612300403883246,0.5894310546503392,0.5894310546503392,0.009440881940753898,1.0,0.008588100528336275,0.12070688793493523,0.5614448613886812,0.5894310546503391,0.30442076981547483,1.0,0.998930162703404,0.5614448613886812,0.1181752193039207,0.5624374047743939,0.30490373980896834,0.6917356486870573,0.30442076981547483,0.13957168319018917,0.035785330035411934,0.10612300403883246,0.07833223511211909,0.5866272887747174
sub-31152_ses-baseline_fs,lh_PCun_L_4_3_thickness,0.7746640574879582,0.9687690187714367,0.9865590506676591,0.5769770076553429,0.8762100967133948,0.3601252932562184,0.4177661543261989,0.9990231006599258,0.11767380050755603,0.19371126524832613,0.8905208374144749,0.9626501566958224,0.3182837336416555,0.9646160337230467,0.8260854591719,0.6893832926494982,0.3310486362604639,0.9951790988466086,0.28322022445867917,0.007366359415966629,0.037976802828187516,0.2831508459688398,0.042427047882552436,0.09718731601088164,0.2996155252555831,0.009741501216138879,0.7746640574879582,0.10612300403883246,0.009005472320010378,0.2831508459688398,0.8762100967133948,0.998930162703404,0.5614448613886812,0.03259033973754477,0.036745683747183115,0.30490373980896834,0.8835325542435518,0.2831508459688398,0.2831508459688398,0.2831508459688398,0.8963423052232251,0.2831508459688398,0.8762100967133948,0.5614448613886812,1.0,0.8963423052232251,0.2831508459688398,0.5614448613886812,0.8546983504231342,0.8762100967133948,0.30442076981547483,0.998930162703404,0.2996155252555831,0.03259033973754477,1.0,0.998930162703404,0.03259033973754477,0.5894310546503392,0.035785330035411934,0.5894310546503391,0.998930162703404,0.10612300403883246,0.30442076981547483,0.30442076981547483,0.036745683747183226,1.0,0.28130454073602756,0.8762100967133948,1.0,0.8762100967133948,1.0,1.0,0.10612300403883246,0.5894310546503392,0.5894310546503392,0.009440881940753898,1.0,0.008588100528336275,0.12070688793493523,0.5614448613886812,0.5894310546503391,0.30442076981547483,1.0,0.998930162703404,0.5614448613886812,0.1181752193039207,0.5624374047743939,0.30490373980896834,0.6917356486870573,0.30442076981547483,0.13957168319018917,0.035785330035411934,0.10612300403883246,0.07833223511211909,0.5866272887747174
sub-31152_ses-baseline_fs,lh_PCun_L_4_4_thickness,0.37347802295102966,0.17528901198699007,0.1483416747851444,0.5645473162023691,0.2762649449396828,0.0018517354482712,0.002700034082707645,0.11642738767206648,0.00015613761913236887,0.00044288887812205235,0.2620755693000936,0.18326846427680768,0.0013699789186613772,0.05797613911682151,0.02367063684243641,0.45464040340245654,0.0015062769213370273,0.08575838343916324,0.8691157549203702,0.5969109739854362,0.9079150148097084,0.8691867473774927,2.192462960750708e-05,0.9991546015164525,0.8522283682222339,1.6399103530210085e-06,0.37347802295102966,1.0,1.4356722784152303e-06,0.8691867473774927,0.2762649449396828,0.11692473150559173,0.5800886272155389,0.8830801150339574,1.6845189648288276e-05,0.8467407253653393,0.2690339127773046,0.8691867473774927,0.8691867473774927,0.8691867473774927,0.03531320668945891,0.8691867473774927,0.2762649449396828,0.5800886272155389,0.10612300403883246,0.03531320668945891,0.8691867473774927,0.5800886272155389,0.29722963822892734,0.2762649449396828,0.847242616890197,0.11692473150559173,0.8522283682222339,0.8830801150339574,0.10612300403883246,0.11692473150559173,0.8830801150339574,0.007086414687461111,0.8984888358995194,0.5521518526591566,0.11692473150559173,1.0,0.847242616890197,0.847242616890197,0.9027257512556865,0.10612300403883246,0.8710743767523882,0.2762649449396828,0.10612300403883246,0.2762649449396828,0.10612300403883246,0.10612300403883246,1.0,0.007086414687461111,0.007086414687461111,1.555065281840202e-06,0.10612300403883246,0.6268369813611766,0.9980988583861022,0.5800886272155389,0.5521518526591566,0.847242616890197,0.10612300403883246,0.11692473150559173,0.5800886272155389,0.9986793789847219,0.5790927527360998,0.8467407253653393,0.4523827544166829,0.847242616890197,0.9911201014026337,0.8984888358995194,1.0,0.990412565505125,0.006983926168562502
sub-31152_ses-baseline_fs,lh_PoG_L_4_1_thickness,0.21900211445587578,0.44072271157291054,0.4910148904284153,0.11568441835552988,0.30442076981547483,0.9227474661820465,0.9579733366719613,0.5626855767172729,0.5819562650461744,0.7356154166459292,0.31992022961882455,0.42726065048834605,0.8890618384212059,0.7492883924637406,0.9193678993533295,0.1673976024859166,0.9001268319692519,0.6489845446686523,0.03260349495073489,0.00017307947416964306,0.0016138220836060355,0.032590339737544806,0.3316334985721911,0.0062210151293947006,0.03578533003541197,0.1312488369957674,0.21900211445587578,0.007086414687461111,0.12458174787781474,0.032590339737544806,0.30442076981547483,0.561444861388682,0.10963396533510217,0.0013032446135279004,0.3044207698154743,0.036842911113365906,0.3122013136238378,0.032590339737544806,0.032590339737544806,0.032590339737544806,0.8546983504231344,0.032590339737544806,0.30442076981547483,0.10963396533510217,0.5894310546503392,0.8546983504231344,0.032590339737544806,0.10963396533510217,0.28315084596883994,0.30442076981547483,0.036745683747183226,0.561444861388682,0.03578533003541197,0.0013032446135279004,0.5894310546503392,0.561444861388682,0.0013032446135279004,1.0,0.001484949781546951,0.12070688793493534,0.561444861388682,0.007086414687461111,0.036745683747183226,0.036745683747183226,0.0015410062941669878,0.5894310546503392,0.03224120246654069,0.30442076981547483,0.5894310546503392,0.30442076981547483,0.5894310546503392,0.5894310546503392,0.007086414687461111,1.0,1.0,0.12855041446407184,0.5894310546503392,0.0002122893524678097,0.008588100528336329,0.10963396533510217,0.12070688793493534,0.036745683747183226,0.5894310546503392,0.561444861388682,0.10963396533510217,0.008319555888162097,0.11001371261589342,0.036842911113365906,0.1686538668843031,0.036745683747183226,0.010691923606797589,0.001484949781546951,0.007086414687461111,0.004534970437178346,0.9999892959574787
sub-31152_ses-baseline_fs,lh_PoG_L_4_2_thickness,0.21900211445587578,0.44072271157291054,0.4910148904284153,0.11568441835552988,0.30442076981547483,0.9227474661820465,0.9579733366719613,0.5626855767172729,0.5819562650461744,0.7356154166459292,0.31992022961882455,0.42726065048834605,0.8890618384212059,0.7492883924637406,0.9193678993533295,0.1673976024859166,0.9001268319692519,0.6489845446686523,0.03260349495073489,0.00017307947416964306,0.0016138220836060355,0.032590339737544806,0.3316334985721911,0.0062210151293947006,0.03578533003541197,0.1312488369957674,0.21900211445587578,0.007086414687461111,0.12458174787781474,0.032590339737544806,0.30442076981547483,0.561444861388682,0.10963396533510217,0.0013032446135279004,0.3044207698154743,0.036842911113365906,0.3122013136238378,0.032590339737544806,0.032590339737544806,0.032590339737544806,0.8546983504231344,0.032590339737544806,0.30442076981547483,0.10963396533510217,0.5894310546503392,0.8546983504231344,0.032590339737544806,0.10963396533510217,0.28315084596883994,0.30442076981547483,0.036745683747183226,0.561444861388682,0.03578533003541197,0.0013032446135279004,0.5894310546503392,0.561444861388682,0.0013032446135279004,1.0,0.001484949781546951,0.12070688793493534,0.561444861388682,0.007086414687461111,0.036745683747183226,0.036745683747183226,0.0015410062941669878,0.5894310546503392,0.03224120246654069,0.30442076981547483,0.5894310546503392,0.30442076981547483,0.5894310546503392,0.5894310546503392,0.007086414687461111,1.0,1.0,0.12855041446407184,0.5894310546503392,0.0002122893524678097,0.008588100528336329,0.10963396533510217,0.12070688793493534,0.036745683747183226,0.5894310546503392,0.561444861388682,0.10963396533510217,0.008319555888162097,0.11001371261589342,0.036842911113365906,0.1686538668843031,0.036745683747183226,0.010691923606797589,0.001484949781546951,0.007086414687461111,0.004534970437178346,0.9999892959574787
sub-31152_ses-baseline_fs,lh_PoG_L_4_3_thickness,0.0008249062264325562,0.004237834308591002,0.005635795003897529,0.00022144741476615894,0.0017211030312855354,0.26724462203362115,0.22295010032133286,0.008240472182376396,0.6156185306452376,0.46247083580212955,0.0019319751023058336,0.003913375352228544,0.3052179080916172,0.020670726610883695,0.051505147909324554,0.0004672981437242556,0.293036472219936,0.012685193453665896,2.0918775845869848e-05,4.8520763817084994e-09,1.4538063531329207e-07,2.090380391816114e-05,0.8644215778459163,1.256040267898855e-06,2.4688729964439844e-05,0.9999471416449036,0.0008249062264325562,1.555065281840202e-06,0.9998810726300864,2.090380391816114e-05,0.0017211030312855354,0.008188124511342786,0.0001992179750340459,1.0415219955150275e-07,0.8897923193812551,2.600740939572819e-05,0.001824900619277493,2.090380391816114e-05,2.090380391816114e-05,2.090380391816114e-05,0.03531320668945876,2.090380391816114e-05,0.0017211030312855354,0.0001992179750340459,0.009440881940753898,0.03531320668945876,2.090380391816114e-05,0.0001992179750340459,0.0014576331157028903,0.0017211030312855354,2.588481079645009e-05,0.008188124511342786,2.4688729964439844e-05,1.0415219955150275e-07,0.009440881940753898,0.008188124511342786,1.0415219955150275e-07,0.12855041446407184,1.2764727905119606e-07,0.0002408893938836344,0.008188124511342786,1.555065281840202e-06,2.588481079645009e-05,2.588481079645009e-05,1.352536976014163e-07,0.009440881940753898,2.05083013489311e-05,0.0017211030312855354,0.009440881940753898,0.0017211030312855354,0.009440881940753898,0.009440881940753898,1.555065281840202e-06,0.12855041446407184,0.12855041446407184,1.0,0.009440881940753898,6.576971844945894e-09,2.1354471005446834e-06,0.0001992179750340459,0.0002408893938836344,2.588481079645009e-05,0.009440881940753898,0.008188124511342786,0.0001992179750340459,2.0260348076216793e-06,0.00020057528146725766,2.600740939572819e-05,0.000474595293402844,2.588481079645009e-05,3.075187995900492e-06,1.2764727905119606e-07,1.555065281840202e-06,7.512592674895931e-07,0.12975946765323246
sub-31152_ses-baseline_fs,lh_PoG_L_4_4_thickness,0.7746640574879582,0.9687690187714367,0.9865590506676591,0.5769770076553429,0.8762100967133948,0.3601252932562184,0.4177661543261989,0.9990231006599258,0.11767380050755603,0.19371126524832613,0.8905208374144749,0.9626501566958224,0.3182837336416555,0.9646160337230467,0.8260854591719,0.6893832926494982,0.3310486362604639,0.9951790988466086,0.28322022445867917,0.007366359415966629,0.037976802828187516,0.2831508459688398,0.042427047882552436,0.09718731601088164,0.2996155252555831,0.009741501216138879,0.7746640574879582,0.10612300403883246,0.009005472320010378,0.2831508459688398,0.8762100967133948,0.998930162703404,0.5614448613886812,0.03259033973754477,0.036745683747183115,0.30490373980896834,0.8835325542435518,0.2831508459688398,0.2831508459688398,0.2831508459688398,0.8963423052232251,0.2831508459688398,0.8762100967133948,0.5614448613886812,1.0,0.8963423052232251,0.2831508459688398,0.5614448613886812,0.8546983504231342,0.8762100967133948,0.30442076981547483,0.998930162703404,0.2996155252555831,0.03259033973754477,1.0,0.998930162703404,0.03259033973754477,0.5894310546503392,0.035785330035411934,0.5894310546503391,0.998930162703404,0.10612300403883246,0.30442076981547483,0.30442076981547483,0.036745683747183226,1.0,0.28130454073602756,0.8762100967133948,1.0,0.8762100967133948,1.0,1.0,0.10612300403883246,0.5894310546503392,0.5894310546503392,0.009440881940753898,1.0,0.008588100528336275,0.12070688793493523,0.5614448613886812,0.5894310546503391,0.30442076981547483,1.0,0.998930162703404,0.5614448613886812,0.1181752193039207,0.5624374047743939,0.30490373980896834,0.6917356486870573,0.30442076981547483,0.13957168319018917,0.035785330035411934,0.10612300403883246,0.07833223511211909,0.5866272887747174
sub-31152_ses-baseline_fs,lh_INS_L_6_1_thickness,0.06029827114325905,0.018095926830855487,0.014073577591464497,0.12589416022674668,0.03674568374718319,3.764974811932148e-05,6.093529305370917e-05,0.009833337214265853,1.7109772529608431e-06,6.221043000544888e-06,0.03377904716475257,0.019363836662563208,2.5683725949575414e-05,0.003619653932577603,0.0010539695468592535,0.08468207171486195,2.896358048639871e-05,0.006310998559450732,0.3265131966240777,0.9987828526359489,0.8703677610925504,0.3265885465104167,1.5624000288603747e-07,0.6517045314432234,0.3092703834202932,7.005083626180901e-09,0.06029827114325905,0.6268369813611766,5.982171821819057e-09,0.3265885465104167,0.03674568374718319,0.009894989386511843,0.1326139581017499,0.8963423052232246,1.1365764455453998e-07,0.3039382435281886,0.03521942042277993,0.3265885465104167,0.3265885465104167,0.3265885465104167,0.0018182480908982396,0.3265885465104167,0.03674568374718319,0.1326139581017499,0.008588100528336275,0.0018182480908982396,0.3265885465104167,0.1326139581017499,0.04134224266505805,0.03674568374718319,0.3044207698154747,0.009894989386511843,0.3092703834202932,0.8963423052232246,0.008588100528336275,0.009894989386511843,0.8963423052232246,0.0002122893524678097,0.8808074239996598,0.1207068879349349,0.009894989386511843,0.6268369813611766,0.3044207698154747,0.3044207698154747,0.8762100967133948,0.008588100528336275,0.3286014205567385,0.03674568374718319,0.008588100528336275,0.03674568374718319,0.008588100528336275,0.008588100528336275,0.6268369813611766,0.0002122893524678097,0.0002122893524678097,6.576971844945894e-09,0.008588100528336275,1.0,0.5894310546503384,0.1326139581017499,0.1207068879349349,0.3044207698154747,0.008588100528336275,0.009894989386511843,0.1326139581017499,0.5956640586554802,0.13217596164341433,0.3039382435281886,0.08393979043877943,0.3044207698154747,0.5460317319705362,0.8808074239996598,0.6268369813611766,0.7099615901006785,0.00020828555511967983
sub-31152_ses-baseline_fs,lh_INS_L_6_2_thickness,0.4064823403847521,0.19630345424098394,0.1670236652138836,0.6018993383887772,0.30442076981547533,0.002300346358688993,0.0033318925977016416,0.1320666329007196,0.00020177006038622704,0.0005633276497842221,0.2893656209602253,0.20493575803247274,0.001710714249745225,0.06704455295481251,0.027970120741703252,0.49032255831882676,0.001877872376345552,0.09813707499418597,0.8962776226067726,0.5595844791241603,0.8819459511615104,0.8963423052232251,2.9121231516952386e-05,0.9947279709682624,0.8808074239996604,2.250530066124567e-06,0.4064823403847521,0.9980988583861022,1.9733709343898997e-06,0.8963423052232251,0.30442076981547533,0.13261395810175,0.6174889196474505,0.8546983504231342,2.2452697163972586e-05,0.8757465937020765,0.2967538044056247,0.8963423052232251,0.8963423052232251,0.8963423052232251,0.04134224266505818,0.8963423052232251,0.30442076981547533,0.6174889196474505,0.12070688793493523,0.04134224266505818,0.8963423052232251,0.6174889196474505,0.32658854651041735,0.30442076981547533,0.8762100967133953,0.13261395810175,0.8808074239996604,0.8546983504231342,0.12070688793493523,0.13261395810175,0.8546983504231342,0.008588100528336329,0.8715446207953425,0.5894310546503391,0.13261395810175,0.9980988583861022,0.8762100967133953,0.8762100967133953,0.8762100967133948,0.12070688793493523,0.8980610177717637,0.30442076981547533,0.12070688793493523,0.30442076981547533,0.12070688793493523,0.12070688793493523,0.9980988583861022,0.008588100528336329,0.008588100528336329,2.1354471005446834e-06,0.12070688793493523,0.5894310546503384,1.0,0.6174889196474505,0.5894310546503391,0.8762100967133953,0.12070688793493523,0.13261395810175,0.6174889196474505,0.9999471416449036,0.6164914027274179,0.8757465937020765,0.48800688184032953,0.8762100967133953,0.9974205996088444,0.8715446207953425,0.9980988583861022,0.9801007360088806,0.008466309914983516
sub-31152_ses-baseline_fs,lh_INS_L_6_3_thickness,0.9372987635595179,0.7129796404458169,0.6609938166157602,0.9996696811163714,0.8546983504231342,0.04353571517179685,0.05671576387592658,0.5881848404590319,0.0071554894682509616,0.015523556470925641,0.8388092029529376,0.7269902494244347,0.035158573028642434,0.4058880867160745,0.23871479350119557,0.9777861986416692,0.03761325973596665,0.5027276341730477,0.8762795634185978,0.11994307622085122,0.3329013675433606,0.8762100967133953,0.0015990098717747554,0.5552469793690811,0.8919938874296464,0.00020784510159827375,0.9372987635595179,0.5800886272155389,0.00018690698212147562,0.8762100967133953,0.8546983504231342,0.5894310546503384,1.0,0.30442076981547533,0.0013032446135278913,0.896773096839314,0.8467407253653387,0.8762100967133953,0.8762100967133953,0.8762100967133953,0.30442076981547483,0.8762100967133953,0.8546983504231342,1.0,0.5614448613886812,0.30442076981547483,0.8762100967133953,1.0,0.8762100967133948,0.8546983504231342,0.8963423052232251,0.5894310546503384,0.8919938874296464,0.30442076981547533,0.5614448613886812,0.5894310546503384,0.30442076981547533,0.10963396533510217,0.3215863406933533,0.998930162703404,0.5894310546503384,0.5800886272155389,0.8963423052232251,0.8963423052232251,0.32658854651041735,0.5614448613886812,0.8743520090881965,0.8546983504231342,0.5614448613886812,0.8546983504231342,0.5614448613886812,0.5614448613886812,0.5800886272155389,0.10963396533510217,0.10963396533510217,0.0001992179750340459,0.5614448613886812,0.1326139581017499,0.6174889196474505,1.0,0.998930162703404,0.8963423052232251,0.5614448613886812,0.5894310546503384,1.0,0.611253674386866,0.9999986467912606,0.896773096839314,0.9769584551716581,0.8963423052232251,0.6609319722694122,0.3215863406933533,0.5800886272155389,0.4970472325132923,0.10857136380736798
sub-31152_ses-baseline_fs,lh_CG_L_5_1_thickness,0.9520166218315709,0.73984557115979,0.6886801004884092,0.9997885833430581,0.8762100967133953,0.04883041498048086,0.06329641451861664,0.6162420147898074,0.008266758274490256,0.01772249896764442,0.8612168052204315,0.7535465761640059,0.039587943809601706,0.43144553075672476,0.2578853350448649,0.9863664704900671,0.04230054131760516,0.5301932137107945,0.8547722113478305,0.10892467412158308,0.31048968162357105,0.8546983504231342,0.0018857897130236567,0.5275018001684811,0.8715446207953425,0.00025120156509672744,0.9520166218315709,0.5521518526591566,0.00022616458407559564,0.8546983504231342,0.8762100967133953,0.6174889196474497,0.998930162703404,0.2831508459688398,0.001541006294166981,0.8766729182264057,0.868713183522444,0.8546983504231342,0.8546983504231342,0.8546983504231342,0.32658854651041735,0.8546983504231342,0.8762100967133953,0.998930162703404,0.5894310546503391,0.32658854651041735,0.8546983504231342,0.998930162703404,0.8963423052232251,0.8762100967133953,0.8762100967133948,0.6174889196474497,0.8715446207953425,0.2831508459688398,0.5894310546503391,0.6174889196474497,0.2831508459688398,0.12070688793493534,0.2996155252555831,1.0,0.6174889196474497,0.5521518526591566,0.8762100967133948,0.8762100967133948,0.3044207698154747,0.5894310546503391,0.8527235959519964,0.8762100967133953,0.5894310546503391,0.8762100967133953,0.5894310546503391,0.5894310546503391,0.5521518526591566,0.12070688793493534,0.12070688793493534,0.0002408893938836344,0.5894310546503391,0.1207068879349349,0.5894310546503391,0.998930162703404,1.0,0.8762100967133948,0.5894310546503391,0.6174889196474497,0.998930162703404,0.5832016134958905,0.9990048503426051,0.8766729182264057,0.9857119889333684,0.8762100967133948,0.6330016053414171,0.2996155252555831,0.5521518526591566,0.47008089803178493,0.11956255815015926
sub-31152_ses-baseline_fs,lh_CG_L_5_2_thickness,0.7099615901006785,0.43493690200535273,0.38707000548812276,0.8853352705367961,0.5894310546503391,0.012095771392060334,0.016573979539083152,0.3255846727304186,0.001473966890180911,0.003606075046601632,0.5697331118525899,0.44849299932088016,0.00939208373212171,0.19410489317766458,0.09692866703196445,0.7936916919243535,0.0101717984436067,0.260330698575481,0.9989372792801435,0.2817654321347347,0.5972227158340677,0.998930162703404,0.00026745039667891863,0.8267151279127344,0.9999471416449036,2.7135968522166388e-05,0.7099615901006785,0.847242616890197,2.4110621724655782e-05,0.998930162703404,0.5894310546503391,0.3265885465104167,0.8963423052232251,0.5614448613886819,0.00021228935246780933,0.9999994714026182,0.5794661889375499,0.998930162703404,0.998930162703404,0.998930162703404,0.13261395810175,0.998930162703404,0.5894310546503391,0.8963423052232251,0.30442076981547483,0.13261395810175,0.998930162703404,0.8963423052232251,0.6174889196474498,0.5894310546503391,1.0,0.3265885465104167,0.9999471416449036,0.5614448613886819,0.30442076981547483,0.3265885465104167,0.5614448613886819,0.036745683747183226,0.5832016134958905,0.8762100967133948,0.3265885465104167,0.847242616890197,1.0,1.0,0.5894310546503391,0.30442076981547483,0.9987316423972167,0.5894310546503391,0.30442076981547483,0.5894310546503391,0.30442076981547483,0.30442076981547483,0.847242616890197,0.036745683747183226,0.036745683747183226,2.588481079645009e-05,0.30442076981547483,0.3044207698154747,0.8762100967133953,0.8963423052232251,0.8762100967133948,1.0,0.30442076981547483,0.3265885465104167,0.8963423052232251,0.871544620795343,0.8956514995296461,0.9999994714026182,0.7915525262547998,1.0,0.9068455351562591,0.5832016134958905,0.847242616890197,0.7746640574879581,0.03631085096915168
sub-31152_ses-baseline_fs,lh_CG_L_5_3_thickness,0.7746640574879582,0.9687690187714367,0.9865590506676591,0.5769770076553429,0.8762100967133948,0.3601252932562184,0.4177661543261989,0.9990231006599258,0.11767380050755603,0.19371126524832613,0.8905208374144749,0.9626501566958224,0.3182837336416555,0.9646160337230467,0.8260854591719,0.6893832926494982,0.3310486362604639,0.9951790988466086,0.28322022445867917,0.007366359415966629,0.037976802828187516,0.2831508459688398,0.042427047882552436,0.09718731601088164,0.2996155252555831,0.009741501216138879,0.7746640574879582,0.10612300403883246,0.009005472320010378,0.2831508459688398,0.8762100967133948,0.998930162703404,0.5614448613886812,0.03259033973754477,0.036745683747183115,0.30490373980896834,0.8835325542435518,0.2831508459688398,0.2831508459688398,0.2831508459688398,0.8963423052232251,0.2831508459688398,0.8762100967133948,0.5614448613886812,1.0,0.8963423052232251,0.2831508459688398,0.5614448613886812,0.8546983504231342,0.8762100967133948,0.30442076981547483,0.998930162703404,0.2996155252555831,0.03259033973754477,1.0,0.998930162703404,0.03259033973754477,0.5894310546503392,0.035785330035411934,0.5894310546503391,0.998930162703404,0.10612300403883246,0.30442076981547483,0.30442076981547483,0.036745683747183226,1.0,0.28130454073602756,0.8762100967133948,1.0,0.8762100967133948,1.0,1.0,0.10612300403883246,0.5894310546503392,0.5894310546503392,0.009440881940753898,1.0,0.008588100528336275,0.12070688793493523,0.5614448613886812,0.5894310546503391,0.30442076981547483,1.0,0.998930162703404,0.5614448613886812,0.1181752193039207,0.5624374047743939,0.30490373980896834,0.6917356486870573,0.30442076981547483,0.13957168319018917,0.035785330035411934,0.10612300403883246,0.07833223511211909,0.5866272887747174
sub-31152_ses-baseline_fs,lh_CG_L_5_4_thickness,0.7998488930622698,0.9790780642570237,0.9930336758973438,0.6050174255155345,0.8963423052232246,0.3367207823163597,0.39257167155026707,0.9999978856121494,0.10681811676796915,0.17794351810901238,0.9096112137496586,0.9739754266478435,0.29644475293017886,0.9516907213301559,0.8019341240969733,0.7166834651791846,0.3087079969940913,0.9896026937550028,0.3044931870359788,0.008506733895544858,0.04270196259439156,0.30442076981547483,0.037727821232786056,0.10728348578146604,0.32158634069335285,0.008452873519498461,0.7998488930622698,0.11692473150559173,0.0078049199212593835,0.30442076981547483,0.8963423052232246,1.0,0.5894310546503384,0.036745683747183226,0.032590339737544716,0.32709112482039143,0.9031452886992307,0.30442076981547483,0.30442076981547483,0.30442076981547483,0.8762100967133953,0.30442076981547483,0.8963423052232246,0.5894310546503384,0.998930162703404,0.8762100967133953,0.30442076981547483,0.5894310546503384,0.8762100967133948,0.8963423052232246,0.3265885465104167,1.0,0.32158634069335285,0.036745683747183226,0.998930162703404,1.0,0.036745683747183226,0.561444861388682,0.040280915822553526,0.6174889196474497,1.0,0.11692473150559173,0.3265885465104167,0.3265885465104167,0.04134224266505805,0.998930162703404,0.30249333005540474,0.8963423052232246,0.998930162703404,0.8963423052232246,0.998930162703404,0.998930162703404,0.11692473150559173,0.561444861388682,0.561444861388682,0.008188124511342786,0.998930162703404,0.009894989386511843,0.13261395810175,0.5894310546503384,0.6174889196474497,0.3265885465104167,0.998930162703404,1.0,0.5894310546503384,0.1298943352380593,0.5904281291389651,0.32709112482039143,0.7189972736310137,0.3265885465104167,0.15283059170000057,0.040280915822553526,0.11692473150559173,0.08686135579216814,0.5586546076527331
sub-31152_ses-baseline_fs,lh_CG_L_5_5_thickness,0.9372987635595179,0.7129796404458169,0.6609938166157602,0.9996696811163714,0.8546983504231342,0.04353571517179685,0.05671576387592658,0.5881848404590319,0.0071554894682509616,0.015523556470925641,0.8388092029529376,0.7269902494244347,0.035158573028642434,0.4058880867160745,0.23871479350119557,0.9777861986416692,0.03761325973596665,0.5027276341730477,0.8762795634185978,0.11994307622085122,0.3329013675433606,0.8762100967133953,0.0015990098717747554,0.5552469793690811,0.8919938874296464,0.00020784510159827375,0.9372987635595179,0.5800886272155389,0.00018690698212147562,0.8762100967133953,0.8546983504231342,0.5894310546503384,1.0,0.30442076981547533,0.0013032446135278913,0.896773096839314,0.8467407253653387,0.8762100967133953,0.8762100967133953,0.8762100967133953,0.30442076981547483,0.8762100967133953,0.8546983504231342,1.0,0.5614448613886812,0.30442076981547483,0.8762100967133953,1.0,0.8762100967133948,0.8546983504231342,0.8963423052232251,0.5894310546503384,0.8919938874296464,0.30442076981547533,0.5614448613886812,0.5894310546503384,0.30442076981547533,0.10963396533510217,0.3215863406933533,0.998930162703404,0.5894310546503384,0.5800886272155389,0.8963423052232251,0.8963423052232251,0.32658854651041735,0.5614448613886812,0.8743520090881965,0.8546983504231342,0.5614448613886812,0.8546983504231342,0.5614448613886812,0.5614448613886812,0.5800886272155389,0.10963396533510217,0.10963396533510217,0.0001992179750340459,0.5614448613886812,0.1326139581017499,0.6174889196474505,1.0,0.998930162703404,0.8963423052232251,0.5614448613886812,0.5894310546503384,1.0,0.611253674386866,0.9999986467912606,0.896773096839314,0.9769584551716581,0.8963423052232251,0.6609319722694122,0.3215863406933533,0.5800886272155389,0.4970472325132923,0.10857136380736798
sub-31152_ses-baseline_fs,lh_MVOcC_L_5_1_thickness,0.40089166547381505,0.19268467897346325,0.16379739400908058,0.595664058655481,0.2996155252555837,0.0022192469588677636,0.0032179958961460384,0.12935549937364876,0.00019338078206464053,0.0005413333739024618,0.2847027419688446,0.2012075126736997,0.0016489784941742388,0.0654574749166225,0.027209990586114584,0.48431473622005816,0.0018105922137396841,0.09598170766402378,0.8919281041933432,0.5657889060022187,0.8864562211321896,0.8919938874296464,2.7782944747170055e-05,0.995727513228036,0.8762100967133953,2.135447100544695e-06,0.40089166547381505,0.9986793789847219,1.8719659372784856e-06,0.8919938874296464,0.2996155252555837,0.1298943352380593,0.611253674386866,0.8595916521442373,2.14084159031335e-05,0.8710743767523882,0.2920201822113735,0.8919938874296464,0.8919938874296464,0.8919938874296464,0.04028091582255365,0.8919938874296464,0.2996155252555837,0.611253674386866,0.1181752193039207,0.04028091582255365,0.8919938874296464,0.611253674386866,0.3215863406933533,0.2996155252555837,0.871544620795343,0.1298943352380593,0.8762100967133953,0.8595916521442373,0.1181752193039207,0.1298943352380593,0.8595916521442373,0.008319555888162097,0.8762100967133948,0.5832016134958905,0.1298943352380593,0.9986793789847219,0.871544620795343,0.871544620795343,0.8808074239996598,0.1181752193039207,0.893742055590357,0.2996155252555837,0.1181752193039207,0.2996155252555837,0.1181752193039207,0.1181752193039207,0.9986793789847219,0.008319555888162097,0.008319555888162097,2.0260348076216793e-06,0.1181752193039207,0.5956640586554802,0.9999471416449036,0.611253674386866,0.5832016134958905,0.871544620795343,0.1181752193039207,0.1298943352380593,0.611253674386866,1.0,0.6102559074980648,0.8710743767523882,0.48200781416646205,0.871544620795343,0.9966311156051096,0.8762100967133948,0.9986793789847219,0.9820714140832822,0.00820118342209605
sub-31152_ses-baseline_fs,lh_MVOcC_L_5_2_thickness,0.9378525670005894,0.7139441383526232,0.6619831617487962,0.9997106030245215,0.8554854803195509,0.0437153421019876,0.056939657373484456,0.5891818000795881,0.007192576260100716,0.015597421582972155,0.8396266491723602,0.7279449484025722,0.03530851233674834,0.40678522203379147,0.2393801132805995,0.9781258936300359,0.03777203848659057,0.5036978334724315,0.8755377953652047,0.1195372231335633,0.33208962694924565,0.8754681653335891,0.0016084751710058588,0.5542562495883052,0.8912913566074726,0.0002092576464848469,0.9378525670005894,0.5790927527360998,0.00018818518633820209,0.8754681653335891,0.8554854803195509,0.5904281291389651,0.9999986467912606,0.3036489408663891,0.0013110811060065496,0.8960834748719242,0.8475434644989017,0.8754681653335891,0.8754681653335891,0.8754681653335891,0.305193734651816,0.8754681653335891,0.8554854803195509,0.9999986467912606,0.5624374047743939,0.305193734651816,0.8754681653335891,0.9999986467912606,0.8769502834580165,0.8554854803195509,0.8956514995296461,0.5904281291389651,0.8912913566074726,0.3036489408663891,0.5624374047743939,0.5904281291389651,0.3036489408663891,0.11001371261589342,0.32078998126821623,0.9990048503426051,0.5904281291389651,0.5790927527360998,0.8956514995296461,0.8956514995296461,0.3257853105382937,0.5624374047743939,0.8736057401664977,0.8554854803195509,0.5624374047743939,0.8554854803195509,0.5624374047743939,0.5624374047743939,0.5790927527360998,0.11001371261589342,0.11001371261589342,0.00020057528146725766,0.5624374047743939,0.13217596164341433,0.6164914027274179,0.9999986467912606,0.9990048503426051,0.8956514995296461,0.5624374047743939,0.5904281291389651,0.9999986467912606,0.6102559074980648,1.0,0.8960834748719242,0.9773042270903032,0.8956514995296461,0.659942300443643,0.32078998126821623,0.5790927527360998,0.4960806254028637,0.1089482597662713
sub-31152_ses-baseline_fs,lh_MVOcC_L_5_3_thickness,0.7105656788114726,0.43551412026906783,0.38761852855552087,0.8857841829121121,0.5900542158464734,0.012132777625982293,0.016622841233670273,0.3260863956792092,0.0014794489263020296,0.003618530978272721,0.570354531763449,0.4490771224700975,0.009421631447588542,0.1944665083644866,0.09714417023749698,0.7942462283311287,0.010203524138616839,0.2607700770109809,0.9988893875838735,0.2813045407360281,0.5965992371812003,0.9988821129463261,0.00026856802182987315,0.8261904579918838,0.9999360417453168,2.726420476031543e-05,0.7105656788114726,0.8467407253653393,2.422520136527536e-05,0.9988821129463261,0.5900542158464734,0.32709112482039143,0.896773096839314,0.5608246406606904,0.00021318886560037635,1.0,0.5800886272155381,0.9988821129463261,0.9988821129463261,0.9988821129463261,0.1328882599894612,0.9988821129463261,0.5900542158464734,0.896773096839314,0.30490373980896834,0.1328882599894612,0.9988821129463261,0.896773096839314,0.6181123376795365,0.5900542158464734,0.9999994714026182,0.32709112482039143,0.9999360417453168,0.5608246406606904,0.30490373980896834,0.32709112482039143,0.5608246406606904,0.036842911113365906,0.5825789144561164,0.8766729182264057,0.32709112482039143,0.8467407253653393,0.9999994714026182,0.9999994714026182,0.588807929094807,0.30490373980896834,0.9986793789847219,0.5900542158464734,0.30490373980896834,0.5900542158464734,0.30490373980896834,0.30490373980896834,0.8467407253653393,0.036842911113365906,0.036842911113365906,2.600740939572819e-05,0.30490373980896834,0.3039382435281886,0.8757465937020765,0.896773096839314,0.8766729182264057,0.9999994714026182,0.30490373980896834,0.32709112482039143,0.896773096839314,0.8710743767523882,0.8960834748719242,1.0,0.7921087921049562,0.9999994714026182,0.9064328074585272,0.5825789144561164,0.8467407253653393,0.7740946725104898,0.03640710098999288
sub-31152_ses-baseline_fs,lh_MVOcC_L_5_4_thickness,0.9896929738065575,0.8319318128499267,0.7859656060422558,0.9820714140832825,0.9424034013503644,0.07302977058038676,0.09294673418991335,0.7177957682600921,0.013780522346031393,0.028283131178105263,0.9314055034844333,0.8438938579804378,0.060056225569144216,0.5299199490264523,0.33610808734492104,0.9999921648939324,0.06388657214397923,0.6326810470365426,0.7661682918629116,0.07511484160317175,0.2361068114328003,0.7660820419677571,0.003390209448984057,0.4291816732973232,0.7859656060422558,0.0004940495612677905,0.9896929738065575,0.4523827544166829,0.0004467522031157302,0.7660820419677571,0.9424034013503644,0.7189972736310137,0.9769584551716581,0.21316857111874046,0.00279707634899169,0.7921087921049562,0.9369515147833447,0.7660820419677571,0.7660820419677571,0.7660820419677571,0.41493261911916246,0.7660820419677571,0.9424034013503644,0.9769584551716581,0.6917356486870573,0.41493261911916246,0.7660820419677571,0.9769584551716581,0.9565185931489992,0.9424034013503644,0.7915525262547998,0.7189972736310137,0.7859656060422558,0.21316857111874046,0.6917356486870573,0.7189972736310137,0.21316857111874046,0.1686538668843031,0.22694526334536944,0.9857119889333684,0.7189972736310137,0.4523827544166829,0.7915525262547998,0.7915525262547998,0.23098759666404595,0.6917356486870573,0.7637789210362987,0.9424034013503644,0.6917356486870573,0.9424034013503644,0.6917356486870573,0.6917356486870573,0.4523827544166829,0.1686538668843031,0.1686538668843031,0.000474595293402844,0.6917356486870573,0.08393979043877943,0.48800688184032953,0.9769584551716581,0.9857119889333684,0.7915525262547998,0.6917356486870573,0.7189972736310137,0.9769584551716581,0.48200781416646205,0.9773042270903032,0.7921087921049562,1.0,0.7915525262547998,0.530509501121059,0.22694526334536944,0.4523827544166829,0.37617757402376156,0.1671861726108398
sub-31152_ses-baseline_fs,lh_MVOcC_L_5_5_thickness,0.7099615901006785,0.43493690200535273,0.38707000548812276,0.8853352705367961,0.5894310546503391,0.012095771392060334,0.016573979539083152,0.3255846727304186,0.001473966890180911,0.003606075046601632,0.5697331118525899,0.44849299932088016,0.00939208373212171,0.19410489317766458,0.09692866703196445,0.7936916919243535,0.0101717984436067,0.260330698575481,0.9989372792801435,0.2817654321347347,0.5972227158340677,0.998930162703404,0.00026745039667891863,0.8267151279127344,0.9999471416449036,2.7135968522166388e-05,0.7099615901006785,0.847242616890197,2.4110621724655782e-05,0.998930162703404,0.5894310546503391,0.3265885465104167,0.8963423052232251,0.5614448613886819,0.00021228935246780933,0.9999994714026182,0.5794661889375499,0.998930162703404,0.998930162703404,0.998930162703404,0.13261395810175,0.998930162703404,0.5894310546503391,0.8963423052232251,0.30442076981547483,0.13261395810175,0.998930162703404,0.8963423052232251,0.6174889196474498,0.5894310546503391,1.0,0.3265885465104167,0.9999471416449036,0.5614448613886819,0.30442076981547483,0.3265885465104167,0.5614448613886819,0.036745683747183226,0.5832016134958905,0.8762100967133948,0.3265885465104167,0.847242616890197,1.0,1.0,0.5894310546503391,0.30442076981547483,0.9987316423972167,0.5894310546503391,0.30442076981547483,0.5894310546503391,0.30442076981547483,0.30442076981547483,0.847242616890197,0.036745683747183226,0.036745683747183226,2.588481079645009e-05,0.30442076981547483,0.3044207698154747,0.8762100967133953,0.8963423052232251,0.8762100967133948,1.0,0.30442076981547483,0.3265885465104167,0.8963423052232251,0.871544620795343,0.8956514995296461,0.9999994714026182,0.7915525262547998,1.0,0.9068455351562591,0.5832016134958905,0.847242616890197,0.7746640574879581,0.03631085096915168
sub-31152_ses-baseline_fs,lh_LOcC_L_4_1_thickness,0.44647997719478594,0.22291038693691298,0.19085709897411826,0.6454369061812727,0.339228873662802,0.002947599069213066,0.004236394141053756,0.1522223244436315,0.0002707036041045496,0.0007419588681063751,0.3232073442780662,0.23231150809572793,0.002205327450028227,0.0790327478739397,0.033810702550935635,0.5328752315030802,0.0024162588675953633,0.11427914674044266,0.9245453686141847,0.5165472366522457,0.8485447292061999,0.9246018422773802,4.034070848390449e-05,0.9848573197567035,0.9109301940697007,3.2385211512807382e-06,0.44647997719478594,0.9911201014026337,2.84493915405674e-06,0.9246018422773802,0.339228873662802,0.15283059170000057,0.6609319722694122,0.8188422837933614,3.122967347959546e-05,0.9064328074585272,0.3310764740312685,0.9246018422773802,0.9246018422773802,0.9246018422773802,0.04943810563806067,0.9246018422773802,0.339228873662802,0.6609319722694122,0.13957168319018917,0.04943810563806067,0.9246018422773802,0.6609319722694122,0.362723150154965,0.339228873662802,0.9068455351562591,0.15283059170000057,0.9109301940697007,0.8188422837933614,0.13957168319018917,0.15283059170000057,0.8188422837933614,0.010691923606797589,0.8371442394891777,0.6330016053414171,0.15283059170000057,0.9911201014026337,0.9068455351562591,0.9068455351562591,0.8422477400750377,0.13957168319018917,0.9261009534876861,0.339228873662802,0.13957168319018917,0.339228873662802,0.13957168319018917,0.13957168319018917,0.9911201014026337,0.010691923606797589,0.010691923606797589,3.075187995900492e-06,0.13957168319018917,0.5460317319705362,0.9974205996088444,0.6609319722694122,0.6330016053414171,0.9068455351562591,0.13957168319018917,0.15283059170000057,0.6609319722694122,0.9966311156051096,0.659942300443643,0.9064328074585272,0.530509501121059,0.9068455351562591,1.0,0.8371442394891777,0.9911201014026337,0.96358675798936,0.010543803663251007
sub-31152_ses-baseline_fs,lh_LOcC_L_4_2_thickness,0.17528901198699,0.06641553960683909,0.05397794118780943,0.3092703834202932,0.11817521930392065,0.00032231916690191503,0.0004940495612677865,0.04007143426724233,2.02163684877877e-05,6.458206792526783e-05,0.11043022526555026,0.07021454780116547,0.0002293777802438718,0.017266610822388617,0.0059964101291064735,0.22849597816803116,0.00025527589805338866,0.0276322999793092,0.6111601347470084,0.8581302529865473,0.9997324333071026,0.6112536743868652,2.3102852356388446e-06,0.9149761831757358,0.5894310546503391,1.3525369760141726e-07,0.17528901198699,0.8984888358995194,1.1700895388349255e-07,0.6112536743868652,0.11817521930392065,0.040280915822553526,0.3215863406933533,0.9993526776397597,1.7292017899710675e-06,0.5825789144561164,0.114209412941929,0.6112536743868652,0.6112536743868652,0.6112536743868652,0.009590140439630385,0.6112536743868652,0.11817521930392065,0.3215863406933533,0.035785330035411934,0.009590140439630385,0.6112536743868652,0.3215863406933533,0.1298943352380593,0.11817521930392065,0.5832016134958905,0.040280915822553526,0.5894310546503391,0.9993526776397597,0.035785330035411934,0.040280915822553526,0.9993526776397597,0.001484949781546951,1.0,0.2996155252555831,0.040280915822553526,0.8984888358995194,0.5832016134958905,0.5832016134958905,0.9999471416449036,0.035785330035411934,0.6137479674073854,0.11817521930392065,0.035785330035411934,0.11817521930392065,0.035785330035411934,0.035785330035411934,0.8984888358995194,0.001484949781546951,0.001484949781546951,1.2764727905119606e-07,0.035785330035411934,0.8808074239996598,0.8715446207953425,0.3215863406933533,0.2996155252555831,0.5832016134958905,0.035785330035411934,0.040280915822553526,0.3215863406933533,0.8762100967133948,0.32078998126821623,0.5825789144561164,0.22694526334536944,0.5832016134958905,0.8371442394891777,1.0,0.8984888358995194,0.9489016804399438,0.0014603437522290646
sub-31152_ses-baseline_fs,lh_LOcC_L_4_3_thickness,0.37347802295102966,0.17528901198699007,0.1483416747851444,0.5645473162023691,0.2762649449396828,0.0018517354482712,0.002700034082707645,0.11642738767206648,0.00015613761913236887,0.00044288887812205235,0.2620755693000936,0.18326846427680768,0.0013699789186613772,0.05797613911682151,0.02367063684243641,0.45464040340245654,0.0015062769213370273,0.08575838343916324,0.8691157549203702,0.5969109739854362,0.9079150148097084,0.8691867473774927,2.192462960750708e-05,0.9991546015164525,0.8522283682222339,1.6399103530210085e-06,0.37347802295102966,1.0,1.4356722784152303e-06,0.8691867473774927,0.2762649449396828,0.11692473150559173,0.5800886272155389,0.8830801150339574,1.6845189648288276e-05,0.8467407253653393,0.2690339127773046,0.8691867473774927,0.8691867473774927,0.8691867473774927,0.03531320668945891,0.8691867473774927,0.2762649449396828,0.5800886272155389,0.10612300403883246,0.03531320668945891,0.8691867473774927,0.5800886272155389,0.29722963822892734,0.2762649449396828,0.847242616890197,0.11692473150559173,0.8522283682222339,0.8830801150339574,0.10612300403883246,0.11692473150559173,0.8830801150339574,0.007086414687461111,0.8984888358995194,0.5521518526591566,0.11692473150559173,1.0,0.847242616890197,0.847242616890197,0.9027257512556865,0.10612300403883246,0.8710743767523882,0.2762649449396828,0.10612300403883246,0.2762649449396828,0.10612300403883246,0.10612300403883246,1.0,0.007086414687461111,0.007086414687461111,1.555065281840202e-06,0.10612300403883246,0.6268369813611766,0.9980988583861022,0.5800886272155389,0.5521518526591566,0.847242616890197,0.10612300403883246,0.11692473150559173,0.5800886272155389,0.9986793789847219,0.5790927527360998,0.8467407253653393,0.4523827544166829,0.847242616890197,0.9911201014026337,0.8984888358995194,1.0,0.990412565505125,0.006983926168562502
sub-31152_ses-baseline_fs,lh_LOcC_L_4_4_thickness,0.3044207698154747,0.13398973647373358,0.11202409791121647,0.48200781416646127,0.21900211445587564,0.0011208653247976271,0.0016590213076521562,0.08646720272980957,8.648256590896096e-05,0.0002542156378536387,0.20681750759837259,0.14055680787519356,0.0008196481420533266,0.04122863624739696,0.01603528542086856,0.3782627051332597,0.0009044793486084236,0.062442611317334314,0.7997664421614761,0.6807144885259487,0.9557825770149708,0.7998488930622698,1.1416016887018489e-05,0.9952407685718934,0.7803356182625808,7.933798304439002e-07,0.3044207698154747,0.990412565505125,6.920967108868721e-07,0.7998488930622698,0.21900211445587564,0.08686135579216814,0.4970472325132923,0.9372987635595184,8.702603005515723e-06,0.7740946725104898,0.2127834398719513,0.7998488930622698,0.7998488930622698,0.7998488930622698,0.02442675833182573,0.7998488930622698,0.21900211445587564,0.4970472325132923,0.07833223511211909,0.02442675833182573,0.7998488930622698,0.4970472325132923,0.23713948842105223,0.21900211445587564,0.7746640574879581,0.08686135579216814,0.7803356182625808,0.9372987635595184,0.07833223511211909,0.08686135579216814,0.9372987635595184,0.004534970437178346,0.9489016804399438,0.47008089803178493,0.08686135579216814,0.990412565505125,0.7746640574879581,0.7746640574879581,0.9520166218315709,0.07833223511211909,0.8020436843972527,0.21900211445587564,0.07833223511211909,0.21900211445587564,0.07833223511211909,0.07833223511211909,0.990412565505125,0.004534970437178346,0.004534970437178346,7.512592674895931e-07,0.07833223511211909,0.7099615901006785,0.9801007360088806,0.4970472325132923,0.47008089803178493,0.7746640574879581,0.07833223511211909,0.08686135579216814,0.4970472325132923,0.9820714140832822,0.4960806254028637,0.7740946725104898,0.37617757402376156,0.7746640574879581,0.96358675798936,0.9489016804399438,0.990412565505125,1.0,0.004466513108044223
sub-31152_ses-baseline_fs,lh_MeanThickness_thickness,0.2172409107508151,0.4381153651354077,0.48830743236395885,0.11457680054672945,0.3022529002560834,0.9244512046410464,0.959262820188826,0.5598944841410062,0.5847585699252771,0.7382795757110597,0.3176898151349943,0.4246857678064899,0.8910494324849318,0.7466509637772001,0.9176154670544167,0.16593780140548253,0.902029749792793,0.6461913693039687,0.03221080557052267,0.00016977640527979517,0.0015872504963206596,0.03219778582735763,0.333917563235362,0.006129876007415567,0.03536017941705889,0.13247696703628306,0.2172409107508151,0.006983926168562502,0.12576244880144102,0.03219778582735763,0.3022529002560834,0.5586546076527331,0.10857136380736798,0.0012814361017811614,0.3065976243635163,0.03640710098999288,0.3100016323502618,0.03219778582735763,0.03219778582735763,0.03219778582735763,0.8524760587797919,0.03219778582735763,0.3022529002560834,0.10857136380736798,0.5866272887747174,0.8524760587797919,0.03219778582735763,0.10857136380736798,0.2810742663921363,0.3022529002560834,0.03631085096915168,0.5586546076527331,0.03536017941705889,0.0012814361017811614,0.5866272887747174,0.5586546076527331,0.0012814361017811614,0.9999892959574787,0.0014603437522290646,0.11956255815015926,0.5586546076527331,0.006983926168562502,0.03631085096915168,0.03631085096915168,0.0015155434913162842,0.5866272887747174,0.03185224781133295,0.3022529002560834,0.5866272887747174,0.3022529002560834,0.5866272887747174,0.5866272887747174,0.006983926168562502,0.9999892959574787,0.9999892959574787,0.12975946765323246,0.5866272887747174,0.00020828555511967983,0.008466309914983516,0.10857136380736798,0.11956255815015926,0.03631085096915168,0.5866272887747174,0.5586546076527331,0.10857136380736798,0.00820118342209605,0.1089482597662713,0.03640710098999288,0.1671861726108398,0.03631085096915168,0.010543803663251007,0.0014603437522290646,0.006983926168562502,0.004466513108044223,1.0
