subjects,covariance,rh_SFG_R_6_1_thickness,rh_SFG_R_6_2_thickness,rh_SFG_R_6_3_thickness,rh_SFG_R_6_4_thickness,rh_SFG_R_6_5_thickness,rh_SFG_R_6_6_thickness,rh_MFG_R_7_1_thickness,rh_MFG_R_7_2_thickness,rh_MFG_R_7_3_thickness,rh_MFG_R_7_4_thickness,rh_MFG_R_7_5_thickness,rh_MFG_R_7_6_thickness,rh_MFG_R_7_7_thickness,rh_IFG_R_6_1_thickness,rh_IFG_R_6_2_thickness,rh_IFG_R_6_3_thickness,rh_IFG_R_6_4_thickness,rh_IFG_R_6_5_thickness,rh_IFG_R_6_6_thickness,rh_OrG_R_6_1_thickness,rh_OrG_R_6_2_thickness,rh_OrG_R_6_3_thickness,rh_OrG_R_6_4_thickness,rh_OrG_R_6_5_thickness,rh_OrG_R_6_6_thickness,rh_PrG_R_6_1_thickness,rh_PrG_R_6_2_thickness,rh_PrG_R_6_3_thickness,rh_PrG_R_6_4_thickness,rh_PrG_R_6_5_thickness,rh_PrG_R_6_6_thickness,rh_PCL_R_2_1_thickness,rh_PCL_R_2_2_thickness,rh_STG_R_6_1_thickness,rh_STG_R_6_2_thickness,rh_STG_R_6_3_thickness,rh_STG_R_6_4_thickness,rh_STG_R_6_5_thickness,rh_STG_R_6_6_thickness,rh_MTG_R_4_1_thickness,rh_MTG_R_4_2_thickness,rh_MTG_R_4_3_thickness,rh_MTG_R_4_4_thickness,rh_ITG_R_5_1_thickness,rh_ITG_R_5_2_thickness,rh_ITG_R_5_3_thickness,rh_ITG_R_5_4_thickness,rh_ITG_R_5_5_thickness,rh_FuG_R_3_1_thickness,rh_FuG_R_3_2_thickness,rh_FuG_R_3_3_thickness,rh_PhG_R_6_1_thickness,rh_PhG_R_6_2_thickness,rh_PhG_R_6_3_thickness,rh_PhG_R_6_4_thickness,rh_PhG_R_6_5_thickness,rh_PhG_R_6_6_thickness,rh_pSTS_R_2_1_thickness,rh_pSTS_R_2_2_thickness,rh_SPL_R_4_1_thickness,rh_SPL_R_4_2_thickness,rh_SPL_R_4_3_thickness,rh_SPL_R_4_4_thickness,rh_IPL_R_6_1_thickness,rh_IPL_R_6_2_thickness,rh_IPL_R_6_3_thickness,rh_IPL_R_6_4_thickness,rh_IPL_R_6_5_thickness,rh_IPL_R_6_6_thickness,rh_PCun_R_4_1_thickness,rh_PCun_R_4_2_thickness,rh_PCun_R_4_3_thickness,rh_PCun_R_4_4_thickness,rh_PoG_R_4_1_thickness,rh_PoG_R_4_2_thickness,rh_PoG_R_4_3_thickness,rh_PoG_R_4_4_thickness,rh_INS_R_6_1_thickness,rh_INS_R_6_2_thickness,rh_INS_R_6_3_thickness,rh_CG_R_5_1_thickness,rh_CG_R_5_2_thickness,rh_CG_R_5_3_thickness,rh_CG_R_5_4_thickness,rh_CG_R_5_5_thickness,rh_MVOcC_R_5_1_thickness,rh_MVOcC_R_5_2_thickness,rh_MVOcC_R_5_3_thickness,rh_MVOcC_R_5_4_thickness,rh_MVOcC_R_5_5_thickness,rh_LOcC_R_4_1_thickness,rh_LOcC_R_4_2_thickness,rh_LOcC_R_4_3_thickness,rh_LOcC_R_4_4_thickness,rh_MeanThickness_thickness
sub-31151_ses-baseline_fs,rh_SFG_R_6_1_thickness,1.0,0.5860967966668874,0.45018011687118453,0.9862277743473978,0.6866129799198041,0.016473819654267932,0.07435199419264603,0.3898803904722126,0.0014079717273148993,0.003824522243081066,0.7404278711860274,0.6035050430522643,0.010993564018747293,0.27197284562193774,0.13730874095453052,0.9404858855025771,0.011978813527897038,0.3626960295224553,0.8479799840116691,0.7917477717517537,0.06869382664382881,0.9496022271524606,0.0001563569629704695,0.5860967966668882,0.9991923249338184,0.0003168934851897783,0.7002424670350178,0.19070148170660947,1.6787507945411655e-06,0.9136586183632603,0.6694516232730475,0.466619024407266,0.9788559249174545,0.40226243888440855,0.00010340561481597519,0.8974572967211143,0.8071047946349552,0.9905468258088407,0.9946715436450565,0.9983523763523154,0.09361029492641701,0.9905468258088407,0.7204824619662366,0.9905468258088405,0.3141144273446412,0.0783290341172757,0.9764699455166123,0.9986652158153578,0.6348328074810211,0.6383072821765636,0.9346881618459314,0.4699316534666963,0.9972170990896958,0.28216937686695165,0.3393656453440626,0.48325961223550257,0.22447417547321954,0.058427999363044936,0.0651200378848923,0.9897467858357493,0.2620064877522221,0.9991923249338184,0.9880508823333501,0.9776783289574128,0.30865130110880484,0.39295914407964716,0.8998430873685944,0.6900294119640628,0.41798416588220044,0.5826182279230208,0.4732521916452872,0.5034652703502908,0.9913148187222659,0.020346820089914782,0.046739468079748575,0.0001805126702150719,0.3807127614773426,0.13730874095453088,0.8279587015034737,0.9346881618459311,0.9385802796459327,0.9547364762816123,0.3196320826856246,0.4765804750383468,0.9871551853439384,0.9385802796459332,0.9158760171290913,0.8451740453565184,0.37465929798104836,0.7103957957593097,0.8279587015034737,0.9991923249338184,0.7304954897383076,0.8161385633470808,0.7426343747656475
sub-31151_ses-baseline_fs,rh_SFG_R_6_2_thickness,0.5860967966668874,1.0,0.9739612899019187,0.6866129799198041,0.9862277743473978,0.1867431653264238,0.4600181395947311,0.944215287675086,0.034942660286860786,0.07053965075119535,0.9671594602919182,0.9995878393434778,0.14370231316858692,0.8451740453565184,0.6313564230097193,0.7917477717517544,0.15200170582912828,0.9265855048287376,0.2745004830545666,0.9404858855025775,0.44042174770490194,0.3991502854425419,0.006942803237580168,0.11799874571780786,0.6104713201778174,0.011775717848306062,0.9822028545266251,0.7338155910950144,0.00020328524845712,0.3451219204328479,0.9905468258088405,0.9800026185948704,0.7103957957593097,0.058427999363044936,0.005079135094285379,0.32520375652472233,0.9306894005951077,0.5034652703502914,0.5238933801110165,0.5514066763348683,0.520474934404642,0.5034652703502914,0.9752308923010841,0.6694516232730475,0.8876844185918001,0.4732521916452879,0.4567302019584563,0.6174365525158407,0.9967732116622625,0.996296663764204,0.3746592979810489,0.9811182981106086,0.5410576298665295,0.03194040668343067,0.9091499584677343,0.9852687402799901,0.022035459279891177,0.40226243888440855,0.4275413893305068,0.6728936140889044,0.833767812577632,0.6104713201778174,0.4933321993300831,0.46001813959473026,0.03707488888296474,0.9460387296189509,0.3280096824839506,0.9852687402799901,0.9596136131831376,0.9999835103112336,0.9822028545266254,0.9905468258088405,0.5068555703877617,0.21351648679983,0.35385238392918156,0.007734933983956606,0.9385802796459327,0.010257947269491675,0.25711023075574485,0.8010058076258413,0.7948480462087278,0.4085193103749957,0.8926163563942993,0.9832561818636097,0.6831909313390496,0.3807127614773433,0.8279587015034737,0.27197284562193774,0.934688161845931,0.9788559249174545,0.25711023075574485,0.6104713201778174,0.18871505722521245,0.24749253789260522,0.9661911043196064
sub-31151_ses-baseline_fs,rh_SFG_R_6_3_thickness,0.45018011687118453,0.9739612899019187,1.0,0.5479532555767676,0.9244946126300725,0.2770424747084141,0.59653956041728,0.9940648562427751,0.06169960919714132,0.11660414606159479,0.8876844185917996,0.9671594602919182,0.220046956233051,0.9404858855025775,0.7664664262840152,0.6591004957124329,0.23122537501318854,0.9871551853439386,0.18478578354159783,0.8451740453565184,0.5756659467151289,0.28475421107531207,0.013951053148836016,0.07147754349139616,0.4732521916452872,0.02274427362094953,0.9158760171290913,0.8562843607931373,0.0005105057852510201,0.24043283765533455,0.9346881618459311,0.9995878393434778,0.5721926716233927,0.032915685784966155,0.010437619445160909,0.22447417547321905,0.8308718809296036,0.374659297981049,0.3929591440796479,0.4179841658822011,0.6591004957124336,0.374659297981049,0.9022054654651688,0.5307452614030247,0.9671594602919186,0.6104713201778181,0.3336613599014823,0.4799163378167803,0.953053413750382,0.9513419427741895,0.26447638777327065,0.9994065424755949,0.40851931037499584,0.0170239327698575,0.9788559249174548,0.9983523763523153,0.011378672460296547,0.5341783082982243,0.5617869009869402,0.5341783082982237,0.9327020181739875,0.4732521916452872,0.3656686379290027,0.3365069645375198,0.020022968493331444,0.9946715436450564,0.22670986085082065,0.9223780184416857,0.9983523763523153,0.9752308923010841,0.9991923249338184,0.9957875024349173,0.3776801294248236,0.31137601735996623,0.47991633781678106,0.01542024437100416,0.9920506890541537,0.004985122708480513,0.17148826029817307,0.6694516232730475,0.6625548153579751,0.29259375119164766,0.9699704363754993,0.9989452079024135,0.544503505516165,0.2694595961857854,0.7002424670350178,0.18284288820917005,0.9905468258088405,0.9091499584677337,0.17148826029817307,0.4732521916452872,0.12082622824914989,0.16420466260765865,0.8860121838561723
sub-31151_ses-baseline_fs,rh_SFG_R_6_4_thickness,0.9862277743473978,0.6866129799198041,0.5479532555767676,1.0,0.7823644869552171,0.02618411679406542,0.1071936761451248,0.4832596122355033,0.002539016598500397,0.006574770855794801,0.8308718809296043,0.7036338878287541,0.017879314192999013,0.3509295355107088,0.18871505722521245,0.9832561818636097,0.019388728681490698,0.453450809660783,0.7600225514259085,0.8749683363960832,0.09960621438291527,0.8876844185918001,0.00030966666468962674,0.4866101286422384,0.9920506890541537,0.0006098592786832648,0.7948480462087285,0.2546839226166996,3.908048054007876e-06,0.8395069275655296,0.7664664262840151,0.5652529346227602,0.9991923249338185,0.31686647007810564,0.0002081529312662219,0.8191182033187132,0.8876844185918,0.9547364762816123,0.9642294222384246,0.9752308923010843,0.13265499699940841,0.9547364762816123,0.8131429445590628,0.9995878393434778,0.3991502854425419,0.11249620216053954,0.9286504988410612,0.993425775507761,0.7338155910950144,0.7371264717359505,0.8670830696657822,0.5687215959561991,0.9713309342245217,0.2135164867998301,0.4275413893305067,0.5826182279230208,0.16600424605306496,0.0856986741430437,0.09478613689479269,0.9997361976064063,0.3393656453440626,0.9920506890541537,0.9496022271524602,0.9306894005951077,0.23579971891725013,0.48661012864223835,0.8220816092464243,0.7855057322221068,0.513653991431181,0.6831909313390504,0.5721926716233935,0.6035050430522643,0.956390969089639,0.03194040668343067,0.06961176876300791,0.0003554616395315732,0.4732521916452872,0.09717270108284445,0.7371264717359499,0.9800026185948704,0.9822028545266254,0.8950483127512526,0.4053854879285778,0.5756659467151283,0.9999835103112336,0.8723607482261814,0.9685799001599226,0.7567835196698145,0.46661902440726594,0.8040627770367333,0.7371264717359499,0.9920506890541537,0.6313564230097193,0.7238286654248502,0.8328140773676067
sub-31151_ses-baseline_fs,rh_SFG_R_6_5_thickness,0.6866129799198041,0.9862277743473978,0.9244946126300725,0.7823644869552171,1.0,0.13574410680373333,0.36865345117651555,0.88011983675214,0.022387430496941745,0.04740779599876712,0.9957875024349173,0.9905468258088405,0.10208720250204802,0.7567835196698144,0.5307452614030246,0.8749683363960837,0.1085007707763114,0.8562843607931373,0.35385238392918156,0.98325618186361,0.35092953551070866,0.493332199330084,0.004050209775792826,0.16420466260765906,0.7103957957593104,0.007069536756954642,0.9997361976064063,0.634832807481021,0.00010089092211498703,0.4339624034650143,0.9995878393434778,0.9346881618459311,0.8040627770367333,0.0856986741430437,0.002915219396018297,0.41166378200690873,0.9776783289574128,0.6035050430522649,0.6243988800966244,0.6521812619015809,0.42434560552762274,0.6035050430522649,0.9983523763523153,0.7664664262840152,0.8071047946349552,0.3807127614773433,0.5548635624254311,0.7171280767226171,0.996296663764204,0.9967732116622625,0.4666190244072667,0.9366476440940736,0.6417796068467728,0.0487684324221643,0.833767812577632,0.9442152876750856,0.03442620779434462,0.31686647007810553,0.3393656453440626,0.7696707466770758,0.7437195287394005,0.7103957957593104,0.5930576859704842,0.558323706848619,0.05606922814395518,0.8826632836466023,0.41481877659172206,0.9999835103112336,0.9022054654651688,0.9852687402799901,0.9385802796459327,0.954736476281612,0.6069881967649925,0.1571474755965005,0.2745004830545666,0.004538281730050343,0.8723607482261808,0.01674689366795461,0.3336613599014823,0.8826632836466028,0.8775547770254365,0.5034652703502915,0.8131429445590621,0.9404858855025771,0.7792101050596454,0.4732521916452879,0.9045442135225787,0.3509295355107088,0.8670830696657816,0.9991923249338185,0.3336613599014823,0.7103957957593104,0.2522721911740031,0.3224112003942285,0.9954281436449095
sub-31151_ses-baseline_fs,rh_SFG_R_6_6_thickness,0.016473819654267932,0.1867431653264238,0.2770424747084141,0.02618411679406542,0.13574410680373333,1.0,0.8423496106096982,0.3280096824839513,0.7502725743796568,0.8950483127512521,0.11249620216053954,0.1771008667447633,0.9905468258088405,0.45673020195845704,0.6831909313390511,0.042278612555822555,0.994064856242775,0.35385238392918156,0.0026944380816476053,0.09244599063838266,0.8590138578021258,0.0062243997918498125,0.4179841658821997,0.0004992092157441303,0.01847026879689728,0.5170617415304721,0.1296190853424101,0.5791412047958484,0.07242551781323762,0.004453398967528228,0.14370231316858692,0.2644763877732712,0.029161461997341674,0.00013858980812126546,0.36566863792900206,0.0038984468967234714,0.08679517299260905,0.010993564018747333,0.012185010132509175,0.013951053148836115,0.7886335805090195,0.010993564018747333,0.12082622824915017,0.024221449313937427,0.4053854879285786,0.8308718809296043,0.008607216794189194,0.01907823894008551,0.16064791473262774,0.15889067580797842,0.005370881385339979,0.262006487752223,0.013263908060092977,4.870267056503518e-05,0.3776801294248243,0.2522721911740037,2.6102281787920155e-05,0.890161650258623,0.8697322472753783,0.024603468269068167,0.46993165346669774,0.01847026879689728,0.010437619445160945,0.008760864571040031,6.280325873898079e-05,0.32520375652472355,0.003973669396564737,0.1341928759640357,0.3032431843469141,0.1887150572252129,0.2595510936623212,0.2381089358183262,0.011184645265021997,0.9972170990896959,0.9265855048287376,0.4371873552157443,0.3365069645375211,7.4893286945425345e-06,0.0023445606002686255,0.044144493458667285,0.0428930557190975,0.006574770855794831,0.3991502854425426,0.2571102307557459,0.025780955814477185,0.005573711404246773,0.05016150237725704,0.002641688718483735,0.3422373240509144,0.12516403015212965,0.0023445606002686255,0.01847026879689728,0.0012419659789802001,0.0021638553168117107,0.11159418951483586
sub-31151_ses-baseline_fs,rh_MFG_R_7_1_thickness,0.07435199419264603,0.4600181395947311,0.59653956041728,0.1071936761451248,0.36865345117651555,0.8423496106096982,1.0,0.6625548153579759,0.4053854879285779,0.5721926716233927,0.3224112003942285,0.44366543665291525,0.7696707466770757,0.801005807625842,0.959613613183138,0.1554182744261862,0.7855057322221068,0.6934399736228308,0.017023932769857558,0.27959878506814667,0.9994065424755949,0.033916269904139096,0.16241923108523726,0.0041280883221664275,0.08142260512015623,0.2222532072160141,0.35678780945738664,0.8998430873685944,0.015939380111139344,0.025780955814477185,0.38375708806308345,0.5791412047958476,0.11660414606159479,0.0013789516394091211,0.13419287596403492,0.023106042583071907,0.2669607667928802,0.053789713783740985,0.058427999363045095,0.0651200378848925,0.9946715436450564,0.053789713783740985,0.3393656453440626,0.10084074145859266,0.7502725743796574,0.9997361976064063,0.044144493458667305,0.08353879259127085,0.41481877659172206,0.41166378200690873,0.03006378343125132,0.5756659467151292,0.06254058731834576,0.0005581227622191095,0.7204824619662366,0.5617869009869402,0.0003242782662633218,0.9946715436450564,0.9983523763523153,0.10208720250204802,0.8131429445590628,0.08142260512015623,0.05158755955914377,0.044781622960137185,0.000695904749604683,0.6591004957124338,0.02347279168197064,0.36566863792900356,0.6313564230097201,0.46331446643923674,0.5721926716233935,0.5410576298665302,0.05454086285425736,0.8775547770254359,0.9811182981106086,0.17334479864265484,0.6728936140889051,0.0001086138509311285,0.015166301531901733,0.16064791473262735,0.157147475596501,0.03546569079216386,0.7437195287394014,0.5687215959562,0.10589883534838615,0.03098993630771134,0.1771008667447633,0.01674689366795461,0.6797635193641034,0.3480193523036979,0.015166301531901733,0.08142260512015623,0.008916961037502273,0.014186987222786749,0.3205477017694402
sub-31151_ses-baseline_fs,rh_MFG_R_7_2_thickness,0.3898803904722126,0.944215287675086,0.9940648562427751,0.4832596122355033,0.88011983675214,0.3280096824839513,0.6625548153579759,1.0,0.07934955610112832,0.14533470898033785,0.8366462449885812,0.9346881618459311,0.2644763877732712,0.9713309342245217,0.8250285265841634,0.5930576859704842,0.27704247470841353,0.9986652158153578,0.15031425441353133,0.7886335805090195,0.6417796068467727,0.23810893581832568,0.019078238940085358,0.055300677555415394,0.41166378200690873,0.030523850682967448,0.8697322472753778,0.9045442135225782,0.0007761090102895942,0.19879291220766684,0.8926163563942994,0.9905468258088405,0.5068555703877617,0.024603468269068077,0.014426435523379617,0.18478578354159783,0.7728629740106873,0.31963208268562515,0.3365069645375205,0.35973572201177295,0.7238286654248509,0.31963208268562515,0.8535353869368245,0.4666190244072661,0.9889147774344988,0.6763309964007813,0.28216937686695165,0.4179841658822011,0.9158760171290917,0.9136586183632599,0.2200469562330505,0.9897467858357495,0.3509295355107088,0.0123943473223197,0.9952457779164138,0.9862277743473981,0.00816063830684895,0.6000220882969161,0.6278783678889913,0.46993165346669713,0.9657092542467055,0.41166378200690873,0.31137601735996623,0.28475421107531207,0.014669441436949919,0.9999835103112336,0.18674316532642338,0.8775547770254365,0.9986652158153578,0.9460387296189509,0.9889147774344988,0.9800026185948704,0.3224112003942285,0.3656686379290027,0.5445035055161658,0.021008243298053828,0.9998516025894794,0.0034736830488911745,0.1388868291124573,0.6035050430522643,0.5965395604172792,0.24512465175003734,0.9905468258088405,0.9880508823333501,0.4799163378167803,0.22447417547321954,0.6348328074810219,0.14864063409269934,0.9995878393434778,0.8617236355596004,0.1388868291124573,0.41166378200690873,0.09597358342516057,0.1326549969994081,0.8347196421137681
sub-31151_ses-baseline_fs,rh_MFG_R_7_3_thickness,0.0014079717273148993,0.034942660286860786,0.06169960919714132,0.002539016598500397,0.022387430496941745,0.7502725743796568,0.4053854879285779,0.07934955610112832,1.0,0.959613613183138,0.017304984129157805,0.03242491424267941,0.8250285265841634,0.13265499699940841,0.2644763877732712,0.0047124654751722365,0.8101316028275951,0.08902163056065496,0.0001490067086204754,0.013263908060092977,0.42434560552762296,0.00041689086517593426,0.8535353869368238,1.9488149276517803e-05,0.0016274482342667198,0.926585504828737,0.021008243298053866,0.19674815711221771,0.30865130110880484,0.00027579433505006104,0.024221449313937427,0.057632818538630615,0.0029152193960183073,4.258289560800276e-06,0.8040627770367326,0.00023418065646285474,0.012185010132509121,0.0008463758315063735,0.0009629292058001359,0.0011415644052921565,0.3509295355107088,0.0008463758315063735,0.019078238940085444,0.0022981302319047465,0.10982018192308152,0.3929591440796479,0.0006234746552743157,0.0016957174589678993,0.028282491217226355,0.027851613539017717,0.0003474125474100593,0.05684658498388595,0.0010712555081576667,1.2463804460310017e-06,0.09838355610404104,0.053789713783740985,6.017296914071352e-07,0.4633144664392368,0.4371873552157452,0.0023445606002686255,0.13888682911245756,0.0016274482342667198,0.0007931481978066802,0.0006373729804512296,1.6787507945411655e-06,0.0783290341172759,0.00023974068840452336,0.022035459279891256,0.07053965075119553,0.03546569079216386,0.05606922814395518,0.04946087866440548,0.0008648436047261714,0.7070184163790251,0.517061741530473,0.8697322472753776,0.08247527175385035,1.4131795147297132e-07,0.00012576643064096568,0.00498512270848053,0.004801810992601972,0.0004461463880191283,0.1071936761451248,0.055300677555415546,0.00248906366430966,0.00036368522412969265,0.0058909512900733,0.0001454549934888845,0.0846132369974541,0.020022968493331517,0.00012576643064096568,0.0016274482342667198,5.821082418629637e-05,0.00011406936168956756,0.01711623384075803
sub-31151_ses-baseline_fs,rh_MFG_R_7_4_thickness,0.003824522243081066,0.07053965075119535,0.11660414606159479,0.006574770855794801,0.04740779599876712,0.8950483127512521,0.5721926716233927,0.14533470898033785,0.959613613183138,1.0,0.037624871373139024,0.06599893007856945,0.9460387296189505,0.22670986085082065,0.4053854879285779,0.011575683801141101,0.9366476440940738,0.160647914732627,0.0004773132360240419,0.029609673957848467,0.5930576859704836,0.0012419659789801947,0.69684441037047,7.122947978390619e-05,0.004369959706533335,0.7948480462087283,0.04478162296013709,0.31686647007810564,0.19070148170661033,0.000846375831506369,0.05087037285711641,0.10982018192308123,0.007462310544119005,1.704167521481369e-05,0.6383072821765636,0.0007270126023520159,0.027426395661847982,0.002391850142803382,0.002694438081647593,0.003152427559846353,0.5102518722640013,0.002391850142803382,0.041071942027202046,0.006000265081718533,0.19270246003076075,0.5583237068486183,0.0018030822261104467,0.004538281730050343,0.05842799936304496,0.057632818538630406,0.0010487258474121942,0.1085007707763114,0.0029729403593939507,5.3457146005330005e-06,0.17521565729471403,0.10334566230289158,2.6849984488620674e-06,0.6348328074810212,0.6069881967649917,0.006111405768852048,0.23579971891725013,0.004369959706533335,0.0022525450552468166,0.0018402390129502106,7.082391551691744e-06,0.14370231316858656,0.0007430474090052121,0.046739468079748575,0.13113041774902523,0.07147754349139616,0.10719367614512451,0.09597358342516057,0.0024400130383724107,0.8617236355596004,0.6900294119640628,0.7171280767226168,0.15031425441353133,6.802719351161551e-07,0.0004075448403701309,0.012185010132509078,0.011775717848306042,0.0013225626984717995,0.18871505722521245,0.10589883534838615,0.006456055130217149,0.0010942330830807125,0.014186987222786749,0.0004667049800009513,0.15370303168351093,0.04289305571909737,0.0004075448403701309,0.004369959706533335,0.00019852484964256783,0.00037208678939055026,0.037255624371973835
sub-31151_ses-baseline_fs,rh_MFG_R_7_5_thickness,0.7404278711860274,0.9671594602919182,0.8876844185917996,0.8308718809296043,0.9957875024349173,0.11249620216053954,0.3224112003942285,0.8366462449885812,0.017304984129157805,0.037624871373139024,1.0,0.9739612899019187,0.08353879259127085,0.7036338878287534,0.4765804750383468,0.9136586183632603,0.08902163056065496,0.8101316028275951,0.4022624388844086,0.9957875024349174,0.30594033769433926,0.5479532555767684,0.002972940359393932,0.19471801223377347,0.7632502740890471,0.00527199049321154,0.9976282822174596,0.5791412047958467,6.773789612921237e-05,0.4866101286422392,0.992754364404644,0.8998430873685939,0.8507671797870676,0.1046161852560566,0.002120723753574683,0.46331446643923674,0.9927543644046442,0.6591004957124337,0.6797635193641034,0.7070184163790251,0.3746592979810489,0.6591004957124337,0.9994065424755949,0.8161385633470809,0.7567835196698144,0.3336613599014823,0.6104713201778182,0.7696707466770758,0.9842781771182442,0.9852687402799901,0.520474934404642,0.9022054654651688,0.6968444103704707,0.06086793220322535,0.7855057322221068,0.9114165293788961,0.04351499356949575,0.2745004830545666,0.2952351291068819,0.8191182033187139,0.6900294119640628,0.7632502740890471,0.6487168396508092,0.6139541827171102,0.06961176876300784,0.8395069275655289,0.4666190244072667,0.996296663764204,0.8617236355595999,0.9657092542467055,0.9045442135225782,0.9244946126300725,0.6625548153579759,0.1311304177490249,0.2357997189172502,0.00334175901649171,0.8279587015034731,0.021688306407437383,0.38071276147734334,0.9202359205542289,0.9158760171290917,0.558323706848619,0.7632502740890463,0.9068591158261178,0.8279587015034737,0.5273168869348452,0.9385802796459332,0.399150285442542,0.8220816092464236,0.9986652158153578,0.38071276147734334,0.7632502740890471,0.2925937511916482,0.36865345117651555,0.9999925977450788
sub-31151_ses-baseline_fs,rh_MFG_R_7_6_thickness,0.6035050430522643,0.9995878393434778,0.9671594602919182,0.7036338878287541,0.9905468258088405,0.1771008667447633,0.44366543665291525,0.9346881618459311,0.03242491424267941,0.06599893007856945,0.9739612899019187,1.0,0.13574410680373333,0.8308718809296036,0.6139541827171094,0.807104794634956,0.14370231316858656,0.9158760171290917,0.28735324688997427,0.9496022271524606,0.42434560552762274,0.41481877659172206,0.0063392738953298635,0.12516403015212932,0.6278783678889913,0.010805390887868726,0.9871551853439384,0.7171280767226162,0.0001805126702150732,0.35973572201177295,0.9940648562427751,0.9739612899019187,0.7271664278769112,0.06254058731834576,0.0046246298554844046,0.3393656453440626,0.9404858855025775,0.520474934404642,0.5410576298665302,0.5687215959562,0.5034652703502914,0.520474934404642,0.9811182981106086,0.6866129799198041,0.8749683363960832,0.4567302019584563,0.4732521916452879,0.6348328074810219,0.9986652158153578,0.9983523763523153,0.3898803904722132,0.9752308923010841,0.558323706848619,0.03442620779434462,0.8974572967211143,0.9800026185948701,0.023844575582437435,0.3868130010948903,0.41166378200690873,0.6900294119640634,0.8191182033187132,0.6278783678889913,0.5102518722640019,0.4765804750383475,0.03989444781969767,0.9366476440940736,0.3422373240509137,0.9897467858357495,0.9513419427741894,0.9994065424755949,0.9764699455166119,0.9862277743473978,0.5238933801110166,0.202926316848488,0.3393656453440626,0.007069536756954642,0.9286504988410608,0.011184645265021958,0.2694595961857854,0.8161385633470809,0.8101316028275951,0.42434560552762285,0.8801198367521399,0.9776783289574126,0.7002424670350178,0.39604914778581324,0.8423496106096982,0.28475421107531207,0.9244946126300725,0.9842781771182444,0.2694595961857854,0.6278783678889913,0.19879291220766684,0.25955109366232065,0.9730936269069157
sub-31151_ses-baseline_fs,rh_MFG_R_7_7_thickness,0.010993564018747293,0.14370231316858692,0.220046956233051,0.017879314192999013,0.10208720250204802,0.9905468258088405,0.7696707466770757,0.2644763877732712,0.8250285265841634,0.9460387296189505,0.08353879259127085,0.13574410680373333,1.0,0.38071276147734395,0.6000220882969169,0.029609673957848574,0.9995878393434778,0.28735324688997427,0.0016612595822449894,0.06778575346726727,0.7886335805090195,0.003973669396564737,0.4967034048551069,0.0002889029364033632,0.012394347322319723,0.6000220882969153,0.09717270108284472,0.49670340485510905,0.09838355610404104,0.002802840421760052,0.10850077077631169,0.20923636510802313,0.020022968493331517,7.678819411660808e-05,0.44042174770490056,0.0024400130383724216,0.06339093749563825,0.007198346259639864,0.008016459690117692,0.009236633350826463,0.7103957957593104,0.007198346259639864,0.09015172607113045,0.016473819654267932,0.33366135990148277,0.7567835196698152,0.005573711404246773,0.012822603942418206,0.12225922771993064,0.12082622824915011,0.003407138754164626,0.20711834080460464,0.008760864571040031,2.6102281787920155e-05,0.30865130110880484,0.1987929122076673,1.3726322323853201e-05,0.825028526584164,0.8010058076258418,0.016746893667954673,0.39295914407964844,0.012394347322319723,0.00681811677016091,0.005677700140482046,3.392699290478185e-05,0.262006487752223,0.0024890636643096708,0.10084074145859284,0.24277141372229794,0.1453347089803382,0.2050149950635914,0.1867431653264238,0.00732926099735356,0.9776783289574131,0.8697322472753783,0.5170617415304721,0.2719728456219389,3.7975731775478387e-06,0.0014375551331905385,0.030989936307711314,0.03006378343125132,0.004207325580216179,0.3280096824839513,0.2029263168484889,0.017590095294313962,0.0035414102134488446,0.035465690792163974,0.0016274482342667198,0.2770424747084141,0.09361029492641726,0.0014375551331905385,0.012394347322319723,0.0007430474090052155,0.0013225626984718054,0.08282503029451127
sub-31151_ses-baseline_fs,rh_IFG_R_6_1_thickness,0.27197284562193774,0.8451740453565184,0.9404858855025775,0.3509295355107088,0.7567835196698144,0.45673020195845704,0.801005807625842,0.9713309342245217,0.13265499699940841,0.22670986085082065,0.7036338878287534,0.8308718809296036,0.38071276147734395,1.0,0.9306894005951077,0.45018011687118525,0.39604914778581324,0.9822028545266251,0.09129315684540022,0.6487168396508092,0.7823644869552171,0.15370303168351093,0.03653174095159942,0.030063783431251226,0.28996644172310443,0.05606922814395516,0.7437195287394005,0.9788559249174545,0.0018780995634457118,0.12516403015212932,0.7728629740106873,0.9306894005951077,0.37165037121199956,0.01239434732231968,0.028282491217226244,0.11522222880209641,0.6313564230097193,0.2156785994678861,0.2289602617301197,0.24749253789260578,0.8535353869368251,0.2156785994678861,0.7238286654248502,0.3365069645375198,0.9957875024349173,0.8131429445590628,0.18674316532642338,0.29523512910688177,0.8040627770367333,0.8010058076258413,0.1404784212182866,0.9286504988410612,0.24043283765533455,0.005890951290073279,0.9897467858357493,0.9202359205542289,0.003751875654818773,0.7437195287394012,0.7696707466770758,0.3393656453440626,0.9997361976064063,0.28996644172310443,0.20923636510802265,0.18871505722521245,0.007069536756954642,0.9699704363754993,0.11660414606159479,0.7535334402028752,0.9580167334431512,0.8479799840116684,0.9265855048287371,0.9068591158261183,0.21785542122779097,0.5000811548762113,0.6900294119640634,0.03989444781969765,0.9752308923010843,0.0014984515058869626,0.08353879259127063,0.46001813959473026,0.4534508096607823,0.15889067580797803,0.9946715436450564,0.9244946126300729,0.3480193523036971,0.14370231316858656,0.489967715486689,0.09015172607113021,0.9776783289574128,0.7338155910950144,0.08353879259127063,0.28996644172310443,0.055300677555415394,0.07934955610112807,0.7013623820457471
sub-31151_ses-baseline_fs,rh_IFG_R_6_2_thickness,0.13730874095453052,0.6313564230097193,0.7664664262840152,0.18871505722521245,0.5307452614030246,0.6831909313390511,0.959613613183138,0.8250285265841634,0.2644763877732712,0.4053854879285779,0.4765804750383468,0.6139541827171094,0.6000220882969169,0.9306894005951077,1.0,0.25955109366232065,0.6174365525158414,0.8507671797870671,0.03707488888296478,0.42434560552762285,0.9496022271524606,0.06869382664382881,0.09015172607113013,0.010257947269491658,0.14864063409269934,0.12961908534240993,0.5170617415304722,0.9852687402799901,0.0066954487417425915,0.05378971378374082,0.5479532555767677,0.7502725743796568,0.202926316848488,0.003751875654818773,0.0724255178132376,0.048768432422164144,0.40851931037499584,0.10334566230289158,0.1111519718038718,0.12225922771993032,0.98325618186361,0.10334566230289158,0.49670340485510767,0.17900045638431397,0.8950483127512526,0.9657092542467057,0.08679517299260886,0.1520017058291279,0.5826182279230208,0.5791412047958469,0.06169960919714115,0.7470011834929026,0.11799874571780786,0.0016274482342667127,0.8723607482261808,0.7338155910950144,0.0009837454725996303,0.9265855048287375,0.9423642809674874,0.18091445449026072,0.9385802796459327,0.14864063409269934,0.099606214382915,0.08790280229284388,0.001996024231332268,0.8220816092464244,0.04946087866440528,0.5273168869348445,0.7979341444965764,0.6348328074810211,0.7437195287394005,0.7137657685205357,0.10461618525605637,0.7271664278769112,0.8901616502586229,0.09717270108284458,0.833767812577632,0.00035546163953157223,0.03341278350424152,0.26696076679287967,0.2620064877522221,0.07147754349139616,0.8901616502586225,0.7404278711860274,0.18674316532642296,0.06339093749563811,0.28996644172310443,0.03653174095159942,0.8395069275655296,0.5068555703877617,0.03341278350424152,0.14864063409269934,0.020675227790897577,0.031462101226478294,0.4743496770196058
sub-31151_ses-baseline_fs,rh_IFG_R_6_3_thickness,0.9404858855025771,0.7917477717517544,0.6591004957124329,0.9832561818636097,0.8749683363960837,0.042278612555822555,0.1554182744261862,0.5930576859704842,0.0047124654751722365,0.011575683801141101,0.9136586183632603,0.807104794634956,0.029609673957848574,0.45018011687118525,0.25955109366232065,1.0,0.031940406683430775,0.5617869009869402,0.65218126190158,0.9460387296189509,0.1453347089803382,0.7979341444965764,0.0006373729804512262,0.38375708806308273,0.9530534137503819,0.001216126812241108,0.8851848872465682,0.3393656453440626,9.614290080108662e-06,0.7404278711860274,0.8617236355596004,0.6763309964007813,0.9897467858357493,0.23579971891725013,0.00043618765510892527,0.7171280767226162,0.9547364762816123,0.8876844185918,0.9022054654651693,0.9202359205542289,0.1887150572252129,0.8876844185918,0.8998430873685944,0.9776783289574126,0.5034652703502914,0.16241923108523812,0.8507671797870677,0.9563909690896389,0.833767812577632,0.8366462449885818,0.7728629740106873,0.6797635193641026,0.9136586183632599,0.1520017058291279,0.5341783082982244,0.6934399736228308,0.11522222880209641,0.1266359461208084,0.13888682911245764,0.9788559249174545,0.4371873552157452,0.9530534137503819,0.8801198367521399,0.8535353869368245,0.16964601068769186,0.5965395604172791,0.7204824619662364,0.8775547770254365,0.6243988800966236,0.7886335805090195,0.6831909313390504,0.7137657685205357,0.8901616502586225,0.05087037285711641,0.10461618525605665,0.0007270126023520178,0.5826182279230208,0.06425073068985701,0.6278783678889907,0.9998516025894794,0.9999835103112336,0.8071047946349552,0.5102518722640019,0.6866129799198041,0.9822028545266251,0.7792101050596454,0.9976282822174596,0.6487168396508084,0.5756659467151283,0.8926163563942994,0.6278783678889907,0.9530534137503819,0.5204749344046413,0.6139541827171093,0.9151470177789859
sub-31151_ses-baseline_fs,rh_IFG_R_6_4_thickness,0.011978813527897038,0.15200170582912828,0.23122537501318854,0.019388728681490698,0.1085007707763114,0.994064856242775,0.7855057322221068,0.27704247470841353,0.8101316028275951,0.9366476440940738,0.08902163056065496,0.14370231316858656,0.9995878393434778,0.39604914778581324,0.6174365525158414,0.031940406683430775,1.0,0.3005598964329623,0.0018402390129502188,0.07242551781323786,0.8040627770367335,0.004369959706533351,0.47991633781677956,0.0003242782662633218,0.013489556015033596,0.5826182279230206,0.10334566230289158,0.5136539914311818,0.09244599063838241,0.0030915276297620964,0.11522222880209672,0.2200469562330505,0.021688306407437383,8.697594026052634e-05,0.424345605527622,0.002694438081647593,0.06778575346726709,0.00787456865383196,0.008760864571040031,0.010081035478848028,0.7271664278769112,0.00787456865383196,0.09597358342516057,0.01787931419299898,0.34801935230369774,0.7728629740106873,0.00611140576885207,0.013951053148836066,0.1296190853424101,0.1281209462145261,0.0037518756548187895,0.2178554212277913,0.009566503807046782,2.977083096579902e-05,0.3224112003942285,0.20923636510802326,1.5717570662215882e-05,0.8395069275655297,0.8161385633470808,0.01817268913197421,0.4085193103749964,0.013489556015033596,0.007462310544119031,0.006224399791849785,3.8631512063408565e-05,0.27450048305456715,0.002748150112026004,0.1071936761451248,0.25468392261670014,0.15370303168351093,0.2156785994678861,0.19674815711221771,0.008016459690117656,0.98325618186361,0.8826632836466028,0.5000811548762111,0.2847542110753126,4.381589046945224e-06,0.0015942724637792063,0.03341278350424159,0.03242491424267941,0.004624629855484421,0.3422373240509137,0.21351648679983048,0.019078238940085444,0.0038984468967234714,0.0381817532635469,0.0018030822261104467,0.28996644172310504,0.09960621438291527,0.0015942724637792063,0.013489556015033596,0.0008282751003692152,0.0014677117213467684,0.08827077422409667
sub-31151_ses-baseline_fs,rh_IFG_R_6_5_thickness,0.3626960295224553,0.9265855048287376,0.9871551853439386,0.453450809660783,0.8562843607931373,0.35385238392918156,0.6934399736228308,0.9986652158153578,0.08902163056065496,0.160647914732627,0.8101316028275951,0.9158760171290917,0.28735324688997427,0.9822028545266251,0.8507671797870671,0.5617869009869402,0.3005598964329623,1.0,0.13574410680373333,0.7600225514259091,0.6728936140889044,0.2178554212277913,0.022035459279891097,0.048768432422164255,0.3837570880630834,0.03494266028686065,0.8451740453565184,0.9244946126300725,0.0009425223311361026,0.18091445449026114,0.8697322472753783,0.9822028545266254,0.4765804750383475,0.021345918687228516,0.01674689366795455,0.16781801717021277,0.7437195287394013,0.29523512910688227,0.31137601735996684,0.33366135990148293,0.7535334402028752,0.29523512910688227,0.8279587015034737,0.4371873552157452,0.9952457779164137,0.7070184163790243,0.2595510936623212,0.3898803904722133,0.8950483127512532,0.8926163563942994,0.20085229379129016,0.9811182981106089,0.3252037565247229,0.010620088400495853,0.9989452079024135,0.9764699455166123,0.006942803237580205,0.6313564230097193,0.659100495712433,0.44042174770490194,0.9776783289574126,0.3837570880630834,0.28735324688997427,0.2620064877522225,0.012606865126139162,0.9983523763523154,0.16964601068769228,0.8535353869368251,0.9946715436450565,0.9286504988410612,0.9800026185948704,0.9685799001599229,0.29789052746417644,0.39295914407964716,0.5756659467151284,0.02422144931393732,0.9994065424755949,0.0029152193960183073,0.12516403015212932,0.5721926716233935,0.5652529346227602,0.22447417547321954,0.996296663764204,0.9788559249174548,0.45018011687118525,0.2050149950635914,0.6035050430522649,0.13419287596403542,0.9997361976064063,0.8366462449885818,0.12516403015212932,0.3837570880630834,0.0856986741430437,0.11940608691835486,0.8081053353480745
sub-31151_ses-baseline_fs,rh_IFG_R_6_6_thickness,0.8479799840116691,0.2745004830545666,0.18478578354159783,0.7600225514259085,0.35385238392918156,0.0026944380816476053,0.017023932769857558,0.15031425441353133,0.0001490067086204754,0.0004773132360240419,0.4022624388844086,0.28735324688997427,0.0016612595822449894,0.09129315684540022,0.03707488888296478,0.65218126190158,0.0018402390129502188,0.13574410680373333,1.0,0.4534508096607823,0.01542024437100416,0.9685799001599226,1.1977464496633596e-05,0.8998430873685939,0.8279587015034737,2.6799680480161387e-05,0.3656686379290034,0.05684658498388578,7.365075939191646e-08,0.9889147774344988,0.3393656453440626,0.19471801223377347,0.7371264717359505,0.7404278711860274,7.4893286945424676e-06,0.9940648562427751,0.46993165346669713,0.9091499584677338,0.8950483127512526,0.8749683363960832,0.022744273620949548,0.9091499584677338,0.38375708806308345,0.7760428471383625,0.1111519718038718,0.01817268913197421,0.9385802796459327,0.8220816092464243,0.31137601735996623,0.3141144273446419,0.9788559249174545,0.19674815711221727,0.8826632836466028,0.5965395604172792,0.12370514274970498,0.20501499506359092,0.5136539914311811,0.012606865126139162,0.014426435523379669,0.7728629740106873,0.08679517299260886,0.8279587015034737,0.9158760171290917,0.9366476440940742,0.6313564230097193,0.1520017058291279,0.993425775507761,0.35678780945738664,0.16600424605306485,0.2719728456219383,0.19879291220766684,0.2178554212277909,0.9068591158261183,0.0034736830488911745,0.009566503807046782,1.4104220350720755e-05,0.14533470898033785,0.3656686379290029,0.9991923249338184,0.6417796068467728,0.6487168396508092,0.9642294222384246,0.11385293424438565,0.20085229379128972,0.7632502740890471,0.9764699455166119,0.6104713201778174,0.9999835103112336,0.14208356644223036,0.374659297981049,0.9991923249338184,0.8279587015034737,0.9764699455166119,0.9980067204340755,0.4043536847140259
sub-31151_ses-baseline_fs,rh_OrG_R_6_1_thickness,0.7917477717517537,0.9404858855025775,0.8451740453565184,0.8749683363960832,0.98325618186361,0.09244599063838266,0.27959878506814667,0.7886335805090195,0.013263908060092977,0.029609673957848467,0.9957875024349174,0.9496022271524606,0.06778575346726727,0.6487168396508092,0.42434560552762285,0.9460387296189509,0.07242551781323786,0.7600225514259091,0.4534508096607823,1.0,0.2644763877732712,0.6035050430522643,0.002163855316811701,0.2289602617301192,0.8131429445590621,0.0038984468967234644,0.9871551853439386,0.5238933801110165,4.5096689186599754e-05,0.5410576298665295,0.9776783289574128,0.8590138578021258,0.8926163563942988,0.1266359461208081,0.001529784652514573,0.5170617415304722,0.9995878393434778,0.7137657685205357,0.7338155910950144,0.7600225514259085,0.3280096824839513,0.7137657685205357,0.9920506890541538,0.8617236355595999,0.7036338878287541,0.28996644172310504,0.6660052739735789,0.8191182033187132,0.9642294222384246,0.9657092542467058,0.5756659467151283,0.8617236355596004,0.7502725743796568,0.07533063755092281,0.733815591095015,0.8723607482261814,0.054540862854257195,0.23579971891725063,0.25468392261670014,0.8644134528467564,0.6348328074810219,0.8131429445590621,0.7036338878287534,0.6694516232730475,0.08569867414304348,0.7917477717517544,0.5204749344046413,0.9842781771182444,0.8161385633470808,0.9385802796459332,0.8644134528467571,0.8876844185918001,0.7171280767226164,0.1085007707763114,0.20085229379129016,0.002440013038372417,0.7792101050596455,0.027851613539017654,0.43074703473975723,0.9513419427741894,0.9478344331796865,0.6139541827171094,0.7103957957593104,0.8670830696657822,0.8723607482261808,0.5826182279230208,0.9657092542467055,0.45018011687118453,0.7728629740106873,0.9897467858357495,0.43074703473975723,0.8131429445590621,0.3365069645375198,0.41798416588220044,0.9961322435434307
sub-31151_ses-baseline_fs,rh_OrG_R_6_2_thickness,0.06869382664382881,0.44042174770490194,0.5756659467151289,0.09960621438291527,0.35092953551070866,0.8590138578021258,0.9994065424755949,0.6417796068467727,0.42434560552762296,0.5930576859704836,0.30594033769433926,0.42434560552762274,0.7886335805090195,0.7823644869552171,0.9496022271524606,0.1453347089803382,0.8040627770367335,0.6728936140889044,0.01542024437100416,0.2644763877732712,1.0,0.030989936307711314,0.17334479864265467,0.003680487601285986,0.07533063755092298,0.23579971891725013,0.3393656453440626,0.8851848872465681,0.017590095294313962,0.02347279168197064,0.3656686379290034,0.5583237068486189,0.1085007707763114,0.0012161268122411113,0.14370231316858623,0.021008243298053845,0.252272191174003,0.04946087866440543,0.05378971378374096,0.060045485448701155,0.9905468258088405,0.04946087866440543,0.3224112003942285,0.09361029492641701,0.7304954897383075,0.9983523763523153,0.0404795811181947,0.07731908716265559,0.3960491477858131,0.39295914407964777,0.02742639566184808,0.554863562425431,0.05763281853863059,0.00048814651971801684,0.7002424670350178,0.5410576298665302,0.00028227720600217907,0.9976282822174596,0.9997361976064063,0.09478613689479261,0.7948480462087284,0.07533063755092298,0.047407795998767245,0.04107194202720216,0.0006098592786832648,0.6383072821765643,0.021345918687228516,0.34801935230369774,0.6104713201778181,0.44366543665291513,0.5514066763348682,0.520474934404642,0.05016150237725689,0.8926163563942988,0.9871551853439384,0.1847857835415977,0.6521812619015808,9.368931525889155e-05,0.013718590291220306,0.15031425441353127,0.1469808006437124,0.032424914242679376,0.7238286654248509,0.5479532555767683,0.09838355610404095,0.02828249121722633,0.16600424605306527,0.015166301531901733,0.6591004957124336,0.3308289077573036,0.013718590291220306,0.07533063755092298,0.008016459690117656,0.012822603942418149,0.3041317148033901
sub-31151_ses-baseline_fs,rh_OrG_R_6_3_thickness,0.9496022271524606,0.3991502854425419,0.28475421107531207,0.8876844185918001,0.493332199330084,0.0062243997918498125,0.033916269904139096,0.23810893581832568,0.00041689086517593426,0.0012419659789801947,0.5479532555767684,0.41481877659172206,0.003973669396564737,0.15370303168351093,0.06869382664382881,0.7979341444965764,0.004369959706533351,0.2178554212277913,0.9685799001599226,0.6035050430522643,0.030989936307711314,1.0,3.863151206340836e-05,0.7760428471383618,0.9366476440940742,8.27561407790574e-05,0.5068555703877625,0.10084074145859256,3.0357008896523863e-07,0.9946715436450564,0.4765804750383475,0.29789052746417644,0.8697322472753783,0.5895766901305589,2.4759006874117653e-05,0.9897467858357493,0.6209181964368784,0.9832561818636097,0.9764699455166119,0.9657092542467055,0.044144493458667285,0.9832561818636097,0.5273168869348452,0.8998430873685944,0.1828428882091705,0.03599536301525462,0.9946715436450564,0.9327020181739875,0.44366543665291525,0.44691827579206217,0.9989452079024135,0.3005598964329623,0.9699704363754993,0.4469182757920616,0.20085229379129016,0.31137601735996623,0.37165037121199956,0.02578095581447716,0.029161461997341674,0.8974572967211143,0.1469808006437124,0.9366476440940742,0.9862277743473981,0.9940648562427751,0.4799163378167803,0.24043283765533455,0.9905468258088405,0.4967034048551084,0.25955109366232065,0.39604914778581324,0.3032431843469135,0.3280096824839506,0.9822028545266254,0.007874568653831931,0.020022968493331517,4.5096689186599435e-05,0.23122537501318804,0.24749253789260534,0.9580167334431509,0.7886335805090195,0.7948480462087285,0.9998516025894794,0.18674316532642338,0.30594033769433926,0.8901616502586229,0.9994065424755949,0.7600225514259084,0.9671594602919182,0.22670986085082065,0.517061741530473,0.9580167334431509,0.9366476440940742,0.8950483127512526,0.9513419427741894,0.550266654293536
sub-31151_ses-baseline_fs,rh_OrG_R_6_4_thickness,0.0001563569629704695,0.006942803237580168,0.013951053148836016,0.00030966666468962674,0.004050209775792826,0.4179841658821997,0.16241923108523726,0.019078238940085358,0.8535353869368238,0.69684441037047,0.002972940359393932,0.0063392738953298635,0.4967034048551069,0.03653174095159942,0.09015172607113013,0.0006373729804512262,0.47991633781677956,0.022035459279891097,1.1977464496633596e-05,0.002163855316811701,0.17334479864265467,3.863151206340836e-05,1.0,1.2095902865748467e-06,0.00018486554316467173,0.98526874027999,0.003751875654818756,0.060867932203225165,0.6243988800966251,2.4112326149688402e-05,0.004453398967528192,0.012822603942418104,0.00036368522412968875,2.2125982314292146e-07,0.9952457779164138,2.0016092145252853e-05,0.0019559799541630425,8.697594026052588e-05,0.00010089092211498632,0.0001227403306041407,0.13265499699940778,8.697594026052588e-05,0.003341759016491704,0.0002757943350500581,0.02871908761652578,0.15541827442618542,6.123555969673845e-05,0.0001938695328283176,0.005370881385339931,0.0052719904932115305,3.137152928129291e-05,0.012606865126139117,0.00011406936168956695,5.654120043911896e-08,0.024990688201934317,0.011775717848306042,2.52597138446837e-08,0.19674815711221685,0.18091445449026033,0.00028227720600217755,0.03874559966874938,0.00018486554316467173,8.071965444750762e-05,6.280325873898e-05,7.865694078856917e-08,0.018772102252064316,2.055765923196337e-05,0.003973669396564705,0.016473819654267873,0.00706953675695461,0.012394347322319657,0.010620088400495798,8.91614452390162e-05,0.3776801294248236,0.23122537501318757,0.9994065424755949,0.020022968493331444,5.112776119469868e-09,9.883216529612318e-06,0.0006808199086783157,0.0006515596346997237,4.1745304760239635e-05,0.02785161353901763,0.012185010132509078,0.00030259467367269743,3.305393216730798e-05,0.0008282751003692093,1.1654242844654061e-05,0.020675227790897557,0.0035414102134488225,9.883216529612318e-06,0.00018486554316467173,4.138323283684239e-06,8.848874125877173e-06,0.0029341530419490546
sub-31151_ses-baseline_fs,rh_OrG_R_6_5_thickness,0.5860967966668882,0.11799874571780786,0.07147754349139616,0.4866101286422384,0.16420466260765906,0.0004992092157441303,0.0041280883221664275,0.055300677555415394,1.9488149276517803e-05,7.122947978390619e-05,0.19471801223377347,0.12516403015212932,0.0002889029364033632,0.030063783431251226,0.010257947269491658,0.38375708806308273,0.0003242782662633218,0.048768432422164255,0.8998430873685939,0.2289602617301192,0.003680487601285986,0.7760428471383618,1.2095902865748467e-06,1.0,0.5617869009869394,2.929394933210083e-06,0.17148826029817338,0.0170239327698575,4.7621743668604754e-09,0.8308718809296036,0.1554182744261858,0.07631964507141249,0.4633144664392366,0.9513419427741898,7.231646246741626e-07,0.8507671797870676,0.24043283765533455,0.6694516232730475,0.6487168396508084,0.6209181964368775,0.00578343825570564,0.6694516232730475,0.18284288820917038,0.5034652703502914,0.03818175326354677,0.004453398967528208,0.7171280767226162,0.5548635624254302,0.1388868291124572,0.1404784212182866,0.8010058076258413,0.07731908716265543,0.6313564230097193,0.8562843607931374,0.04351499356949575,0.08142260512015594,0.785505732222107,0.002915219396018302,0.0034071387541646167,0.5000811548762113,0.028282491217226244,0.5617869009869394,0.6797635193641026,0.7137657685205357,0.8826632836466028,0.056069228143955006,0.8479799840116684,0.16600424605306485,0.06254058731834557,0.11660414606159479,0.0783290341172757,0.08790280229284388,0.6660052739735788,0.000666040089511158,0.002120723753574696,1.4470964065039865e-06,0.05304716020212571,0.6313564230097194,0.9158760171290917,0.374659297981049,0.3807127614773433,0.7664664262840151,0.039316475971835685,0.07934955610112807,0.48996771548668894,0.7948480462087278,0.3480193523036971,0.9022054654651692,0.05158755955914361,0.17710086674476286,0.9158760171290917,0.5617869009869394,0.9713309342245217,0.9244946126300729,0.196076594976714
sub-31151_ses-baseline_fs,rh_OrG_R_6_6_thickness,0.9991923249338184,0.6104713201778174,0.4732521916452872,0.9920506890541537,0.7103957957593104,0.01847026879689728,0.08142260512015623,0.41166378200690873,0.0016274482342667198,0.004369959706533335,0.7632502740890471,0.6278783678889913,0.012394347322319723,0.28996644172310443,0.14864063409269934,0.9530534137503819,0.013489556015033596,0.3837570880630834,0.8279587015034737,0.8131429445590621,0.07533063755092298,0.9366476440940742,0.00018486554316467173,0.5617869009869394,1.0,0.0003720867893905519,0.7238286654248509,0.20501499506359092,2.0638063430030047e-06,0.8974572967211143,0.6934399736228308,0.48996771548668894,0.9862277743473981,0.3807127614773433,0.0001227403306041407,0.88011983675214,0.8279587015034737,0.9842781771182444,0.9897467858357495,0.9952457779164138,0.10208720250204802,0.9842781771182444,0.7437195287394013,0.9952457779164138,0.33366135990148216,0.0856986741430437,0.9671594602919186,0.9999340428763753,0.6591004957124329,0.6625548153579758,0.9202359205542289,0.4933321993300831,0.993425775507761,0.26447638777327076,0.35973572201177295,0.5068555703877616,0.2092363651080228,0.06425073068985716,0.07147754349139639,0.9946715436450564,0.2795987850681461,1.0,0.9811182981106086,0.9685799001599226,0.28996644172310443,0.4148187765917214,0.8826632836466028,0.7137657685205357,0.4404217477049013,0.6069881967649924,0.4967034048551084,0.5273168869348444,0.9852687402799901,0.022744273620949468,0.05158755955914377,0.00021313014208678132,0.4022624388844079,0.12663594612080817,0.8071047946349553,0.9478344331796869,0.9513419427741898,0.9423642809674869,0.3393656453440626,0.5000811548762113,0.9927543644046442,0.9244946126300729,0.9306894005951077,0.8250285265841634,0.3960491477858125,0.7338155910950144,0.8071047946349553,1.0,0.7070184163790243,0.7948480462087278,0.765406391258507
sub-31151_ses-baseline_fs,rh_PrG_R_6_1_thickness,0.0003168934851897783,0.011775717848306062,0.02274427362094953,0.0006098592786832648,0.007069536756954642,0.5170617415304721,0.2222532072160141,0.030523850682967448,0.926585504828737,0.7948480462087283,0.00527199049321154,0.010805390887868726,0.6000220882969153,0.05606922814395516,0.12961908534240993,0.001216126812241108,0.5826182279230206,0.03494266028686065,2.6799680480161387e-05,0.0038984468967234644,0.23579971891725013,8.27561407790574e-05,0.98526874027999,2.929394933210083e-06,0.0003720867893905519,1.0,0.00657477085579479,0.09015172607113042,0.5204749344046422,5.258138086540732e-05,0.0077349339839566265,0.021008243298053845,0.0007113003646270979,5.658156401394937e-07,0.9642294222384243,4.3952134810721656e-05,0.003541410213448829,0.00018051267021507286,0.00020815293126622263,0.00025123505536017824,0.1847857835415977,0.00018051267021507286,0.005890951290073279,0.0005458445174465203,0.044781622960137185,0.21351648679982985,0.00012886288770260266,0.0003894381297617111,0.009236633350826414,0.00907553943546984,6.773789612921237e-05,0.020675227790897612,0.00023418065646285433,1.5072463484875662e-07,0.03931647597183565,0.019388728681490698,6.895410332583175e-08,0.26447638777327065,0.24512465175003723,0.0005581227622191086,0.0592321980953104,0.0003720867893905519,0.0001680261634898496,0.0001320312272769793,2.0761532280867437e-07,0.03006378343125131,4.5096689186599435e-05,0.0069428032375801925,0.026592705347353165,0.011978813527897017,0.020346820089914838,0.01759009529431393,0.0001848655431646727,0.4732521916452877,0.30594033769433915,0.9905468258088405,0.03194040668343075,1.4606764896348834e-08,2.2267468112482796e-05,0.001295174849693559,0.0012419659789801947,8.916144523901636e-05,0.043514993569495716,0.0200229684933315,0.00059652155991559,7.122947978390657e-05,0.001561721480353202,2.6102281787920016e-05,0.03291568578496624,0.006224399791849785,2.2267468112482796e-05,0.0003720867893905519,9.614290080108593e-06,2.0016092145252958e-05,0.005206658263009067
sub-31151_ses-baseline_fs,rh_PrG_R_6_2_thickness,0.7002424670350178,0.9822028545266251,0.9158760171290913,0.7948480462087285,0.9997361976064063,0.1296190853424101,0.35678780945738664,0.8697322472753778,0.021008243298053866,0.04478162296013709,0.9976282822174596,0.9871551853439384,0.09717270108284472,0.7437195287394005,0.5170617415304722,0.8851848872465682,0.10334566230289158,0.8451740453565184,0.3656686379290034,0.9871551853439386,0.3393656453440626,0.5068555703877625,0.003751875654818756,0.17148826029817338,0.7238286654248509,0.00657477085579479,1.0,0.6209181964368775,9.13988525701966e-05,0.44691827579206217,0.9986652158153578,0.9265855048287371,0.8161385633470809,0.09015172607113042,0.002694438081647581,0.42434560552762285,0.9822028545266254,0.6174365525158414,0.6383072821765644,0.6660052739735797,0.4116637820069086,0.6174365525158414,0.9994065424755949,0.7792101050596455,0.7948480462087278,0.36865345117651555,0.5687215959562,0.7304954897383076,0.994064856242775,0.9946715436450564,0.47991633781678106,0.9286504988410608,0.6556425624137618,0.05158755955914377,0.8220816092464243,0.9366476440940736,0.036531740951599535,0.30594033769433926,0.3280096824839508,0.7823644869552172,0.7304954897383068,0.7238286654248509,0.6069881967649924,0.5721926716233935,0.059232198095310454,0.8723607482261807,0.4275413893305067,0.9998516025894794,0.8926163563942988,0.9811182981106086,0.9306894005951077,0.9478344331796865,0.6209181964368784,0.15031425441353097,0.26447638777327076,0.004207325580216153,0.8617236355595999,0.01787931419299898,0.3451219204328479,0.8926163563942994,0.8876844185918001,0.517061741530473,0.8010058076258413,0.932702018173987,0.7917477717517544,0.4866101286422392,0.9136586183632603,0.3626960295224553,0.8562843607931366,0.9998516025894794,0.3451219204328479,0.7238286654248509,0.2620064877522225,0.33366135990148216,0.9973564070384786
sub-31151_ses-baseline_fs,rh_PrG_R_6_3_thickness,0.19070148170660947,0.7338155910950144,0.8562843607931373,0.2546839226166996,0.634832807481021,0.5791412047958484,0.8998430873685944,0.9045442135225782,0.19674815711221771,0.31686647007810564,0.5791412047958467,0.7171280767226162,0.49670340485510905,0.9788559249174545,0.9852687402799901,0.3393656453440626,0.5136539914311818,0.9244946126300725,0.05684658498388578,0.5238933801110165,0.8851848872465681,0.10084074145859256,0.060867932203225165,0.0170239327698575,0.20501499506359092,0.09015172607113042,0.6209181964368775,1.0,0.0038245222430810964,0.08038072314232772,0.65218126190158,0.8423496106096975,0.27197284562193774,0.006574770855794801,0.048084094519757356,0.07338364448285341,0.5068555703877616,0.1469808006437124,0.15714747559650089,0.17148826029817338,0.9385802796459332,0.1469808006437124,0.6000220882969154,0.24277141372229694,0.9563909690896389,0.9091499584677343,0.12516403015212932,0.20923636510802265,0.6866129799198041,0.6831909313390496,0.09129315684540022,0.8395069275655296,0.16600424605306485,0.0029729403593939507,0.9404858855025771,0.8279587015034737,0.0018402390129502106,0.8535353869368251,0.8749683363960838,0.24512465175003734,0.9832561818636097,0.20501499506359092,0.14208356644223027,0.1266359461208081,0.0036103387998002935,0.9022054654651693,0.07435199419264596,0.6313564230097193,0.8826632836466028,0.7371264717359498,0.8366462449885811,0.810131602827595,0.14864063409269934,0.6243988800966236,0.807104794634956,0.0659989300785696,0.9114165293788965,0.0006959047496046793,0.05158755955914361,0.3480193523036971,0.3422373240509131,0.10461618525605633,0.9530534137503819,0.833767812577632,0.25227219117400246,0.09361029492641701,0.374659297981049,0.056069228143955006,0.9158760171290917,0.6104713201778174,0.05158755955914361,0.20501499506359092,0.032915685784966155,0.0487684324221641,0.5768125733131566
sub-31151_ses-baseline_fs,rh_PrG_R_6_4_thickness,1.6787507945411655e-06,0.00020328524845712,0.0005105057852510201,3.908048054007876e-06,0.00010089092211498703,0.07242551781323762,0.015939380111139344,0.0007761090102895942,0.30865130110880484,0.19070148170661033,6.773789612921237e-05,0.0001805126702150732,0.09838355610404104,0.0018780995634457118,0.0066954487417425915,9.614290080108662e-06,0.09244599063838241,0.0009425223311361026,7.365075939191646e-08,4.5096689186599754e-05,0.017590095294313962,3.0357008896523863e-07,0.6243988800966251,4.7621743668604754e-09,2.0638063430030047e-06,0.5204749344046422,9.13988525701966e-05,0.0038245222430810964,1.0,1.7139027672246846e-07,0.00011406936168956817,0.0004563174423493943,4.772380497959528e-06,6.411186282439417e-10,0.6831909313390513,1.3683033664996675e-07,3.9644049180935036e-05,8.169106106916616e-07,9.79830369445389e-07,1.246380446031006e-06,0.011775717848306083,8.169106106916616e-07,7.873068598975118e-05,3.3849163969423743e-06,0.0013504851531603737,0.014916048726436077,5.319749259430337e-07,2.1885862625601205e-06,0.00014545499348888474,0.00014198325419484214,2.357699369491783e-07,0.0004461463880191307,1.139123075229858e-06,1.296394139834403e-10,0.0011176666477691376,0.0004075448403701349,5.0664861563925785e-11,0.021345918687228533,0.018772102252064375,3.483846264098419e-06,0.002036821149987558,2.0638063430030047e-06,7.455778523370404e-07,5.486434728400572e-07,1.9068421905217787e-10,0.000759410829795097,1.4131795147297182e-07,9.843413715716087e-05,0.0006373729804512324,0.00020815293126622263,0.00043618765510892874,0.0003554616395315748,8.421182334849437e-07,0.06086793220322554,0.02742639566184808,0.6035050430522652,0.0008282751003692173,7.935771286902749e-12,5.844759970175032e-08,1.0442813443017107e-05,9.883216529612442e-06,3.335697095877362e-07,0.001295174849693567,0.0004264371537789968,3.797573177547825e-06,2.511984771703484e-07,1.3358108863629762e-05,7.126492520009923e-08,0.0008648436047261753,8.484120780140133e-05,5.844759970175032e-08,2.0638063430030047e-06,2.0589946469293172e-08,5.11769171395224e-08,6.660494739544856e-05
sub-31151_ses-baseline_fs,rh_PrG_R_6_5_thickness,0.9136586183632603,0.3451219204328479,0.24043283765533455,0.8395069275655296,0.4339624034650143,0.004453398967528228,0.025780955814477185,0.19879291220766684,0.00027579433505006104,0.000846375831506369,0.4866101286422392,0.35973572201177295,0.002802840421760052,0.12516403015212932,0.05378971378374082,0.7404278711860274,0.0030915276297620964,0.18091445449026114,0.9889147774344988,0.5410576298665295,0.02347279168197064,0.9946715436450564,2.4112326149688402e-05,0.8308718809296036,0.8974572967211143,5.258138086540732e-05,0.44691827579206217,0.08038072314232772,1.7139027672246846e-07,1.0,0.4179841658822011,0.252272191174003,0.8191182033187139,0.65218126190158,1.5298463741596347e-05,0.9991923249338184,0.558323706848619,0.9596136131831376,0.9496022271524602,0.934688161845931,0.033916269904139096,0.9596136131831376,0.4666190244072667,0.8535353869368251,0.15031425441353127,0.02742639566184808,0.9788559249174545,0.8926163563942993,0.3868130010948904,0.3898803904722132,0.9983523763523153,0.2546839226166996,0.9404858855025774,0.5068555703877619,0.16600424605306527,0.26447638777327065,0.42754138933050606,0.019388728681490698,0.022035459279891256,0.8507671797870676,0.11940608691835497,0.8974572967211143,0.9642294222384246,0.9776783289574128,0.5410576298665295,0.20085229379128972,0.9994065424755949,0.4371873552157452,0.2178554212277909,0.3422373240509137,0.25711023075574535,0.279598785068146,0.9580167334431512,0.005677700140482021,0.014916048726436077,2.8248079855881064e-05,0.19270246003076066,0.2925937511916478,0.9822028545266251,0.7304954897383076,0.7371264717359505,0.9927543644046442,0.15370303168351093,0.25955109366232065,0.8423496106096982,0.9976282822174596,0.7002424670350178,0.9880508823333499,0.18871505722521245,0.4567302019584563,0.9822028545266251,0.8974572967211143,0.9346881618459311,0.9776783289574126,0.48885894082593156
sub-31151_ses-baseline_fs,rh_PrG_R_6_6_thickness,0.6694516232730475,0.9905468258088405,0.9346881618459311,0.7664664262840151,0.9995878393434778,0.14370231316858692,0.38375708806308345,0.8926163563942994,0.024221449313937427,0.05087037285711641,0.992754364404644,0.9940648562427751,0.10850077077631169,0.7728629740106873,0.5479532555767677,0.8617236355596004,0.11522222880209672,0.8697322472753783,0.3393656453440626,0.9776783289574128,0.3656686379290034,0.4765804750383475,0.004453398967528192,0.1554182744261858,0.6934399736228308,0.0077349339839566265,0.9986652158153578,0.65218126190158,0.00011406936168956817,0.4179841658822011,1.0,0.9442152876750859,0.7886335805090188,0.08038072314232772,0.003214421143990723,0.3960491477858125,0.9713309342245217,0.5860967966668882,0.6069881967649924,0.6348328074810219,0.44042174770490194,0.5860967966668882,0.996296663764204,0.7502725743796568,0.8220816092464243,0.39604914778581324,0.5376158306733697,0.7002424670350178,0.9983523763523153,0.9986652158153578,0.45018011687118514,0.9460387296189509,0.6243988800966236,0.045426449863537936,0.8479799840116691,0.9530534137503819,0.03194040668343067,0.3308289077573036,0.35385238392918156,0.7535334402028752,0.7600225514259085,0.6934399736228308,0.5756659467151283,0.5410576298665295,0.052313132090276875,0.8950483127512526,0.3991502854425419,0.9994065424755949,0.9136586183632598,0.9897467858357495,0.9478344331796869,0.9627201071975481,0.5895766901305591,0.16600424605306485,0.28735324688997427,0.00498512270848053,0.8851848872465676,0.015420244371004106,0.3196320826856246,0.8697322472753778,0.8644134528467564,0.4866101286422384,0.8279587015034737,0.9496022271524602,0.7632502740890463,0.4567302019584563,0.8926163563942994,0.3365069645375198,0.8801198367521399,0.9976282822174596,0.3196320826856246,0.6934399736228308,0.24043283765533455,0.30865130110880423,0.9922864645340048
sub-31151_ses-baseline_fs,rh_PCL_R_2_1_thickness,0.466619024407266,0.9800026185948704,0.9995878393434778,0.5652529346227602,0.9346881618459311,0.2644763877732712,0.5791412047958476,0.9905468258088405,0.057632818538630615,0.10982018192308123,0.8998430873685939,0.9739612899019187,0.20923636510802313,0.9306894005951077,0.7502725743796568,0.6763309964007813,0.2200469562330505,0.9822028545266254,0.19471801223377347,0.8590138578021258,0.5583237068486189,0.29789052746417644,0.012822603942418104,0.07631964507141249,0.48996771548668894,0.021008243298053845,0.9265855048287371,0.8423496106096975,0.0004563174423493943,0.252272191174003,0.9442152876750859,1.0,0.5895766901305589,0.03546569079216386,0.00956650380704674,0.23579971891725013,0.8451740453565184,0.3898803904722132,0.4085193103749964,0.4339624034650143,0.6417796068467728,0.3898803904722132,0.9136586183632598,0.5479532555767677,0.9596136131831376,0.5930576859704842,0.34801935230369774,0.4967034048551084,0.961181454747879,0.9596136131831376,0.27704247470841353,0.9999835103112336,0.42434560552762285,0.018470268796897227,0.972661261775704,0.9995878393434778,0.0123943473223197,0.5170617415304729,0.5445035055161659,0.5514066763348683,0.9223780184416857,0.48996771548668894,0.3807127614773433,0.3509295355107088,0.021688306407437366,0.9913148187222658,0.23810893581832568,0.9327020181739875,0.996296663764204,0.9811182981106086,0.9999340428763753,0.9980067204340756,0.3929591440796479,0.2978905274641758,0.46331446643923674,0.014186987222786749,0.9880508823333499,0.005471446802712269,0.18091445449026072,0.6866129799198041,0.6797635193641026,0.30594033769433926,0.9627201071975481,0.9998516025894794,0.5617869009869394,0.2821693768669515,0.717128076722617,0.19270246003076075,0.9862277743473978,0.9202359205542289,0.18091445449026072,0.48996771548668894,0.1281209462145261,0.17334479864265503,0.8982471824363152
sub-31151_ses-baseline_fs,rh_PCL_R_2_2_thickness,0.9788559249174545,0.7103957957593097,0.5721926716233927,0.9991923249338185,0.8040627770367333,0.029161461997341674,0.11660414606159479,0.5068555703877617,0.0029152193960183073,0.007462310544119005,0.8507671797870676,0.7271664278769112,0.020022968493331517,0.37165037121199956,0.202926316848488,0.9897467858357493,0.021688306407437383,0.4765804750383475,0.7371264717359505,0.8926163563942988,0.1085007707763114,0.8697322472753783,0.00036368522412968875,0.4633144664392366,0.9862277743473981,0.0007113003646270979,0.8161385633470809,0.27197284562193774,4.772380497959528e-06,0.8191182033187139,0.7886335805090188,0.5895766901305589,1.0,0.2978905274641763,0.0002454246351981848,0.7979341444965764,0.9045442135225782,0.9423642809674873,0.9530534137503823,0.9657092542467058,0.14370231316858656,0.9423642809674873,0.833767812577632,0.9976282822174597,0.421159819618015,0.12225922771993032,0.9136586183632603,0.9880508823333501,0.7567835196698144,0.7600225514259085,0.8479799840116691,0.5930576859704835,0.961181454747879,0.19879291220766684,0.45018011687118525,0.6069881967649917,0.15370303168351093,0.09361029492641701,0.10334566230289158,0.9980067204340756,0.35973572201177234,0.9862277743473981,0.9366476440940741,0.9158760171290917,0.2200469562330505,0.5102518722640011,0.801005807625842,0.8071047946349552,0.5376158306733689,0.7070184163790243,0.5965395604172791,0.6278783678889907,0.944215287675086,0.03546569079216375,0.07631964507141249,0.0004168908651759313,0.49670340485510767,0.08902163056065496,0.7137657685205357,0.9871551853439384,0.9889147774344988,0.8775547770254365,0.427541389330506,0.6000220882969155,0.9989452079024135,0.8535353869368251,0.9776783289574126,0.7338155910950144,0.48996771548668816,0.8250285265841634,0.7137657685205357,0.9862277743473981,0.6069881967649924,0.7002424670350178,0.8526239928491552
sub-31151_ses-baseline_fs,rh_STG_R_6_1_thickness,0.40226243888440855,0.058427999363044936,0.032915685784966155,0.31686647007810564,0.0856986741430437,0.00013858980812126546,0.0013789516394091211,0.024603468269068077,4.258289560800276e-06,1.704167521481369e-05,0.1046161852560566,0.06254058731834576,7.678819411660808e-05,0.01239434732231968,0.003751875654818773,0.23579971891725013,8.697594026052634e-05,0.021345918687228516,0.7404278711860274,0.1266359461208081,0.0012161268122411113,0.5895766901305589,2.2125982314292146e-07,0.9513419427741898,0.3807127614773433,5.658156401394937e-07,0.09015172607113042,0.006574770855794801,6.411186282439417e-10,0.65218126190158,0.08038072314232772,0.03546569079216386,0.2978905274641763,1.0,1.2826540923668323e-07,0.6763309964007813,0.13419287596403542,0.4799163378167803,0.46001813959473026,0.4339624034650135,0.001996024231332277,0.4799163378167803,0.09717270108284463,0.3308289077573036,0.016204663938892947,0.0014984515058869693,0.5273168869348444,0.3746592979810489,0.07053965075119528,0.07147754349139639,0.6174365525158407,0.03599536301525451,0.44366543665291513,0.9713309342245218,0.018772102252064375,0.038181753263546746,0.9306894005951079,0.0009425223311361001,0.0011176666477691376,0.3280096824839506,0.011575683801141101,0.3807127614773433,0.48996771548668894,0.5238933801110165,0.9832561818636097,0.024990688201934397,0.6728936140889044,0.08679517299260882,0.028282491217226244,0.05763281853863059,0.036531740951599535,0.04167159695554625,0.4765804750383474,0.00018931713734578724,0.0006660400895111611,2.67601341144594e-07,0.023472791681970556,0.8131429445590622,0.763250274089047,0.2289602617301197,0.2335051961085975,0.5791412047958475,0.01674689366795461,0.03707488888296474,0.31963208268562504,0.6104713201778174,0.20923636510802265,0.7437195287394012,0.022744273620949468,0.09361029492641701,0.763250274089047,0.3807127614773433,0.8562843607931373,0.7760428471383625,0.1054742162421344
sub-31151_ses-baseline_fs,rh_STG_R_6_2_thickness,0.00010340561481597519,0.005079135094285379,0.010437619445160909,0.0002081529312662219,0.002915219396018297,0.36566863792900206,0.13419287596403492,0.014426435523379617,0.8040627770367326,0.6383072821765636,0.002120723753574683,0.0046246298554844046,0.44042174770490056,0.028282491217226244,0.0724255178132376,0.00043618765510892527,0.424345605527622,0.01674689366795455,7.4893286945424676e-06,0.001529784652514573,0.14370231316858623,2.4759006874117653e-05,0.9952457779164138,7.231646246741626e-07,0.0001227403306041407,0.9642294222384243,0.002694438081647581,0.048084094519757356,0.6831909313390513,1.5298463741596347e-05,0.003214421143990723,0.00956650380704674,0.0002454246351981848,1.2826540923668323e-07,1.0,1.2649797726948967e-05,0.0013789516394091149,5.675214651951937e-05,6.605355329228604e-05,8.071965444750804e-05,0.10850077077631111,5.675214651951937e-05,0.0023918501428033716,0.00018486554316467173,0.022035459279891177,0.12812094621452577,3.9644049180934826e-05,0.00012886288770260198,0.003898446896723447,0.003824522243081066,2.0016092145252958e-05,0.00940027671509283,7.4891158671939e-05,3.201440825885305e-08,0.019078238940085358,0.00876086457104,1.4111238932941353e-08,0.16420466260765865,0.15031425441353086,0.00018931713734578724,0.0300637834312512,0.0001227403306041407,5.258138086540703e-05,4.068178333916866e-05,4.478704354064652e-08,0.014186987222786749,1.2999344139069928e-05,0.0028585248361956642,0.01239434732231968,0.005174749756892183,0.009236633350826397,0.00787456865383191,5.821082418629607e-05,0.3280096824839506,0.19471801223377305,0.9913148187222658,0.015166301531901705,2.783511392780841e-09,6.155621203486744e-06,0.0004667049800009513,0.00044614638801912634,2.6799680480161242e-05,0.02134591868722845,0.00907553943546984,0.00020328524845711782,2.1113182957415114e-05,0.0005706583738154716,7.2831385831451515e-06,0.015677922139407295,0.002539016598500386,6.155621203486744e-06,0.0001227403306041407,2.5330854099317446e-06,5.499049615261762e-06,0.0020922690402130975
sub-31151_ses-baseline_fs,rh_STG_R_6_3_thickness,0.8974572967211143,0.32520375652472233,0.22447417547321905,0.8191182033187132,0.41166378200690873,0.0038984468967234714,0.023106042583071907,0.18478578354159783,0.00023418065646285474,0.0007270126023520159,0.46331446643923674,0.3393656453440626,0.0024400130383724216,0.11522222880209641,0.048768432422164144,0.7171280767226162,0.002694438081647593,0.16781801717021277,0.9940648562427751,0.5170617415304722,0.021008243298053845,0.9897467858357493,2.0016092145252853e-05,0.8507671797870676,0.88011983675214,4.3952134810721656e-05,0.42434560552762285,0.07338364448285341,1.3683033664996675e-07,0.9991923249338184,0.3960491477858125,0.23579971891725013,0.7979341444965764,0.6763309964007813,1.2649797726948967e-05,1.0,0.5341783082982237,0.9478344331796865,0.9366476440940738,0.9202359205542283,0.030523850682967476,0.9478344331796865,0.44366543665291525,0.833767812577632,0.1388868291124572,0.024603468269068077,0.969970436375499,0.8749683363960832,0.3656686379290027,0.36865345117651555,0.9952457779164137,0.23810893581832515,0.9265855048287371,0.5307452614030254,0.15370303168351093,0.24749253789260522,0.45018011687118525,0.017304984129157805,0.019703621674268253,0.8308718809296036,0.10982018192308123,0.88011983675214,0.953053413750382,0.9685799001599226,0.5652529346227602,0.18674316532642296,0.9999835103112336,0.4148187765917214,0.202926316848488,0.3224112003942285,0.24043283765533455,0.26200648775222196,0.9460387296189509,0.004985122708480513,0.01326390806009293,2.3481761651910362e-05,0.17900045638431383,0.3113760173599664,0.9889147774344988,0.7070184163790243,0.7137657685205357,0.9871551853439384,0.14208356644223036,0.24277141372229694,0.8220816092464243,0.994064856242775,0.6763309964007806,0.993425775507761,0.17521565729471403,0.43396240346501364,0.9889147774344988,0.88011983675214,0.947834433179687,0.9852687402799901,0.4655276201356381
sub-31151_ses-baseline_fs,rh_STG_R_6_4_thickness,0.8071047946349552,0.9306894005951077,0.8308718809296036,0.8876844185918,0.9776783289574128,0.08679517299260905,0.2669607667928802,0.7728629740106873,0.012185010132509121,0.027426395661847982,0.9927543644046442,0.9404858855025775,0.06339093749563825,0.6313564230097193,0.40851931037499584,0.9547364762816123,0.06778575346726709,0.7437195287394013,0.46993165346669713,0.9995878393434778,0.252272191174003,0.6209181964368784,0.0019559799541630425,0.24043283765533455,0.8279587015034737,0.003541410213448829,0.9822028545266254,0.5068555703877616,3.9644049180935036e-05,0.558323706848619,0.9713309342245217,0.8451740453565184,0.9045442135225782,0.13419287596403542,0.0013789516394091149,0.5341783082982237,1.0,0.7304954897383076,0.7502725743796574,0.7760428471383625,0.31411442734464173,0.7304954897383076,0.9880508823333501,0.8749683363960832,0.6866129799198041,0.27704247470841353,0.6831909313390505,0.833767812577632,0.9563909690896389,0.9580167334431512,0.5930576859704841,0.8479799840116684,0.7664664262840152,0.08038072314232779,0.717128076722617,0.8590138578021251,0.05842799936304496,0.2244741754732194,0.24277141372229746,0.8775547770254365,0.6174365525158408,0.8279587015034737,0.7204824619662364,0.6866129799198041,0.09129315684540022,0.7760428471383618,0.5376158306733697,0.9788559249174545,0.8010058076258413,0.9286504988410612,0.8507671797870676,0.8749683363960832,0.7338155910950144,0.10208720250204775,0.1907014817066099,0.0022077912821652323,0.7632502740890463,0.030063783431251254,0.4469182757920616,0.9596136131831376,0.9563909690896389,0.6313564230097193,0.6934399736228308,0.8535353869368245,0.8851848872465676,0.6000220882969163,0.972661261775704,0.4666190244072661,0.7567835196698144,0.9852687402799901,0.4469182757920616,0.8279587015034737,0.3509295355107088,0.43396240346501364,0.9932077807897947
sub-31151_ses-baseline_fs,rh_STG_R_6_5_thickness,0.9905468258088407,0.5034652703502914,0.374659297981049,0.9547364762816123,0.6035050430522649,0.010993564018747333,0.053789713783740985,0.31963208268562515,0.0008463758315063735,0.002391850142803382,0.6591004957124337,0.520474934404642,0.007198346259639864,0.2156785994678861,0.10334566230289158,0.8876844185918,0.00787456865383196,0.29523512910688227,0.9091499584677338,0.7137657685205357,0.04946087866440543,0.9832561818636097,8.697594026052588e-05,0.6694516232730475,0.9842781771182444,0.00018051267021507286,0.6174365525158414,0.1469808006437124,8.169106106916616e-07,0.9596136131831376,0.5860967966668882,0.3898803904722132,0.9423642809674873,0.4799163378167803,5.675214651951937e-05,0.9478344331796865,0.7304954897383076,1.0,0.9994065424755949,0.9967732116622625,0.06869382664382903,1.0,0.6383072821765644,0.9627201071975484,0.252272191174003,0.05684658498388595,0.9967732116622625,0.9822028545266254,0.5514066763348683,0.554863562425431,0.9739612899019187,0.39295914407964777,0.9980067204340756,0.3480193523036973,0.27450048305456715,0.4053854879285778,0.2821693768669511,0.04167159695554638,0.04673946807974872,0.961181454747879,0.20711834080460428,0.9842781771182444,0.9998516025894794,0.9972170990896958,0.3776801294248236,0.3224112003942285,0.9496022271524602,0.6069881967649924,0.3451219204328479,0.5000811548762121,0.39604914778581324,0.42434560552762274,0.9999835103112336,0.013718590291220306,0.03291568578496625,0.00010089092211498686,0.31137601735996623,0.17900045638431397,0.8926163563942988,0.8801198367521404,0.8851848872465681,0.9862277743473978,0.25711023075574535,0.3991502854425419,0.9563909690896393,0.9764699455166119,0.8562843607931373,0.9068591158261179,0.30594033769433926,0.6278783678889913,0.8926163563942988,0.9842781771182444,0.8071047946349553,0.8826632836466023,0.6614153045688714
sub-31151_ses-baseline_fs,rh_STG_R_6_6_thickness,0.9946715436450565,0.5238933801110165,0.3929591440796479,0.9642294222384246,0.6243988800966244,0.012185010132509175,0.058427999363045095,0.3365069645375205,0.0009629292058001359,0.002694438081647593,0.6797635193641034,0.5410576298665302,0.008016459690117692,0.2289602617301197,0.1111519718038718,0.9022054654651693,0.008760864571040031,0.31137601735996684,0.8950483127512526,0.7338155910950144,0.05378971378374096,0.9764699455166119,0.00010089092211498632,0.6487168396508084,0.9897467858357495,0.00020815293126622263,0.6383072821765644,0.15714747559650089,9.79830369445389e-07,0.9496022271524602,0.6069881967649924,0.4085193103749964,0.9530534137503823,0.46001813959473026,6.605355329228604e-05,0.9366476440940738,0.7502725743796574,0.9994065424755949,1.0,0.9989452079024135,0.07435199419264617,0.9994065424755949,0.6591004957124337,0.971330934224522,0.2669607667928802,0.06169960919714132,0.993425775507761,0.9880508823333501,0.5721926716233935,0.575665946715129,0.9657092542467055,0.4116637820069086,0.9995878393434778,0.33082890775730317,0.28996644172310504,0.42434560552762274,0.26696076679287967,0.04542644986353804,0.05087037285711657,0.9699704363754993,0.2200469562330505,0.9897467858357495,0.9986652158153578,0.994064856242775,0.35973572201177234,0.3393656453440626,0.9385802796459327,0.6278783678889913,0.3626960295224553,0.520474934404642,0.41481877659172206,0.44366543665291513,0.9995878393434778,0.015166301531901733,0.03599536301525462,0.0001168932481482323,0.3280096824839506,0.1678180171702125,0.8775547770254359,0.8950483127512531,0.8998430873685944,0.9800026185948701,0.2719728456219383,0.4179841658822011,0.9657092542467057,0.9685799001599226,0.8723607482261814,0.8926163563942988,0.3224112003942285,0.6487168396508092,0.8775547770254359,0.9897467858357495,0.7886335805090189,0.8670830696657816,0.6820604659246582
sub-31151_ses-baseline_fs,rh_MTG_R_4_1_thickness,0.9983523763523154,0.5514066763348683,0.4179841658822011,0.9752308923010843,0.6521812619015809,0.013951053148836115,0.0651200378848925,0.35973572201177295,0.0011415644052921565,0.003152427559846353,0.7070184163790251,0.5687215959562,0.009236633350826463,0.24749253789260578,0.12225922771993032,0.9202359205542289,0.010081035478848028,0.33366135990148293,0.8749683363960832,0.7600225514259085,0.060045485448701155,0.9657092542467055,0.0001227403306041407,0.6209181964368775,0.9952457779164138,0.00025123505536017824,0.6660052739735797,0.17148826029817338,1.246380446031006e-06,0.934688161845931,0.6348328074810219,0.4339624034650143,0.9657092542467058,0.4339624034650135,8.071965444750804e-05,0.9202359205542283,0.7760428471383625,0.9967732116622625,0.9989452079024135,1.0,0.08247527175385028,0.9967732116622625,0.6866129799198049,0.9811182981106088,0.28735324688997427,0.06869382664382903,0.9871551853439384,0.9940648562427751,0.6000220882969163,0.6035050430522649,0.9530534137503819,0.4371873552157452,0.9998516025894794,0.30865130110880423,0.31137601735996695,0.45018011687118525,0.24749253789260522,0.05087037285711653,0.05684658498388595,0.9800026185948704,0.23810893581832568,0.9952457779164138,0.9952457779164137,0.9880508823333499,0.3365069645375198,0.3626960295224553,0.9223780184416855,0.6556425624137618,0.3868130010948904,0.5479532555767684,0.44042174770490206,0.46993165346669713,0.9972170990896958,0.017304984129157805,0.0404795811181947,0.00014198325419484165,0.3509295355107088,0.15370303168351065,0.8562843607931367,0.9136586183632603,0.9180685193214682,0.969970436375499,0.2925937511916482,0.44366543665291525,0.9764699455166123,0.9563909690896389,0.8926163563942994,0.8723607482261808,0.3451219204328479,0.6763309964007814,0.8562843607931367,0.9952457779164138,0.7632502740890463,0.8451740453565177,0.7092820667374967
sub-31151_ses-baseline_fs,rh_MTG_R_4_2_thickness,0.09361029492641701,0.520474934404642,0.6591004957124336,0.13265499699940841,0.42434560552762274,0.7886335805090195,0.9946715436450564,0.7238286654248509,0.3509295355107088,0.5102518722640013,0.3746592979810489,0.5034652703502914,0.7103957957593104,0.8535353869368251,0.98325618186361,0.1887150572252129,0.7271664278769112,0.7535334402028752,0.022744273620949548,0.3280096824839513,0.9905468258088405,0.044144493458667285,0.13265499699940778,0.00578343825570564,0.10208720250204802,0.1847857835415977,0.4116637820069086,0.9385802796459332,0.011775717848306083,0.033916269904139096,0.44042174770490194,0.6417796068467728,0.14370231316858656,0.001996024231332277,0.10850077077631111,0.030523850682967476,0.31411442734464173,0.06869382664382903,0.07435199419264617,0.08247527175385028,1.0,0.06869382664382903,0.39295914407964777,0.12516403015212932,0.8071047946349559,0.9967732116622625,0.05684658498388595,0.1046161852560566,0.4732521916452878,0.469931653466697,0.03931647597183581,0.6383072821765644,0.07934955610112832,0.0008282751003692152,0.7792101050596454,0.6243988800966244,0.00048814651971801684,0.9788559249174545,0.9871551853439384,0.1266359461208084,0.864413452846757,0.10208720250204802,0.0659989300785696,0.05763281853863059,0.001026636151115069,0.7204824619662371,0.030989936307711314,0.42115981961801574,0.6934399736228316,0.5238933801110165,0.6348328074810218,0.6035050430522649,0.06961176876300791,0.8279587015034731,0.956390969089639,0.14208356644223027,0.733815591095015,0.0001680261634898499,0.020346820089914855,0.19471801223377347,0.1907014817066099,0.046079042168720885,0.801005807625842,0.63135642300972,0.13113041774902517,0.0404795811181947,0.21351648679983048,0.022387430496941745,0.740427871186028,0.40226243888440855,0.020346820089914855,0.10208720250204802,0.012185010132509121,0.019078238940085427,0.3726419946623037
sub-31151_ses-baseline_fs,rh_MTG_R_4_3_thickness,0.9905468258088407,0.5034652703502914,0.374659297981049,0.9547364762816123,0.6035050430522649,0.010993564018747333,0.053789713783740985,0.31963208268562515,0.0008463758315063735,0.002391850142803382,0.6591004957124337,0.520474934404642,0.007198346259639864,0.2156785994678861,0.10334566230289158,0.8876844185918,0.00787456865383196,0.29523512910688227,0.9091499584677338,0.7137657685205357,0.04946087866440543,0.9832561818636097,8.697594026052588e-05,0.6694516232730475,0.9842781771182444,0.00018051267021507286,0.6174365525158414,0.1469808006437124,8.169106106916616e-07,0.9596136131831376,0.5860967966668882,0.3898803904722132,0.9423642809674873,0.4799163378167803,5.675214651951937e-05,0.9478344331796865,0.7304954897383076,1.0,0.9994065424755949,0.9967732116622625,0.06869382664382903,1.0,0.6383072821765644,0.9627201071975484,0.252272191174003,0.05684658498388595,0.9967732116622625,0.9822028545266254,0.5514066763348683,0.554863562425431,0.9739612899019187,0.39295914407964777,0.9980067204340756,0.3480193523036973,0.27450048305456715,0.4053854879285778,0.2821693768669511,0.04167159695554638,0.04673946807974872,0.961181454747879,0.20711834080460428,0.9842781771182444,0.9998516025894794,0.9972170990896958,0.3776801294248236,0.3224112003942285,0.9496022271524602,0.6069881967649924,0.3451219204328479,0.5000811548762121,0.39604914778581324,0.42434560552762274,0.9999835103112336,0.013718590291220306,0.03291568578496625,0.00010089092211498686,0.31137601735996623,0.17900045638431397,0.8926163563942988,0.8801198367521404,0.8851848872465681,0.9862277743473978,0.25711023075574535,0.3991502854425419,0.9563909690896393,0.9764699455166119,0.8562843607931373,0.9068591158261179,0.30594033769433926,0.6278783678889913,0.8926163563942988,0.9842781771182444,0.8071047946349553,0.8826632836466023,0.6614153045688714
sub-31151_ses-baseline_fs,rh_MTG_R_4_4_thickness,0.7204824619662366,0.9752308923010841,0.9022054654651688,0.8131429445590628,0.9983523763523153,0.12082622824915017,0.3393656453440626,0.8535353869368245,0.019078238940085444,0.041071942027202046,0.9994065424755949,0.9811182981106086,0.09015172607113045,0.7238286654248502,0.49670340485510767,0.8998430873685944,0.09597358342516057,0.8279587015034737,0.38375708806308345,0.9920506890541538,0.3224112003942285,0.5273168869348452,0.003341759016491704,0.18284288820917038,0.7437195287394013,0.005890951290073279,0.9994065424755949,0.6000220882969154,7.873068598975118e-05,0.4666190244072667,0.996296663764204,0.9136586183632598,0.833767812577632,0.09717270108284463,0.0023918501428033716,0.44366543665291525,0.9880508823333501,0.6383072821765644,0.6591004957124337,0.6866129799198049,0.39295914407964777,0.6383072821765644,1.0,0.7979341444965764,0.7760428471383618,0.3509295355107088,0.5895766901305598,0.7502725743796574,0.9897467858357493,0.9905468258088405,0.5000811548762121,0.9158760171290913,0.6763309964007814,0.05606922814395518,0.8040627770367333,0.9244946126300725,0.03989444781969767,0.28996644172310443,0.3113760173599664,0.801005807625842,0.7103957957593097,0.7437195287394013,0.6278783678889913,0.5930576859704842,0.06425073068985716,0.8562843607931366,0.44691827579206217,0.9986652158153578,0.8775547770254359,0.9739612899019187,0.9180685193214676,0.9366476440940736,0.6417796068467728,0.14047842121828624,0.24987505671383028,0.003751875654818773,0.8451740453565177,0.019703621674268253,0.3626960295224553,0.9068591158261183,0.9022054654651693,0.5376158306733697,0.7823644869552164,0.9202359205542283,0.8101316028275951,0.5068555703877625,0.9265855048287376,0.38071276147734334,0.8395069275655289,0.9998516025894794,0.3626960295224553,0.7437195287394013,0.27704247470841353,0.35092953551070866,0.9992666548659653
sub-31151_ses-baseline_fs,rh_ITG_R_5_1_thickness,0.9905468258088405,0.6694516232730475,0.5307452614030247,0.9995878393434778,0.7664664262840152,0.024221449313937427,0.10084074145859266,0.4666190244072661,0.0022981302319047465,0.006000265081718533,0.8161385633470809,0.6866129799198041,0.016473819654267932,0.3365069645375198,0.17900045638431397,0.9776783289574126,0.01787931419299898,0.4371873552157452,0.7760428471383625,0.8617236355595999,0.09361029492641701,0.8998430873685944,0.0002757943350500581,0.5034652703502914,0.9952457779164138,0.0005458445174465203,0.7792101050596455,0.24277141372229694,3.3849163969423743e-06,0.8535353869368251,0.7502725743796568,0.5479532555767677,0.9976282822174597,0.3308289077573036,0.00018486554316467173,0.833767812577632,0.8749683363960832,0.9627201071975484,0.971330934224522,0.9811182981106088,0.12516403015212932,0.9627201071975484,0.7979341444965764,1.0,0.3837570880630828,0.10589883534838615,0.9385802796459332,0.9962966637642041,0.7171280767226164,0.7204824619662366,0.8801198367521404,0.5514066763348675,0.9776783289574128,0.22447417547321954,0.41166378200690873,0.5652529346227594,0.17521565729471447,0.08038072314232772,0.08902163056065496,0.9999835103112336,0.3252037565247225,0.9952457779164138,0.9580167334431512,0.9404858855025774,0.24749253789260578,0.4699316534666964,0.8366462449885818,0.7696707466770751,0.49670340485510767,0.6660052739735789,0.5548635624254303,0.5860967966668874,0.9642294222384246,0.029609673957848377,0.0651200378848923,0.0003168934851897783,0.4567302019584556,0.10334566230289158,0.7535334402028752,0.9739612899019187,0.9764699455166119,0.9068591158261183,0.3898803904722126,0.5583237068486183,0.9997361976064063,0.8851848872465681,0.9611814547478786,0.7728629740106873,0.45018011687118453,0.7886335805090189,0.7535334402028752,0.9952457779164138,0.6487168396508092,0.7404278711860274,0.8181367043064014
sub-31151_ses-baseline_fs,rh_ITG_R_5_2_thickness,0.3141144273446412,0.8876844185918001,0.9671594602919186,0.3991502854425419,0.8071047946349552,0.4053854879285786,0.7502725743796574,0.9889147774344988,0.10982018192308152,0.19270246003076075,0.7567835196698144,0.8749683363960832,0.33366135990148277,0.9957875024349173,0.8950483127512526,0.5034652703502914,0.34801935230369774,0.9952457779164137,0.1111519718038718,0.7036338878287541,0.7304954897383075,0.1828428882091705,0.02871908761652578,0.03818175326354677,0.33366135990148216,0.044781622960137185,0.7948480462087278,0.9563909690896389,0.0013504851531603737,0.15031425441353127,0.8220816092464243,0.9596136131831376,0.421159819618015,0.016204663938892947,0.022035459279891177,0.1388868291124572,0.6866129799198041,0.252272191174003,0.2669607667928802,0.28735324688997427,0.8071047946349559,0.252272191174003,0.7760428471383618,0.3837570880630828,1.0,0.7632502740890471,0.2200469562330505,0.3393656453440626,0.8507671797870676,0.8479799840116684,0.16781801717021277,0.9580167334431512,0.2795987850681461,0.007874568653831931,0.9986652158153578,0.9513419427741898,0.005079135094285389,0.6900294119640634,0.7171280767226171,0.3868130010948904,0.993425775507761,0.33366135990148216,0.24512465175003734,0.22225320721601433,0.00940027671509283,0.9880508823333501,0.1404784212182866,0.8040627770367333,0.9800026185948704,0.8901616502586224,0.9563909690896389,0.9404858855025775,0.2546839226166996,0.4469182757920615,0.6348328074810219,0.03146210122647839,0.9913148187222659,0.0020783833750443893,0.10208720250204775,0.5136539914311811,0.5068555703877617,0.18871505722521245,0.9999340428763753,0.9547364762816123,0.3960491477858125,0.17148826029817338,0.5445035055161658,0.10982018192308123,0.9927543644046442,0.7855057322221068,0.10208720250204775,0.33366135990148216,0.06869382664382881,0.09717270108284445,0.7546071716668308
sub-31151_ses-baseline_fs,rh_ITG_R_5_3_thickness,0.0783290341172757,0.4732521916452879,0.6104713201778181,0.11249620216053954,0.3807127614773433,0.8308718809296043,0.9997361976064063,0.6763309964007813,0.3929591440796479,0.5583237068486183,0.3336613599014823,0.4567302019584563,0.7567835196698152,0.8131429445590628,0.9657092542467057,0.16241923108523812,0.7728629740106873,0.7070184163790243,0.01817268913197421,0.28996644172310504,0.9983523763523153,0.03599536301525462,0.15541827442618542,0.004453398967528208,0.0856986741430437,0.21351648679982985,0.36865345117651555,0.9091499584677343,0.014916048726436077,0.02742639566184808,0.39604914778581324,0.5930576859704842,0.12225922771993032,0.0014984515058869693,0.12812094621452577,0.024603468269068077,0.27704247470841353,0.05684658498388595,0.06169960919714132,0.06869382664382903,0.9967732116622625,0.05684658498388595,0.3509295355107088,0.10589883534838615,0.7632502740890471,1.0,0.04673946807974872,0.08790280229284411,0.4275413893305067,0.42434560552762285,0.031940406683430775,0.5895766901305598,0.06599893007856963,0.0006098592786832664,0.7338155910950144,0.5756659467151292,0.00035546163953157413,0.9920506890541536,0.9967732116622625,0.1071936761451248,0.825028526584164,0.0856986741430437,0.05454086285425731,0.047407795998767266,0.0007594108297950936,0.6728936140889051,0.024990688201934484,0.3776801294248243,0.645249540144467,0.4765804750383475,0.5860967966668882,0.5548635624254311,0.057632818538630615,0.8670830696657816,0.9764699455166119,0.1660042460530648,0.6866129799198049,0.00011978309190764006,0.016204663938892947,0.16781801717021277,0.16420466260765906,0.03762487137313911,0.7567835196698152,0.5826182279230215,0.1111519718038718,0.03291568578496625,0.18478578354159825,0.01787931419299898,0.6934399736228316,0.35973572201177295,0.016204663938892947,0.0856986741430437,0.009566503807046782,0.015166301531901733,0.33176215833999056
sub-31151_ses-baseline_fs,rh_ITG_R_5_4_thickness,0.9764699455166123,0.4567302019584563,0.3336613599014823,0.9286504988410612,0.5548635624254311,0.008607216794189194,0.044144493458667305,0.28216937686695165,0.0006234746552743157,0.0018030822261104467,0.6104713201778182,0.4732521916452879,0.005573711404246773,0.18674316532642338,0.08679517299260886,0.8507671797870677,0.00611140576885207,0.2595510936623212,0.9385802796459327,0.6660052739735789,0.0404795811181947,0.9946715436450564,6.123555969673845e-05,0.7171280767226162,0.9671594602919186,0.00012886288770260266,0.5687215959562,0.12516403015212932,5.319749259430337e-07,0.9788559249174545,0.5376158306733697,0.34801935230369774,0.9136586183632603,0.5273168869348444,3.9644049180934826e-05,0.969970436375499,0.6831909313390505,0.9967732116622625,0.993425775507761,0.9871551853439384,0.05684658498388595,0.9967732116622625,0.5895766901305598,0.9385802796459332,0.2200469562330505,0.04673946807974872,1.0,0.9642294222384246,0.5034652703502915,0.5068555703877625,0.9889147774344988,0.3509295355107088,0.9897467858357495,0.3898803904722126,0.24043283765533507,0.3626960295224553,0.3196320826856246,0.033916269904139096,0.0381817532635469,0.9366476440940742,0.17900045638431436,0.9671594602919186,0.9980067204340756,0.9999835103112336,0.421159819618015,0.28475421107531207,0.9713309342245217,0.558323706848619,0.30594033769433926,0.453450809660783,0.35385238392918156,0.3807127614773433,0.9962966637642041,0.010805390887868726,0.02659270534735319,7.122947978390657e-05,0.2745004830545666,0.2071183408046038,0.9244946126300725,0.8423496106096982,0.8479799840116691,0.996296663764204,0.22447417547321954,0.35678780945738664,0.9306894005951082,0.9905468258088405,0.8161385633470809,0.9366476440940738,0.2694595961857854,0.5791412047958476,0.9244946126300725,0.9671594602919186,0.8479799840116684,0.9158760171290912,0.6128048811614817
sub-31151_ses-baseline_fs,rh_ITG_R_5_5_thickness,0.9986652158153578,0.6174365525158407,0.4799163378167803,0.993425775507761,0.7171280767226171,0.01907823894008551,0.08353879259127085,0.4179841658822011,0.0016957174589678993,0.004538281730050343,0.7696707466770758,0.6348328074810219,0.012822603942418206,0.29523512910688177,0.1520017058291279,0.9563909690896389,0.013951053148836066,0.3898803904722133,0.8220816092464243,0.8191182033187132,0.07731908716265559,0.9327020181739875,0.0001938695328283176,0.5548635624254302,0.9999340428763753,0.0003894381297617111,0.7304954897383076,0.20923636510802265,2.1885862625601205e-06,0.8926163563942993,0.7002424670350178,0.4967034048551084,0.9880508823333501,0.3746592979810489,0.00012886288770260198,0.8749683363960832,0.833767812577632,0.9822028545266254,0.9880508823333501,0.9940648562427751,0.1046161852560566,0.9822028545266254,0.7502725743796574,0.9962966637642041,0.3393656453440626,0.08790280229284411,0.9642294222384246,1.0,0.6660052739735789,0.6694516232730483,0.9158760171290917,0.5000811548762113,0.9920506890541537,0.25955109366232065,0.36566863792900356,0.5136539914311811,0.20501499506359092,0.0659989300785696,0.0733836444828536,0.9957875024349173,0.28475421107531207,0.9999340428763753,0.9788559249174545,0.9657092542467055,0.28475421107531207,0.421159819618015,0.8775547770254365,0.7204824619662366,0.4469182757920615,0.6139541827171102,0.5034652703502915,0.5341783082982237,0.9832561818636097,0.023472791681970556,0.053047160202125875,0.00022342233819297878,0.40851931037499584,0.12370514274970476,0.8010058076258413,0.9513419427741898,0.9547364762816123,0.9385802796459327,0.3451219204328479,0.5068555703877617,0.9940648562427751,0.9202359205542289,0.9346881618459311,0.8191182033187132,0.4022624388844079,0.7404278711860274,0.8010058076258413,0.9999340428763753,0.7002424670350178,0.7886335805090188,0.7718108919517959
sub-31151_ses-baseline_fs,rh_FuG_R_3_1_thickness,0.6348328074810211,0.9967732116622625,0.953053413750382,0.7338155910950144,0.996296663764204,0.16064791473262774,0.41481877659172206,0.9158760171290917,0.028282491217226355,0.05842799936304496,0.9842781771182442,0.9986652158153578,0.12225922771993064,0.8040627770367333,0.5826182279230208,0.833767812577632,0.1296190853424101,0.8950483127512532,0.31137601735996623,0.9642294222384246,0.3960491477858131,0.44366543665291525,0.005370881385339931,0.1388868291124572,0.6591004957124329,0.009236633350826414,0.994064856242775,0.6866129799198041,0.00014545499348888474,0.3868130010948904,0.9983523763523153,0.961181454747879,0.7567835196698144,0.07053965075119528,0.003898446896723447,0.3656686379290027,0.9563909690896389,0.5514066763348683,0.5721926716233935,0.6000220882969163,0.4732521916452878,0.5514066763348683,0.9897467858357493,0.7171280767226164,0.8507671797870676,0.4275413893305067,0.5034652703502915,0.6660052739735789,1.0,0.9999835103112336,0.4179841658822011,0.9627201071975481,0.5895766901305591,0.039316475971835685,0.8749683363960837,0.9685799001599226,0.027426395661847982,0.35973572201177295,0.38375708806308345,0.7204824619662366,0.7917477717517544,0.6591004957124329,0.5410576298665295,0.5068555703877617,0.045426449863537895,0.9180685193214676,0.36865345117651555,0.9957875024349173,0.934688161845931,0.9962966637642041,0.9642294222384246,0.9764699455166119,0.5548635624254303,0.18478578354159783,0.3141144273446419,0.00600026508171855,0.9091499584677338,0.01304160454021084,0.29259375119164766,0.8423496106096975,0.8366462449885812,0.4534508096607823,0.8562843607931373,0.9657092542467055,0.7304954897383068,0.42434560552762285,0.8670830696657822,0.30865130110880423,0.9045442135225782,0.9920506890541537,0.29259375119164766,0.6591004957124329,0.2178554212277909,0.2821693768669509,0.9835969090223049
sub-31151_ses-baseline_fs,rh_FuG_R_3_2_thickness,0.6383072821765636,0.996296663764204,0.9513419427741895,0.7371264717359505,0.9967732116622625,0.15889067580797842,0.41166378200690873,0.9136586183632599,0.027851613539017717,0.057632818538630406,0.9852687402799901,0.9983523763523153,0.12082622824915011,0.8010058076258413,0.5791412047958469,0.8366462449885818,0.1281209462145261,0.8926163563942994,0.3141144273446419,0.9657092542467058,0.39295914407964777,0.44691827579206217,0.0052719904932115305,0.1404784212182866,0.6625548153579758,0.00907553943546984,0.9946715436450564,0.6831909313390496,0.00014198325419484214,0.3898803904722132,0.9986652158153578,0.9596136131831376,0.7600225514259085,0.07147754349139639,0.003824522243081066,0.36865345117651555,0.9580167334431512,0.554863562425431,0.575665946715129,0.6035050430522649,0.469931653466697,0.554863562425431,0.9905468258088405,0.7204824619662366,0.8479799840116684,0.42434560552762285,0.5068555703877625,0.6694516232730483,0.9999835103112336,1.0,0.42115981961801574,0.9611814547478786,0.5930576859704842,0.039894447819697705,0.8723607482261814,0.9671594602919182,0.02785161353901774,0.35678780945738653,0.38071276147734334,0.7238286654248509,0.7886335805090189,0.6625548153579758,0.5445035055161658,0.5102518722640019,0.04607904216872093,0.9158760171290913,0.3716503712120001,0.9962966637642041,0.932702018173987,0.9957875024349173,0.9627201071975481,0.9752308923010841,0.558323706848619,0.18284288820916997,0.31137601735996623,0.005890951290073279,0.9068591158261178,0.01326390806009293,0.2952351291068819,0.8451740453565184,0.8395069275655296,0.4567302019584563,0.8535353869368245,0.9642294222384242,0.7338155910950144,0.4275413893305067,0.8697322472753783,0.3113760173599664,0.9022054654651688,0.9927543644046442,0.2952351291068819,0.6625548153579758,0.22004695623305062,0.28475421107531207,0.9846085425953035
sub-31151_ses-baseline_fs,rh_FuG_R_3_3_thickness,0.9346881618459314,0.3746592979810489,0.26447638777327065,0.8670830696657822,0.4666190244072667,0.005370881385339979,0.03006378343125132,0.2200469562330505,0.0003474125474100593,0.0010487258474121942,0.520474934404642,0.3898803904722132,0.003407138754164626,0.1404784212182866,0.06169960919714115,0.7728629740106873,0.0037518756548187895,0.20085229379129016,0.9788559249174545,0.5756659467151283,0.02742639566184808,0.9989452079024135,3.137152928129291e-05,0.8010058076258413,0.9202359205542289,6.773789612921237e-05,0.47991633781678106,0.09129315684540022,2.357699369491783e-07,0.9983523763523153,0.45018011687118514,0.27704247470841353,0.8479799840116691,0.6174365525158407,2.0016092145252958e-05,0.9952457779164137,0.5930576859704841,0.9739612899019187,0.9657092542467055,0.9530534137503819,0.03931647597183581,0.9739612899019187,0.5000811548762121,0.8801198367521404,0.16781801717021277,0.031940406683430775,0.9889147774344988,0.9158760171290917,0.4179841658822011,0.42115981961801574,1.0,0.279598785068146,0.9580167334431512,0.4732521916452873,0.18478578354159816,0.28996644172310443,0.3960491477858126,0.022744273620949548,0.025780955814477185,0.8775547770254365,0.13419287596403542,0.9202359205542289,0.9776783289574128,0.9880508823333501,0.5068555703877617,0.22225320721601421,0.9957875024349173,0.469931653466697,0.24043283765533444,0.3716503712120001,0.2821693768669515,0.30594033769433926,0.972661261775704,0.0068181167701608794,0.017590095294313962,3.6679730835847114e-05,0.21351648679983,0.26696076679287967,0.9699704363754991,0.763250274089047,0.7696707466770757,0.9980067204340756,0.17148826029817338,0.28475421107531207,0.8697322472753783,0.9999340428763753,0.7338155910950144,0.9776783289574126,0.20923636510802265,0.48996771548668894,0.9699704363754991,0.9202359205542289,0.9136586183632599,0.9642294222384242,0.5227647240892309
sub-31151_ses-baseline_fs,rh_PhG_R_6_1_thickness,0.4699316534666963,0.9811182981106086,0.9994065424755949,0.5687215959561991,0.9366476440940736,0.262006487752223,0.5756659467151292,0.9897467858357495,0.05684658498388595,0.1085007707763114,0.9022054654651688,0.9752308923010841,0.20711834080460464,0.9286504988410612,0.7470011834929026,0.6797635193641026,0.2178554212277913,0.9811182981106089,0.19674815711221727,0.8617236355596004,0.554863562425431,0.3005598964329623,0.012606865126139117,0.07731908716265543,0.4933321993300831,0.020675227790897612,0.9286504988410608,0.8395069275655296,0.0004461463880191307,0.2546839226166996,0.9460387296189509,0.9999835103112336,0.5930576859704835,0.03599536301525451,0.00940027671509283,0.23810893581832515,0.8479799840116684,0.39295914407964777,0.4116637820069086,0.4371873552157452,0.6383072821765644,0.39295914407964777,0.9158760171290913,0.5514066763348675,0.9580167334431512,0.5895766901305598,0.3509295355107088,0.5000811548762113,0.9627201071975481,0.9611814547478786,0.279598785068146,1.0,0.427541389330506,0.018772102252064327,0.971330934224522,0.9997361976064063,0.012606865126139117,0.5136539914311817,0.5410576298665303,0.5548635624254302,0.9202359205542289,0.4933321993300831,0.38375708806308273,0.35385238392918095,0.022035459279891177,0.9905468258088405,0.24043283765533455,0.9346881618459311,0.9957875024349173,0.9822028545266251,0.9999835103112336,0.9983523763523153,0.3960491477858125,0.29523512910688177,0.4600181395947311,0.01395105314883604,0.9871551853439384,0.005573711404246738,0.18284288820917005,0.6900294119640628,0.6831909313390496,0.30865130110880423,0.961181454747879,0.9999340428763753,0.5652529346227594,0.28475421107531207,0.7204824619662366,0.19471801223377316,0.9852687402799901,0.9223780184416857,0.18284288820917005,0.4933321993300831,0.12961908534240973,0.17521565729471403,0.9006252710931019
sub-31151_ses-baseline_fs,rh_PhG_R_6_2_thickness,0.9972170990896958,0.5410576298665295,0.40851931037499584,0.9713309342245217,0.6417796068467728,0.013263908060092977,0.06254058731834576,0.3509295355107088,0.0010712555081576667,0.0029729403593939507,0.6968444103704707,0.558323706848619,0.008760864571040031,0.24043283765533455,0.11799874571780786,0.9136586183632599,0.009566503807046782,0.3252037565247229,0.8826632836466028,0.7502725743796568,0.05763281853863059,0.9699704363754993,0.00011406936168956695,0.6313564230097193,0.993425775507761,0.00023418065646285433,0.6556425624137618,0.16600424605306485,1.139123075229858e-06,0.9404858855025774,0.6243988800966236,0.42434560552762285,0.961181454747879,0.44366543665291513,7.4891158671939e-05,0.9265855048287371,0.7664664262840152,0.9980067204340756,0.9995878393434778,0.9998516025894794,0.07934955610112832,0.9980067204340756,0.6763309964007814,0.9776783289574128,0.2795987850681461,0.06599893007856963,0.9897467858357495,0.9920506890541537,0.5895766901305591,0.5930576859704842,0.9580167334431512,0.427541389330506,1.0,0.31686647007810564,0.3032431843469135,0.4404217477049013,0.2546839226166996,0.048768432422164255,0.05454086285425736,0.9764699455166119,0.23122537501318804,0.993425775507761,0.9967732116622625,0.9905468258088405,0.3451219204328479,0.35385238392918095,0.9286504988410611,0.6452495401444662,0.3776801294248236,0.5376158306733697,0.43074703473975795,0.46001813959473026,0.9983523763523153,0.016473819654267873,0.03874559966874954,0.0001320312272769793,0.3422373240509131,0.15889067580797814,0.8644134528467564,0.9068591158261183,0.9114165293788966,0.9739612899019187,0.28475421107531207,0.43396240346501364,0.972661261775704,0.961181454747879,0.8851848872465676,0.88011983675214,0.3365069645375198,0.6660052739735789,0.8644134528467564,0.993425775507761,0.7728629740106873,0.8535353869368244,0.6991218293826877
sub-31151_ses-baseline_fs,rh_PhG_R_6_3_thickness,0.28216937686695165,0.03194040668343067,0.0170239327698575,0.2135164867998301,0.0487684324221643,4.870267056503518e-05,0.0005581227622191095,0.0123943473223197,1.2463804460310017e-06,5.3457146005330005e-06,0.06086793220322535,0.03442620779434462,2.6102281787920155e-05,0.005890951290073279,0.0016274482342667127,0.1520017058291279,2.977083096579902e-05,0.010620088400495853,0.5965395604172792,0.07533063755092281,0.00048814651971801684,0.4469182757920616,5.654120043911896e-08,0.8562843607931374,0.26447638777327076,1.5072463484875662e-07,0.05158755955914377,0.0029729403593939507,1.296394139834403e-10,0.5068555703877619,0.045426449863537936,0.018470268796897227,0.19879291220766684,0.9713309342245218,3.201440825885305e-08,0.5307452614030254,0.08038072314232779,0.3480193523036973,0.33082890775730317,0.30865130110880423,0.0008282751003692152,0.3480193523036973,0.05606922814395518,0.22447417547321954,0.007874568653831931,0.0006098592786832664,0.3898803904722126,0.25955109366232065,0.039316475971835685,0.039894447819697705,0.4732521916452873,0.018772102252064327,0.31686647007810564,1.0,0.00923663335082643,0.020022968493331444,0.9905468258088405,0.0003720867893905519,0.0004461463880191295,0.22225320721601433,0.005471446802712269,0.26447638777327076,0.35678780945738664,0.3868130010948905,0.9983523763523153,0.012606865126139117,0.5273168869348446,0.04946087866440533,0.014426435523379617,0.03146210122647842,0.019078238940085444,0.022035459279891177,0.34512192043284806,6.773789612921213e-05,0.0002571745553617564,6.895410332583175e-08,0.011775717848306042,0.9223780184416857,0.6209181964368784,0.14698080064371252,0.15031425441353133,0.4371873552157453,0.00816063830684895,0.019388728681490646,0.2156785994678861,0.4666190244072661,0.1326549969994081,0.6000220882969163,0.011378672460296547,0.05378971378374082,0.6209181964368784,0.26447638777327076,0.7271664278769112,0.634832807481022,0.06142413102469925
sub-31151_ses-baseline_fs,rh_PhG_R_6_4_thickness,0.3393656453440626,0.9091499584677343,0.9788559249174548,0.4275413893305067,0.833767812577632,0.3776801294248243,0.7204824619662366,0.9952457779164138,0.09838355610404104,0.17521565729471403,0.7855057322221068,0.8974572967211143,0.30865130110880484,0.9897467858357493,0.8723607482261808,0.5341783082982244,0.3224112003942285,0.9989452079024135,0.12370514274970498,0.733815591095015,0.7002424670350178,0.20085229379129016,0.024990688201934317,0.04351499356949575,0.35973572201177295,0.03931647597183565,0.8220816092464243,0.9404858855025771,0.0011176666477691376,0.16600424605306527,0.8479799840116691,0.972661261775704,0.45018011687118525,0.018772102252064375,0.019078238940085358,0.15370303168351093,0.717128076722617,0.27450048305456715,0.28996644172310504,0.31137601735996695,0.7792101050596454,0.27450048305456715,0.8040627770367333,0.41166378200690873,0.9986652158153578,0.7338155910950144,0.24043283765533507,0.36566863792900356,0.8749683363960837,0.8723607482261814,0.18478578354159816,0.971330934224522,0.3032431843469135,0.00923663335082643,1.0,0.9657092542467058,0.00600026508171856,0.6591004957124328,0.6866129799198041,0.41481877659172206,0.9862277743473978,0.35973572201177295,0.2669607667928802,0.24277141372229746,0.010993564018747293,0.9946715436450565,0.1554182744261862,0.8308718809296043,0.9889147774344991,0.9114165293788966,0.9699704363754993,0.9563909690896394,0.27704247470841353,0.41798416588220044,0.6035050430522643,0.027426395661847968,0.9967732116622626,0.00248906366430966,0.11385293424438565,0.5445035055161658,0.5376158306733697,0.20711834080460428,0.9991923249338184,0.9685799001599229,0.42434560552762285,0.1887150572252129,0.5756659467151292,0.12225922771993032,0.9976282822174597,0.8131429445590628,0.11385293424438565,0.35973572201177295,0.07731908716265563,0.1085007707763114,0.7834025629130257
sub-31151_ses-baseline_fs,rh_PhG_R_6_5_thickness,0.48325961223550257,0.9852687402799901,0.9983523763523153,0.5826182279230208,0.9442152876750856,0.2522721911740037,0.5617869009869402,0.9862277743473981,0.053789713783740985,0.10334566230289158,0.9114165293788961,0.9800026185948701,0.1987929122076673,0.9202359205542289,0.7338155910950144,0.6934399736228308,0.20923636510802326,0.9764699455166123,0.20501499506359092,0.8723607482261814,0.5410576298665302,0.31137601735996623,0.011775717848306042,0.08142260512015594,0.5068555703877616,0.019388728681490698,0.9366476440940736,0.8279587015034737,0.0004075448403701349,0.26447638777327065,0.9530534137503819,0.9995878393434778,0.6069881967649917,0.038181753263546746,0.00876086457104,0.24749253789260522,0.8590138578021251,0.4053854879285778,0.42434560552762274,0.45018011687118525,0.6243988800966244,0.4053854879285778,0.9244946126300725,0.5652529346227594,0.9513419427741898,0.5756659467151292,0.3626960295224553,0.5136539914311811,0.9685799001599226,0.9671594602919182,0.28996644172310443,0.9997361976064063,0.4404217477049013,0.020022968493331444,0.9657092542467058,1.0,0.013489556015033549,0.5000811548762121,0.5273168869348454,0.5687215959561991,0.9114165293788966,0.5068555703877616,0.3960491477858125,0.3656686379290027,0.023472791681970556,0.9871551853439384,0.24987505671383017,0.9423642809674869,0.993425775507761,0.9862277743473978,0.9998516025894794,0.9994065424755949,0.40851931037499584,0.28475421107531207,0.4469182757920623,0.013041604540210862,0.9832561818636097,0.006000265081718533,0.19070148170660947,0.7036338878287534,0.69684441037047,0.3196320826856246,0.9547364762816123,0.9999340428763753,0.5791412047958469,0.29523512910688177,0.7338155910950144,0.202926316848488,0.9811182981106086,0.9306894005951077,0.19070148170660947,0.5068555703877616,0.135744106803733,0.18284288820916997,0.9099006204486655
sub-31151_ses-baseline_fs,rh_PhG_R_6_6_thickness,0.22447417547321954,0.022035459279891177,0.011378672460296547,0.16600424605306496,0.03442620779434462,2.6102281787920155e-05,0.0003242782662633218,0.00816063830684895,6.017296914071352e-07,2.6849984488620674e-06,0.04351499356949575,0.023844575582437435,1.3726322323853201e-05,0.003751875654818773,0.0009837454725996303,0.11522222880209641,1.5717570662215882e-05,0.006942803237580205,0.5136539914311811,0.054540862854257195,0.00028227720600217907,0.37165037121199956,2.52597138446837e-08,0.785505732222107,0.2092363651080228,6.895410332583175e-08,0.036531740951599535,0.0018402390129502106,5.0664861563925785e-11,0.42754138933050606,0.03194040668343067,0.0123943473223197,0.15370303168351093,0.9306894005951079,1.4111238932941353e-08,0.45018011687118525,0.05842799936304496,0.2821693768669511,0.26696076679287967,0.24749253789260522,0.00048814651971801684,0.2821693768669511,0.03989444781969767,0.17521565729471447,0.005079135094285389,0.00035546163953157413,0.3196320826856246,0.20501499506359092,0.027426395661847982,0.02785161353901774,0.3960491477858126,0.012606865126139117,0.2546839226166996,0.9905468258088405,0.00600026508171856,0.013489556015033549,1.0,0.00021313014208678132,0.0002571745553617564,0.17334479864265503,0.0034736830488911745,0.2092363651080228,0.28996644172310443,0.31686647007810564,0.9811182981106087,0.00830713605161723,0.4469182757920616,0.034942660286860674,0.00956650380704674,0.021688306407437383,0.012822603942418149,0.014916048726436024,0.2795987850681461,3.6679730835847046e-05,0.0001454549934888845,3.095180719895896e-08,0.007734933983956592,0.9657092542467055,0.5376158306733697,0.1111519718038719,0.11385293424438565,0.3626960295224553,0.0052719904932115496,0.013041604540210817,0.16781801717021277,0.3898803904722126,0.099606214382915,0.517061741530473,0.007462310544119005,0.03818175326354677,0.5376158306733697,0.2092363651080228,0.6452495401444662,0.5514066763348683,0.04393591835789073
sub-31151_ses-baseline_fs,rh_pSTS_R_2_1_thickness,0.058427999363044936,0.40226243888440855,0.5341783082982243,0.0856986741430437,0.31686647007810553,0.890161650258623,0.9946715436450564,0.6000220882969161,0.4633144664392368,0.6348328074810212,0.2745004830545666,0.3868130010948903,0.825028526584164,0.7437195287394012,0.9265855048287375,0.1266359461208084,0.8395069275655297,0.6313564230097193,0.012606865126139162,0.23579971891725063,0.9976282822174596,0.02578095581447716,0.19674815711221685,0.002915219396018302,0.06425073068985716,0.26447638777327065,0.30594033769433926,0.8535353869368251,0.021345918687228533,0.019388728681490698,0.3308289077573036,0.5170617415304729,0.09361029492641701,0.0009425223311361001,0.16420466260765865,0.017304984129157805,0.2244741754732194,0.04167159695554638,0.04542644986353804,0.05087037285711653,0.9788559249174545,0.04167159695554638,0.28996644172310443,0.08038072314232772,0.6900294119640634,0.9920506890541536,0.033916269904139096,0.0659989300785696,0.35973572201177295,0.35678780945738653,0.022744273620949548,0.5136539914311817,0.048768432422164255,0.0003720867893905519,0.6591004957124328,0.5000811548762121,0.00021313014208678132,1.0,0.9989452079024135,0.08142260512015616,0.756783519669815,0.06425073068985716,0.03989444781969765,0.034426207794344584,0.0004667049800009538,0.5965395604172797,0.01759009529431393,0.31411442734464173,0.5687215959561999,0.4053854879285778,0.5102518722640018,0.47991633781678106,0.04227861255582242,0.9202359205542284,0.9957875024349173,0.20923636510802265,0.6104713201778181,6.946289822799178e-05,0.011184645265021958,0.13113041774902517,0.1281209462145261,0.027006779008565743,0.6831909313390503,0.5068555703877624,0.0846132369974538,0.02347279168197064,0.1453347089803382,0.01239434732231968,0.6174365525158414,0.2978905274641763,0.011184645265021958,0.06425073068985716,0.006456055130217178,0.01043761944516089,0.2728053770015581
sub-31151_ses-baseline_fs,rh_pSTS_R_2_2_thickness,0.0651200378848923,0.4275413893305068,0.5617869009869402,0.09478613689479269,0.3393656453440626,0.8697322472753783,0.9983523763523153,0.6278783678889913,0.4371873552157452,0.6069881967649917,0.2952351291068819,0.41166378200690873,0.8010058076258418,0.7696707466770758,0.9423642809674874,0.13888682911245764,0.8161385633470808,0.659100495712433,0.014426435523379669,0.25468392261670014,0.9997361976064063,0.029161461997341674,0.18091445449026033,0.0034071387541646167,0.07147754349139639,0.24512465175003723,0.3280096824839508,0.8749683363960838,0.018772102252064375,0.022035459279891256,0.35385238392918156,0.5445035055161659,0.10334566230289158,0.0011176666477691376,0.15031425441353086,0.019703621674268253,0.24277141372229746,0.04673946807974872,0.05087037285711657,0.05684658498388595,0.9871551853439384,0.04673946807974872,0.3113760173599664,0.08902163056065496,0.7171280767226171,0.9967732116622625,0.0381817532635469,0.0733836444828536,0.38375708806308345,0.38071276147734334,0.025780955814477185,0.5410576298665303,0.05454086285425736,0.0004461463880191295,0.6866129799198041,0.5273168869348454,0.0002571745553617564,0.9989452079024135,1.0,0.09015172607113045,0.7823644869552172,0.07147754349139639,0.044781622960137185,0.03874559966874954,0.0005581227622191095,0.6243988800966244,0.020022968493331517,0.3365069645375205,0.59653956041728,0.43074703473975795,0.5376158306733697,0.5068555703877626,0.04740779599876731,0.9022054654651688,0.9905468258088405,0.19270246003076053,0.6383072821765645,8.484120780140087e-05,0.012822603942418149,0.14370231316858656,0.1404784212182866,0.030523850682967476,0.7103957957593104,0.5341783082982244,0.09361029492641701,0.02659270534735319,0.15889067580797853,0.014186987222786773,0.645249540144467,0.31963208268562515,0.012822603942418149,0.07147754349139639,0.007462310544119031,0.011978813527897038,0.2934638529523712
sub-31151_ses-baseline_fs,rh_SPL_R_4_1_thickness,0.9897467858357493,0.6728936140889044,0.5341783082982237,0.9997361976064063,0.7696707466770758,0.024603468269068167,0.10208720250204802,0.46993165346669713,0.0023445606002686255,0.006111405768852048,0.8191182033187139,0.6900294119640634,0.016746893667954673,0.3393656453440626,0.18091445449026072,0.9788559249174545,0.01817268913197421,0.44042174770490194,0.7728629740106873,0.8644134528467564,0.09478613689479261,0.8974572967211143,0.00028227720600217755,0.5000811548762113,0.9946715436450564,0.0005581227622191086,0.7823644869552172,0.24512465175003734,3.483846264098419e-06,0.8507671797870676,0.7535334402028752,0.5514066763348683,0.9980067204340756,0.3280096824839506,0.00018931713734578724,0.8308718809296036,0.8775547770254365,0.961181454747879,0.9699704363754993,0.9800026185948704,0.1266359461208084,0.961181454747879,0.801005807625842,0.9999835103112336,0.3868130010948904,0.1071936761451248,0.9366476440940742,0.9957875024349173,0.7204824619662366,0.7238286654248509,0.8775547770254365,0.5548635624254302,0.9764699455166119,0.22225320721601433,0.41481877659172206,0.5687215959561991,0.17334479864265503,0.08142260512015616,0.09015172607113045,1.0,0.3280096824839506,0.9946715436450564,0.9563909690896389,0.9385802796459327,0.24512465175003734,0.4732521916452872,0.833767812577632,0.7728629740106873,0.5000811548762113,0.6694516232730483,0.558323706848619,0.5895766901305589,0.9627201071975481,0.030063783431251226,0.06599893007856963,0.00032427826626332064,0.46001813959473026,0.1020872025020478,0.7502725743796568,0.9752308923010843,0.9776783289574128,0.9045442135225782,0.3929591440796479,0.5617869009869394,0.9998516025894794,0.8826632836466028,0.9627201071975481,0.7696707466770751,0.4534508096607823,0.7917477717517544,0.7502725743796568,0.9946715436450564,0.6452495401444662,0.7371264717359498,0.821105495642811
sub-31151_ses-baseline_fs,rh_SPL_R_4_2_thickness,0.2620064877522221,0.833767812577632,0.9327020181739875,0.3393656453440626,0.7437195287394005,0.46993165346669774,0.8131429445590628,0.9657092542467055,0.13888682911245756,0.23579971891725013,0.6900294119640628,0.8191182033187132,0.39295914407964844,0.9997361976064063,0.9385802796459327,0.4371873552157452,0.4085193103749964,0.9776783289574126,0.08679517299260886,0.6348328074810219,0.7948480462087284,0.1469808006437124,0.03874559966874938,0.028282491217226244,0.2795987850681461,0.0592321980953104,0.7304954897383068,0.9832561818636097,0.002036821149987558,0.11940608691835497,0.7600225514259085,0.9223780184416857,0.35973572201177234,0.011575683801141101,0.0300637834312512,0.10982018192308123,0.6174365525158408,0.20711834080460428,0.2200469562330505,0.23810893581832568,0.864413452846757,0.20711834080460428,0.7103957957593097,0.3252037565247225,0.993425775507761,0.825028526584164,0.17900045638431436,0.28475421107531207,0.7917477717517544,0.7886335805090189,0.13419287596403542,0.9202359205542289,0.23122537501318804,0.005471446802712269,0.9862277743473978,0.9114165293788966,0.0034736830488911745,0.756783519669815,0.7823644869552172,0.3280096824839506,1.0,0.2795987850681461,0.20085229379128972,0.18091445449026072,0.006574770855794801,0.9642294222384247,0.1111519718038718,0.7404278711860274,0.9513419427741898,0.8366462449885812,0.9180685193214676,0.8974572967211143,0.2092363651080228,0.513653991431181,0.7036338878287541,0.04227861255582235,0.9699704363754993,0.0013789516394091175,0.07934955610112814,0.4469182757920616,0.4404217477049014,0.1520017058291279,0.9920506890541537,0.9158760171290917,0.3365069645375198,0.13730874095453088,0.4765804750383475,0.08569867414304348,0.9726612617757041,0.7204824619662366,0.07934955610112814,0.2795987850681461,0.05231313209027692,0.07533063755092274,0.6877410358296103
sub-31151_ses-baseline_fs,rh_SPL_R_4_3_thickness,0.9991923249338184,0.6104713201778174,0.4732521916452872,0.9920506890541537,0.7103957957593104,0.01847026879689728,0.08142260512015623,0.41166378200690873,0.0016274482342667198,0.004369959706533335,0.7632502740890471,0.6278783678889913,0.012394347322319723,0.28996644172310443,0.14864063409269934,0.9530534137503819,0.013489556015033596,0.3837570880630834,0.8279587015034737,0.8131429445590621,0.07533063755092298,0.9366476440940742,0.00018486554316467173,0.5617869009869394,1.0,0.0003720867893905519,0.7238286654248509,0.20501499506359092,2.0638063430030047e-06,0.8974572967211143,0.6934399736228308,0.48996771548668894,0.9862277743473981,0.3807127614773433,0.0001227403306041407,0.88011983675214,0.8279587015034737,0.9842781771182444,0.9897467858357495,0.9952457779164138,0.10208720250204802,0.9842781771182444,0.7437195287394013,0.9952457779164138,0.33366135990148216,0.0856986741430437,0.9671594602919186,0.9999340428763753,0.6591004957124329,0.6625548153579758,0.9202359205542289,0.4933321993300831,0.993425775507761,0.26447638777327076,0.35973572201177295,0.5068555703877616,0.2092363651080228,0.06425073068985716,0.07147754349139639,0.9946715436450564,0.2795987850681461,1.0,0.9811182981106086,0.9685799001599226,0.28996644172310443,0.4148187765917214,0.8826632836466028,0.7137657685205357,0.4404217477049013,0.6069881967649924,0.4967034048551084,0.5273168869348444,0.9852687402799901,0.022744273620949468,0.05158755955914377,0.00021313014208678132,0.4022624388844079,0.12663594612080817,0.8071047946349553,0.9478344331796869,0.9513419427741898,0.9423642809674869,0.3393656453440626,0.5000811548762113,0.9927543644046442,0.9244946126300729,0.9306894005951077,0.8250285265841634,0.3960491477858125,0.7338155910950144,0.8071047946349553,1.0,0.7070184163790243,0.7948480462087278,0.765406391258507
sub-31151_ses-baseline_fs,rh_SPL_R_4_4_thickness,0.9880508823333501,0.4933321993300831,0.3656686379290027,0.9496022271524602,0.5930576859704842,0.010437619445160945,0.05158755955914377,0.31137601735996623,0.0007931481978066802,0.0022525450552468166,0.6487168396508092,0.5102518722640019,0.00681811677016091,0.20923636510802265,0.099606214382915,0.8801198367521399,0.007462310544119031,0.28735324688997427,0.9158760171290917,0.7036338878287534,0.047407795998767245,0.9862277743473981,8.071965444750762e-05,0.6797635193641026,0.9811182981106086,0.0001680261634898496,0.6069881967649924,0.14208356644223027,7.455778523370404e-07,0.9642294222384246,0.5756659467151283,0.3807127614773433,0.9366476440940741,0.48996771548668894,5.258138086540703e-05,0.953053413750382,0.7204824619662364,0.9998516025894794,0.9986652158153578,0.9952457779164137,0.0659989300785696,0.9998516025894794,0.6278783678889913,0.9580167334431512,0.24512465175003734,0.05454086285425731,0.9980067204340756,0.9788559249174545,0.5410576298665295,0.5445035055161658,0.9776783289574128,0.38375708806308273,0.9967732116622625,0.35678780945738664,0.2669607667928802,0.3960491477858125,0.28996644172310443,0.03989444781969765,0.044781622960137185,0.9563909690896389,0.20085229379128972,0.9811182981106086,1.0,0.9983523763523153,0.3868130010948904,0.3141144273446412,0.9547364762816123,0.5965395604172791,0.3365069645375198,0.48996771548668894,0.3868130010948904,0.4148187765917214,0.9997361976064063,0.013041604540210817,0.03146210122647839,9.368931525889122e-05,0.3032431843469129,0.18478578354159794,0.899843087368594,0.8723607482261814,0.8775547770254365,0.9889147774344988,0.24987505671383017,0.38988039047221257,0.9513419427741898,0.9800026185948704,0.8479799840116684,0.9136586183632599,0.2978905274641757,0.6174365525158407,0.899843087368594,0.9811182981106086,0.8161385633470809,0.8901616502586224,0.6510383356642379
sub-31151_ses-baseline_fs,rh_IPL_R_6_1_thickness,0.9776783289574128,0.46001813959473026,0.3365069645375198,0.9306894005951077,0.558323706848619,0.008760864571040031,0.044781622960137185,0.28475421107531207,0.0006373729804512296,0.0018402390129502106,0.6139541827171102,0.4765804750383475,0.005677700140482046,0.18871505722521245,0.08790280229284388,0.8535353869368245,0.006224399791849785,0.2620064877522225,0.9366476440940742,0.6694516232730475,0.04107194202720216,0.9940648562427751,6.280325873898e-05,0.7137657685205357,0.9685799001599226,0.0001320312272769793,0.5721926716233935,0.1266359461208081,5.486434728400572e-07,0.9776783289574128,0.5410576298665295,0.3509295355107088,0.9158760171290917,0.5238933801110165,4.068178333916866e-05,0.9685799001599226,0.6866129799198041,0.9972170990896958,0.994064856242775,0.9880508823333499,0.05763281853863059,0.9972170990896958,0.5930576859704842,0.9404858855025774,0.22225320721601433,0.047407795998767266,0.9999835103112336,0.9657092542467055,0.5068555703877617,0.5102518722640019,0.9880508823333501,0.35385238392918095,0.9905468258088405,0.3868130010948905,0.24277141372229746,0.3656686379290027,0.31686647007810564,0.034426207794344584,0.03874559966874954,0.9385802796459327,0.18091445449026072,0.9685799001599226,0.9983523763523153,1.0,0.4179841658822011,0.2873532468899737,0.9699704363754993,0.5617869009869394,0.30865130110880423,0.4567302019584563,0.35678780945738664,0.38375708806308273,0.9967732116622625,0.010993564018747244,0.027006779008565768,7.303858024414941e-05,0.277042474708413,0.20501499506359103,0.9223780184416857,0.8451740453565184,0.8507671797870676,0.9957875024349173,0.22670986085082065,0.35973572201177234,0.9327020181739875,0.9897467858357495,0.8191182033187132,0.9346881618459311,0.27197284562193774,0.5826182279230208,0.9223780184416857,0.9685799001599226,0.8451740453565184,0.9136586183632598,0.6162874392761395
sub-31151_ses-baseline_fs,rh_IPL_R_6_2_thickness,0.30865130110880484,0.03707488888296474,0.020022968493331444,0.23579971891725013,0.05606922814395518,6.280325873898079e-05,0.000695904749604683,0.014669441436949919,1.6787507945411655e-06,7.082391551691744e-06,0.06961176876300784,0.03989444781969767,3.392699290478185e-05,0.007069536756954642,0.001996024231332268,0.16964601068769186,3.8631512063408565e-05,0.012606865126139162,0.6313564230097193,0.08569867414304348,0.0006098592786832648,0.4799163378167803,7.865694078856917e-08,0.8826632836466028,0.28996644172310443,2.0761532280867437e-07,0.059232198095310454,0.0036103387998002935,1.9068421905217787e-10,0.5410576298665295,0.052313132090276875,0.021688306407437366,0.2200469562330505,0.9832561818636097,4.478704354064652e-08,0.5652529346227602,0.09129315684540022,0.3776801294248236,0.35973572201177234,0.3365069645375198,0.001026636151115069,0.3776801294248236,0.06425073068985716,0.24749253789260578,0.00940027671509283,0.0007594108297950936,0.421159819618015,0.28475421107531207,0.045426449863537895,0.04607904216872093,0.5068555703877617,0.022035459279891177,0.3451219204328479,0.9983523763523153,0.010993564018747293,0.023472791681970556,0.9811182981106087,0.0004667049800009538,0.0005581227622191095,0.24512465175003734,0.006574770855794801,0.28996644172310443,0.3868130010948904,0.4179841658822011,1.0,0.014916048726436024,0.5617869009869394,0.05684658498388578,0.0170239327698575,0.036531740951599535,0.022387430496941745,0.02578095581447707,0.3746592979810489,8.697594026052588e-05,0.0003242782662633218,9.573544691529125e-08,0.013951053148836016,0.899843087368594,0.6556425624137618,0.16420466260765906,0.16781801717021277,0.469931653466697,0.009735349254312858,0.022744273620949468,0.23810893581832568,0.5000811548762113,0.14864063409269926,0.6348328074810218,0.013489556015033525,0.06169960919714115,0.6556425624137618,0.28996644172310443,0.7600225514259084,0.6694516232730483,0.07023234647947345
sub-31151_ses-baseline_fs,rh_IPL_R_6_3_thickness,0.39295914407964716,0.9460387296189509,0.9946715436450564,0.48661012864223835,0.8826632836466023,0.32520375652472355,0.6591004957124338,0.9999835103112336,0.0783290341172759,0.14370231316858656,0.8395069275655289,0.9366476440940736,0.262006487752223,0.9699704363754993,0.8220816092464244,0.5965395604172791,0.27450048305456715,0.9983523763523154,0.1520017058291279,0.7917477717517544,0.6383072821765643,0.24043283765533455,0.018772102252064316,0.056069228143955006,0.4148187765917214,0.03006378343125131,0.8723607482261807,0.9022054654651693,0.000759410829795097,0.20085229379128972,0.8950483127512526,0.9913148187222658,0.5102518722640011,0.024990688201934397,0.014186987222786749,0.18674316532642296,0.7760428471383618,0.3224112003942285,0.3393656453440626,0.3626960295224553,0.7204824619662371,0.3224112003942285,0.8562843607931366,0.4699316534666964,0.9880508823333501,0.6728936140889051,0.28475421107531207,0.421159819618015,0.9180685193214676,0.9158760171290913,0.22225320721601421,0.9905468258088405,0.35385238392918095,0.012606865126139117,0.9946715436450565,0.9871551853439384,0.00830713605161723,0.5965395604172797,0.6243988800966244,0.4732521916452872,0.9642294222384247,0.4148187765917214,0.3141144273446412,0.2873532468899737,0.014916048726436024,1.0,0.18871505722521245,0.8801198367521399,0.9989452079024135,0.9478344331796865,0.9897467858357493,0.9811182981106086,0.32520375652472233,0.3626960295224553,0.5410576298665302,0.020675227790897612,0.9997361976064063,0.0035414102134488225,0.14047842121828624,0.6069881967649917,0.6000220882969155,0.24749253789260522,0.9897467858357495,0.9889147774344988,0.48325961223550257,0.22670986085082065,0.6383072821765636,0.15031425441353097,0.9994065424755949,0.8644134528467564,0.14047842121828624,0.4148187765917214,0.09717270108284445,0.13419287596403506,0.8375922447397064
sub-31151_ses-baseline_fs,rh_IPL_R_6_4_thickness,0.8998430873685944,0.3280096824839506,0.22670986085082065,0.8220816092464243,0.41481877659172206,0.003973669396564737,0.02347279168197064,0.18674316532642338,0.00023974068840452336,0.0007430474090052121,0.4666190244072667,0.3422373240509137,0.0024890636643096708,0.11660414606159479,0.04946087866440528,0.7204824619662364,0.002748150112026004,0.16964601068769228,0.993425775507761,0.5204749344046413,0.021345918687228516,0.9905468258088405,2.055765923196337e-05,0.8479799840116684,0.8826632836466028,4.5096689186599435e-05,0.4275413893305067,0.07435199419264596,1.4131795147297182e-07,0.9994065424755949,0.3991502854425419,0.23810893581832568,0.801005807625842,0.6728936140889044,1.2999344139069928e-05,0.9999835103112336,0.5376158306733697,0.9496022271524602,0.9385802796459327,0.9223780184416855,0.030989936307711314,0.9496022271524602,0.44691827579206217,0.8366462449885818,0.1404784212182866,0.024990688201934484,0.9713309342245217,0.8775547770254365,0.36865345117651555,0.3716503712120001,0.9957875024349173,0.24043283765533455,0.9286504988410611,0.5273168869348446,0.1554182744261862,0.24987505671383017,0.4469182757920616,0.01759009529431393,0.020022968493331517,0.833767812577632,0.1111519718038718,0.8826632836466028,0.9547364762816123,0.9699704363754993,0.5617869009869394,0.18871505722521245,1.0,0.4179841658822011,0.20501499506359092,0.3252037565247229,0.24277141372229746,0.26447638777327065,0.9478344331796869,0.005079135094285389,0.013489556015033596,2.411232614968853e-05,0.18091445449026072,0.3086513011088044,0.9880508823333499,0.7103957957593104,0.717128076722617,0.9880508823333501,0.14370231316858656,0.24512465175003734,0.825028526584164,0.9946715436450564,0.6797635193641025,0.992754364404644,0.17710086674476286,0.4371873552157452,0.9880508823333499,0.8826632836466028,0.9460387296189509,0.9842781771182442,0.4688376035460052
sub-31151_ses-baseline_fs,rh_IPL_R_6_5_thickness,0.6900294119640628,0.9852687402799901,0.9223780184416857,0.7855057322221068,0.9999835103112336,0.1341928759640357,0.36566863792900356,0.8775547770254365,0.022035459279891256,0.046739468079748575,0.996296663764204,0.9897467858357495,0.10084074145859284,0.7535334402028752,0.5273168869348445,0.8775547770254365,0.1071936761451248,0.8535353869368251,0.35678780945738664,0.9842781771182444,0.34801935230369774,0.4967034048551084,0.003973669396564705,0.16600424605306485,0.7137657685205357,0.0069428032375801925,0.9998516025894794,0.6313564230097193,9.843413715716087e-05,0.4371873552157452,0.9994065424755949,0.9327020181739875,0.8071047946349552,0.08679517299260882,0.0028585248361956642,0.4148187765917214,0.9788559249174545,0.6069881967649924,0.6278783678889913,0.6556425624137618,0.42115981961801574,0.6069881967649924,0.9986652158153578,0.7696707466770751,0.8040627770367333,0.3776801294248243,0.558323706848619,0.7204824619662366,0.9957875024349173,0.9962966637642041,0.469931653466697,0.9346881618459311,0.6452495401444662,0.04946087866440533,0.8308718809296043,0.9423642809674869,0.034942660286860674,0.31411442734464173,0.3365069645375205,0.7728629740106873,0.7404278711860274,0.7137657685205357,0.5965395604172791,0.5617869009869394,0.05684658498388578,0.8801198367521399,0.4179841658822011,1.0,0.8998430873685939,0.9842781771182444,0.9366476440940742,0.9530534137503819,0.6104713201778175,0.1554182744261858,0.2719728456219383,0.0044533989675282,0.8697322472753778,0.0170239327698575,0.3365069645375198,0.8851848872465676,0.88011983675214,0.5068555703877617,0.810131602827595,0.9385802796459327,0.7823644869552165,0.4765804750383475,0.9068591158261183,0.35385238392918095,0.8644134528467564,0.9994065424755949,0.3365069645375198,0.7137657685205357,0.2546839226166996,0.32520375652472233,0.9959591280619794
sub-31151_ses-baseline_fs,rh_IPL_R_6_6_thickness,0.41798416588220044,0.9596136131831376,0.9983523763523153,0.513653991431181,0.9022054654651688,0.3032431843469141,0.6313564230097201,0.9986652158153578,0.07053965075119553,0.13113041774902523,0.8617236355595999,0.9513419427741894,0.24277141372229794,0.9580167334431512,0.7979341444965764,0.6243988800966236,0.25468392261670014,0.9946715436450565,0.16600424605306485,0.8161385633470808,0.6104713201778181,0.25955109366232065,0.016473819654267873,0.06254058731834557,0.4404217477049013,0.026592705347353165,0.8926163563942988,0.8826632836466028,0.0006373729804512324,0.2178554212277909,0.9136586183632598,0.996296663764204,0.5376158306733689,0.028282491217226244,0.01239434732231968,0.202926316848488,0.8010058076258413,0.3451219204328479,0.3626960295224553,0.3868130010948904,0.6934399736228316,0.3451219204328479,0.8775547770254359,0.49670340485510767,0.9800026185948704,0.645249540144467,0.30594033769433926,0.4469182757920615,0.934688161845931,0.932702018173987,0.24043283765533444,0.9957875024349173,0.3776801294248236,0.014426435523379617,0.9889147774344991,0.993425775507761,0.00956650380704674,0.5687215959561999,0.59653956041728,0.5000811548762113,0.9513419427741898,0.4404217477049013,0.3365069645375198,0.30865130110880423,0.0170239327698575,0.9989452079024135,0.20501499506359092,0.8998430873685939,1.0,0.9611814547478786,0.9952457779164137,0.9889147774344988,0.3480193523036971,0.3393656453440626,0.5136539914311818,0.01817268913197421,0.9976282822174597,0.00412808832216642,0.15370303168351057,0.634832807481021,0.6278783678889907,0.26696076679287967,0.9822028545266254,0.9946715436450564,0.5102518722640011,0.24512465175003734,0.6660052739735789,0.16420466260765865,0.9967732116622625,0.8851848872465675,0.15370303168351057,0.4404217477049013,0.10719367614512451,0.14698080064371208,0.8599102762721959
sub-31151_ses-baseline_fs,rh_PCun_R_4_1_thickness,0.5826182279230208,0.9999835103112336,0.9752308923010841,0.6831909313390504,0.9852687402799901,0.1887150572252129,0.46331446643923674,0.9460387296189509,0.03546569079216386,0.07147754349139616,0.9657092542467055,0.9994065424755949,0.1453347089803382,0.8479799840116684,0.6348328074810211,0.7886335805090195,0.15370303168351093,0.9286504988410612,0.2719728456219383,0.9385802796459332,0.44366543665291513,0.39604914778581324,0.00706953675695461,0.11660414606159479,0.6069881967649924,0.011978813527897017,0.9811182981106086,0.7371264717359498,0.00020815293126622263,0.3422373240509137,0.9897467858357495,0.9811182981106086,0.7070184163790243,0.05763281853863059,0.005174749756892183,0.3224112003942285,0.9286504988410612,0.5000811548762121,0.520474934404642,0.5479532555767684,0.5238933801110165,0.5000811548762121,0.9739612899019187,0.6660052739735789,0.8901616502586224,0.4765804750383475,0.453450809660783,0.6139541827171102,0.9962966637642041,0.9957875024349173,0.3716503712120001,0.9822028545266251,0.5376158306733697,0.03146210122647842,0.9114165293788966,0.9862277743473978,0.021688306407437383,0.4053854879285778,0.43074703473975795,0.6694516232730483,0.8366462449885812,0.6069881967649924,0.48996771548668894,0.4567302019584563,0.036531740951599535,0.9478344331796865,0.3252037565247229,0.9842781771182444,0.9611814547478786,1.0,0.9832561818636097,0.9913148187222658,0.5034652703502915,0.21567859946788562,0.35678780945738664,0.00787456865383191,0.9404858855025771,0.010081035478847991,0.2546839226166996,0.7979341444965764,0.7917477717517544,0.4053854879285779,0.8950483127512526,0.9842781771182442,0.6797635193641026,0.3776801294248243,0.825028526584164,0.2694595961857854,0.9366476440940736,0.9776783289574128,0.2546839226166996,0.6069881967649924,0.18674316532642338,0.24512465175003734,0.9647210332108362
sub-31151_ses-baseline_fs,rh_PCun_R_4_2_thickness,0.4732521916452872,0.9822028545266254,0.9991923249338184,0.5721926716233935,0.9385802796459327,0.2595510936623212,0.5721926716233935,0.9889147774344988,0.05606922814395518,0.10719367614512451,0.9045442135225782,0.9764699455166119,0.2050149950635914,0.9265855048287371,0.7437195287394005,0.6831909313390504,0.2156785994678861,0.9800026185948704,0.19879291220766684,0.8644134528467571,0.5514066763348682,0.3032431843469135,0.012394347322319657,0.0783290341172757,0.4967034048551084,0.020346820089914838,0.9306894005951077,0.8366462449885811,0.00043618765510892874,0.25711023075574535,0.9478344331796869,0.9999340428763753,0.5965395604172791,0.036531740951599535,0.009236633350826397,0.24043283765533455,0.8507671797870676,0.39604914778581324,0.41481877659172206,0.44042174770490206,0.6348328074810218,0.39604914778581324,0.9180685193214676,0.5548635624254303,0.9563909690896389,0.5860967966668882,0.35385238392918156,0.5034652703502915,0.9642294222384246,0.9627201071975481,0.2821693768669515,0.9999835103112336,0.43074703473975795,0.019078238940085444,0.9699704363754993,0.9998516025894794,0.012822603942418149,0.5102518722640018,0.5376158306733697,0.558323706848619,0.9180685193214676,0.4967034048551084,0.3868130010948904,0.35678780945738664,0.022387430496941745,0.9897467858357493,0.24277141372229746,0.9366476440940742,0.9952457779164137,0.9832561818636097,1.0,0.9986652158153578,0.399150285442542,0.29259375119164766,0.4567302019584563,0.013718590291220306,0.9862277743473978,0.005677700140482021,0.18478578354159783,0.6934399736228308,0.6866129799198041,0.31137601735996623,0.9596136131831376,0.9999835103112336,0.5687215959561992,0.28735324688997427,0.7238286654248509,0.19674815711221727,0.9842781771182442,0.9244946126300729,0.18478578354159783,0.4967034048551084,0.13113041774902523,0.17710086674476286,0.9029798752338363
sub-31151_ses-baseline_fs,rh_PCun_R_4_3_thickness,0.5034652703502908,0.9905468258088405,0.9957875024349173,0.6035050430522643,0.954736476281612,0.2381089358183262,0.5410576298665302,0.9800026185948704,0.04946087866440548,0.09597358342516057,0.9244946126300725,0.9862277743473978,0.1867431653264238,0.9068591158261183,0.7137657685205357,0.7137657685205357,0.19674815711221771,0.9685799001599229,0.2178554212277909,0.8876844185918001,0.520474934404642,0.3280096824839506,0.010620088400495798,0.08790280229284388,0.5273168869348444,0.01759009529431393,0.9478344331796865,0.810131602827595,0.0003554616395315748,0.279598785068146,0.9627201071975481,0.9980067204340756,0.6278783678889907,0.04167159695554625,0.00787456865383191,0.26200648775222196,0.8749683363960832,0.42434560552762274,0.44366543665291513,0.46993165346669713,0.6035050430522649,0.42434560552762274,0.9366476440940736,0.5860967966668874,0.9404858855025775,0.5548635624254311,0.3807127614773433,0.5341783082982237,0.9764699455166119,0.9752308923010841,0.30594033769433926,0.9983523763523153,0.46001813959473026,0.022035459279891177,0.9563909690896394,0.9994065424755949,0.014916048726436024,0.47991633781678106,0.5068555703877626,0.5895766901305589,0.8974572967211143,0.5273168869348444,0.4148187765917214,0.38375708806308273,0.02578095581447707,0.9811182981106086,0.26447638777327065,0.9530534137503819,0.9889147774344988,0.9913148187222658,0.9986652158153578,1.0,0.42754138933050606,0.2694595961857854,0.4275413893305068,0.011775717848306062,0.9764699455166119,0.00669544874174255,0.202926316848488,0.7238286654248502,0.7171280767226162,0.3365069645375198,0.9442152876750859,0.9989452079024135,0.6000220882969155,0.31137601735996623,0.7535334402028752,0.21567859946788562,0.9739612899019187,0.9423642809674869,0.202926316848488,0.5273168869348444,0.14533470898033785,0.19471801223377305,0.9230793237186207
sub-31151_ses-baseline_fs,rh_PCun_R_4_4_thickness,0.9913148187222659,0.5068555703877617,0.3776801294248236,0.956390969089639,0.6069881967649925,0.011184645265021997,0.05454086285425736,0.3224112003942285,0.0008648436047261714,0.0024400130383724107,0.6625548153579759,0.5238933801110166,0.00732926099735356,0.21785542122779097,0.10461618525605637,0.8901616502586225,0.008016459690117656,0.29789052746417644,0.9068591158261183,0.7171280767226164,0.05016150237725689,0.9822028545266254,8.91614452390162e-05,0.6660052739735788,0.9852687402799901,0.0001848655431646727,0.6209181964368784,0.14864063409269934,8.421182334849437e-07,0.9580167334431512,0.5895766901305591,0.3929591440796479,0.944215287675086,0.4765804750383474,5.821082418629607e-05,0.9460387296189509,0.7338155910950144,0.9999835103112336,0.9995878393434778,0.9972170990896958,0.06961176876300791,0.9999835103112336,0.6417796068467728,0.9642294222384246,0.2546839226166996,0.057632818538630615,0.9962966637642041,0.9832561818636097,0.5548635624254303,0.558323706848619,0.972661261775704,0.3960491477858125,0.9983523763523153,0.34512192043284806,0.27704247470841353,0.40851931037499584,0.2795987850681461,0.04227861255582242,0.04740779599876731,0.9627201071975481,0.2092363651080228,0.9852687402799901,0.9997361976064063,0.9967732116622625,0.3746592979810489,0.32520375652472233,0.9478344331796869,0.6104713201778175,0.3480193523036971,0.5034652703502915,0.399150285442542,0.42754138933050606,1.0,0.013951053148836016,0.03341278350424162,0.00010340561481597575,0.31411442734464134,0.17710086674476286,0.8901616502586224,0.8826632836466028,0.8876844185918001,0.9852687402799901,0.25955109366232065,0.40226243888440794,0.9580167334431512,0.9752308923010843,0.8590138578021252,0.9045442135225782,0.30865130110880423,0.6313564230097193,0.8901616502586224,0.9852687402799901,0.8040627770367333,0.8801198367521399,0.6648670647283962
sub-31151_ses-baseline_fs,rh_PoG_R_4_1_thickness,0.020346820089914782,0.21351648679983,0.31137601735996623,0.03194040668343067,0.1571474755965005,0.9972170990896959,0.8775547770254359,0.3656686379290027,0.7070184163790251,0.8617236355596004,0.1311304177490249,0.202926316848488,0.9776783289574131,0.5000811548762113,0.7271664278769112,0.05087037285711641,0.98325618186361,0.39295914407964716,0.0034736830488911745,0.1085007707763114,0.8926163563942988,0.007874568653831931,0.3776801294248236,0.000666040089511158,0.022744273620949468,0.4732521916452877,0.15031425441353097,0.6243988800966236,0.06086793220322554,0.005677700140482021,0.16600424605306485,0.2978905274641758,0.03546569079216375,0.00018931713734578724,0.3280096824839506,0.004985122708480513,0.10208720250204775,0.013718590291220306,0.015166301531901733,0.017304984129157805,0.8279587015034731,0.013718590291220306,0.14047842121828624,0.029609673957848377,0.4469182757920615,0.8670830696657816,0.010805390887868726,0.023472791681970556,0.18478578354159783,0.18284288820916997,0.0068181167701608794,0.29523512910688177,0.016473819654267873,6.773789612921213e-05,0.41798416588220044,0.28475421107531207,3.6679730835847046e-05,0.9202359205542284,0.9022054654651688,0.030063783431251226,0.513653991431181,0.022744273620949468,0.013041604540210817,0.010993564018747244,8.697594026052588e-05,0.3626960295224553,0.005079135094285389,0.1554182744261858,0.3393656453440626,0.21567859946788562,0.29259375119164766,0.2694595961857854,0.013951053148836016,1.0,0.9513419427741894,0.39604914778581307,0.374659297981049,1.0733852913937755e-05,0.003031704204116674,0.05304716020212571,0.05158755955914361,0.00830713605161723,0.4404217477049013,0.28996644172310443,0.031462101226478294,0.007069536756954642,0.06004548544870102,0.0034071387541646015,0.3807127614773433,0.14533470898033785,0.003031704204116674,0.022744273620949468,0.0016274482342667127,0.0028028404217600267,0.1301163638803322
sub-31151_ses-baseline_fs,rh_PoG_R_4_2_thickness,0.046739468079748575,0.35385238392918156,0.47991633781678106,0.06961176876300791,0.2745004830545666,0.9265855048287376,0.9811182981106086,0.5445035055161658,0.517061741530473,0.6900294119640628,0.2357997189172502,0.3393656453440626,0.8697322472753783,0.6900294119640634,0.8901616502586229,0.10461618525605665,0.8826632836466028,0.5756659467151284,0.009566503807046782,0.20085229379129016,0.9871551853439384,0.020022968493331517,0.23122537501318757,0.002120723753574696,0.05158755955914377,0.30594033769433915,0.26447638777327076,0.807104794634956,0.02742639566184808,0.014916048726436077,0.28735324688997427,0.46331446643923674,0.07631964507141249,0.0006660400895111611,0.19471801223377305,0.01326390806009293,0.1907014817066099,0.03291568578496625,0.03599536301525462,0.0404795811181947,0.956390969089639,0.03291568578496625,0.24987505671383028,0.0651200378848923,0.6348328074810219,0.9764699455166119,0.02659270534735319,0.053047160202125875,0.3141144273446419,0.31137601735996623,0.017590095294313962,0.4600181395947311,0.03874559966874954,0.0002571745553617564,0.6035050430522643,0.4469182757920623,0.0001454549934888845,0.9957875024349173,0.9905468258088405,0.06599893007856963,0.7036338878287541,0.05158755955914377,0.03146210122647839,0.027006779008565768,0.0003242782662633218,0.5410576298665302,0.013489556015033596,0.2719728456219383,0.5136539914311818,0.35678780945738664,0.4567302019584563,0.4275413893305068,0.03341278350424162,0.9513419427741894,1.0,0.24512465175003723,0.5548635624254311,4.626952284270834e-05,0.008455984807370368,0.1085007707763114,0.10589883534838615,0.021008243298053845,0.6278783678889913,0.453450809660783,0.06869382664382881,0.01817268913197421,0.12082622824915017,0.009400276715092856,0.5617869009869402,0.25711023075574535,0.008455984807370368,0.05158755955914377,0.004801810992601972,0.007874568653831931,0.2342607637032833
sub-31151_ses-baseline_fs,rh_PoG_R_4_3_thickness,0.0001805126702150719,0.007734933983956606,0.01542024437100416,0.0003554616395315732,0.004538281730050343,0.4371873552157443,0.17334479864265484,0.021008243298053828,0.8697322472753776,0.7171280767226168,0.00334175901649171,0.007069536756954642,0.5170617415304721,0.03989444781969765,0.09717270108284458,0.0007270126023520178,0.5000811548762111,0.02422144931393732,1.4104220350720755e-05,0.002440013038372417,0.1847857835415977,4.5096689186599435e-05,0.9994065424755949,1.4470964065039865e-06,0.00021313014208678132,0.9905468258088405,0.004207325580216153,0.0659989300785696,0.6035050430522652,2.8248079855881064e-05,0.00498512270848053,0.014186987222786749,0.0004168908651759313,2.67601341144594e-07,0.9913148187222658,2.3481761651910362e-05,0.0022077912821652323,0.00010089092211498686,0.0001168932481482323,0.00014198325419484165,0.14208356644223027,0.00010089092211498686,0.003751875654818773,0.0003168934851897783,0.03146210122647839,0.1660042460530648,7.122947978390657e-05,0.00022342233819297878,0.00600026508171855,0.005890951290073279,3.6679730835847114e-05,0.01395105314883604,0.0001320312272769793,6.895410332583175e-08,0.027426395661847968,0.013041604540210862,3.095180719895896e-08,0.20923636510802265,0.19270246003076053,0.00032427826626332064,0.04227861255582235,0.00021313014208678132,9.368931525889122e-05,7.303858024414941e-05,9.573544691529125e-08,0.020675227790897612,2.411232614968853e-05,0.0044533989675282,0.01817268913197421,0.00787456865383191,0.013718590291220306,0.011775717848306062,0.00010340561481597575,0.39604914778581307,0.24512465175003723,1.0,0.022035459279891235,6.322189017646087e-09,1.1654242844654144e-05,0.0007761090102895888,0.0007430474090052121,4.870267056503475e-05,0.030523850682967448,0.013489556015033573,0.00034741254741005653,3.8631512063408565e-05,0.0009425223311361001,1.3726322323853128e-05,0.02274427362094953,0.003973669396564719,1.1654242844654144e-05,0.00021313014208678132,4.909917820938467e-06,1.044281344301705e-05,0.0032985970939038677
sub-31151_ses-baseline_fs,rh_PoG_R_4_4_thickness,0.3807127614773426,0.9385802796459327,0.9920506890541537,0.4732521916452872,0.8723607482261808,0.3365069645375211,0.6728936140889051,0.9998516025894794,0.08247527175385035,0.15031425441353133,0.8279587015034731,0.9286504988410608,0.2719728456219389,0.9752308923010843,0.833767812577632,0.5826182279230208,0.2847542110753126,0.9994065424755949,0.14533470898033785,0.7792101050596455,0.6521812619015808,0.23122537501318804,0.020022968493331444,0.05304716020212571,0.4022624388844079,0.03194040668343075,0.8617236355595999,0.9114165293788965,0.0008282751003692173,0.19270246003076066,0.8851848872465676,0.9880508823333499,0.49670340485510767,0.023472791681970556,0.015166301531901705,0.17900045638431383,0.7632502740890463,0.31137601735996623,0.3280096824839506,0.3509295355107088,0.733815591095015,0.31137601735996623,0.8451740453565177,0.4567302019584556,0.9913148187222659,0.6866129799198049,0.2745004830545666,0.40851931037499584,0.9091499584677338,0.9068591158261178,0.21351648679983,0.9871551853439384,0.3422373240509131,0.011775717848306042,0.9967732116622626,0.9832561818636097,0.007734933983956592,0.6104713201778181,0.6383072821765645,0.46001813959473026,0.9699704363754993,0.4022624388844079,0.3032431843469129,0.277042474708413,0.013951053148836016,0.9997361976064063,0.18091445449026072,0.8697322472753778,0.9976282822174597,0.9404858855025771,0.9862277743473978,0.9764699455166119,0.31411442734464134,0.374659297981049,0.5548635624254311,0.022035459279891235,1.0,0.0032775257600910017,0.13419287596403506,0.5930576859704835,0.5860967966668874,0.23810893581832515,0.9927543644046442,0.9852687402799901,0.4699316534666964,0.2178554212277909,0.6243988800966236,0.14370231316858623,0.9999340428763753,0.8535353869368245,0.13419287596403506,0.4022624388844079,0.09244599063838217,0.12812094621452577,0.8259973476009796
sub-31151_ses-baseline_fs,rh_INS_R_6_1_thickness,0.13730874095453088,0.010257947269491675,0.004985122708480513,0.09717270108284445,0.01674689366795461,7.4893286945425345e-06,0.0001086138509311285,0.0034736830488911745,1.4131795147297132e-07,6.802719351161551e-07,0.021688306407437383,0.011184645265021958,3.7975731775478387e-06,0.0014984515058869626,0.00035546163953157223,0.06425073068985701,4.381589046945224e-06,0.0029152193960183073,0.3656686379290029,0.027851613539017654,9.368931525889155e-05,0.24749253789260534,5.112776119469868e-09,0.6313564230097194,0.12663594612080817,1.4606764896348834e-08,0.01787931419299898,0.0006959047496046793,7.935771286902749e-12,0.2925937511916478,0.015420244371004106,0.005471446802712269,0.08902163056065496,0.8131429445590622,2.783511392780841e-09,0.3113760173599664,0.030063783431251254,0.17900045638431397,0.1678180171702125,0.15370303168351065,0.0001680261634898499,0.17900045638431397,0.019703621674268253,0.10334566230289158,0.0020783833750443893,0.00011978309190764006,0.2071183408046038,0.12370514274970476,0.01304160454021084,0.01326390806009293,0.26696076679287967,0.005573711404246738,0.15889067580797814,0.9223780184416857,0.00248906366430966,0.006000265081718533,0.9657092542467055,6.946289822799178e-05,8.484120780140087e-05,0.1020872025020478,0.0013789516394091175,0.12663594612080817,0.18478578354159794,0.20501499506359103,0.899843087368594,0.0035414102134488225,0.3086513011088044,0.0170239327698575,0.00412808832216642,0.010081035478847991,0.005677700140482021,0.00669544874174255,0.17710086674476286,1.0733852913937755e-05,4.626952284270834e-05,6.322189017646087e-09,0.0032775257600910017,1.0,0.3868130010948905,0.06169960919714118,0.06339093749563811,0.24043283765533469,0.002163855316811701,0.005783438255705615,0.09838355610404108,0.2620064877522221,0.054540862854257195,0.3686534511765156,0.003152427559846339,0.018772102252064327,0.3868130010948905,0.12663594612080817,0.4866101286422385,0.3991502854425421,0.021920368778552232
sub-31151_ses-baseline_fs,rh_INS_R_6_2_thickness,0.8279587015034737,0.25711023075574485,0.17148826029817307,0.7371264717359499,0.3336613599014823,0.0023445606002686255,0.015166301531901733,0.1388868291124573,0.00012576643064096568,0.0004075448403701309,0.38071276147734334,0.2694595961857854,0.0014375551331905385,0.08353879259127063,0.03341278350424152,0.6278783678889907,0.0015942724637792063,0.12516403015212932,0.9991923249338184,0.43074703473975723,0.013718590291220306,0.9580167334431509,9.883216529612318e-06,0.9158760171290917,0.8071047946349553,2.2267468112482796e-05,0.3451219204328479,0.05158755955914361,5.844759970175032e-08,0.9822028545266251,0.3196320826856246,0.18091445449026072,0.7137657685205357,0.763250274089047,6.155621203486744e-06,0.9889147774344988,0.4469182757920616,0.8926163563942988,0.8775547770254359,0.8562843607931367,0.020346820089914855,0.8926163563942988,0.3626960295224553,0.7535334402028752,0.10208720250204775,0.016204663938892947,0.9244946126300725,0.8010058076258413,0.29259375119164766,0.2952351291068819,0.9699704363754991,0.18284288820917005,0.8644134528467564,0.6209181964368784,0.11385293424438565,0.19070148170660947,0.5376158306733697,0.011184645265021958,0.012822603942418149,0.7502725743796568,0.07934955610112814,0.8071047946349553,0.899843087368594,0.9223780184416857,0.6556425624137618,0.14047842121828624,0.9880508823333499,0.3365069645375198,0.15370303168351057,0.2546839226166996,0.18478578354159783,0.202926316848488,0.8901616502586224,0.003031704204116674,0.008455984807370368,1.1654242844654144e-05,0.13419287596403506,0.3868130010948905,1.0,0.6174365525158408,0.6243988800966236,0.953053413750382,0.10461618525605637,0.18674316532642296,0.7404278711860274,0.9671594602919182,0.5860967966668874,0.9994065424755949,0.1311304177490249,0.35385238392918095,1.0,0.8071047946349553,0.9842781771182444,0.9997361976064063,0.38275117406958825
sub-31151_ses-baseline_fs,rh_INS_R_6_3_thickness,0.9346881618459311,0.8010058076258413,0.6694516232730475,0.9800026185948704,0.8826632836466028,0.044144493458667285,0.16064791473262735,0.6035050430522643,0.00498512270848053,0.012185010132509078,0.9202359205542289,0.8161385633470809,0.030989936307711314,0.46001813959473026,0.26696076679287967,0.9998516025894794,0.03341278350424159,0.5721926716233935,0.6417796068467728,0.9513419427741894,0.15031425441353127,0.7886335805090195,0.0006808199086783157,0.374659297981049,0.9478344331796869,0.001295174849693559,0.8926163563942994,0.3480193523036971,1.0442813443017107e-05,0.7304954897383076,0.8697322472753778,0.6866129799198041,0.9871551853439384,0.2289602617301197,0.0004667049800009513,0.7070184163790243,0.9596136131831376,0.8801198367521404,0.8950483127512531,0.9136586183632603,0.19471801223377347,0.8801198367521404,0.9068591158261183,0.9739612899019187,0.5136539914311811,0.16781801717021277,0.8423496106096982,0.9513419427741898,0.8423496106096975,0.8451740453565184,0.763250274089047,0.6900294119640628,0.9068591158261183,0.14698080064371252,0.5445035055161658,0.7036338878287534,0.1111519718038719,0.13113041774902517,0.14370231316858656,0.9752308923010843,0.4469182757920616,0.9478344331796869,0.8723607482261814,0.8451740453565184,0.16420466260765906,0.6069881967649917,0.7103957957593104,0.8851848872465676,0.634832807481021,0.7979341444965764,0.6934399736228308,0.7238286654248502,0.8826632836466028,0.05304716020212571,0.1085007707763114,0.0007761090102895888,0.5930576859704835,0.06169960919714118,0.6174365525158408,1.0,0.9999340428763753,0.7979341444965764,0.5204749344046413,0.69684441037047,0.9788559249174545,0.7696707466770758,0.9986652158153578,0.6383072821765637,0.5860967966668874,0.8998430873685939,0.6174365525158408,0.9478344331796869,0.5102518722640019,0.6035050430522643,0.9216739357952377
sub-31151_ses-baseline_fs,rh_CG_R_5_1_thickness,0.9385802796459327,0.7948480462087278,0.6625548153579751,0.9822028545266254,0.8775547770254365,0.0428930557190975,0.157147475596501,0.5965395604172792,0.004801810992601972,0.011775717848306042,0.9158760171290917,0.8101316028275951,0.03006378343125132,0.4534508096607823,0.2620064877522221,0.9999835103112336,0.03242491424267941,0.5652529346227602,0.6487168396508092,0.9478344331796865,0.1469808006437124,0.7948480462087285,0.0006515596346997237,0.3807127614773433,0.9513419427741898,0.0012419659789801947,0.8876844185918001,0.3422373240509131,9.883216529612442e-06,0.7371264717359505,0.8644134528467564,0.6797635193641026,0.9889147774344988,0.2335051961085975,0.00044614638801912634,0.7137657685205357,0.9563909690896389,0.8851848872465681,0.8998430873685944,0.9180685193214682,0.1907014817066099,0.8851848872465681,0.9022054654651693,0.9764699455166119,0.5068555703877617,0.16420466260765906,0.8479799840116691,0.9547364762816123,0.8366462449885812,0.8395069275655296,0.7696707466770757,0.6831909313390496,0.9114165293788966,0.15031425441353133,0.5376158306733697,0.69684441037047,0.11385293424438565,0.1281209462145261,0.1404784212182866,0.9776783289574128,0.4404217477049014,0.9513419427741898,0.8775547770254365,0.8507671797870676,0.16781801717021277,0.6000220882969155,0.717128076722617,0.88011983675214,0.6278783678889907,0.7917477717517544,0.6866129799198041,0.7171280767226162,0.8876844185918001,0.05158755955914361,0.10589883534838615,0.0007430474090052121,0.5860967966668874,0.06339093749563811,0.6243988800966236,0.9999340428763753,1.0,0.8040627770367333,0.5136539914311811,0.6900294119640628,0.9811182981106086,0.7760428471383625,0.9980067204340755,0.6452495401444662,0.5791412047958469,0.8950483127512526,0.6243988800966236,0.9513419427741898,0.517061741530473,0.6104713201778174,0.9173477585326334
sub-31151_ses-baseline_fs,rh_CG_R_5_2_thickness,0.9547364762816123,0.4085193103749957,0.29259375119164766,0.8950483127512526,0.5034652703502915,0.006574770855794831,0.03546569079216386,0.24512465175003734,0.0004461463880191283,0.0013225626984717995,0.558323706848619,0.42434560552762285,0.004207325580216179,0.15889067580797803,0.07147754349139616,0.8071047946349552,0.004624629855484421,0.22447417547321954,0.9642294222384246,0.6139541827171094,0.032424914242679376,0.9998516025894794,4.1745304760239635e-05,0.7664664262840151,0.9423642809674869,8.916144523901636e-05,0.517061741530473,0.10461618525605633,3.335697095877362e-07,0.9927543644046442,0.4866101286422384,0.30594033769433926,0.8775547770254365,0.5791412047958475,2.6799680480161242e-05,0.9871551853439384,0.6313564230097193,0.9862277743473978,0.9800026185948701,0.969970436375499,0.046079042168720885,0.9862277743473978,0.5376158306733697,0.9068591158261183,0.18871505722521245,0.03762487137313911,0.996296663764204,0.9385802796459327,0.4534508096607823,0.4567302019584563,0.9980067204340756,0.30865130110880423,0.9739612899019187,0.4371873552157453,0.20711834080460428,0.3196320826856246,0.3626960295224553,0.027006779008565743,0.030523850682967476,0.9045442135225782,0.1520017058291279,0.9423642809674869,0.9889147774344988,0.9957875024349173,0.469931653466697,0.24749253789260522,0.9880508823333501,0.5068555703877617,0.26696076679287967,0.4053854879285779,0.31137601735996623,0.3365069645375198,0.9852687402799901,0.00830713605161723,0.021008243298053845,4.870267056503475e-05,0.23810893581832515,0.24043283765533469,0.953053413750382,0.7979341444965764,0.8040627770367333,1.0,0.19270246003076066,0.3141144273446412,0.8974572967211143,0.9986652158153578,0.7696707466770751,0.9627201071975481,0.23350519610859702,0.5273168869348445,0.953053413750382,0.9423642809674869,0.8876844185918001,0.9460387296189509,0.5606437226794259
sub-31151_ses-baseline_fs,rh_CG_R_5_3_thickness,0.3196320826856246,0.8926163563942993,0.9699704363754993,0.4053854879285778,0.8131429445590621,0.3991502854425426,0.7437195287394014,0.9905468258088405,0.1071936761451248,0.18871505722521245,0.7632502740890463,0.8801198367521399,0.3280096824839513,0.9946715436450564,0.8901616502586225,0.5102518722640019,0.3422373240509137,0.996296663764204,0.11385293424438565,0.7103957957593104,0.7238286654248509,0.18674316532642338,0.02785161353901763,0.039316475971835685,0.3393656453440626,0.043514993569495716,0.8010058076258413,0.9530534137503819,0.001295174849693567,0.15370303168351093,0.8279587015034737,0.9627201071975481,0.427541389330506,0.01674689366795461,0.02134591868722845,0.14208356644223036,0.6934399736228308,0.25711023075574535,0.2719728456219383,0.2925937511916482,0.801005807625842,0.25711023075574535,0.7823644869552164,0.3898803904722126,0.9999340428763753,0.7567835196698152,0.22447417547321954,0.3451219204328479,0.8562843607931373,0.8535353869368245,0.17148826029817338,0.961181454747879,0.28475421107531207,0.00816063830684895,0.9991923249338184,0.9547364762816123,0.0052719904932115496,0.6831909313390503,0.7103957957593104,0.3929591440796479,0.9920506890541537,0.3393656453440626,0.24987505671383017,0.22670986085082065,0.009735349254312858,0.9897467858357495,0.14370231316858656,0.810131602827595,0.9822028545266254,0.8950483127512526,0.9596136131831376,0.9442152876750859,0.25955109366232065,0.4404217477049013,0.6278783678889913,0.030523850682967448,0.9927543644046442,0.002163855316811701,0.10461618525605637,0.5204749344046413,0.5136539914311811,0.19270246003076066,1.0,0.9580167334431512,0.4022624388844079,0.17521565729471447,0.5514066763348683,0.11249620216053924,0.9940648562427751,0.7917477717517544,0.10461618525605637,0.3393656453440626,0.07053965075119535,0.099606214382915,0.7610889629355703
sub-31151_ses-baseline_fs,rh_CG_R_5_4_thickness,0.4765804750383468,0.9832561818636097,0.9989452079024135,0.5756659467151283,0.9404858855025771,0.2571102307557459,0.5687215959562,0.9880508823333501,0.055300677555415546,0.10589883534838615,0.9068591158261178,0.9776783289574126,0.2029263168484889,0.9244946126300729,0.7404278711860274,0.6866129799198041,0.21351648679983048,0.9788559249174548,0.20085229379128972,0.8670830696657822,0.5479532555767683,0.30594033769433926,0.012185010132509078,0.07934955610112807,0.5000811548762113,0.0200229684933315,0.932702018173987,0.833767812577632,0.0004264371537789968,0.25955109366232065,0.9496022271524602,0.9998516025894794,0.6000220882969155,0.03707488888296474,0.00907553943546984,0.24277141372229694,0.8535353869368245,0.3991502854425419,0.4179841658822011,0.44366543665291525,0.63135642300972,0.3991502854425419,0.9202359205542283,0.5583237068486183,0.9547364762816123,0.5826182279230215,0.35678780945738664,0.5068555703877617,0.9657092542467055,0.9642294222384242,0.28475421107531207,0.9999340428763753,0.43396240346501364,0.019388728681490646,0.9685799001599229,0.9999340428763753,0.013041604540210817,0.5068555703877624,0.5341783082982244,0.5617869009869394,0.9158760171290917,0.5000811548762113,0.38988039047221257,0.35973572201177234,0.022744273620949468,0.9889147774344988,0.24512465175003734,0.9385802796459327,0.9946715436450564,0.9842781771182442,0.9999835103112336,0.9989452079024135,0.40226243888440794,0.28996644172310443,0.453450809660783,0.013489556015033573,0.9852687402799901,0.005783438255705615,0.18674316532642296,0.69684441037047,0.6900294119640628,0.3141144273446412,0.9580167334431512,1.0,0.5721926716233927,0.28996644172310443,0.7271664278769112,0.19879291220766643,0.9832561818636097,0.9265855048287371,0.18674316532642296,0.5000811548762113,0.1326549969994081,0.17900045638431383,0.905310777951859
sub-31151_ses-baseline_fs,rh_CG_R_5_5_thickness,0.9871551853439384,0.6831909313390496,0.544503505516165,0.9999835103112336,0.7792101050596454,0.025780955814477185,0.10589883534838615,0.4799163378167803,0.00248906366430966,0.006456055130217149,0.8279587015034737,0.7002424670350178,0.017590095294313962,0.3480193523036971,0.18674316532642296,0.9822028545266251,0.019078238940085444,0.45018011687118525,0.7632502740890471,0.8723607482261808,0.09838355610404095,0.8901616502586229,0.00030259467367269743,0.48996771548668894,0.9927543644046442,0.00059652155991559,0.7917477717517544,0.25227219117400246,3.797573177547825e-06,0.8423496106096982,0.7632502740890463,0.5617869009869394,0.9989452079024135,0.31963208268562504,0.00020328524845711782,0.8220816092464243,0.8851848872465676,0.9563909690896393,0.9657092542467057,0.9764699455166123,0.13113041774902517,0.9563909690896393,0.8101316028275951,0.9997361976064063,0.3960491477858125,0.1111519718038718,0.9306894005951082,0.9940648562427751,0.7304954897383068,0.7338155910950144,0.8697322472753783,0.5652529346227594,0.972661261775704,0.2156785994678861,0.42434560552762285,0.5791412047958469,0.16781801717021277,0.0846132369974538,0.09361029492641701,0.9998516025894794,0.3365069645375198,0.9927543644046442,0.9513419427741898,0.9327020181739875,0.23810893581832568,0.48325961223550257,0.825028526584164,0.7823644869552165,0.5102518722640011,0.6797635193641026,0.5687215959561992,0.6000220882969155,0.9580167334431512,0.031462101226478294,0.06869382664382881,0.00034741254741005653,0.4699316534666964,0.09838355610404108,0.7404278711860274,0.9788559249174545,0.9811182981106086,0.8974572967211143,0.4022624388844079,0.5721926716233927,1.0,0.8749683363960837,0.9671594602919182,0.7600225514259085,0.4633144664392359,0.8010058076258413,0.7404278711860274,0.9927543644046442,0.6348328074810219,0.7271664278769112,0.8299124261127958
sub-31151_ses-baseline_fs,rh_MVOcC_R_5_1_thickness,0.9385802796459332,0.3807127614773433,0.2694595961857854,0.8723607482261814,0.4732521916452879,0.005573711404246773,0.03098993630771134,0.22447417547321954,0.00036368522412969265,0.0010942330830807125,0.5273168869348452,0.39604914778581324,0.0035414102134488446,0.14370231316858656,0.06339093749563811,0.7792101050596454,0.0038984468967234714,0.2050149950635914,0.9764699455166119,0.5826182279230208,0.02828249121722633,0.9994065424755949,3.305393216730798e-05,0.7948480462087278,0.9244946126300729,7.122947978390657e-05,0.4866101286422392,0.09361029492641701,2.511984771703484e-07,0.9976282822174596,0.4567302019584563,0.2821693768669515,0.8535353869368251,0.6104713201778174,2.1113182957415114e-05,0.994064856242775,0.6000220882969163,0.9764699455166119,0.9685799001599226,0.9563909690896389,0.0404795811181947,0.9764699455166119,0.5068555703877625,0.8851848872465681,0.17148826029817338,0.03291568578496625,0.9905468258088405,0.9202359205542289,0.42434560552762285,0.4275413893305067,0.9999340428763753,0.28475421107531207,0.961181454747879,0.4666190244072661,0.1887150572252129,0.29523512910688177,0.3898803904722126,0.02347279168197064,0.02659270534735319,0.8826632836466028,0.13730874095453088,0.9244946126300729,0.9800026185948704,0.9897467858357495,0.5000811548762113,0.22670986085082065,0.9946715436450564,0.4765804750383475,0.24512465175003734,0.3776801294248243,0.28735324688997427,0.31137601735996623,0.9752308923010843,0.007069536756954642,0.01817268913197421,3.8631512063408565e-05,0.2178554212277909,0.2620064877522221,0.9671594602919182,0.7696707466770758,0.7760428471383625,0.9986652158153578,0.17521565729471447,0.28996644172310443,0.8749683363960837,1.0,0.7404278711860274,0.9752308923010841,0.21351648679983,0.4967034048551084,0.9671594602919182,0.9244946126300729,0.9091499584677338,0.9611814547478786,0.5296133716884864
sub-31151_ses-baseline_fs,rh_MVOcC_R_5_2_thickness,0.9158760171290913,0.8279587015034737,0.7002424670350178,0.9685799001599226,0.9045442135225787,0.05016150237725704,0.1771008667447633,0.6348328074810219,0.0058909512900733,0.014186987222786749,0.9385802796459332,0.8423496106096982,0.035465690792163974,0.489967715486689,0.28996644172310443,0.9976282822174596,0.0381817532635469,0.6035050430522649,0.6104713201778174,0.9657092542467055,0.16600424605306527,0.7600225514259084,0.0008282751003692093,0.3480193523036971,0.9306894005951077,0.001561721480353202,0.9136586183632603,0.374659297981049,1.3358108863629762e-05,0.7002424670350178,0.8926163563942994,0.717128076722617,0.9776783289574126,0.20923636510802265,0.0005706583738154716,0.6763309964007806,0.972661261775704,0.8562843607931373,0.8723607482261814,0.8926163563942994,0.21351648679983048,0.8562843607931373,0.9265855048287376,0.9611814547478786,0.5445035055161658,0.18478578354159825,0.8161385633470809,0.9346881618459311,0.8670830696657822,0.8697322472753783,0.7338155910950144,0.7204824619662366,0.8851848872465676,0.1326549969994081,0.5756659467151292,0.7338155910950144,0.099606214382915,0.1453347089803382,0.15889067580797853,0.9627201071975481,0.4765804750383475,0.9306894005951077,0.8479799840116684,0.8191182033187132,0.14864063409269926,0.6383072821765636,0.6797635193641025,0.9068591158261183,0.6660052739735789,0.825028526584164,0.7238286654248509,0.7535334402028752,0.8590138578021252,0.06004548544870102,0.12082622824915017,0.0009425223311361001,0.6243988800966236,0.054540862854257195,0.5860967966668874,0.9986652158153578,0.9980067204340755,0.7696707466770751,0.5514066763348683,0.7271664278769112,0.9671594602919182,0.7404278711860274,1.0,0.6069881967649917,0.6174365525158407,0.9202359205542289,0.5860967966668874,0.9306894005951077,0.4799163378167803,0.5721926716233926,0.9398600348700892
sub-31151_ses-baseline_fs,rh_MVOcC_R_5_3_thickness,0.8451740453565184,0.27197284562193774,0.18284288820917005,0.7567835196698145,0.3509295355107088,0.002641688718483735,0.01674689366795461,0.14864063409269934,0.0001454549934888845,0.0004667049800009513,0.399150285442542,0.28475421107531207,0.0016274482342667198,0.09015172607113021,0.03653174095159942,0.6487168396508084,0.0018030822261104467,0.13419287596403542,0.9999835103112336,0.45018011687118453,0.015166301531901733,0.9671594602919182,1.1654242844654061e-05,0.9022054654651692,0.8250285265841634,2.6102281787920016e-05,0.3626960295224553,0.056069228143955006,7.126492520009923e-08,0.9880508823333499,0.3365069645375198,0.19270246003076075,0.7338155910950144,0.7437195287394012,7.2831385831451515e-06,0.993425775507761,0.4666190244072661,0.9068591158261179,0.8926163563942988,0.8723607482261808,0.022387430496941745,0.9068591158261179,0.38071276147734334,0.7728629740106873,0.10982018192308123,0.01787931419299898,0.9366476440940738,0.8191182033187132,0.30865130110880423,0.3113760173599664,0.9776783289574126,0.19471801223377316,0.88011983675214,0.6000220882969163,0.12225922771993032,0.202926316848488,0.517061741530473,0.01239434732231968,0.014186987222786773,0.7696707466770751,0.08569867414304348,0.8250285265841634,0.9136586183632599,0.9346881618459311,0.6348328074810218,0.15031425441353097,0.992754364404644,0.35385238392918095,0.16420466260765865,0.2694595961857854,0.19674815711221727,0.21567859946788562,0.9045442135225782,0.0034071387541646015,0.009400276715092856,1.3726322323853128e-05,0.14370231316858623,0.3686534511765156,0.9994065424755949,0.6383072821765637,0.6452495401444662,0.9627201071975481,0.11249620216053924,0.19879291220766643,0.7600225514259085,0.9752308923010841,0.6069881967649917,1.0,0.14047842121828624,0.37165037121199956,0.9994065424755949,0.8250285265841634,0.9776783289574128,0.9983523763523153,0.4012342178082575
sub-31151_ses-baseline_fs,rh_MVOcC_R_5_4_thickness,0.37465929798104836,0.934688161845931,0.9905468258088405,0.46661902440726594,0.8670830696657816,0.3422373240509144,0.6797635193641034,0.9995878393434778,0.0846132369974541,0.15370303168351093,0.8220816092464236,0.9244946126300725,0.2770424747084141,0.9776783289574128,0.8395069275655296,0.5756659467151283,0.28996644172310504,0.9997361976064063,0.14208356644223036,0.7728629740106873,0.6591004957124336,0.22670986085082065,0.020675227790897557,0.05158755955914361,0.3960491477858125,0.03291568578496624,0.8562843607931366,0.9158760171290917,0.0008648436047261753,0.18871505722521245,0.8801198367521399,0.9862277743473978,0.48996771548668816,0.022744273620949468,0.015677922139407295,0.17521565729471403,0.7567835196698144,0.30594033769433926,0.3224112003942285,0.3451219204328479,0.740427871186028,0.30594033769433926,0.8395069275655289,0.45018011687118453,0.9927543644046442,0.6934399736228316,0.2694595961857854,0.4022624388844079,0.9045442135225782,0.9022054654651688,0.20923636510802265,0.9852687402799901,0.3365069645375198,0.011378672460296547,0.9976282822174597,0.9811182981106086,0.007462310544119005,0.6174365525158414,0.645249540144467,0.4534508096607823,0.9726612617757041,0.3960491477858125,0.2978905274641757,0.27197284562193774,0.013489556015033525,0.9994065424755949,0.17710086674476286,0.8644134528467564,0.9967732116622625,0.9366476440940736,0.9842781771182442,0.9739612899019187,0.30865130110880423,0.3807127614773433,0.5617869009869402,0.02274427362094953,0.9999340428763753,0.003152427559846339,0.1311304177490249,0.5860967966668874,0.5791412047958469,0.23350519610859702,0.9940648562427751,0.9832561818636097,0.4633144664392359,0.21351648679983,0.6174365525158407,0.14047842121828624,1.0,0.8479799840116684,0.1311304177490249,0.3960491477858125,0.09015172607113021,0.12516403015212899,0.820097934438131
sub-31151_ses-baseline_fs,rh_MVOcC_R_5_5_thickness,0.7103957957593097,0.9788559249174545,0.9091499584677337,0.8040627770367333,0.9991923249338185,0.12516403015212965,0.3480193523036979,0.8617236355596004,0.020022968493331517,0.04289305571909737,0.9986652158153578,0.9842781771182444,0.09361029492641726,0.7338155910950144,0.5068555703877617,0.8926163563942994,0.09960621438291527,0.8366462449885818,0.374659297981049,0.9897467858357495,0.3308289077573036,0.517061741530473,0.0035414102134488225,0.17710086674476286,0.7338155910950144,0.006224399791849785,0.9998516025894794,0.6104713201778174,8.484120780140133e-05,0.4567302019584563,0.9976282822174596,0.9202359205542289,0.8250285265841634,0.09361029492641701,0.002539016598500386,0.43396240346501364,0.9852687402799901,0.6278783678889913,0.6487168396508092,0.6763309964007814,0.40226243888440855,0.6278783678889913,0.9998516025894794,0.7886335805090189,0.7855057322221068,0.35973572201177295,0.5791412047958476,0.7404278711860274,0.9920506890541537,0.9927543644046442,0.48996771548668894,0.9223780184416857,0.6660052739735789,0.05378971378374082,0.8131429445590628,0.9306894005951077,0.03818175326354677,0.2978905274641763,0.31963208268562515,0.7917477717517544,0.7204824619662366,0.7338155910950144,0.6174365525158407,0.5826182279230208,0.06169960919714115,0.8644134528467564,0.4371873552157452,0.9994065424755949,0.8851848872465675,0.9776783289574128,0.9244946126300729,0.9423642809674869,0.6313564230097193,0.14533470898033785,0.25711023075574535,0.003973669396564719,0.8535353869368245,0.018772102252064327,0.35385238392918095,0.8998430873685939,0.8950483127512526,0.5273168869348445,0.7917477717517544,0.9265855048287371,0.8010058076258413,0.4967034048551084,0.9202359205542289,0.37165037121199956,0.8479799840116684,1.0,0.35385238392918095,0.7338155910950144,0.2694595961857854,0.3422373240509131,0.9984592428159509
sub-31151_ses-baseline_fs,rh_LOcC_R_4_1_thickness,0.8279587015034737,0.25711023075574485,0.17148826029817307,0.7371264717359499,0.3336613599014823,0.0023445606002686255,0.015166301531901733,0.1388868291124573,0.00012576643064096568,0.0004075448403701309,0.38071276147734334,0.2694595961857854,0.0014375551331905385,0.08353879259127063,0.03341278350424152,0.6278783678889907,0.0015942724637792063,0.12516403015212932,0.9991923249338184,0.43074703473975723,0.013718590291220306,0.9580167334431509,9.883216529612318e-06,0.9158760171290917,0.8071047946349553,2.2267468112482796e-05,0.3451219204328479,0.05158755955914361,5.844759970175032e-08,0.9822028545266251,0.3196320826856246,0.18091445449026072,0.7137657685205357,0.763250274089047,6.155621203486744e-06,0.9889147774344988,0.4469182757920616,0.8926163563942988,0.8775547770254359,0.8562843607931367,0.020346820089914855,0.8926163563942988,0.3626960295224553,0.7535334402028752,0.10208720250204775,0.016204663938892947,0.9244946126300725,0.8010058076258413,0.29259375119164766,0.2952351291068819,0.9699704363754991,0.18284288820917005,0.8644134528467564,0.6209181964368784,0.11385293424438565,0.19070148170660947,0.5376158306733697,0.011184645265021958,0.012822603942418149,0.7502725743796568,0.07934955610112814,0.8071047946349553,0.899843087368594,0.9223780184416857,0.6556425624137618,0.14047842121828624,0.9880508823333499,0.3365069645375198,0.15370303168351057,0.2546839226166996,0.18478578354159783,0.202926316848488,0.8901616502586224,0.003031704204116674,0.008455984807370368,1.1654242844654144e-05,0.13419287596403506,0.3868130010948905,1.0,0.6174365525158408,0.6243988800966236,0.953053413750382,0.10461618525605637,0.18674316532642296,0.7404278711860274,0.9671594602919182,0.5860967966668874,0.9994065424755949,0.1311304177490249,0.35385238392918095,1.0,0.8071047946349553,0.9842781771182444,0.9997361976064063,0.38275117406958825
sub-31151_ses-baseline_fs,rh_LOcC_R_4_2_thickness,0.9991923249338184,0.6104713201778174,0.4732521916452872,0.9920506890541537,0.7103957957593104,0.01847026879689728,0.08142260512015623,0.41166378200690873,0.0016274482342667198,0.004369959706533335,0.7632502740890471,0.6278783678889913,0.012394347322319723,0.28996644172310443,0.14864063409269934,0.9530534137503819,0.013489556015033596,0.3837570880630834,0.8279587015034737,0.8131429445590621,0.07533063755092298,0.9366476440940742,0.00018486554316467173,0.5617869009869394,1.0,0.0003720867893905519,0.7238286654248509,0.20501499506359092,2.0638063430030047e-06,0.8974572967211143,0.6934399736228308,0.48996771548668894,0.9862277743473981,0.3807127614773433,0.0001227403306041407,0.88011983675214,0.8279587015034737,0.9842781771182444,0.9897467858357495,0.9952457779164138,0.10208720250204802,0.9842781771182444,0.7437195287394013,0.9952457779164138,0.33366135990148216,0.0856986741430437,0.9671594602919186,0.9999340428763753,0.6591004957124329,0.6625548153579758,0.9202359205542289,0.4933321993300831,0.993425775507761,0.26447638777327076,0.35973572201177295,0.5068555703877616,0.2092363651080228,0.06425073068985716,0.07147754349139639,0.9946715436450564,0.2795987850681461,1.0,0.9811182981106086,0.9685799001599226,0.28996644172310443,0.4148187765917214,0.8826632836466028,0.7137657685205357,0.4404217477049013,0.6069881967649924,0.4967034048551084,0.5273168869348444,0.9852687402799901,0.022744273620949468,0.05158755955914377,0.00021313014208678132,0.4022624388844079,0.12663594612080817,0.8071047946349553,0.9478344331796869,0.9513419427741898,0.9423642809674869,0.3393656453440626,0.5000811548762113,0.9927543644046442,0.9244946126300729,0.9306894005951077,0.8250285265841634,0.3960491477858125,0.7338155910950144,0.8071047946349553,1.0,0.7070184163790243,0.7948480462087278,0.765406391258507
sub-31151_ses-baseline_fs,rh_LOcC_R_4_3_thickness,0.7304954897383076,0.18871505722521245,0.12082622824914989,0.6313564230097193,0.2522721911740031,0.0012419659789802001,0.008916961037502273,0.09597358342516057,5.821082418629637e-05,0.00019852484964256783,0.2925937511916482,0.19879291220766684,0.0007430474090052155,0.055300677555415394,0.020675227790897577,0.5204749344046413,0.0008282751003692152,0.0856986741430437,0.9764699455166119,0.3365069645375198,0.008016459690117656,0.8950483127512526,4.138323283684239e-06,0.9713309342245217,0.7070184163790243,9.614290080108593e-06,0.2620064877522225,0.032915685784966155,2.0589946469293172e-08,0.9346881618459311,0.24043283765533455,0.1281209462145261,0.6069881967649924,0.8562843607931373,2.5330854099317446e-06,0.947834433179687,0.3509295355107088,0.8071047946349553,0.7886335805090189,0.7632502740890463,0.012185010132509121,0.8071047946349553,0.27704247470841353,0.6487168396508092,0.06869382664382881,0.009566503807046782,0.8479799840116684,0.7002424670350178,0.2178554212277909,0.22004695623305062,0.9136586183632599,0.12961908534240973,0.7728629740106873,0.7271664278769112,0.07731908716265563,0.135744106803733,0.6452495401444662,0.006456055130217178,0.007462310544119031,0.6452495401444662,0.05231313209027692,0.7070184163790243,0.8161385633470809,0.8451740453565184,0.7600225514259084,0.09717270108284445,0.9460387296189509,0.2546839226166996,0.10719367614512451,0.18674316532642338,0.13113041774902523,0.14533470898033785,0.8040627770367333,0.0016274482342667127,0.004801810992601972,4.909917820938467e-06,0.09244599063838217,0.4866101286422385,0.9842781771182444,0.5102518722640019,0.517061741530473,0.8876844185918001,0.07053965075119535,0.1326549969994081,0.6348328074810219,0.9091499584677338,0.4799163378167803,0.9776783289574128,0.09015172607113021,0.2694595961857854,0.9842781771182444,0.7070184163790243,1.0,0.9880508823333501,0.2943619220449866
sub-31151_ses-baseline_fs,rh_LOcC_R_4_4_thickness,0.8161385633470808,0.24749253789260522,0.16420466260765865,0.7238286654248502,0.3224112003942285,0.0021638553168117107,0.014186987222786749,0.1326549969994081,0.00011406936168956756,0.00037208678939055026,0.36865345117651555,0.25955109366232065,0.0013225626984718054,0.07934955610112807,0.031462101226478294,0.6139541827171093,0.0014677117213467684,0.11940608691835486,0.9980067204340755,0.41798416588220044,0.012822603942418149,0.9513419427741894,8.848874125877173e-06,0.9244946126300729,0.7948480462087278,2.0016092145252958e-05,0.33366135990148216,0.0487684324221641,5.11769171395224e-08,0.9776783289574126,0.30865130110880423,0.17334479864265503,0.7002424670350178,0.7760428471383625,5.499049615261762e-06,0.9852687402799901,0.43396240346501364,0.8826632836466023,0.8670830696657816,0.8451740453565177,0.019078238940085427,0.8826632836466023,0.35092953551070866,0.7404278711860274,0.09717270108284445,0.015166301531901733,0.9158760171290912,0.7886335805090188,0.2821693768669509,0.28475421107531207,0.9642294222384242,0.17521565729471403,0.8535353869368244,0.634832807481022,0.1085007707763114,0.18284288820916997,0.5514066763348683,0.01043761944516089,0.011978813527897038,0.7371264717359498,0.07533063755092274,0.7948480462087278,0.8901616502586224,0.9136586183632598,0.6694516232730483,0.13419287596403506,0.9842781771182442,0.32520375652472233,0.14698080064371208,0.24512465175003734,0.17710086674476286,0.19471801223377305,0.8801198367521399,0.0028028404217600267,0.007874568653831931,1.044281344301705e-05,0.12812094621452577,0.3991502854425421,0.9997361976064063,0.6035050430522643,0.6104713201778174,0.9460387296189509,0.099606214382915,0.17900045638431383,0.7271664278769112,0.9611814547478786,0.5721926716233926,0.9983523763523153,0.12516403015212899,0.3422373240509131,0.9997361976064063,0.7948480462087278,0.9880508823333501,1.0,0.3706600553111908
sub-31151_ses-baseline_fs,rh_MeanThickness_thickness,0.7426343747656475,0.9661911043196064,0.8860121838561723,0.8328140773676067,0.9954281436449095,0.11159418951483586,0.3205477017694402,0.8347196421137681,0.01711623384075803,0.037255624371973835,0.9999925977450788,0.9730936269069157,0.08282503029451127,0.7013623820457471,0.4743496770196058,0.9151470177789859,0.08827077422409667,0.8081053353480745,0.4043536847140259,0.9961322435434307,0.3041317148033901,0.550266654293536,0.0029341530419490546,0.196076594976714,0.765406391258507,0.005206658263009067,0.9973564070384786,0.5768125733131566,6.660494739544856e-05,0.48885894082593156,0.9922864645340048,0.8982471824363152,0.8526239928491552,0.1054742162421344,0.0020922690402130975,0.4655276201356381,0.9932077807897947,0.6614153045688714,0.6820604659246582,0.7092820667374967,0.3726419946623037,0.6614153045688714,0.9992666548659653,0.8181367043064014,0.7546071716668308,0.33176215833999056,0.6128048811614817,0.7718108919517959,0.9835969090223049,0.9846085425953035,0.5227647240892309,0.9006252710931019,0.6991218293826877,0.06142413102469925,0.7834025629130257,0.9099006204486655,0.04393591835789073,0.2728053770015581,0.2934638529523712,0.821105495642811,0.6877410358296103,0.765406391258507,0.6510383356642379,0.6162874392761395,0.07023234647947345,0.8375922447397064,0.4688376035460052,0.9959591280619794,0.8599102762721959,0.9647210332108362,0.9029798752338363,0.9230793237186207,0.6648670647283962,0.1301163638803322,0.2342607637032833,0.0032985970939038677,0.8259973476009796,0.021920368778552232,0.38275117406958825,0.9216739357952377,0.9173477585326334,0.5606437226794259,0.7610889629355703,0.905310777951859,0.8299124261127958,0.5296133716884864,0.9398600348700892,0.4012342178082575,0.820097934438131,0.9984592428159509,0.38275117406958825,0.765406391258507,0.2943619220449866,0.3706600553111908,1.0
sub-31152_ses-baseline_fs,rh_SFG_R_6_1_thickness,1.0,0.8984888358995194,0.8595916521442373,0.9456969470525777,0.9801007360088808,0.10046635734263702,0.12589416022674668,0.7987486840742833,0.020785849855039444,0.041112089179851666,0.9732111877585402,0.9082635179777834,0.08362326386227459,0.6168280710384092,0.41143060971780776,0.9891214296279693,0.08862165983899077,0.7186279203109999,0.6826473151793278,0.05357687209292492,0.18297356865713577,0.682555313850379,0.005452068926368227,0.3522321786633244,0.7039079468366071,0.0008574501588122754,1.0,0.37347802295102966,0.0007782372941551721,0.682555313850379,0.9801007360088808,0.7998488930622698,0.9372987635595179,0.16379739400908058,0.004534970437178334,0.7105656788114726,0.976741067459861,0.682555313850379,0.682555313850379,0.682555313850379,0.49704723251329236,0.682555313850379,0.9801007360088808,0.9372987635595179,0.7746640574879582,0.49704723251329236,0.682555313850379,0.9372987635595179,0.9881770032102996,0.9801007360088808,0.7099615901006785,0.7998488930622698,0.7039079468366071,0.16379739400908058,0.7746640574879582,0.7998488930622698,0.16379739400908058,0.21900211445587578,0.17528901198699,0.9520166218315709,0.7998488930622698,0.37347802295102966,0.7099615901006785,0.7099615901006785,0.1786755049259062,0.7746640574879582,0.6801005459992306,0.9801007360088808,0.7746640574879582,0.9801007360088808,0.7746640574879582,0.7746640574879582,0.37347802295102966,0.21900211445587578,0.21900211445587578,0.0008249062264325562,0.7746640574879582,0.06029827114325905,0.4064823403847521,0.9372987635595179,0.9520166218315709,0.7099615901006785,0.7746640574879582,0.7998488930622698,0.9372987635595179,0.40089166547381505,0.9378525670005894,0.7105656788114726,0.9896929738065575,0.7099615901006785,0.44647997719478594,0.17528901198699,0.37347802295102966,0.3044207698154747,0.2172409107508151
sub-31152_ses-baseline_fs,rh_SFG_R_6_2_thickness,0.8984888358995194,1.0,0.9961881664597627,0.727974771192329,0.9662119548929463,0.24339731995164274,0.290139354679644,0.9786620519208903,0.06769779459631534,0.11889256624849445,0.9739754266478435,0.9997118382644132,0.2106163005179438,0.873390868279939,0.6848848190490834,0.8299298906085241,0.2205145327424855,0.9405155158811254,0.40937500099232393,0.01571578332672976,0.07007322447309379,0.40929062066038646,0.02181877316929916,0.16220127342667628,0.42918167329732265,0.004384117377520806,0.8984888358995194,0.17528901198699007,0.004026712141074604,0.40929062066038646,0.9662119548929463,0.9790780642570237,0.7129796404458169,0.061036643097020185,0.01862974952219073,0.43551412026906783,0.9702572669168017,0.40929062066038646,0.40929062066038646,0.40929062066038646,0.7718131549424307,0.40929062066038646,0.9662119548929463,0.7129796404458169,0.9687690187714367,0.7718131549424307,0.40929062066038646,0.7129796404458169,0.9535401212712816,0.9662119548929463,0.43493690200535273,0.9790780642570237,0.42918167329732265,0.061036643097020185,0.9687690187714367,0.9790780642570237,0.061036643097020185,0.44072271157291054,0.06641553960683909,0.73984557115979,0.9790780642570237,0.17528901198699007,0.43493690200535273,0.43493690200535273,0.06802148881881127,0.9687690187714367,0.40704331135636085,0.9662119548929463,0.9687690187714367,0.9662119548929463,0.9687690187714367,0.9687690187714367,0.17528901198699007,0.44072271157291054,0.44072271157291054,0.004237834308591002,0.9687690187714367,0.018095926830855487,0.19630345424098394,0.7129796404458169,0.73984557115979,0.43493690200535273,0.9687690187714367,0.9790780642570237,0.7129796404458169,0.19268467897346325,0.7139441383526232,0.43551412026906783,0.8319318128499267,0.43493690200535273,0.22291038693691298,0.06641553960683909,0.17528901198699007,0.13398973647373358,0.4381153651354077
sub-31152_ses-baseline_fs,rh_SFG_R_6_3_thickness,0.8595916521442373,0.9961881664597627,1.0,0.6764134842143207,0.9407236368149202,0.28084410632279294,0.33163349857219127,0.9927901451389869,0.0826035013776043,0.14184952763290165,0.9509831777004024,0.9938136266790198,0.24480935357967895,0.9105414467752382,0.73617836087356,0.7838030777814221,0.25572799032607,0.9660515822934443,0.3628559482435068,0.01216988421214664,0.05706591778268817,0.3627762664336489,0.02767914615441951,0.13677341440037835,0.38160509687549543,0.005825096500039028,0.8595916521442373,0.1483416747851444,0.005362251694050786,0.3627762664336489,0.9407236368149202,0.9930336758973438,0.6609938166157602,0.04945057284537451,0.023750667989705,0.38761852855552087,0.9460214333059128,0.3627762664336489,0.3627762664336489,0.3627762664336489,0.8187890507779487,0.3627762664336489,0.9407236368149202,0.6609938166157602,0.9865590506676591,0.8187890507779487,0.3627762664336489,0.6609938166157602,0.9246394810835331,0.9407236368149202,0.38707000548812276,0.9930336758973438,0.38160509687549543,0.04945057284537451,0.9865590506676591,0.9930336758973438,0.04945057284537451,0.4910148904284153,0.05397794118780943,0.6886801004884092,0.9930336758973438,0.1483416747851444,0.38707000548812276,0.38707000548812276,0.055332845885000426,0.9865590506676591,0.36065469615691653,0.9407236368149202,0.9865590506676591,0.9407236368149202,0.9865590506676591,0.9865590506676591,0.1483416747851444,0.4910148904284153,0.4910148904284153,0.005635795003897529,0.9865590506676591,0.014073577591464497,0.1670236652138836,0.6609938166157602,0.6886801004884092,0.38707000548812276,0.9865590506676591,0.9930336758973438,0.6609938166157602,0.16379739400908058,0.6619831617487962,0.38761852855552087,0.7859656060422558,0.38707000548812276,0.19085709897411826,0.05397794118780943,0.1483416747851444,0.11202409791121647,0.48830743236395885
sub-31152_ses-baseline_fs,rh_SFG_R_6_4_thickness,0.9456969470525777,0.727974771192329,0.6764134842143207,1.0,0.8668123428956352,0.046414319171066684,0.06029827114325905,0.6037701718843373,0.007755060341947596,0.016713568853713164,0.8514099033132178,0.7418220986396344,0.037564252286074296,0.4200047848093342,0.24924790292218463,0.9828034793097097,0.04015982770907508,0.5179426285005244,0.8644935372087651,0.11372097383388485,0.3203425150360031,0.8644215778459163,0.0017529402161106484,0.5398002317571786,0.8808074239996598,0.0002309761315693258,0.9456969470525777,0.5645473162023691,0.0002078451015982719,0.8644215778459163,0.8668123428956352,0.6050174255155345,0.9996696811163714,0.29249151803487466,0.0014307811427235022,0.8857841829121121,0.8591051510121684,0.8644215778459163,0.8644215778459163,0.8644215778459163,0.31662727590263234,0.8644215778459163,0.8668123428956352,0.9996696811163714,0.5769770076553429,0.31662727590263234,0.8644215778459163,0.9996696811163714,0.8875727263694232,0.8668123428956352,0.8853352705367961,0.6050174255155345,0.8808074239996598,0.29249151803487466,0.5769770076553429,0.6050174255155345,0.29249151803487466,0.11568441835552988,0.3092703834202932,0.9997885833430581,0.6050174255155345,0.5645473162023691,0.8853352705367961,0.8853352705367961,0.3141640393862519,0.5769770076553429,0.8624973012994396,0.8668123428956352,0.5769770076553429,0.8668123428956352,0.5769770076553429,0.5769770076553429,0.5645473162023691,0.11568441835552988,0.11568441835552988,0.00022144741476615894,0.5769770076553429,0.12589416022674668,0.6018993383887772,0.9996696811163714,0.9997885833430581,0.8853352705367961,0.5769770076553429,0.6050174255155345,0.9996696811163714,0.595664058655481,0.9997106030245215,0.8857841829121121,0.9820714140832825,0.8853352705367961,0.6454369061812727,0.3092703834202932,0.5645473162023691,0.48200781416646127,0.11457680054672945
sub-31152_ses-baseline_fs,rh_SFG_R_6_5_thickness,0.9801007360088808,0.9662119548929463,0.9407236368149202,0.8668123428956352,1.0,0.15134349769268007,0.18558716077318407,0.895478502631507,0.03559584082850472,0.0668700526953821,0.9994706321339216,0.9720330689838642,0.12810923600436006,0.7362612980992891,0.5267657851771019,0.9411119198837549,0.1350549824420884,0.8290093945120636,0.5615379024361096,0.03232818582456165,0.12392945293445867,0.5614448613886819,0.010208449504965645,0.2584095227513214,0.5832016134958905,0.0017853191428805998,0.9801007360088808,0.2762649449396828,0.0016287607443379256,0.5614448613886819,1.0,0.8963423052232246,0.8546983504231342,0.1096339653351024,0.00858810052833626,0.5900542158464734,0.9998646881899689,0.5614448613886819,0.5614448613886819,0.5614448613886819,0.6174889196474497,0.5614448613886819,1.0,0.8546983504231342,0.8762100967133948,0.6174889196474497,0.5614448613886819,0.8546983504231342,0.998930162703404,1.0,0.5894310546503391,0.8963423052232246,0.5832016134958905,0.1096339653351024,0.8762100967133948,0.8963423052232246,0.1096339653351024,0.30442076981547483,0.11817521930392065,0.8762100967133953,0.8963423052232246,0.2762649449396828,0.5894310546503391,0.5894310546503391,0.12070688793493523,0.8762100967133948,0.5589645407294653,1.0,0.8762100967133948,1.0,0.8762100967133948,0.8762100967133948,0.2762649449396828,0.30442076981547483,0.30442076981547483,0.0017211030312855354,0.8762100967133948,0.03674568374718319,0.30442076981547533,0.8546983504231342,0.8762100967133953,0.5894310546503391,0.8762100967133948,0.8963423052232246,0.8546983504231342,0.2996155252555837,0.8554854803195509,0.5900542158464734,0.9424034013503644,0.5894310546503391,0.339228873662802,0.11817521930392065,0.2762649449396828,0.21900211445587564,0.3022529002560834
sub-31152_ses-baseline_fs,rh_SFG_R_6_6_thickness,0.10046635734263702,0.24339731995164274,0.28084410632279294,0.046414319171066684,0.15134349769268007,1.0,0.994189160939932,0.33774328098534545,0.8150499139534525,0.9294070816286881,0.16113820068631188,0.23370185216186384,0.9964821890563496,0.5098185194061304,0.7197176811088908,0.07237081728858,0.9983345174779612,0.4124544589556372,0.010535628594180299,3.0094313571637538e-05,0.0003535565763253033,0.010530726261534926,0.5552469793690795,0.0015990098717747698,0.011731178462422642,0.2717317178929651,0.10046635734263702,0.0018517354482712,0.26060086120550174,0.010530726261534926,0.15134349769268007,0.3367207823163597,0.04353571517179685,0.00027882590784943545,0.5213753755174306,0.012132777625982293,0.15623891305043314,0.010530726261534926,0.010530726261534926,0.010530726261534926,0.6299510454695665,0.010530726261534926,0.15134349769268007,0.04353571517179685,0.3601252932562184,0.6299510454695665,0.010530726261534926,0.04353571517179685,0.13818138747811295,0.15134349769268007,0.012095771392060334,0.3367207823163597,0.011731178462422642,0.00027882590784943545,0.3601252932562184,0.3367207823163597,0.00027882590784943545,0.9227474661820465,0.00032231916690191503,0.04883041498048086,0.3367207823163597,0.0018517354482712,0.012095771392060334,0.012095771392060334,0.0003358685969988897,0.3601252932562184,0.010400744260628855,0.15134349769268007,0.3601252932562184,0.15134349769268007,0.3601252932562184,0.3601252932562184,0.0018517354482712,0.9227474661820465,0.9227474661820465,0.26724462203362115,0.3601252932562184,3.764974811932148e-05,0.002300346358688993,0.04353571517179685,0.04883041498048086,0.012095771392060334,0.3601252932562184,0.3367207823163597,0.04353571517179685,0.0022192469588677636,0.0437153421019876,0.012132777625982293,0.07302977058038676,0.012095771392060334,0.002947599069213066,0.00032231916690191503,0.0018517354482712,0.0011208653247976271,0.9244512046410464
sub-31152_ses-baseline_fs,rh_MFG_R_7_1_thickness,0.12589416022674668,0.290139354679644,0.33163349857219127,0.06029827114325905,0.18558716077318407,0.994189160939932,1.0,0.3936763589078984,0.7562531385986531,0.88661279994245,0.19690504969641298,0.279304983655402,0.9817531292914836,0.5745261168843946,0.7810134413356317,0.09214744132762633,0.9863656302560005,0.4734194760726711,0.01450827761537942,4.8967203927409905e-05,0.0005405782921035848,0.014501768234030541,0.49101489042841506,0.002341907910146903,0.016092257025420286,0.22694526334537005,0.12589416022674668,0.002700034082707645,0.217045811007276,0.014501768234030541,0.18558716077318407,0.39257167155026707,0.05671576387592658,0.00042904695925160787,0.4582552772873738,0.016622841233670273,0.19125025586315975,0.014501768234030541,0.014501768234030541,0.014501768234030541,0.6947863904357866,0.014501768234030541,0.18558716077318407,0.05671576387592658,0.4177661543261989,0.6947863904357866,0.014501768234030541,0.05671576387592658,0.17029547886997098,0.18558716077318407,0.016573979539083152,0.39257167155026707,0.016092257025420286,0.00042904695925160787,0.4177661543261989,0.39257167155026707,0.00042904695925160787,0.9579733366719613,0.0004940495612677865,0.06329641451861664,0.39257167155026707,0.002700034082707645,0.016573979539083152,0.016573979539083152,0.0005142469156426664,0.4177661543261989,0.014329132228405416,0.18558716077318407,0.4177661543261989,0.18558716077318407,0.4177661543261989,0.4177661543261989,0.002700034082707645,0.9579733366719613,0.9579733366719613,0.22295010032133286,0.4177661543261989,6.093529305370917e-05,0.0033318925977016416,0.05671576387592658,0.06329641451861664,0.016573979539083152,0.4177661543261989,0.39257167155026707,0.05671576387592658,0.0032179958961460384,0.056939657373484456,0.016622841233670273,0.09294673418991335,0.016573979539083152,0.004236394141053756,0.0004940495612677865,0.002700034082707645,0.0016590213076521562,0.959262820188826
sub-31152_ses-baseline_fs,rh_MFG_R_7_2_thickness,0.7987486840742833,0.9786620519208903,0.9927901451389869,0.6037701718843373,0.895478502631507,0.33774328098534545,0.3936763589078984,1.0,0.10728348578146633,0.17862436683742972,0.9087954389090118,0.9735135179025397,0.29739628598061274,0.9523047749356909,0.8030288727852475,0.7154800020598295,0.30968219850426654,0.9898948681590055,0.30352844528418915,0.00845287351949843,0.0424819113230208,0.3034561612632471,0.03792689545225532,0.10681811676796892,0.3205910641667104,0.008506733895544887,0.7987486840742833,0.11642738767206648,0.007855066845149505,0.3034561612632471,0.895478502631507,0.9999978856121494,0.5881848404590319,0.036551882150658105,0.03276611577462208,0.3260863956792092,0.9023054547862167,0.3034561612632471,0.3034561612632471,0.3034561612632471,0.8771350569022929,0.3034561612632471,0.895478502631507,0.5881848404590319,0.9990231006599258,0.8771350569022929,0.3034561612632471,0.5881848404590319,0.8752824105327189,0.895478502631507,0.3255846727304186,0.9999978856121494,0.3205910641667104,0.036551882150658105,0.9990231006599258,0.9999978856121494,0.036551882150658105,0.5626855767172729,0.04007143426724233,0.6162420147898074,0.9999978856121494,0.11642738767206648,0.3255846727304186,0.3255846727304186,0.041128111261821934,0.9990231006599258,0.3015322786829084,0.895478502631507,0.9990231006599258,0.895478502631507,0.9990231006599258,0.9990231006599258,0.11642738767206648,0.5626855767172729,0.5626855767172729,0.008240472182376396,0.9990231006599258,0.009833337214265853,0.1320666329007196,0.5881848404590319,0.6162420147898074,0.3255846727304186,0.9990231006599258,0.9999978856121494,0.5881848404590319,0.12935549937364876,0.5891818000795881,0.3260863956792092,0.7177957682600921,0.3255846727304186,0.1522223244436315,0.04007143426724233,0.11642738767206648,0.08646720272980957,0.5598944841410062
sub-31152_ses-baseline_fs,rh_MFG_R_7_3_thickness,0.020785849855039444,0.06769779459631534,0.0826035013776043,0.007755060341947596,0.03559584082850472,0.8150499139534525,0.7562531385986531,0.10728348578146633,1.0,0.9675407731532701,0.038696585756372415,0.06401069744053162,0.8569815305662678,0.19778603528549357,0.3492044936192861,0.013621650477627756,0.8443006287805066,0.1435185431351026,0.0012465401964332624,1.3251306480609947e-06,2.2506165740997086e-05,0.0012458372780597248,0.905646504503521,0.00013132775008133893,0.00142016886178029,0.6218522796654309,0.020785849855039444,0.00015613761913236887,0.6062646919272007,0.0012458372780597248,0.03559584082850472,0.10681811676796915,0.0071554894682509616,1.70905008966095e-05,0.8817185941317591,0.0014794489263020296,0.037135903930859034,0.0012458372780597248,0.0012458372780597248,0.0012458372780597248,0.2776338796740789,0.0012458372780597248,0.03559584082850472,0.0071554894682509616,0.11767380050755603,0.2776338796740789,0.0012458372780597248,0.0071554894682509616,0.03155250749636804,0.03559584082850472,0.001473966890180911,0.10681811676796915,0.00142016886178029,1.70905008966095e-05,0.11767380050755603,0.10681811676796915,1.70905008966095e-05,0.5819562650461744,2.02163684877877e-05,0.008266758274490256,0.10681811676796915,0.00015613761913236887,0.001473966890180911,0.001473966890180911,2.120519285221257e-05,0.11767380050755603,0.0012272275339112737,0.03559584082850472,0.11767380050755603,0.03559584082850472,0.11767380050755603,0.11767380050755603,0.00015613761913236887,0.5819562650461744,0.5819562650461744,0.6156185306452376,0.11767380050755603,1.7109772529608431e-06,0.00020177006038622704,0.0071554894682509616,0.008266758274490256,0.001473966890180911,0.11767380050755603,0.10681811676796915,0.0071554894682509616,0.00019338078206464053,0.007192576260100716,0.0014794489263020296,0.013780522346031393,0.001473966890180911,0.0002707036041045496,2.02163684877877e-05,0.00015613761913236887,8.648256590896096e-05,0.5847585699252771
sub-31152_ses-baseline_fs,rh_MFG_R_7_4_thickness,0.041112089179851666,0.11889256624849445,0.14184952763290165,0.016713568853713164,0.0668700526953821,0.9294070816286881,0.88661279994245,0.17862436683742972,0.9675407731532701,1.0,0.07208988619548667,0.11311268877383744,0.956371850129302,0.3038948379369404,0.49044294299801916,0.027985507811891523,0.9485868162479663,0.23036403460438534,0.0030860166931617025,4.8795971392901255e-06,7.147089751120601e-05,0.0030843987069433688,0.7815496249964945,0.00037647167866918007,0.0034836471908165022,0.46838938434481586,0.041112089179851666,0.00044288887812205235,0.45364301007466146,0.0030843987069433688,0.0668700526953821,0.17794351810901238,0.015523556470925641,5.5103426485536554e-05,0.7499262212978033,0.003618530978272721,0.06946898843286486,0.0030843987069433688,0.0030843987069433688,0.0030843987069433688,0.40527741848365384,0.0030843987069433688,0.0668700526953821,0.015523556470925641,0.19371126524832613,0.40527741848365384,0.0030843987069433688,0.015523556470925641,0.05998303634246312,0.0668700526953821,0.003606075046601632,0.17794351810901238,0.0034836471908165022,5.5103426485536554e-05,0.19371126524832613,0.17794351810901238,5.5103426485536554e-05,0.7356154166459292,6.458206792526783e-05,0.01772249896764442,0.17794351810901238,0.00044288887812205235,0.003606075046601632,0.003606075046601632,6.75622154837502e-05,0.19371126524832613,0.0030415372496839176,0.0668700526953821,0.19371126524832613,0.0668700526953821,0.19371126524832613,0.19371126524832613,0.00044288887812205235,0.7356154166459292,0.7356154166459292,0.46247083580212955,0.19371126524832613,6.221043000544888e-06,0.0005633276497842221,0.015523556470925641,0.01772249896764442,0.003606075046601632,0.19371126524832613,0.17794351810901238,0.015523556470925641,0.0005413333739024618,0.015597421582972155,0.003618530978272721,0.028283131178105263,0.003606075046601632,0.0007419588681063751,6.458206792526783e-05,0.00044288887812205235,0.0002542156378536387,0.7382795757110597
sub-31152_ses-baseline_fs,rh_MFG_R_7_5_thickness,0.9732111877585402,0.9739754266478435,0.9509831777004024,0.8514099033132178,0.9994706321339216,0.16113820068631188,0.19690504969641298,0.9087954389090118,0.038696585756372415,0.07208988619548667,1.0,0.9790780642570237,0.13677341440037807,0.7548513252683533,0.5462479038226833,0.9300092804338111,0.14406595929293003,0.8452491112899699,0.5419581865438167,0.029670500983412614,0.11589455560353819,0.5418656700049133,0.01125966205336406,0.24480935357967934,0.5635232620217868,0.002003388615740436,0.9732111877585402,0.2620755693000936,0.0018292367724444,0.5418656700049133,0.9994706321339216,0.9096112137496586,0.8388092029529376,0.10232884161123622,0.009489906374971485,0.570354531763449,0.9998705429538309,0.5418656700049133,0.5418656700049133,0.5418656700049133,0.637201625788418,0.5418656700049133,0.9994706321339216,0.8388092029529376,0.8905208374144749,0.637201625788418,0.5418656700049133,0.8388092029529376,0.9968991894227436,0.9994706321339216,0.5697331118525899,0.9096112137496586,0.5635232620217868,0.10232884161123622,0.8905208374144749,0.9096112137496586,0.10232884161123622,0.31992022961882455,0.11043022526555026,0.8612168052204315,0.9096112137496586,0.2620755693000936,0.5697331118525899,0.5697331118525899,0.11283372092889572,0.8905208374144749,0.5393996466739883,0.9994706321339216,0.8905208374144749,0.9994706321339216,0.8905208374144749,0.8905208374144749,0.2620755693000936,0.31992022961882455,0.31992022961882455,0.0019319751023058336,0.8905208374144749,0.03377904716475257,0.2893656209602253,0.8388092029529376,0.8612168052204315,0.5697331118525899,0.8905208374144749,0.9096112137496586,0.8388092029529376,0.2847027419688446,0.8396266491723602,0.570354531763449,0.9314055034844333,0.5697331118525899,0.3232073442780662,0.11043022526555026,0.2620755693000936,0.20681750759837259,0.3176898151349943
sub-31152_ses-baseline_fs,rh_MFG_R_7_6_thickness,0.9082635179777834,0.9997118382644132,0.9938136266790198,0.7418220986396344,0.9720330689838642,0.23370185216186384,0.279304983655402,0.9735135179025397,0.06401069744053162,0.11311268877383744,0.9790780642570237,1.0,0.20181943730638677,0.8622994810025184,0.670533456818263,0.8419431646220893,0.21143727526227774,0.9323718257510646,0.4226020086534559,0.016836864198195255,0.07404031922620075,0.4225164664740052,0.02041109333673053,0.16975248402176335,0.4426676531127429,0.00404945813752153,0.9082635179777834,0.18326846427680768,0.0037170406038842603,0.4225164664740052,0.9720330689838642,0.9739754266478435,0.7269902494244347,0.0645837510135092,0.017404169905004412,0.4490771224700975,0.975717299409891,0.4225164664740052,0.4225164664740052,0.4225164664740052,0.7583723084961524,0.4225164664740052,0.9720330689838642,0.7269902494244347,0.9626501566958224,0.7583723084961524,0.4225164664740052,0.7269902494244347,0.9603511031657441,0.9720330689838642,0.44849299932088016,0.9739754266478435,0.4426676531127429,0.0645837510135092,0.9626501566958224,0.9739754266478435,0.0645837510135092,0.42726065048834605,0.07021454780116547,0.7535465761640059,0.9739754266478435,0.18326846427680768,0.44849299932088016,0.44849299932088016,0.07189460852168544,0.9626501566958224,0.4202380305617315,0.9720330689838642,0.9626501566958224,0.9720330689838642,0.9626501566958224,0.9626501566958224,0.18326846427680768,0.42726065048834605,0.42726065048834605,0.003913375352228544,0.9626501566958224,0.019363836662563208,0.20493575803247274,0.7269902494244347,0.7535465761640059,0.44849299932088016,0.9626501566958224,0.9739754266478435,0.7269902494244347,0.2012075126736997,0.7279449484025722,0.4490771224700975,0.8438938579804378,0.44849299932088016,0.23231150809572793,0.07021454780116547,0.18326846427680768,0.14055680787519356,0.4246857678064899
sub-31152_ses-baseline_fs,rh_MFG_R_7_7_thickness,0.08362326386227459,0.2106163005179438,0.24480935357967895,0.037564252286074296,0.12810923600436006,0.9964821890563496,0.9817531292914836,0.29739628598061274,0.8569815305662678,0.956371850129302,0.13677341440037807,0.20181943730638677,1.0,0.46085374294269593,0.6699786298099661,0.05949455835587718,0.9996564732596352,0.367554094222266,0.008149059487776101,2.0444710071889053e-05,0.0002520969666159943,0.008145162185231463,0.6060464198448505,0.001178926031098349,0.009101126363386197,0.3100748117038256,0.08362326386227459,0.0013699789186613772,0.2980157438839295,0.008145162185231463,0.12810923600436006,0.29644475293017886,0.035158573028642434,0.0001978273113476354,0.5717840769754361,0.009421631447588542,0.1324358904927471,0.008145162185231463,0.008145162185231463,0.008145162185231463,0.5790616339699872,0.008145162185231463,0.12810923600436006,0.035158573028642434,0.3182837336416555,0.5790616339699872,0.008145162185231463,0.035158573028642434,0.11651430544510502,0.12810923600436006,0.00939208373212171,0.29644475293017886,0.009101126363386197,0.0001978273113476354,0.3182837336416555,0.29644475293017886,0.0001978273113476354,0.8890618384212059,0.0002293777802438718,0.039587943809601706,0.29644475293017886,0.0013699789186613772,0.00939208373212171,0.00939208373212171,0.00023922661589867843,0.3182837336416555,0.00804184831611641,0.12810923600436006,0.3182837336416555,0.12810923600436006,0.3182837336416555,0.3182837336416555,0.0013699789186613772,0.8890618384212059,0.8890618384212059,0.3052179080916172,0.3182837336416555,2.5683725949575414e-05,0.001710714249745225,0.035158573028642434,0.039587943809601706,0.00939208373212171,0.3182837336416555,0.29644475293017886,0.035158573028642434,0.0016489784941742388,0.03530851233674834,0.009421631447588542,0.060056225569144216,0.00939208373212171,0.002205327450028227,0.0002293777802438718,0.0013699789186613772,0.0008196481420533266,0.8910494324849318
sub-31152_ses-baseline_fs,rh_IFG_R_6_1_thickness,0.6168280710384092,0.873390868279939,0.9105414467752382,0.4200047848093342,0.7362612980992891,0.5098185194061304,0.5745261168843946,0.9523047749356909,0.19778603528549357,0.3038948379369404,0.7548513252683533,0.8622994810025184,0.46085374294269593,1.0,0.9406762887099297,0.5275570103554942,0.4759755112114532,0.9856353732854679,0.17836542683526663,0.0030638639968291223,0.018438150577319446,0.17831435176111765,0.08036347263423074,0.052511555506891266,0.1905144416066153,0.021270144985957154,0.6168280710384092,0.05797613911682151,0.019799197814475276,0.17831435176111765,0.7362612980992891,0.9516907213301559,0.4058880867160745,0.015573843573925128,0.07066666519370392,0.1944665083644866,0.7456998557437248,0.17831435176111765,0.17831435176111765,0.17831435176111765,0.9803143509551724,0.17831435176111765,0.7362612980992891,0.4058880867160745,0.9646160337230467,0.9803143509551724,0.17831435176111765,0.4058880867160745,0.7093209980392083,0.7362612980992891,0.19410489317766458,0.9516907213301559,0.1905144416066153,0.015573843573925128,0.9646160337230467,0.9516907213301559,0.015573843573925128,0.7492883924637406,0.017266610822388617,0.43144553075672476,0.9516907213301559,0.05797613911682151,0.19410489317766458,0.19410489317766458,0.017778987377600863,0.9646160337230467,0.1769561789844367,0.7362612980992891,0.9646160337230467,0.7362612980992891,0.9646160337230467,0.9646160337230467,0.05797613911682151,0.7492883924637406,0.7492883924637406,0.020670726610883695,0.9646160337230467,0.003619653932577603,0.06704455295481251,0.4058880867160745,0.43144553075672476,0.19410489317766458,0.9646160337230467,0.9516907213301559,0.4058880867160745,0.0654574749166225,0.40678522203379147,0.1944665083644866,0.5299199490264523,0.19410489317766458,0.0790327478739397,0.017266610822388617,0.05797613911682151,0.04122863624739696,0.7466509637772001
sub-31152_ses-baseline_fs,rh_IFG_R_6_2_thickness,0.41143060971780776,0.6848848190490834,0.73617836087356,0.24924790292218463,0.5267657851771019,0.7197176811088908,0.7810134413356317,0.8030288727852475,0.3492044936192861,0.49044294299801916,0.5462479038226833,0.670533456818263,0.6699786298099661,0.9406762887099297,1.0,0.3341464396876457,0.6856474898601761,0.8736127444581292,0.08764400547204104,0.0008768682466463103,0.006455284794146992,0.08761418258330178,0.16579232809003994,0.021133369291022146,0.09479424252446961,0.052808477603925714,0.41143060971780776,0.02367063684243641,0.04960038388755325,0.08761418258330178,0.5267657851771019,0.8019341240969733,0.23871479350119557,0.005340895650762548,0.1486995563505014,0.09714417023749698,0.5365971513553687,0.08761418258330178,0.08761418258330178,0.08761418258330178,0.9887651120648445,0.08761418258330178,0.5267657851771019,0.23871479350119557,0.8260854591719,0.9887651120648445,0.08761418258330178,0.23871479350119557,0.4993450632103651,0.5267657851771019,0.09692866703196445,0.8019341240969733,0.09479424252446961,0.005340895650762548,0.8260854591719,0.8019341240969733,0.005340895650762548,0.9193678993533295,0.0059964101291064735,0.2578853350448649,0.8019341240969733,0.02367063684243641,0.09692866703196445,0.09692866703196445,0.006196592664730429,0.8260854591719,0.08682187629049655,0.5267657851771019,0.8260854591719,0.5267657851771019,0.8260854591719,0.8260854591719,0.02367063684243641,0.9193678993533295,0.9193678993533295,0.051505147909324554,0.8260854591719,0.0010539695468592535,0.027970120741703252,0.23871479350119557,0.2578853350448649,0.09692866703196445,0.8260854591719,0.8019341240969733,0.23871479350119557,0.027209990586114584,0.2393801132805995,0.09714417023749698,0.33610808734492104,0.09692866703196445,0.033810702550935635,0.0059964101291064735,0.02367063684243641,0.01603528542086856,0.9176154670544167
sub-31152_ses-baseline_fs,rh_IFG_R_6_3_thickness,0.9891214296279693,0.8299298906085241,0.7838030777814221,0.9828034793097097,0.9411119198837549,0.07237081728858,0.09214744132762633,0.7154800020598295,0.013621650477627756,0.027985507811891523,0.9300092804338111,0.8419431646220893,0.05949455835587718,0.5275570103554942,0.3341464396876457,1.0,0.06329564999960621,0.630284178619726,0.7683791104610168,0.07579389005590959,0.23769835772783152,0.7682930807532248,0.003345223841928364,0.4313937642577378,0.7881217505813498,0.00048647309212348496,0.9891214296279693,0.45464040340245654,0.0004398563000710333,0.7682930807532248,0.9411119198837549,0.7166834651791846,0.9777861986416692,0.21465572697441437,0.0027593434069676536,0.7942462283311287,0.9356065729589251,0.7682930807532248,0.7682930807532248,0.7682930807532248,0.4127564663416172,0.7682930807532248,0.9411119198837549,0.9777861986416692,0.6893832926494982,0.4127564663416172,0.7682930807532248,0.9777861986416692,0.9553827390083344,0.9411119198837549,0.7936916919243535,0.7166834651791846,0.7881217505813498,0.21465572697441437,0.6893832926494982,0.7166834651791846,0.21465572697441437,0.1673976024859166,0.22849597816803116,0.9863664704900671,0.7166834651791846,0.45464040340245654,0.7936916919243535,0.7936916919243535,0.2325564670036846,0.6893832926494982,0.7659957835613586,0.9411119198837549,0.6893832926494982,0.9411119198837549,0.6893832926494982,0.6893832926494982,0.45464040340245654,0.1673976024859166,0.1673976024859166,0.0004672981437242556,0.6893832926494982,0.08468207171486195,0.49032255831882676,0.9777861986416692,0.9863664704900671,0.7936916919243535,0.6893832926494982,0.7166834651791846,0.9777861986416692,0.48431473622005816,0.9781258936300359,0.7942462283311287,0.9999921648939324,0.7936916919243535,0.5328752315030802,0.22849597816803116,0.45464040340245654,0.3782627051332597,0.16593780140548253
sub-31152_ses-baseline_fs,rh_IFG_R_6_4_thickness,0.08862165983899077,0.2205145327424855,0.25572799032607,0.04015982770907508,0.1350549824420884,0.9983345174779612,0.9863656302560005,0.30968219850426654,0.8443006287805066,0.9485868162479663,0.14406595929293003,0.21143727526227774,0.9996564732596352,0.4759755112114532,0.6856474898601761,0.06329564999960621,1.0,0.3813110501914184,0.008836255712776684,2.3085381033671744e-05,0.0002803901226651043,0.008832065465161104,0.59015080893983,0.0012976145894339599,0.0098593433414729,0.29777978412731526,0.08862165983899077,0.0015062769213370273,0.28600609583195735,0.008832065465161104,0.1350549824420884,0.3087079969940913,0.03761325973596665,0.00022037098476112774,0.5559623277220416,0.010203524138616839,0.13955602012511778,0.008832065465161104,0.008832065465161104,0.008832065465161104,0.5949440058732289,0.008832065465161104,0.1350549824420884,0.03761325973596665,0.3310486362604639,0.5949440058732289,0.008832065465161104,0.03761325973596665,0.12298047698104428,0.1350549824420884,0.0101717984436067,0.3087079969940913,0.0098593433414729,0.00022037098476112774,0.3310486362604639,0.3087079969940913,0.00022037098476112774,0.9001268319692519,0.00025527589805338866,0.04230054131760516,0.3087079969940913,0.0015062769213370273,0.0101717984436067,0.0101717984436067,0.0002661649763094335,0.3310486362604639,0.008720979043603607,0.1350549824420884,0.3310486362604639,0.1350549824420884,0.3310486362604639,0.3310486362604639,0.0015062769213370273,0.9001268319692519,0.9001268319692519,0.293036472219936,0.3310486362604639,2.896358048639871e-05,0.001877872376345552,0.03761325973596665,0.04230054131760516,0.0101717984436067,0.3310486362604639,0.3087079969940913,0.03761325973596665,0.0018105922137396841,0.03777203848659057,0.010203524138616839,0.06388657214397923,0.0101717984436067,0.0024162588675953633,0.00025527589805338866,0.0015062769213370273,0.0009044793486084236,0.902029749792793
sub-31152_ses-baseline_fs,rh_IFG_R_6_5_thickness,0.7186279203109999,0.9405155158811254,0.9660515822934443,0.5179426285005244,0.8290093945120636,0.4124544589556372,0.4734194760726711,0.9898948681590055,0.1435185431351026,0.23036403460438534,0.8452491112899699,0.9323718257510646,0.367554094222266,0.9856353732854679,0.8736127444581292,0.630284178619726,0.3813110501914184,1.0,0.2411051279561674,0.005386996110442074,0.029391256979584852,0.2410424112621214,0.05406046691518429,0.07822050860826953,0.25596254315525296,0.01307589474700929,0.7186279203109999,0.08575838343916324,0.012118518357938726,0.2410424112621214,0.8290093945120636,0.9896026937550028,0.5027276341730477,0.02507635402628211,0.047082315838160124,0.2607700770109809,0.8372904856853307,0.2410424112621214,0.2410424112621214,0.2410424112621214,0.9340060383506629,0.2410424112621214,0.8290093945120636,0.5027276341730477,0.9951790988466086,0.9340060383506629,0.2410424112621214,0.5027276341730477,0.8049864317313751,0.8290093945120636,0.260330698575481,0.9896026937550028,0.25596254315525296,0.02507635402628211,0.9951790988466086,0.9896026937550028,0.02507635402628211,0.6489845446686523,0.0276322999793092,0.5301932137107945,0.9896026937550028,0.08575838343916324,0.260330698575481,0.260330698575481,0.028402550584295177,0.9951790988466086,0.2393738703134654,0.8290093945120636,0.9951790988466086,0.8290093945120636,0.9951790988466086,0.9951790988466086,0.08575838343916324,0.6489845446686523,0.6489845446686523,0.012685193453665896,0.9951790988466086,0.006310998559450732,0.09813707499418597,0.5027276341730477,0.5301932137107945,0.260330698575481,0.9951790988466086,0.9896026937550028,0.5027276341730477,0.09598170766402378,0.5036978334724315,0.2607700770109809,0.6326810470365426,0.260330698575481,0.11427914674044266,0.0276322999793092,0.08575838343916324,0.062442611317334314,0.6461913693039687
sub-31152_ses-baseline_fs,rh_IFG_R_6_6_thickness,0.6826473151793278,0.40937500099232393,0.3628559482435068,0.8644935372087651,0.5615379024361096,0.010535628594180299,0.01450827761537942,0.30352844528418915,0.0012465401964332624,0.0030860166931617025,0.5419581865438167,0.4226020086534559,0.008149059487776101,0.17836542683526663,0.08764400547204104,0.7683791104610168,0.008836255712776684,0.2411051279561674,1.0,0.3029023159889833,0.6251860741521448,0.9999999881065559,0.00022158757316401208,0.8496682711261562,0.9993582124505004,2.194029788822645e-05,0.6826473151793278,0.8691157549203702,1.947111395126046e-05,0.9999999881065559,0.5615379024361096,0.3044931870359788,0.8762795634185978,0.5893375835136451,0.00017542755009453096,0.9988893875838735,0.5516259496823792,0.9999999881065559,0.9999999881065559,0.9999999881065559,0.12074517578749826,0.9999999881065559,0.5615379024361096,0.8762795634185978,0.28322022445867917,0.12074517578749826,0.9999999881065559,0.8762795634185978,0.5895245265889495,0.5615379024361096,0.9989372792801435,0.3044931870359788,0.9993582124505004,0.5893375835136451,0.28322022445867917,0.3044931870359788,0.5893375835136451,0.03260349495073489,0.6111601347470084,0.8547722113478305,0.3044931870359788,0.8691157549203702,0.9989372792801435,0.9989372792801435,0.6173954048934784,0.28322022445867917,0.9999908962706254,0.5615379024361096,0.28322022445867917,0.5615379024361096,0.28322022445867917,0.28322022445867917,0.8691157549203702,0.03260349495073489,0.03260349495073489,2.0918775845869848e-05,0.28322022445867917,0.3265131966240777,0.8962776226067726,0.8762795634185978,0.8547722113478305,0.9989372792801435,0.28322022445867917,0.3044931870359788,0.8762795634185978,0.8919281041933432,0.8755377953652047,0.9988893875838735,0.7661682918629116,0.9989372792801435,0.9245453686141847,0.6111601347470084,0.8691157549203702,0.7997664421614761,0.03221080557052267
sub-31152_ses-baseline_fs,rh_OrG_R_6_1_thickness,0.05357687209292492,0.01571578332672976,0.01216988421214664,0.11372097383388485,0.03232818582456165,3.0094313571637538e-05,4.8967203927409905e-05,0.00845287351949843,1.3251306480609947e-06,4.8795971392901255e-06,0.029670500983412614,0.016836864198195255,2.0444710071889053e-05,0.0030638639968291223,0.0008768682466463103,0.07579389005590959,2.3085381033671744e-05,0.005386996110442074,0.3029023159889833,1.0,0.8469917458822268,0.3029745233348786,1.1837610899122697e-07,0.6218522796654309,0.2863994295735674,5.170533482006491e-09,0.05357687209292492,0.5969109739854362,4.409912298506233e-09,0.3029745233348786,0.03232818582456165,0.008506733895544858,0.11994307622085122,0.8748175485470402,8.587334103717131e-08,0.2813045407360281,0.03096025940441296,0.3029745233348786,0.3029745233348786,0.3029745233348786,0.0015239876224354258,0.3029745233348786,0.03232818582456165,0.11994307622085122,0.007366359415966629,0.0015239876224354258,0.3029745233348786,0.11994307622085122,0.036455307180113077,0.03232818582456165,0.2817654321347347,0.008506733895544858,0.2863994295735674,0.8748175485470402,0.007366359415966629,0.008506733895544858,0.8748175485470402,0.00017307947416964306,0.8581302529865473,0.10892467412158308,0.008506733895544858,0.5969109739854362,0.2817654321347347,0.2817654321347347,0.8532182094387917,0.007366359415966629,0.3049037398089689,0.03232818582456165,0.007366359415966629,0.03232818582456165,0.007366359415966629,0.007366359415966629,0.5969109739854362,0.00017307947416964306,0.00017307947416964306,4.8520763817084994e-09,0.007366359415966629,0.9987828526359489,0.5595844791241603,0.11994307622085122,0.10892467412158308,0.2817654321347347,0.007366359415966629,0.008506733895544858,0.11994307622085122,0.5657889060022187,0.1195372231335633,0.2813045407360281,0.07511484160317175,0.2817654321347347,0.5165472366522457,0.8581302529865473,0.5969109739854362,0.6807144885259487,0.00016977640527979517
sub-31152_ses-baseline_fs,rh_OrG_R_6_2_thickness,0.18297356865713577,0.07007322447309379,0.05706591778268817,0.3203425150360031,0.12392945293445867,0.0003535565763253033,0.0005405782921035848,0.0424819113230208,2.2506165740997086e-05,7.147089751120601e-05,0.11589455560353819,0.07404031922620075,0.0002520969666159943,0.018438150577319446,0.006455284794146992,0.23769835772783152,0.0002803901226651043,0.029391256979584852,0.6251860741521448,0.8469917458822268,1.0,0.625279529476172,2.5985859336437257e-06,0.9236960408438707,0.6034583617057827,1.5400713519622534e-07,0.18297356865713577,0.9079150148097084,1.333119419799096e-07,0.625279529476172,0.12392945293445867,0.04270196259439156,0.3329013675433606,0.9982538507402299,1.9475352869075554e-06,0.5965992371812003,0.11981613416214897,0.625279529476172,0.625279529476172,0.625279529476172,0.010288184028085238,0.625279529476172,0.12392945293445867,0.3329013675433606,0.037976802828187516,0.010288184028085238,0.625279529476172,0.3329013675433606,0.13607346822737618,0.12392945293445867,0.5972227158340677,0.04270196259439156,0.6034583617057827,0.9982538507402299,0.037976802828187516,0.04270196259439156,0.9982538507402299,0.0016138220836060355,0.9997324333071026,0.31048968162357105,0.04270196259439156,0.9079150148097084,0.5972227158340677,0.5972227158340677,0.9999174100480059,0.037976802828187516,0.62777132291225,0.12392945293445867,0.037976802828187516,0.12392945293445867,0.037976802828187516,0.037976802828187516,0.9079150148097084,0.0016138220836060355,0.0016138220836060355,1.4538063531329207e-07,0.037976802828187516,0.8703677610925504,0.8819459511615104,0.3329013675433606,0.31048968162357105,0.5972227158340677,0.037976802828187516,0.04270196259439156,0.3329013675433606,0.8864562211321896,0.33208962694924565,0.5965992371812003,0.2361068114328003,0.5972227158340677,0.8485447292061999,0.9997324333071026,0.9079150148097084,0.9557825770149708,0.0015872504963206596
sub-31152_ses-baseline_fs,rh_OrG_R_6_3_thickness,0.682555313850379,0.40929062066038646,0.3627762664336489,0.8644215778459163,0.5614448613886819,0.010530726261534926,0.014501768234030541,0.3034561612632471,0.0012458372780597248,0.0030843987069433688,0.5418656700049133,0.4225164664740052,0.008145162185231463,0.17831435176111765,0.08761418258330178,0.7682930807532248,0.008832065465161104,0.2410424112621214,0.9999999881065559,0.3029745233348786,0.625279529476172,1.0,0.00022144741476615894,0.8497430650916753,0.9993526776397597,2.1924629607507272e-05,0.682555313850379,0.8691867473774927,1.945713185755411e-05,1.0,0.5614448613886819,0.30442076981547483,0.8762100967133953,0.5894310546503391,0.00017531505971832056,0.9988821129463261,0.5515331515541959,1.0,1.0,1.0,0.12070688793493523,1.0,0.5614448613886819,0.8762100967133953,0.2831508459688398,0.12070688793493523,1.0,0.8762100967133953,0.5894310546503392,0.5614448613886819,0.998930162703404,0.30442076981547483,0.9993526776397597,0.5894310546503391,0.2831508459688398,0.30442076981547483,0.5894310546503391,0.032590339737544806,0.6112536743868652,0.8546983504231342,0.30442076981547483,0.8691867473774927,0.998930162703404,0.998930162703404,0.6174889196474497,0.2831508459688398,0.9999915424754213,0.5614448613886819,0.2831508459688398,0.5614448613886819,0.2831508459688398,0.2831508459688398,0.8691867473774927,0.032590339737544806,0.032590339737544806,2.090380391816114e-05,0.2831508459688398,0.3265885465104167,0.8963423052232251,0.8762100967133953,0.8546983504231342,0.998930162703404,0.2831508459688398,0.30442076981547483,0.8762100967133953,0.8919938874296464,0.8754681653335891,0.9988821129463261,0.7660820419677571,0.998930162703404,0.9246018422773802,0.6112536743868652,0.8691867473774927,0.7998488930622698,0.03219778582735763
sub-31152_ses-baseline_fs,rh_OrG_R_6_4_thickness,0.005452068926368227,0.02181877316929916,0.02767914615441951,0.0017529402161106484,0.010208449504965645,0.5552469793690795,0.49101489042841506,0.03792689545225532,0.905646504503521,0.7815496249964945,0.01125966205336406,0.02041109333673053,0.6060464198448505,0.08036347263423074,0.16579232809003994,0.003345223841928364,0.59015080893983,0.05406046691518429,0.00022158757316401208,1.1837610899122697e-07,2.5985859336437257e-06,0.00022144741476615894,1.0,1.8106270988567427e-05,0.00025651186272141645,0.8691867473774934,0.005452068926368227,2.192462960750708e-05,0.8571528365401675,0.00022144741476615894,0.010208449504965645,0.037727821232786056,0.0015990098717747554,1.922025183561333e-06,0.9984022702288816,0.00026856802182987315,0.010728411144425687,0.00022144741476615894,0.00022144741476615894,0.00022144741476615894,0.12327975875854574,0.00022144741476615894,0.010208449504965645,0.0015990098717747554,0.042427047882552436,0.12327975875854574,0.00022144741476615894,0.0015990098717747554,0.008864376259566861,0.010208449504965645,0.00026745039667891863,0.037727821232786056,0.00025651186272141645,1.922025183561333e-06,0.042427047882552436,0.037727821232786056,1.922025183561333e-06,0.3316334985721911,2.3102852356388446e-06,0.0018857897130236567,0.037727821232786056,2.192462960750708e-05,0.00026745039667891863,0.00026745039667891863,2.4344044563405394e-06,0.042427047882552436,0.00021774047364642908,0.010208449504965645,0.042427047882552436,0.010208449504965645,0.042427047882552436,0.042427047882552436,2.192462960750708e-05,0.3316334985721911,0.3316334985721911,0.8644215778459163,0.042427047882552436,1.5624000288603747e-07,2.9121231516952386e-05,0.0015990098717747554,0.0018857897130236567,0.00026745039667891863,0.042427047882552436,0.037727821232786056,0.0015990098717747554,2.7782944747170055e-05,0.0016084751710058588,0.00026856802182987315,0.003390209448984057,0.00026745039667891863,4.034070848390449e-05,2.3102852356388446e-06,2.192462960750708e-05,1.1416016887018489e-05,0.333917563235362
sub-31152_ses-baseline_fs,rh_OrG_R_6_5_thickness,0.3522321786633244,0.16220127342667628,0.13677341440037835,0.5398002317571786,0.2584095227513214,0.0015990098717747698,0.002341907910146903,0.10681811676796892,0.00013132775008133893,0.00037647167866918007,0.24480935357967934,0.16975248402176335,0.001178926031098349,0.052511555506891266,0.021133369291022146,0.4313937642577378,0.0012976145894339599,0.07822050860826953,0.8496682711261562,0.6218522796654309,0.9236960408438707,0.8497430650916753,1.8106270988567427e-05,1.0,0.8319318128499272,1.3251306480609947e-06,0.3522321786633244,0.9991546015164525,1.1588701368561541e-06,0.8497430650916753,0.2584095227513214,0.10728348578146604,0.5552469793690811,0.9006167035135066,1.3879140136715699e-05,0.8261904579918838,0.25147563595499894,0.8497430650916753,0.8497430650916753,0.8497430650916753,0.03172349088379243,0.8497430650916753,0.2584095227513214,0.5552469793690811,0.09718731601088164,0.03172349088379243,0.8497430650916753,0.5552469793690811,0.278548796841558,0.2584095227513214,0.8267151279127344,0.10728348578146604,0.8319318128499272,0.9006167035135066,0.09718731601088164,0.10728348578146604,0.9006167035135066,0.0062210151293947006,0.9149761831757358,0.5275018001684811,0.10728348578146604,0.9991546015164525,0.8267151279127344,0.8267151279127344,0.9189021805870227,0.09718731601088164,0.8517325276530299,0.2584095227513214,0.09718731601088164,0.2584095227513214,0.09718731601088164,0.09718731601088164,0.9991546015164525,0.0062210151293947006,0.0062210151293947006,1.256040267898855e-06,0.09718731601088164,0.6517045314432234,0.9947279709682624,0.5552469793690811,0.5275018001684811,0.8267151279127344,0.09718731601088164,0.10728348578146604,0.5552469793690811,0.995727513228036,0.5542562495883052,0.8261904579918838,0.4291816732973232,0.8267151279127344,0.9848573197567035,0.9149761831757358,0.9991546015164525,0.9952407685718934,0.006129876007415567
sub-31152_ses-baseline_fs,rh_OrG_R_6_6_thickness,0.7039079468366071,0.42918167329732265,0.38160509687549543,0.8808074239996598,0.5832016134958905,0.011731178462422642,0.016092257025420286,0.3205910641667104,0.00142016886178029,0.0034836471908165022,0.5635232620217868,0.4426676531127429,0.009101126363386197,0.1905144416066153,0.09479424252446961,0.7881217505813498,0.0098593433414729,0.25596254315525296,0.9993582124505004,0.2863994295735674,0.6034583617057827,0.9993526776397597,0.00025651186272141645,0.8319318128499272,1.0,2.588481079645032e-05,0.7039079468366071,0.8522283682222339,2.2992875830202636e-05,0.9993526776397597,0.5832016134958905,0.32158634069335285,0.8919938874296464,0.567651911518908,0.000203488512313982,0.9999360417453168,0.5732450888266653,0.9993526776397597,0.9993526776397597,0.9993526776397597,0.1298943352380593,0.9993526776397597,0.5832016134958905,0.8919938874296464,0.2996155252555831,0.1298943352380593,0.9993526776397597,0.8919938874296464,0.6112536743868653,0.5832016134958905,0.9999471416449036,0.32158634069335285,1.0,0.567651911518908,0.2996155252555831,0.32158634069335285,0.567651911518908,0.03578533003541197,0.5894310546503391,0.8715446207953425,0.32158634069335285,0.8522283682222339,0.9999471416449036,0.9999471416449036,0.595664058655481,0.2996155252555831,0.9991963262886725,0.5832016134958905,0.2996155252555831,0.5832016134958905,0.2996155252555831,0.2996155252555831,0.8522283682222339,0.03578533003541197,0.03578533003541197,2.4688729964439844e-05,0.2996155252555831,0.3092703834202932,0.8808074239996604,0.8919938874296464,0.8715446207953425,0.9999471416449036,0.2996155252555831,0.32158634069335285,0.8919938874296464,0.8762100967133953,0.8912913566074726,0.9999360417453168,0.7859656060422558,0.9999471416449036,0.9109301940697007,0.5894310546503391,0.8522283682222339,0.7803356182625808,0.03536017941705889
sub-31152_ses-baseline_fs,rh_PrG_R_6_1_thickness,0.0008574501588122754,0.004384117377520806,0.005825096500039028,0.0002309761315693258,0.0017853191428805998,0.2717317178929651,0.22694526334537005,0.008506733895544887,0.6218522796654309,0.46838938434481586,0.002003388615740436,0.00404945813752153,0.3100748117038256,0.021270144985957154,0.052808477603925714,0.00048647309212348496,0.29777978412731526,0.01307589474700929,2.194029788822645e-05,5.170533482006491e-09,1.5400713519622534e-07,2.1924629607507272e-05,0.8691867473774934,1.3251306480609947e-06,2.588481079645032e-05,1.0,0.0008574501588122754,1.6399103530210085e-06,0.9996696811163714,2.1924629607507272e-05,0.0017853191428805998,0.008452873519498461,0.00020784510159827375,1.1039940379546782e-07,0.8941772693995731,2.726420476031543e-05,0.0018926693504900212,2.1924629607507272e-05,2.1924629607507272e-05,2.1924629607507272e-05,0.03626280704612285,2.1924629607507272e-05,0.0017853191428805998,0.00020784510159827375,0.009741501216138879,0.03626280704612285,2.1924629607507272e-05,0.00020784510159827375,0.0015127383913349558,0.0017853191428805998,2.7135968522166388e-05,0.008452873519498461,2.588481079645032e-05,1.1039940379546782e-07,0.009741501216138879,0.008452873519498461,1.1039940379546782e-07,0.1312488369957674,1.3525369760141726e-07,0.00025120156509672744,0.008452873519498461,1.6399103530210085e-06,2.7135968522166388e-05,2.7135968522166388e-05,1.432982274801456e-07,0.009741501216138879,2.1510722511244568e-05,0.0017853191428805998,0.009741501216138879,0.0017853191428805998,0.009741501216138879,0.009741501216138879,1.6399103530210085e-06,0.1312488369957674,0.1312488369957674,0.9999471416449036,0.009741501216138879,7.005083626180901e-09,2.250530066124567e-06,0.00020784510159827375,0.00025120156509672744,2.7135968522166388e-05,0.009741501216138879,0.008452873519498461,0.00020784510159827375,2.135447100544695e-06,0.0002092576464848469,2.726420476031543e-05,0.0004940495612677905,2.7135968522166388e-05,3.2385211512807382e-06,1.3525369760141726e-07,1.6399103530210085e-06,7.933798304439002e-07,0.13247696703628306
sub-31152_ses-baseline_fs,rh_PrG_R_6_2_thickness,1.0,0.8984888358995194,0.8595916521442373,0.9456969470525777,0.9801007360088808,0.10046635734263702,0.12589416022674668,0.7987486840742833,0.020785849855039444,0.041112089179851666,0.9732111877585402,0.9082635179777834,0.08362326386227459,0.6168280710384092,0.41143060971780776,0.9891214296279693,0.08862165983899077,0.7186279203109999,0.6826473151793278,0.05357687209292492,0.18297356865713577,0.682555313850379,0.005452068926368227,0.3522321786633244,0.7039079468366071,0.0008574501588122754,1.0,0.37347802295102966,0.0007782372941551721,0.682555313850379,0.9801007360088808,0.7998488930622698,0.9372987635595179,0.16379739400908058,0.004534970437178334,0.7105656788114726,0.976741067459861,0.682555313850379,0.682555313850379,0.682555313850379,0.49704723251329236,0.682555313850379,0.9801007360088808,0.9372987635595179,0.7746640574879582,0.49704723251329236,0.682555313850379,0.9372987635595179,0.9881770032102996,0.9801007360088808,0.7099615901006785,0.7998488930622698,0.7039079468366071,0.16379739400908058,0.7746640574879582,0.7998488930622698,0.16379739400908058,0.21900211445587578,0.17528901198699,0.9520166218315709,0.7998488930622698,0.37347802295102966,0.7099615901006785,0.7099615901006785,0.1786755049259062,0.7746640574879582,0.6801005459992306,0.9801007360088808,0.7746640574879582,0.9801007360088808,0.7746640574879582,0.7746640574879582,0.37347802295102966,0.21900211445587578,0.21900211445587578,0.0008249062264325562,0.7746640574879582,0.06029827114325905,0.4064823403847521,0.9372987635595179,0.9520166218315709,0.7099615901006785,0.7746640574879582,0.7998488930622698,0.9372987635595179,0.40089166547381505,0.9378525670005894,0.7105656788114726,0.9896929738065575,0.7099615901006785,0.44647997719478594,0.17528901198699,0.37347802295102966,0.3044207698154747,0.2172409107508151
sub-31152_ses-baseline_fs,rh_PrG_R_6_3_thickness,0.37347802295102966,0.17528901198699007,0.1483416747851444,0.5645473162023691,0.2762649449396828,0.0018517354482712,0.002700034082707645,0.11642738767206648,0.00015613761913236887,0.00044288887812205235,0.2620755693000936,0.18326846427680768,0.0013699789186613772,0.05797613911682151,0.02367063684243641,0.45464040340245654,0.0015062769213370273,0.08575838343916324,0.8691157549203702,0.5969109739854362,0.9079150148097084,0.8691867473774927,2.192462960750708e-05,0.9991546015164525,0.8522283682222339,1.6399103530210085e-06,0.37347802295102966,1.0,1.4356722784152303e-06,0.8691867473774927,0.2762649449396828,0.11692473150559173,0.5800886272155389,0.8830801150339574,1.6845189648288276e-05,0.8467407253653393,0.2690339127773046,0.8691867473774927,0.8691867473774927,0.8691867473774927,0.03531320668945891,0.8691867473774927,0.2762649449396828,0.5800886272155389,0.10612300403883246,0.03531320668945891,0.8691867473774927,0.5800886272155389,0.29722963822892734,0.2762649449396828,0.847242616890197,0.11692473150559173,0.8522283682222339,0.8830801150339574,0.10612300403883246,0.11692473150559173,0.8830801150339574,0.007086414687461111,0.8984888358995194,0.5521518526591566,0.11692473150559173,1.0,0.847242616890197,0.847242616890197,0.9027257512556865,0.10612300403883246,0.8710743767523882,0.2762649449396828,0.10612300403883246,0.2762649449396828,0.10612300403883246,0.10612300403883246,1.0,0.007086414687461111,0.007086414687461111,1.555065281840202e-06,0.10612300403883246,0.6268369813611766,0.9980988583861022,0.5800886272155389,0.5521518526591566,0.847242616890197,0.10612300403883246,0.11692473150559173,0.5800886272155389,0.9986793789847219,0.5790927527360998,0.8467407253653393,0.4523827544166829,0.847242616890197,0.9911201014026337,0.8984888358995194,1.0,0.990412565505125,0.006983926168562502
sub-31152_ses-baseline_fs,rh_PrG_R_6_4_thickness,0.0007782372941551721,0.004026712141074604,0.005362251694050786,0.0002078451015982719,0.0016287607443379256,0.26060086120550174,0.217045811007276,0.007855066845149505,0.6062646919272007,0.45364301007466146,0.0018292367724444,0.0037170406038842603,0.2980157438839295,0.019799197814475276,0.04960038388755325,0.0004398563000710333,0.28600609583195735,0.012118518357938726,1.947111395126046e-05,4.409912298506233e-09,1.333119419799096e-07,1.945713185755411e-05,0.8571528365401675,1.1588701368561541e-06,2.2992875830202636e-05,0.9996696811163714,0.0007782372941551721,1.4356722784152303e-06,1.0,1.945713185755411e-05,0.0016287607443379256,0.0078049199212593835,0.00018690698212147562,9.541901642502003e-08,0.8830801150339573,2.422520136527536e-05,0.0017274275226739403,1.945713185755411e-05,1.945713185755411e-05,1.945713185755411e-05,0.033928501172532495,1.945713185755411e-05,0.0016287607443379256,0.00018690698212147562,0.009005472320010378,0.033928501172532495,1.945713185755411e-05,0.00018690698212147562,0.001378442754890318,0.0016287607443379256,2.4110621724655782e-05,0.0078049199212593835,2.2992875830202636e-05,9.541901642502003e-08,0.009005472320010378,0.0078049199212593835,9.541901642502003e-08,0.12458174787781474,1.1700895388349255e-07,0.00022616458407559564,0.0078049199212593835,1.4356722784152303e-06,2.4110621724655782e-05,2.4110621724655782e-05,1.2400110398215342e-07,0.009005472320010378,1.9087789694184212e-05,0.0016287607443379256,0.009005472320010378,0.0016287607443379256,0.009005472320010378,0.009005472320010378,1.4356722784152303e-06,0.12458174787781474,0.12458174787781474,0.9998810726300864,0.009005472320010378,5.982171821819057e-09,1.9733709343898997e-06,0.00018690698212147562,0.00022616458407559564,2.4110621724655782e-05,0.009005472320010378,0.0078049199212593835,0.00018690698212147562,1.8719659372784856e-06,0.00018818518633820209,2.422520136527536e-05,0.0004467522031157302,2.4110621724655782e-05,2.84493915405674e-06,1.1700895388349255e-07,1.4356722784152303e-06,6.920967108868721e-07,0.12576244880144102
sub-31152_ses-baseline_fs,rh_PrG_R_6_5_thickness,0.682555313850379,0.40929062066038646,0.3627762664336489,0.8644215778459163,0.5614448613886819,0.010530726261534926,0.014501768234030541,0.3034561612632471,0.0012458372780597248,0.0030843987069433688,0.5418656700049133,0.4225164664740052,0.008145162185231463,0.17831435176111765,0.08761418258330178,0.7682930807532248,0.008832065465161104,0.2410424112621214,0.9999999881065559,0.3029745233348786,0.625279529476172,1.0,0.00022144741476615894,0.8497430650916753,0.9993526776397597,2.1924629607507272e-05,0.682555313850379,0.8691867473774927,1.945713185755411e-05,1.0,0.5614448613886819,0.30442076981547483,0.8762100967133953,0.5894310546503391,0.00017531505971832056,0.9988821129463261,0.5515331515541959,1.0,1.0,1.0,0.12070688793493523,1.0,0.5614448613886819,0.8762100967133953,0.2831508459688398,0.12070688793493523,1.0,0.8762100967133953,0.5894310546503392,0.5614448613886819,0.998930162703404,0.30442076981547483,0.9993526776397597,0.5894310546503391,0.2831508459688398,0.30442076981547483,0.5894310546503391,0.032590339737544806,0.6112536743868652,0.8546983504231342,0.30442076981547483,0.8691867473774927,0.998930162703404,0.998930162703404,0.6174889196474497,0.2831508459688398,0.9999915424754213,0.5614448613886819,0.2831508459688398,0.5614448613886819,0.2831508459688398,0.2831508459688398,0.8691867473774927,0.032590339737544806,0.032590339737544806,2.090380391816114e-05,0.2831508459688398,0.3265885465104167,0.8963423052232251,0.8762100967133953,0.8546983504231342,0.998930162703404,0.2831508459688398,0.30442076981547483,0.8762100967133953,0.8919938874296464,0.8754681653335891,0.9988821129463261,0.7660820419677571,0.998930162703404,0.9246018422773802,0.6112536743868652,0.8691867473774927,0.7998488930622698,0.03219778582735763
sub-31152_ses-baseline_fs,rh_PrG_R_6_6_thickness,0.9801007360088808,0.9662119548929463,0.9407236368149202,0.8668123428956352,1.0,0.15134349769268007,0.18558716077318407,0.895478502631507,0.03559584082850472,0.0668700526953821,0.9994706321339216,0.9720330689838642,0.12810923600436006,0.7362612980992891,0.5267657851771019,0.9411119198837549,0.1350549824420884,0.8290093945120636,0.5615379024361096,0.03232818582456165,0.12392945293445867,0.5614448613886819,0.010208449504965645,0.2584095227513214,0.5832016134958905,0.0017853191428805998,0.9801007360088808,0.2762649449396828,0.0016287607443379256,0.5614448613886819,1.0,0.8963423052232246,0.8546983504231342,0.1096339653351024,0.00858810052833626,0.5900542158464734,0.9998646881899689,0.5614448613886819,0.5614448613886819,0.5614448613886819,0.6174889196474497,0.5614448613886819,1.0,0.8546983504231342,0.8762100967133948,0.6174889196474497,0.5614448613886819,0.8546983504231342,0.998930162703404,1.0,0.5894310546503391,0.8963423052232246,0.5832016134958905,0.1096339653351024,0.8762100967133948,0.8963423052232246,0.1096339653351024,0.30442076981547483,0.11817521930392065,0.8762100967133953,0.8963423052232246,0.2762649449396828,0.5894310546503391,0.5894310546503391,0.12070688793493523,0.8762100967133948,0.5589645407294653,1.0,0.8762100967133948,1.0,0.8762100967133948,0.8762100967133948,0.2762649449396828,0.30442076981547483,0.30442076981547483,0.0017211030312855354,0.8762100967133948,0.03674568374718319,0.30442076981547533,0.8546983504231342,0.8762100967133953,0.5894310546503391,0.8762100967133948,0.8963423052232246,0.8546983504231342,0.2996155252555837,0.8554854803195509,0.5900542158464734,0.9424034013503644,0.5894310546503391,0.339228873662802,0.11817521930392065,0.2762649449396828,0.21900211445587564,0.3022529002560834
sub-31152_ses-baseline_fs,rh_PCL_R_2_1_thickness,0.7998488930622698,0.9790780642570237,0.9930336758973438,0.6050174255155345,0.8963423052232246,0.3367207823163597,0.39257167155026707,0.9999978856121494,0.10681811676796915,0.17794351810901238,0.9096112137496586,0.9739754266478435,0.29644475293017886,0.9516907213301559,0.8019341240969733,0.7166834651791846,0.3087079969940913,0.9896026937550028,0.3044931870359788,0.008506733895544858,0.04270196259439156,0.30442076981547483,0.037727821232786056,0.10728348578146604,0.32158634069335285,0.008452873519498461,0.7998488930622698,0.11692473150559173,0.0078049199212593835,0.30442076981547483,0.8963423052232246,1.0,0.5894310546503384,0.036745683747183226,0.032590339737544716,0.32709112482039143,0.9031452886992307,0.30442076981547483,0.30442076981547483,0.30442076981547483,0.8762100967133953,0.30442076981547483,0.8963423052232246,0.5894310546503384,0.998930162703404,0.8762100967133953,0.30442076981547483,0.5894310546503384,0.8762100967133948,0.8963423052232246,0.3265885465104167,1.0,0.32158634069335285,0.036745683747183226,0.998930162703404,1.0,0.036745683747183226,0.561444861388682,0.040280915822553526,0.6174889196474497,1.0,0.11692473150559173,0.3265885465104167,0.3265885465104167,0.04134224266505805,0.998930162703404,0.30249333005540474,0.8963423052232246,0.998930162703404,0.8963423052232246,0.998930162703404,0.998930162703404,0.11692473150559173,0.561444861388682,0.561444861388682,0.008188124511342786,0.998930162703404,0.009894989386511843,0.13261395810175,0.5894310546503384,0.6174889196474497,0.3265885465104167,0.998930162703404,1.0,0.5894310546503384,0.1298943352380593,0.5904281291389651,0.32709112482039143,0.7189972736310137,0.3265885465104167,0.15283059170000057,0.040280915822553526,0.11692473150559173,0.08686135579216814,0.5586546076527331
sub-31152_ses-baseline_fs,rh_PCL_R_2_2_thickness,0.9372987635595179,0.7129796404458169,0.6609938166157602,0.9996696811163714,0.8546983504231342,0.04353571517179685,0.05671576387592658,0.5881848404590319,0.0071554894682509616,0.015523556470925641,0.8388092029529376,0.7269902494244347,0.035158573028642434,0.4058880867160745,0.23871479350119557,0.9777861986416692,0.03761325973596665,0.5027276341730477,0.8762795634185978,0.11994307622085122,0.3329013675433606,0.8762100967133953,0.0015990098717747554,0.5552469793690811,0.8919938874296464,0.00020784510159827375,0.9372987635595179,0.5800886272155389,0.00018690698212147562,0.8762100967133953,0.8546983504231342,0.5894310546503384,1.0,0.30442076981547533,0.0013032446135278913,0.896773096839314,0.8467407253653387,0.8762100967133953,0.8762100967133953,0.8762100967133953,0.30442076981547483,0.8762100967133953,0.8546983504231342,1.0,0.5614448613886812,0.30442076981547483,0.8762100967133953,1.0,0.8762100967133948,0.8546983504231342,0.8963423052232251,0.5894310546503384,0.8919938874296464,0.30442076981547533,0.5614448613886812,0.5894310546503384,0.30442076981547533,0.10963396533510217,0.3215863406933533,0.998930162703404,0.5894310546503384,0.5800886272155389,0.8963423052232251,0.8963423052232251,0.32658854651041735,0.5614448613886812,0.8743520090881965,0.8546983504231342,0.5614448613886812,0.8546983504231342,0.5614448613886812,0.5614448613886812,0.5800886272155389,0.10963396533510217,0.10963396533510217,0.0001992179750340459,0.5614448613886812,0.1326139581017499,0.6174889196474505,1.0,0.998930162703404,0.8963423052232251,0.5614448613886812,0.5894310546503384,1.0,0.611253674386866,0.9999986467912606,0.896773096839314,0.9769584551716581,0.8963423052232251,0.6609319722694122,0.3215863406933533,0.5800886272155389,0.4970472325132923,0.10857136380736798
sub-31152_ses-baseline_fs,rh_STG_R_6_1_thickness,0.16379739400908058,0.061036643097020185,0.04945057284537451,0.29249151803487466,0.1096339653351024,0.00027882590784943545,0.00042904695925160787,0.036551882150658105,1.70905008966095e-05,5.5103426485536554e-05,0.10232884161123622,0.0645837510135092,0.0001978273113476354,0.015573843573925128,0.005340895650762548,0.21465572697441437,0.00022037098476112774,0.02507635402628211,0.5893375835136451,0.8748175485470402,0.9982538507402299,0.5894310546503391,1.922025183561333e-06,0.9006167035135066,0.567651911518908,1.1039940379546782e-07,0.16379739400908058,0.8830801150339574,9.541901642502003e-08,0.5894310546503391,0.1096339653351024,0.036745683747183226,0.30442076981547533,1.0,1.4356722784152303e-06,0.5608246406606904,0.10589208255728047,0.5894310546503391,0.5894310546503391,0.5894310546503391,0.008588100528336313,0.5894310546503391,0.1096339653351024,0.30442076981547533,0.03259033973754477,0.008588100528336313,0.5894310546503391,0.30442076981547533,0.12070688793493523,0.1096339653351024,0.5614448613886819,0.036745683747183226,0.567651911518908,1.0,0.03259033973754477,0.036745683747183226,1.0,0.0013032446135279004,0.9993526776397597,0.2831508459688398,0.036745683747183226,0.8830801150339574,0.5614448613886819,0.5614448613886819,0.998930162703404,0.03259033973754477,0.5919239004649673,0.1096339653351024,0.03259033973754477,0.1096339653351024,0.03259033973754477,0.03259033973754477,0.8830801150339574,0.0013032446135279004,0.0013032446135279004,1.0415219955150275e-07,0.03259033973754477,0.8963423052232246,0.8546983504231342,0.30442076981547533,0.2831508459688398,0.5614448613886819,0.03259033973754477,0.036745683747183226,0.30442076981547533,0.8595916521442373,0.3036489408663891,0.5608246406606904,0.21316857111874046,0.5614448613886819,0.8188422837933614,0.9993526776397597,0.8830801150339574,0.9372987635595184,0.0012814361017811614
sub-31152_ses-baseline_fs,rh_STG_R_6_2_thickness,0.004534970437178334,0.01862974952219073,0.023750667989705,0.0014307811427235022,0.00858810052833626,0.5213753755174306,0.4582552772873738,0.03276611577462208,0.8817185941317591,0.7499262212978033,0.009489906374971485,0.017404169905004412,0.5717840769754361,0.07066666519370392,0.1486995563505014,0.0027593434069676536,0.5559623277220416,0.047082315838160124,0.00017542755009453096,8.587334103717131e-08,1.9475352869075554e-06,0.00017531505971832056,0.9984022702288816,1.3879140136715699e-05,0.000203488512313982,0.8941772693995731,0.004534970437178334,1.6845189648288276e-05,0.8830801150339573,0.00017531505971832056,0.00858810052833626,0.032590339737544716,0.0013032446135278913,1.4356722784152303e-06,1.0,0.00021318886560037635,0.009033931246892026,0.00017531505971832056,0.00017531505971832056,0.00017531505971832056,0.10963396533510188,0.00017531505971832056,0.00858810052833626,0.0013032446135278913,0.036745683747183115,0.10963396533510188,0.00017531505971832056,0.0013032446135278913,0.007437879872348273,0.00858810052833626,0.00021228935246780933,0.032590339737544716,0.000203488512313982,1.4356722784152303e-06,0.036745683747183115,0.032590339737544716,1.4356722784152303e-06,0.3044207698154743,1.7292017899710675e-06,0.001541006294166981,0.032590339737544716,1.6845189648288276e-05,0.00021228935246780933,0.00021228935246780933,1.823162300088964e-06,0.036745683747183115,0.00017234026770145147,0.00858810052833626,0.036745683747183115,0.00858810052833626,0.036745683747183115,0.036745683747183115,1.6845189648288276e-05,0.3044207698154743,0.3044207698154743,0.8897923193812551,0.036745683747183115,1.1365764455453998e-07,2.2452697163972586e-05,0.0013032446135278913,0.001541006294166981,0.00021228935246780933,0.036745683747183115,0.032590339737544716,0.0013032446135278913,2.14084159031335e-05,0.0013110811060065496,0.00021318886560037635,0.00279707634899169,0.00021228935246780933,3.122967347959546e-05,1.7292017899710675e-06,1.6845189648288276e-05,8.702603005515723e-06,0.3065976243635163
sub-31152_ses-baseline_fs,rh_STG_R_6_3_thickness,0.7105656788114726,0.43551412026906783,0.38761852855552087,0.8857841829121121,0.5900542158464734,0.012132777625982293,0.016622841233670273,0.3260863956792092,0.0014794489263020296,0.003618530978272721,0.570354531763449,0.4490771224700975,0.009421631447588542,0.1944665083644866,0.09714417023749698,0.7942462283311287,0.010203524138616839,0.2607700770109809,0.9988893875838735,0.2813045407360281,0.5965992371812003,0.9988821129463261,0.00026856802182987315,0.8261904579918838,0.9999360417453168,2.726420476031543e-05,0.7105656788114726,0.8467407253653393,2.422520136527536e-05,0.9988821129463261,0.5900542158464734,0.32709112482039143,0.896773096839314,0.5608246406606904,0.00021318886560037635,1.0,0.5800886272155381,0.9988821129463261,0.9988821129463261,0.9988821129463261,0.1328882599894612,0.9988821129463261,0.5900542158464734,0.896773096839314,0.30490373980896834,0.1328882599894612,0.9988821129463261,0.896773096839314,0.6181123376795365,0.5900542158464734,0.9999994714026182,0.32709112482039143,0.9999360417453168,0.5608246406606904,0.30490373980896834,0.32709112482039143,0.5608246406606904,0.036842911113365906,0.5825789144561164,0.8766729182264057,0.32709112482039143,0.8467407253653393,0.9999994714026182,0.9999994714026182,0.588807929094807,0.30490373980896834,0.9986793789847219,0.5900542158464734,0.30490373980896834,0.5900542158464734,0.30490373980896834,0.30490373980896834,0.8467407253653393,0.036842911113365906,0.036842911113365906,2.600740939572819e-05,0.30490373980896834,0.3039382435281886,0.8757465937020765,0.896773096839314,0.8766729182264057,0.9999994714026182,0.30490373980896834,0.32709112482039143,0.896773096839314,0.8710743767523882,0.8960834748719242,1.0,0.7921087921049562,0.9999994714026182,0.9064328074585272,0.5825789144561164,0.8467407253653393,0.7740946725104898,0.03640710098999288
sub-31152_ses-baseline_fs,rh_STG_R_6_4_thickness,0.976741067459861,0.9702572669168017,0.9460214333059128,0.8591051510121684,0.9998646881899689,0.15623891305043314,0.19125025586315975,0.9023054547862167,0.037135903930859034,0.06946898843286486,0.9998705429538309,0.975717299409891,0.1324358904927471,0.7456998557437248,0.5365971513553687,0.9356065729589251,0.13955602012511778,0.8372904856853307,0.5516259496823792,0.03096025940441296,0.11981613416214897,0.5515331515541959,0.010728411144425687,0.25147563595499894,0.5732450888266653,0.0018926693504900212,0.976741067459861,0.2690339127773046,0.0017274275226739403,0.5515331515541959,0.9998646881899689,0.9031452886992307,0.8467407253653387,0.10589208255728047,0.009033931246892026,0.5800886272155381,1.0,0.5515331515541959,0.5515331515541959,0.5515331515541959,0.6274598869236947,0.5515331515541959,0.9998646881899689,0.8467407253653387,0.8835325542435518,0.6274598869236947,0.5515331515541959,0.8467407253653387,0.9980350217251186,0.9998646881899689,0.5794661889375499,0.9031452886992307,0.5732450888266653,0.10589208255728047,0.8835325542435518,0.9031452886992307,0.10589208255728047,0.3122013136238378,0.114209412941929,0.868713183522444,0.9031452886992307,0.2690339127773046,0.5794661889375499,0.5794661889375499,0.11667585626560606,0.8835325542435518,0.5490594674237005,0.9998646881899689,0.8835325542435518,0.9998646881899689,0.8835325542435518,0.8835325542435518,0.2690339127773046,0.3122013136238378,0.3122013136238378,0.001824900619277493,0.8835325542435518,0.03521942042277993,0.2967538044056247,0.8467407253653387,0.868713183522444,0.5794661889375499,0.8835325542435518,0.9031452886992307,0.8467407253653387,0.2920201822113735,0.8475434644989017,0.5800886272155381,0.9369515147833447,0.5794661889375499,0.3310764740312685,0.114209412941929,0.2690339127773046,0.2127834398719513,0.3100016323502618
sub-31152_ses-baseline_fs,rh_STG_R_6_5_thickness,0.682555313850379,0.40929062066038646,0.3627762664336489,0.8644215778459163,0.5614448613886819,0.010530726261534926,0.014501768234030541,0.3034561612632471,0.0012458372780597248,0.0030843987069433688,0.5418656700049133,0.4225164664740052,0.008145162185231463,0.17831435176111765,0.08761418258330178,0.7682930807532248,0.008832065465161104,0.2410424112621214,0.9999999881065559,0.3029745233348786,0.625279529476172,1.0,0.00022144741476615894,0.8497430650916753,0.9993526776397597,2.1924629607507272e-05,0.682555313850379,0.8691867473774927,1.945713185755411e-05,1.0,0.5614448613886819,0.30442076981547483,0.8762100967133953,0.5894310546503391,0.00017531505971832056,0.9988821129463261,0.5515331515541959,1.0,1.0,1.0,0.12070688793493523,1.0,0.5614448613886819,0.8762100967133953,0.2831508459688398,0.12070688793493523,1.0,0.8762100967133953,0.5894310546503392,0.5614448613886819,0.998930162703404,0.30442076981547483,0.9993526776397597,0.5894310546503391,0.2831508459688398,0.30442076981547483,0.5894310546503391,0.032590339737544806,0.6112536743868652,0.8546983504231342,0.30442076981547483,0.8691867473774927,0.998930162703404,0.998930162703404,0.6174889196474497,0.2831508459688398,0.9999915424754213,0.5614448613886819,0.2831508459688398,0.5614448613886819,0.2831508459688398,0.2831508459688398,0.8691867473774927,0.032590339737544806,0.032590339737544806,2.090380391816114e-05,0.2831508459688398,0.3265885465104167,0.8963423052232251,0.8762100967133953,0.8546983504231342,0.998930162703404,0.2831508459688398,0.30442076981547483,0.8762100967133953,0.8919938874296464,0.8754681653335891,0.9988821129463261,0.7660820419677571,0.998930162703404,0.9246018422773802,0.6112536743868652,0.8691867473774927,0.7998488930622698,0.03219778582735763
sub-31152_ses-baseline_fs,rh_STG_R_6_6_thickness,0.682555313850379,0.40929062066038646,0.3627762664336489,0.8644215778459163,0.5614448613886819,0.010530726261534926,0.014501768234030541,0.3034561612632471,0.0012458372780597248,0.0030843987069433688,0.5418656700049133,0.4225164664740052,0.008145162185231463,0.17831435176111765,0.08761418258330178,0.7682930807532248,0.008832065465161104,0.2410424112621214,0.9999999881065559,0.3029745233348786,0.625279529476172,1.0,0.00022144741476615894,0.8497430650916753,0.9993526776397597,2.1924629607507272e-05,0.682555313850379,0.8691867473774927,1.945713185755411e-05,1.0,0.5614448613886819,0.30442076981547483,0.8762100967133953,0.5894310546503391,0.00017531505971832056,0.9988821129463261,0.5515331515541959,1.0,1.0,1.0,0.12070688793493523,1.0,0.5614448613886819,0.8762100967133953,0.2831508459688398,0.12070688793493523,1.0,0.8762100967133953,0.5894310546503392,0.5614448613886819,0.998930162703404,0.30442076981547483,0.9993526776397597,0.5894310546503391,0.2831508459688398,0.30442076981547483,0.5894310546503391,0.032590339737544806,0.6112536743868652,0.8546983504231342,0.30442076981547483,0.8691867473774927,0.998930162703404,0.998930162703404,0.6174889196474497,0.2831508459688398,0.9999915424754213,0.5614448613886819,0.2831508459688398,0.5614448613886819,0.2831508459688398,0.2831508459688398,0.8691867473774927,0.032590339737544806,0.032590339737544806,2.090380391816114e-05,0.2831508459688398,0.3265885465104167,0.8963423052232251,0.8762100967133953,0.8546983504231342,0.998930162703404,0.2831508459688398,0.30442076981547483,0.8762100967133953,0.8919938874296464,0.8754681653335891,0.9988821129463261,0.7660820419677571,0.998930162703404,0.9246018422773802,0.6112536743868652,0.8691867473774927,0.7998488930622698,0.03219778582735763
sub-31152_ses-baseline_fs,rh_MTG_R_4_1_thickness,0.682555313850379,0.40929062066038646,0.3627762664336489,0.8644215778459163,0.5614448613886819,0.010530726261534926,0.014501768234030541,0.3034561612632471,0.0012458372780597248,0.0030843987069433688,0.5418656700049133,0.4225164664740052,0.008145162185231463,0.17831435176111765,0.08761418258330178,0.7682930807532248,0.008832065465161104,0.2410424112621214,0.9999999881065559,0.3029745233348786,0.625279529476172,1.0,0.00022144741476615894,0.8497430650916753,0.9993526776397597,2.1924629607507272e-05,0.682555313850379,0.8691867473774927,1.945713185755411e-05,1.0,0.5614448613886819,0.30442076981547483,0.8762100967133953,0.5894310546503391,0.00017531505971832056,0.9988821129463261,0.5515331515541959,1.0,1.0,1.0,0.12070688793493523,1.0,0.5614448613886819,0.8762100967133953,0.2831508459688398,0.12070688793493523,1.0,0.8762100967133953,0.5894310546503392,0.5614448613886819,0.998930162703404,0.30442076981547483,0.9993526776397597,0.5894310546503391,0.2831508459688398,0.30442076981547483,0.5894310546503391,0.032590339737544806,0.6112536743868652,0.8546983504231342,0.30442076981547483,0.8691867473774927,0.998930162703404,0.998930162703404,0.6174889196474497,0.2831508459688398,0.9999915424754213,0.5614448613886819,0.2831508459688398,0.5614448613886819,0.2831508459688398,0.2831508459688398,0.8691867473774927,0.032590339737544806,0.032590339737544806,2.090380391816114e-05,0.2831508459688398,0.3265885465104167,0.8963423052232251,0.8762100967133953,0.8546983504231342,0.998930162703404,0.2831508459688398,0.30442076981547483,0.8762100967133953,0.8919938874296464,0.8754681653335891,0.9988821129463261,0.7660820419677571,0.998930162703404,0.9246018422773802,0.6112536743868652,0.8691867473774927,0.7998488930622698,0.03219778582735763
sub-31152_ses-baseline_fs,rh_MTG_R_4_2_thickness,0.49704723251329236,0.7718131549424307,0.8187890507779487,0.31662727590263234,0.6174889196474497,0.6299510454695665,0.6947863904357866,0.8771350569022929,0.2776338796740789,0.40527741848365384,0.637201625788418,0.7583723084961524,0.5790616339699872,0.9803143509551724,0.9887651120648445,0.4127564663416172,0.5949440058732289,0.9340060383506629,0.12074517578749826,0.0015239876224354258,0.010288184028085238,0.12070688793493523,0.12327975875854574,0.03172349088379243,0.1298943352380593,0.03626280704612285,0.49704723251329236,0.03531320668945891,0.033928501172532495,0.12070688793493523,0.6174889196474497,0.8762100967133953,0.30442076981547483,0.008588100528336313,0.10963396533510188,0.1328882599894612,0.6274598869236947,0.12070688793493523,0.12070688793493523,0.12070688793493523,1.0,0.12070688793493523,0.6174889196474497,0.30442076981547483,0.8963423052232251,1.0,0.12070688793493523,0.30442076981547483,0.5894310546503391,0.6174889196474497,0.13261395810175,0.8762100967133953,0.1298943352380593,0.008588100528336313,0.8963423052232251,0.8762100967133953,0.008588100528336313,0.8546983504231344,0.009590140439630385,0.32658854651041735,0.8762100967133953,0.03531320668945891,0.13261395810175,0.13261395810175,0.009894989386511878,0.8963423052232251,0.11968929481916012,0.6174889196474497,0.8963423052232251,0.6174889196474497,0.8963423052232251,0.8963423052232251,0.03531320668945891,0.8546983504231344,0.8546983504231344,0.03531320668945876,0.8963423052232251,0.0018182480908982396,0.04134224266505818,0.30442076981547483,0.32658854651041735,0.13261395810175,0.8963423052232251,0.8762100967133953,0.30442076981547483,0.04028091582255365,0.305193734651816,0.1328882599894612,0.41493261911916246,0.13261395810175,0.04943810563806067,0.009590140439630385,0.03531320668945891,0.02442675833182573,0.8524760587797919
sub-31152_ses-baseline_fs,rh_MTG_R_4_3_thickness,0.682555313850379,0.40929062066038646,0.3627762664336489,0.8644215778459163,0.5614448613886819,0.010530726261534926,0.014501768234030541,0.3034561612632471,0.0012458372780597248,0.0030843987069433688,0.5418656700049133,0.4225164664740052,0.008145162185231463,0.17831435176111765,0.08761418258330178,0.7682930807532248,0.008832065465161104,0.2410424112621214,0.9999999881065559,0.3029745233348786,0.625279529476172,1.0,0.00022144741476615894,0.8497430650916753,0.9993526776397597,2.1924629607507272e-05,0.682555313850379,0.8691867473774927,1.945713185755411e-05,1.0,0.5614448613886819,0.30442076981547483,0.8762100967133953,0.5894310546503391,0.00017531505971832056,0.9988821129463261,0.5515331515541959,1.0,1.0,1.0,0.12070688793493523,1.0,0.5614448613886819,0.8762100967133953,0.2831508459688398,0.12070688793493523,1.0,0.8762100967133953,0.5894310546503392,0.5614448613886819,0.998930162703404,0.30442076981547483,0.9993526776397597,0.5894310546503391,0.2831508459688398,0.30442076981547483,0.5894310546503391,0.032590339737544806,0.6112536743868652,0.8546983504231342,0.30442076981547483,0.8691867473774927,0.998930162703404,0.998930162703404,0.6174889196474497,0.2831508459688398,0.9999915424754213,0.5614448613886819,0.2831508459688398,0.5614448613886819,0.2831508459688398,0.2831508459688398,0.8691867473774927,0.032590339737544806,0.032590339737544806,2.090380391816114e-05,0.2831508459688398,0.3265885465104167,0.8963423052232251,0.8762100967133953,0.8546983504231342,0.998930162703404,0.2831508459688398,0.30442076981547483,0.8762100967133953,0.8919938874296464,0.8754681653335891,0.9988821129463261,0.7660820419677571,0.998930162703404,0.9246018422773802,0.6112536743868652,0.8691867473774927,0.7998488930622698,0.03219778582735763
sub-31152_ses-baseline_fs,rh_MTG_R_4_4_thickness,0.9801007360088808,0.9662119548929463,0.9407236368149202,0.8668123428956352,1.0,0.15134349769268007,0.18558716077318407,0.895478502631507,0.03559584082850472,0.0668700526953821,0.9994706321339216,0.9720330689838642,0.12810923600436006,0.7362612980992891,0.5267657851771019,0.9411119198837549,0.1350549824420884,0.8290093945120636,0.5615379024361096,0.03232818582456165,0.12392945293445867,0.5614448613886819,0.010208449504965645,0.2584095227513214,0.5832016134958905,0.0017853191428805998,0.9801007360088808,0.2762649449396828,0.0016287607443379256,0.5614448613886819,1.0,0.8963423052232246,0.8546983504231342,0.1096339653351024,0.00858810052833626,0.5900542158464734,0.9998646881899689,0.5614448613886819,0.5614448613886819,0.5614448613886819,0.6174889196474497,0.5614448613886819,1.0,0.8546983504231342,0.8762100967133948,0.6174889196474497,0.5614448613886819,0.8546983504231342,0.998930162703404,1.0,0.5894310546503391,0.8963423052232246,0.5832016134958905,0.1096339653351024,0.8762100967133948,0.8963423052232246,0.1096339653351024,0.30442076981547483,0.11817521930392065,0.8762100967133953,0.8963423052232246,0.2762649449396828,0.5894310546503391,0.5894310546503391,0.12070688793493523,0.8762100967133948,0.5589645407294653,1.0,0.8762100967133948,1.0,0.8762100967133948,0.8762100967133948,0.2762649449396828,0.30442076981547483,0.30442076981547483,0.0017211030312855354,0.8762100967133948,0.03674568374718319,0.30442076981547533,0.8546983504231342,0.8762100967133953,0.5894310546503391,0.8762100967133948,0.8963423052232246,0.8546983504231342,0.2996155252555837,0.8554854803195509,0.5900542158464734,0.9424034013503644,0.5894310546503391,0.339228873662802,0.11817521930392065,0.2762649449396828,0.21900211445587564,0.3022529002560834
sub-31152_ses-baseline_fs,rh_ITG_R_5_1_thickness,0.9372987635595179,0.7129796404458169,0.6609938166157602,0.9996696811163714,0.8546983504231342,0.04353571517179685,0.05671576387592658,0.5881848404590319,0.0071554894682509616,0.015523556470925641,0.8388092029529376,0.7269902494244347,0.035158573028642434,0.4058880867160745,0.23871479350119557,0.9777861986416692,0.03761325973596665,0.5027276341730477,0.8762795634185978,0.11994307622085122,0.3329013675433606,0.8762100967133953,0.0015990098717747554,0.5552469793690811,0.8919938874296464,0.00020784510159827375,0.9372987635595179,0.5800886272155389,0.00018690698212147562,0.8762100967133953,0.8546983504231342,0.5894310546503384,1.0,0.30442076981547533,0.0013032446135278913,0.896773096839314,0.8467407253653387,0.8762100967133953,0.8762100967133953,0.8762100967133953,0.30442076981547483,0.8762100967133953,0.8546983504231342,1.0,0.5614448613886812,0.30442076981547483,0.8762100967133953,1.0,0.8762100967133948,0.8546983504231342,0.8963423052232251,0.5894310546503384,0.8919938874296464,0.30442076981547533,0.5614448613886812,0.5894310546503384,0.30442076981547533,0.10963396533510217,0.3215863406933533,0.998930162703404,0.5894310546503384,0.5800886272155389,0.8963423052232251,0.8963423052232251,0.32658854651041735,0.5614448613886812,0.8743520090881965,0.8546983504231342,0.5614448613886812,0.8546983504231342,0.5614448613886812,0.5614448613886812,0.5800886272155389,0.10963396533510217,0.10963396533510217,0.0001992179750340459,0.5614448613886812,0.1326139581017499,0.6174889196474505,1.0,0.998930162703404,0.8963423052232251,0.5614448613886812,0.5894310546503384,1.0,0.611253674386866,0.9999986467912606,0.896773096839314,0.9769584551716581,0.8963423052232251,0.6609319722694122,0.3215863406933533,0.5800886272155389,0.4970472325132923,0.10857136380736798
sub-31152_ses-baseline_fs,rh_ITG_R_5_2_thickness,0.7746640574879582,0.9687690187714367,0.9865590506676591,0.5769770076553429,0.8762100967133948,0.3601252932562184,0.4177661543261989,0.9990231006599258,0.11767380050755603,0.19371126524832613,0.8905208374144749,0.9626501566958224,0.3182837336416555,0.9646160337230467,0.8260854591719,0.6893832926494982,0.3310486362604639,0.9951790988466086,0.28322022445867917,0.007366359415966629,0.037976802828187516,0.2831508459688398,0.042427047882552436,0.09718731601088164,0.2996155252555831,0.009741501216138879,0.7746640574879582,0.10612300403883246,0.009005472320010378,0.2831508459688398,0.8762100967133948,0.998930162703404,0.5614448613886812,0.03259033973754477,0.036745683747183115,0.30490373980896834,0.8835325542435518,0.2831508459688398,0.2831508459688398,0.2831508459688398,0.8963423052232251,0.2831508459688398,0.8762100967133948,0.5614448613886812,1.0,0.8963423052232251,0.2831508459688398,0.5614448613886812,0.8546983504231342,0.8762100967133948,0.30442076981547483,0.998930162703404,0.2996155252555831,0.03259033973754477,1.0,0.998930162703404,0.03259033973754477,0.5894310546503392,0.035785330035411934,0.5894310546503391,0.998930162703404,0.10612300403883246,0.30442076981547483,0.30442076981547483,0.036745683747183226,1.0,0.28130454073602756,0.8762100967133948,1.0,0.8762100967133948,1.0,1.0,0.10612300403883246,0.5894310546503392,0.5894310546503392,0.009440881940753898,1.0,0.008588100528336275,0.12070688793493523,0.5614448613886812,0.5894310546503391,0.30442076981547483,1.0,0.998930162703404,0.5614448613886812,0.1181752193039207,0.5624374047743939,0.30490373980896834,0.6917356486870573,0.30442076981547483,0.13957168319018917,0.035785330035411934,0.10612300403883246,0.07833223511211909,0.5866272887747174
sub-31152_ses-baseline_fs,rh_ITG_R_5_3_thickness,0.49704723251329236,0.7718131549424307,0.8187890507779487,0.31662727590263234,0.6174889196474497,0.6299510454695665,0.6947863904357866,0.8771350569022929,0.2776338796740789,0.40527741848365384,0.637201625788418,0.7583723084961524,0.5790616339699872,0.9803143509551724,0.9887651120648445,0.4127564663416172,0.5949440058732289,0.9340060383506629,0.12074517578749826,0.0015239876224354258,0.010288184028085238,0.12070688793493523,0.12327975875854574,0.03172349088379243,0.1298943352380593,0.03626280704612285,0.49704723251329236,0.03531320668945891,0.033928501172532495,0.12070688793493523,0.6174889196474497,0.8762100967133953,0.30442076981547483,0.008588100528336313,0.10963396533510188,0.1328882599894612,0.6274598869236947,0.12070688793493523,0.12070688793493523,0.12070688793493523,1.0,0.12070688793493523,0.6174889196474497,0.30442076981547483,0.8963423052232251,1.0,0.12070688793493523,0.30442076981547483,0.5894310546503391,0.6174889196474497,0.13261395810175,0.8762100967133953,0.1298943352380593,0.008588100528336313,0.8963423052232251,0.8762100967133953,0.008588100528336313,0.8546983504231344,0.009590140439630385,0.32658854651041735,0.8762100967133953,0.03531320668945891,0.13261395810175,0.13261395810175,0.009894989386511878,0.8963423052232251,0.11968929481916012,0.6174889196474497,0.8963423052232251,0.6174889196474497,0.8963423052232251,0.8963423052232251,0.03531320668945891,0.8546983504231344,0.8546983504231344,0.03531320668945876,0.8963423052232251,0.0018182480908982396,0.04134224266505818,0.30442076981547483,0.32658854651041735,0.13261395810175,0.8963423052232251,0.8762100967133953,0.30442076981547483,0.04028091582255365,0.305193734651816,0.1328882599894612,0.41493261911916246,0.13261395810175,0.04943810563806067,0.009590140439630385,0.03531320668945891,0.02442675833182573,0.8524760587797919
sub-31152_ses-baseline_fs,rh_ITG_R_5_4_thickness,0.682555313850379,0.40929062066038646,0.3627762664336489,0.8644215778459163,0.5614448613886819,0.010530726261534926,0.014501768234030541,0.3034561612632471,0.0012458372780597248,0.0030843987069433688,0.5418656700049133,0.4225164664740052,0.008145162185231463,0.17831435176111765,0.08761418258330178,0.7682930807532248,0.008832065465161104,0.2410424112621214,0.9999999881065559,0.3029745233348786,0.625279529476172,1.0,0.00022144741476615894,0.8497430650916753,0.9993526776397597,2.1924629607507272e-05,0.682555313850379,0.8691867473774927,1.945713185755411e-05,1.0,0.5614448613886819,0.30442076981547483,0.8762100967133953,0.5894310546503391,0.00017531505971832056,0.9988821129463261,0.5515331515541959,1.0,1.0,1.0,0.12070688793493523,1.0,0.5614448613886819,0.8762100967133953,0.2831508459688398,0.12070688793493523,1.0,0.8762100967133953,0.5894310546503392,0.5614448613886819,0.998930162703404,0.30442076981547483,0.9993526776397597,0.5894310546503391,0.2831508459688398,0.30442076981547483,0.5894310546503391,0.032590339737544806,0.6112536743868652,0.8546983504231342,0.30442076981547483,0.8691867473774927,0.998930162703404,0.998930162703404,0.6174889196474497,0.2831508459688398,0.9999915424754213,0.5614448613886819,0.2831508459688398,0.5614448613886819,0.2831508459688398,0.2831508459688398,0.8691867473774927,0.032590339737544806,0.032590339737544806,2.090380391816114e-05,0.2831508459688398,0.3265885465104167,0.8963423052232251,0.8762100967133953,0.8546983504231342,0.998930162703404,0.2831508459688398,0.30442076981547483,0.8762100967133953,0.8919938874296464,0.8754681653335891,0.9988821129463261,0.7660820419677571,0.998930162703404,0.9246018422773802,0.6112536743868652,0.8691867473774927,0.7998488930622698,0.03219778582735763
sub-31152_ses-baseline_fs,rh_ITG_R_5_5_thickness,0.9372987635595179,0.7129796404458169,0.6609938166157602,0.9996696811163714,0.8546983504231342,0.04353571517179685,0.05671576387592658,0.5881848404590319,0.0071554894682509616,0.015523556470925641,0.8388092029529376,0.7269902494244347,0.035158573028642434,0.4058880867160745,0.23871479350119557,0.9777861986416692,0.03761325973596665,0.5027276341730477,0.8762795634185978,0.11994307622085122,0.3329013675433606,0.8762100967133953,0.0015990098717747554,0.5552469793690811,0.8919938874296464,0.00020784510159827375,0.9372987635595179,0.5800886272155389,0.00018690698212147562,0.8762100967133953,0.8546983504231342,0.5894310546503384,1.0,0.30442076981547533,0.0013032446135278913,0.896773096839314,0.8467407253653387,0.8762100967133953,0.8762100967133953,0.8762100967133953,0.30442076981547483,0.8762100967133953,0.8546983504231342,1.0,0.5614448613886812,0.30442076981547483,0.8762100967133953,1.0,0.8762100967133948,0.8546983504231342,0.8963423052232251,0.5894310546503384,0.8919938874296464,0.30442076981547533,0.5614448613886812,0.5894310546503384,0.30442076981547533,0.10963396533510217,0.3215863406933533,0.998930162703404,0.5894310546503384,0.5800886272155389,0.8963423052232251,0.8963423052232251,0.32658854651041735,0.5614448613886812,0.8743520090881965,0.8546983504231342,0.5614448613886812,0.8546983504231342,0.5614448613886812,0.5614448613886812,0.5800886272155389,0.10963396533510217,0.10963396533510217,0.0001992179750340459,0.5614448613886812,0.1326139581017499,0.6174889196474505,1.0,0.998930162703404,0.8963423052232251,0.5614448613886812,0.5894310546503384,1.0,0.611253674386866,0.9999986467912606,0.896773096839314,0.9769584551716581,0.8963423052232251,0.6609319722694122,0.3215863406933533,0.5800886272155389,0.4970472325132923,0.10857136380736798
sub-31152_ses-baseline_fs,rh_FuG_R_3_1_thickness,0.9881770032102996,0.9535401212712816,0.9246394810835331,0.8875727263694232,0.998930162703404,0.13818138747811295,0.17029547886997098,0.8752824105327189,0.03155250749636804,0.05998303634246312,0.9968991894227436,0.9603511031657441,0.11651430544510502,0.7093209980392083,0.4993450632103651,0.9553827390083344,0.12298047698104428,0.8049864317313751,0.5895245265889495,0.036455307180113077,0.13607346822737618,0.5894310546503392,0.008864376259566861,0.278548796841558,0.6112536743868653,0.0015127383913349558,0.9881770032102996,0.29722963822892734,0.001378442754890318,0.5894310546503392,0.998930162703404,0.8762100967133948,0.8762100967133948,0.12070688793493523,0.007437879872348273,0.6181123376795365,0.9980350217251186,0.5894310546503392,0.5894310546503392,0.5894310546503392,0.5894310546503391,0.5894310546503392,0.998930162703404,0.8762100967133948,0.8546983504231342,0.5894310546503391,0.5894310546503392,0.8762100967133948,1.0,0.998930162703404,0.6174889196474498,0.8762100967133948,0.6112536743868653,0.12070688793493523,0.8546983504231342,0.8762100967133948,0.12070688793493523,0.28315084596883994,0.1298943352380593,0.8963423052232251,0.8762100967133948,0.29722963822892734,0.6174889196474498,0.6174889196474498,0.1326139581017499,0.8546983504231342,0.5869387790560233,0.998930162703404,0.8546983504231342,0.998930162703404,0.8546983504231342,0.8546983504231342,0.29722963822892734,0.28315084596883994,0.28315084596883994,0.0014576331157028903,0.8546983504231342,0.04134224266505805,0.32658854651041735,0.8762100967133948,0.8963423052232251,0.6174889196474498,0.8546983504231342,0.8762100967133948,0.8762100967133948,0.3215863406933533,0.8769502834580165,0.6181123376795365,0.9565185931489992,0.6174889196474498,0.362723150154965,0.1298943352380593,0.29722963822892734,0.23713948842105223,0.2810742663921363
sub-31152_ses-baseline_fs,rh_FuG_R_3_2_thickness,0.9801007360088808,0.9662119548929463,0.9407236368149202,0.8668123428956352,1.0,0.15134349769268007,0.18558716077318407,0.895478502631507,0.03559584082850472,0.0668700526953821,0.9994706321339216,0.9720330689838642,0.12810923600436006,0.7362612980992891,0.5267657851771019,0.9411119198837549,0.1350549824420884,0.8290093945120636,0.5615379024361096,0.03232818582456165,0.12392945293445867,0.5614448613886819,0.010208449504965645,0.2584095227513214,0.5832016134958905,0.0017853191428805998,0.9801007360088808,0.2762649449396828,0.0016287607443379256,0.5614448613886819,1.0,0.8963423052232246,0.8546983504231342,0.1096339653351024,0.00858810052833626,0.5900542158464734,0.9998646881899689,0.5614448613886819,0.5614448613886819,0.5614448613886819,0.6174889196474497,0.5614448613886819,1.0,0.8546983504231342,0.8762100967133948,0.6174889196474497,0.5614448613886819,0.8546983504231342,0.998930162703404,1.0,0.5894310546503391,0.8963423052232246,0.5832016134958905,0.1096339653351024,0.8762100967133948,0.8963423052232246,0.1096339653351024,0.30442076981547483,0.11817521930392065,0.8762100967133953,0.8963423052232246,0.2762649449396828,0.5894310546503391,0.5894310546503391,0.12070688793493523,0.8762100967133948,0.5589645407294653,1.0,0.8762100967133948,1.0,0.8762100967133948,0.8762100967133948,0.2762649449396828,0.30442076981547483,0.30442076981547483,0.0017211030312855354,0.8762100967133948,0.03674568374718319,0.30442076981547533,0.8546983504231342,0.8762100967133953,0.5894310546503391,0.8762100967133948,0.8963423052232246,0.8546983504231342,0.2996155252555837,0.8554854803195509,0.5900542158464734,0.9424034013503644,0.5894310546503391,0.339228873662802,0.11817521930392065,0.2762649449396828,0.21900211445587564,0.3022529002560834
sub-31152_ses-baseline_fs,rh_FuG_R_3_3_thickness,0.7099615901006785,0.43493690200535273,0.38707000548812276,0.8853352705367961,0.5894310546503391,0.012095771392060334,0.016573979539083152,0.3255846727304186,0.001473966890180911,0.003606075046601632,0.5697331118525899,0.44849299932088016,0.00939208373212171,0.19410489317766458,0.09692866703196445,0.7936916919243535,0.0101717984436067,0.260330698575481,0.9989372792801435,0.2817654321347347,0.5972227158340677,0.998930162703404,0.00026745039667891863,0.8267151279127344,0.9999471416449036,2.7135968522166388e-05,0.7099615901006785,0.847242616890197,2.4110621724655782e-05,0.998930162703404,0.5894310546503391,0.3265885465104167,0.8963423052232251,0.5614448613886819,0.00021228935246780933,0.9999994714026182,0.5794661889375499,0.998930162703404,0.998930162703404,0.998930162703404,0.13261395810175,0.998930162703404,0.5894310546503391,0.8963423052232251,0.30442076981547483,0.13261395810175,0.998930162703404,0.8963423052232251,0.6174889196474498,0.5894310546503391,1.0,0.3265885465104167,0.9999471416449036,0.5614448613886819,0.30442076981547483,0.3265885465104167,0.5614448613886819,0.036745683747183226,0.5832016134958905,0.8762100967133948,0.3265885465104167,0.847242616890197,1.0,1.0,0.5894310546503391,0.30442076981547483,0.9987316423972167,0.5894310546503391,0.30442076981547483,0.5894310546503391,0.30442076981547483,0.30442076981547483,0.847242616890197,0.036745683747183226,0.036745683747183226,2.588481079645009e-05,0.30442076981547483,0.3044207698154747,0.8762100967133953,0.8963423052232251,0.8762100967133948,1.0,0.30442076981547483,0.3265885465104167,0.8963423052232251,0.871544620795343,0.8956514995296461,0.9999994714026182,0.7915525262547998,1.0,0.9068455351562591,0.5832016134958905,0.847242616890197,0.7746640574879581,0.03631085096915168
sub-31152_ses-baseline_fs,rh_PhG_R_6_1_thickness,0.7998488930622698,0.9790780642570237,0.9930336758973438,0.6050174255155345,0.8963423052232246,0.3367207823163597,0.39257167155026707,0.9999978856121494,0.10681811676796915,0.17794351810901238,0.9096112137496586,0.9739754266478435,0.29644475293017886,0.9516907213301559,0.8019341240969733,0.7166834651791846,0.3087079969940913,0.9896026937550028,0.3044931870359788,0.008506733895544858,0.04270196259439156,0.30442076981547483,0.037727821232786056,0.10728348578146604,0.32158634069335285,0.008452873519498461,0.7998488930622698,0.11692473150559173,0.0078049199212593835,0.30442076981547483,0.8963423052232246,1.0,0.5894310546503384,0.036745683747183226,0.032590339737544716,0.32709112482039143,0.9031452886992307,0.30442076981547483,0.30442076981547483,0.30442076981547483,0.8762100967133953,0.30442076981547483,0.8963423052232246,0.5894310546503384,0.998930162703404,0.8762100967133953,0.30442076981547483,0.5894310546503384,0.8762100967133948,0.8963423052232246,0.3265885465104167,1.0,0.32158634069335285,0.036745683747183226,0.998930162703404,1.0,0.036745683747183226,0.561444861388682,0.040280915822553526,0.6174889196474497,1.0,0.11692473150559173,0.3265885465104167,0.3265885465104167,0.04134224266505805,0.998930162703404,0.30249333005540474,0.8963423052232246,0.998930162703404,0.8963423052232246,0.998930162703404,0.998930162703404,0.11692473150559173,0.561444861388682,0.561444861388682,0.008188124511342786,0.998930162703404,0.009894989386511843,0.13261395810175,0.5894310546503384,0.6174889196474497,0.3265885465104167,0.998930162703404,1.0,0.5894310546503384,0.1298943352380593,0.5904281291389651,0.32709112482039143,0.7189972736310137,0.3265885465104167,0.15283059170000057,0.040280915822553526,0.11692473150559173,0.08686135579216814,0.5586546076527331
sub-31152_ses-baseline_fs,rh_PhG_R_6_2_thickness,0.7039079468366071,0.42918167329732265,0.38160509687549543,0.8808074239996598,0.5832016134958905,0.011731178462422642,0.016092257025420286,0.3205910641667104,0.00142016886178029,0.0034836471908165022,0.5635232620217868,0.4426676531127429,0.009101126363386197,0.1905144416066153,0.09479424252446961,0.7881217505813498,0.0098593433414729,0.25596254315525296,0.9993582124505004,0.2863994295735674,0.6034583617057827,0.9993526776397597,0.00025651186272141645,0.8319318128499272,1.0,2.588481079645032e-05,0.7039079468366071,0.8522283682222339,2.2992875830202636e-05,0.9993526776397597,0.5832016134958905,0.32158634069335285,0.8919938874296464,0.567651911518908,0.000203488512313982,0.9999360417453168,0.5732450888266653,0.9993526776397597,0.9993526776397597,0.9993526776397597,0.1298943352380593,0.9993526776397597,0.5832016134958905,0.8919938874296464,0.2996155252555831,0.1298943352380593,0.9993526776397597,0.8919938874296464,0.6112536743868653,0.5832016134958905,0.9999471416449036,0.32158634069335285,1.0,0.567651911518908,0.2996155252555831,0.32158634069335285,0.567651911518908,0.03578533003541197,0.5894310546503391,0.8715446207953425,0.32158634069335285,0.8522283682222339,0.9999471416449036,0.9999471416449036,0.595664058655481,0.2996155252555831,0.9991963262886725,0.5832016134958905,0.2996155252555831,0.5832016134958905,0.2996155252555831,0.2996155252555831,0.8522283682222339,0.03578533003541197,0.03578533003541197,2.4688729964439844e-05,0.2996155252555831,0.3092703834202932,0.8808074239996604,0.8919938874296464,0.8715446207953425,0.9999471416449036,0.2996155252555831,0.32158634069335285,0.8919938874296464,0.8762100967133953,0.8912913566074726,0.9999360417453168,0.7859656060422558,0.9999471416449036,0.9109301940697007,0.5894310546503391,0.8522283682222339,0.7803356182625808,0.03536017941705889
sub-31152_ses-baseline_fs,rh_PhG_R_6_3_thickness,0.16379739400908058,0.061036643097020185,0.04945057284537451,0.29249151803487466,0.1096339653351024,0.00027882590784943545,0.00042904695925160787,0.036551882150658105,1.70905008966095e-05,5.5103426485536554e-05,0.10232884161123622,0.0645837510135092,0.0001978273113476354,0.015573843573925128,0.005340895650762548,0.21465572697441437,0.00022037098476112774,0.02507635402628211,0.5893375835136451,0.8748175485470402,0.9982538507402299,0.5894310546503391,1.922025183561333e-06,0.9006167035135066,0.567651911518908,1.1039940379546782e-07,0.16379739400908058,0.8830801150339574,9.541901642502003e-08,0.5894310546503391,0.1096339653351024,0.036745683747183226,0.30442076981547533,1.0,1.4356722784152303e-06,0.5608246406606904,0.10589208255728047,0.5894310546503391,0.5894310546503391,0.5894310546503391,0.008588100528336313,0.5894310546503391,0.1096339653351024,0.30442076981547533,0.03259033973754477,0.008588100528336313,0.5894310546503391,0.30442076981547533,0.12070688793493523,0.1096339653351024,0.5614448613886819,0.036745683747183226,0.567651911518908,1.0,0.03259033973754477,0.036745683747183226,1.0,0.0013032446135279004,0.9993526776397597,0.2831508459688398,0.036745683747183226,0.8830801150339574,0.5614448613886819,0.5614448613886819,0.998930162703404,0.03259033973754477,0.5919239004649673,0.1096339653351024,0.03259033973754477,0.1096339653351024,0.03259033973754477,0.03259033973754477,0.8830801150339574,0.0013032446135279004,0.0013032446135279004,1.0415219955150275e-07,0.03259033973754477,0.8963423052232246,0.8546983504231342,0.30442076981547533,0.2831508459688398,0.5614448613886819,0.03259033973754477,0.036745683747183226,0.30442076981547533,0.8595916521442373,0.3036489408663891,0.5608246406606904,0.21316857111874046,0.5614448613886819,0.8188422837933614,0.9993526776397597,0.8830801150339574,0.9372987635595184,0.0012814361017811614
sub-31152_ses-baseline_fs,rh_PhG_R_6_4_thickness,0.7746640574879582,0.9687690187714367,0.9865590506676591,0.5769770076553429,0.8762100967133948,0.3601252932562184,0.4177661543261989,0.9990231006599258,0.11767380050755603,0.19371126524832613,0.8905208374144749,0.9626501566958224,0.3182837336416555,0.9646160337230467,0.8260854591719,0.6893832926494982,0.3310486362604639,0.9951790988466086,0.28322022445867917,0.007366359415966629,0.037976802828187516,0.2831508459688398,0.042427047882552436,0.09718731601088164,0.2996155252555831,0.009741501216138879,0.7746640574879582,0.10612300403883246,0.009005472320010378,0.2831508459688398,0.8762100967133948,0.998930162703404,0.5614448613886812,0.03259033973754477,0.036745683747183115,0.30490373980896834,0.8835325542435518,0.2831508459688398,0.2831508459688398,0.2831508459688398,0.8963423052232251,0.2831508459688398,0.8762100967133948,0.5614448613886812,1.0,0.8963423052232251,0.2831508459688398,0.5614448613886812,0.8546983504231342,0.8762100967133948,0.30442076981547483,0.998930162703404,0.2996155252555831,0.03259033973754477,1.0,0.998930162703404,0.03259033973754477,0.5894310546503392,0.035785330035411934,0.5894310546503391,0.998930162703404,0.10612300403883246,0.30442076981547483,0.30442076981547483,0.036745683747183226,1.0,0.28130454073602756,0.8762100967133948,1.0,0.8762100967133948,1.0,1.0,0.10612300403883246,0.5894310546503392,0.5894310546503392,0.009440881940753898,1.0,0.008588100528336275,0.12070688793493523,0.5614448613886812,0.5894310546503391,0.30442076981547483,1.0,0.998930162703404,0.5614448613886812,0.1181752193039207,0.5624374047743939,0.30490373980896834,0.6917356486870573,0.30442076981547483,0.13957168319018917,0.035785330035411934,0.10612300403883246,0.07833223511211909,0.5866272887747174
sub-31152_ses-baseline_fs,rh_PhG_R_6_5_thickness,0.7998488930622698,0.9790780642570237,0.9930336758973438,0.6050174255155345,0.8963423052232246,0.3367207823163597,0.39257167155026707,0.9999978856121494,0.10681811676796915,0.17794351810901238,0.9096112137496586,0.9739754266478435,0.29644475293017886,0.9516907213301559,0.8019341240969733,0.7166834651791846,0.3087079969940913,0.9896026937550028,0.3044931870359788,0.008506733895544858,0.04270196259439156,0.30442076981547483,0.037727821232786056,0.10728348578146604,0.32158634069335285,0.008452873519498461,0.7998488930622698,0.11692473150559173,0.0078049199212593835,0.30442076981547483,0.8963423052232246,1.0,0.5894310546503384,0.036745683747183226,0.032590339737544716,0.32709112482039143,0.9031452886992307,0.30442076981547483,0.30442076981547483,0.30442076981547483,0.8762100967133953,0.30442076981547483,0.8963423052232246,0.5894310546503384,0.998930162703404,0.8762100967133953,0.30442076981547483,0.5894310546503384,0.8762100967133948,0.8963423052232246,0.3265885465104167,1.0,0.32158634069335285,0.036745683747183226,0.998930162703404,1.0,0.036745683747183226,0.561444861388682,0.040280915822553526,0.6174889196474497,1.0,0.11692473150559173,0.3265885465104167,0.3265885465104167,0.04134224266505805,0.998930162703404,0.30249333005540474,0.8963423052232246,0.998930162703404,0.8963423052232246,0.998930162703404,0.998930162703404,0.11692473150559173,0.561444861388682,0.561444861388682,0.008188124511342786,0.998930162703404,0.009894989386511843,0.13261395810175,0.5894310546503384,0.6174889196474497,0.3265885465104167,0.998930162703404,1.0,0.5894310546503384,0.1298943352380593,0.5904281291389651,0.32709112482039143,0.7189972736310137,0.3265885465104167,0.15283059170000057,0.040280915822553526,0.11692473150559173,0.08686135579216814,0.5586546076527331
sub-31152_ses-baseline_fs,rh_PhG_R_6_6_thickness,0.16379739400908058,0.061036643097020185,0.04945057284537451,0.29249151803487466,0.1096339653351024,0.00027882590784943545,0.00042904695925160787,0.036551882150658105,1.70905008966095e-05,5.5103426485536554e-05,0.10232884161123622,0.0645837510135092,0.0001978273113476354,0.015573843573925128,0.005340895650762548,0.21465572697441437,0.00022037098476112774,0.02507635402628211,0.5893375835136451,0.8748175485470402,0.9982538507402299,0.5894310546503391,1.922025183561333e-06,0.9006167035135066,0.567651911518908,1.1039940379546782e-07,0.16379739400908058,0.8830801150339574,9.541901642502003e-08,0.5894310546503391,0.1096339653351024,0.036745683747183226,0.30442076981547533,1.0,1.4356722784152303e-06,0.5608246406606904,0.10589208255728047,0.5894310546503391,0.5894310546503391,0.5894310546503391,0.008588100528336313,0.5894310546503391,0.1096339653351024,0.30442076981547533,0.03259033973754477,0.008588100528336313,0.5894310546503391,0.30442076981547533,0.12070688793493523,0.1096339653351024,0.5614448613886819,0.036745683747183226,0.567651911518908,1.0,0.03259033973754477,0.036745683747183226,1.0,0.0013032446135279004,0.9993526776397597,0.2831508459688398,0.036745683747183226,0.8830801150339574,0.5614448613886819,0.5614448613886819,0.998930162703404,0.03259033973754477,0.5919239004649673,0.1096339653351024,0.03259033973754477,0.1096339653351024,0.03259033973754477,0.03259033973754477,0.8830801150339574,0.0013032446135279004,0.0013032446135279004,1.0415219955150275e-07,0.03259033973754477,0.8963423052232246,0.8546983504231342,0.30442076981547533,0.2831508459688398,0.5614448613886819,0.03259033973754477,0.036745683747183226,0.30442076981547533,0.8595916521442373,0.3036489408663891,0.5608246406606904,0.21316857111874046,0.5614448613886819,0.8188422837933614,0.9993526776397597,0.8830801150339574,0.9372987635595184,0.0012814361017811614
sub-31152_ses-baseline_fs,rh_pSTS_R_2_1_thickness,0.21900211445587578,0.44072271157291054,0.4910148904284153,0.11568441835552988,0.30442076981547483,0.9227474661820465,0.9579733366719613,0.5626855767172729,0.5819562650461744,0.7356154166459292,0.31992022961882455,0.42726065048834605,0.8890618384212059,0.7492883924637406,0.9193678993533295,0.1673976024859166,0.9001268319692519,0.6489845446686523,0.03260349495073489,0.00017307947416964306,0.0016138220836060355,0.032590339737544806,0.3316334985721911,0.0062210151293947006,0.03578533003541197,0.1312488369957674,0.21900211445587578,0.007086414687461111,0.12458174787781474,0.032590339737544806,0.30442076981547483,0.561444861388682,0.10963396533510217,0.0013032446135279004,0.3044207698154743,0.036842911113365906,0.3122013136238378,0.032590339737544806,0.032590339737544806,0.032590339737544806,0.8546983504231344,0.032590339737544806,0.30442076981547483,0.10963396533510217,0.5894310546503392,0.8546983504231344,0.032590339737544806,0.10963396533510217,0.28315084596883994,0.30442076981547483,0.036745683747183226,0.561444861388682,0.03578533003541197,0.0013032446135279004,0.5894310546503392,0.561444861388682,0.0013032446135279004,1.0,0.001484949781546951,0.12070688793493534,0.561444861388682,0.007086414687461111,0.036745683747183226,0.036745683747183226,0.0015410062941669878,0.5894310546503392,0.03224120246654069,0.30442076981547483,0.5894310546503392,0.30442076981547483,0.5894310546503392,0.5894310546503392,0.007086414687461111,1.0,1.0,0.12855041446407184,0.5894310546503392,0.0002122893524678097,0.008588100528336329,0.10963396533510217,0.12070688793493534,0.036745683747183226,0.5894310546503392,0.561444861388682,0.10963396533510217,0.008319555888162097,0.11001371261589342,0.036842911113365906,0.1686538668843031,0.036745683747183226,0.010691923606797589,0.001484949781546951,0.007086414687461111,0.004534970437178346,0.9999892959574787
sub-31152_ses-baseline_fs,rh_pSTS_R_2_2_thickness,0.17528901198699,0.06641553960683909,0.05397794118780943,0.3092703834202932,0.11817521930392065,0.00032231916690191503,0.0004940495612677865,0.04007143426724233,2.02163684877877e-05,6.458206792526783e-05,0.11043022526555026,0.07021454780116547,0.0002293777802438718,0.017266610822388617,0.0059964101291064735,0.22849597816803116,0.00025527589805338866,0.0276322999793092,0.6111601347470084,0.8581302529865473,0.9997324333071026,0.6112536743868652,2.3102852356388446e-06,0.9149761831757358,0.5894310546503391,1.3525369760141726e-07,0.17528901198699,0.8984888358995194,1.1700895388349255e-07,0.6112536743868652,0.11817521930392065,0.040280915822553526,0.3215863406933533,0.9993526776397597,1.7292017899710675e-06,0.5825789144561164,0.114209412941929,0.6112536743868652,0.6112536743868652,0.6112536743868652,0.009590140439630385,0.6112536743868652,0.11817521930392065,0.3215863406933533,0.035785330035411934,0.009590140439630385,0.6112536743868652,0.3215863406933533,0.1298943352380593,0.11817521930392065,0.5832016134958905,0.040280915822553526,0.5894310546503391,0.9993526776397597,0.035785330035411934,0.040280915822553526,0.9993526776397597,0.001484949781546951,1.0,0.2996155252555831,0.040280915822553526,0.8984888358995194,0.5832016134958905,0.5832016134958905,0.9999471416449036,0.035785330035411934,0.6137479674073854,0.11817521930392065,0.035785330035411934,0.11817521930392065,0.035785330035411934,0.035785330035411934,0.8984888358995194,0.001484949781546951,0.001484949781546951,1.2764727905119606e-07,0.035785330035411934,0.8808074239996598,0.8715446207953425,0.3215863406933533,0.2996155252555831,0.5832016134958905,0.035785330035411934,0.040280915822553526,0.3215863406933533,0.8762100967133948,0.32078998126821623,0.5825789144561164,0.22694526334536944,0.5832016134958905,0.8371442394891777,1.0,0.8984888358995194,0.9489016804399438,0.0014603437522290646
sub-31152_ses-baseline_fs,rh_SPL_R_4_1_thickness,0.9520166218315709,0.73984557115979,0.6886801004884092,0.9997885833430581,0.8762100967133953,0.04883041498048086,0.06329641451861664,0.6162420147898074,0.008266758274490256,0.01772249896764442,0.8612168052204315,0.7535465761640059,0.039587943809601706,0.43144553075672476,0.2578853350448649,0.9863664704900671,0.04230054131760516,0.5301932137107945,0.8547722113478305,0.10892467412158308,0.31048968162357105,0.8546983504231342,0.0018857897130236567,0.5275018001684811,0.8715446207953425,0.00025120156509672744,0.9520166218315709,0.5521518526591566,0.00022616458407559564,0.8546983504231342,0.8762100967133953,0.6174889196474497,0.998930162703404,0.2831508459688398,0.001541006294166981,0.8766729182264057,0.868713183522444,0.8546983504231342,0.8546983504231342,0.8546983504231342,0.32658854651041735,0.8546983504231342,0.8762100967133953,0.998930162703404,0.5894310546503391,0.32658854651041735,0.8546983504231342,0.998930162703404,0.8963423052232251,0.8762100967133953,0.8762100967133948,0.6174889196474497,0.8715446207953425,0.2831508459688398,0.5894310546503391,0.6174889196474497,0.2831508459688398,0.12070688793493534,0.2996155252555831,1.0,0.6174889196474497,0.5521518526591566,0.8762100967133948,0.8762100967133948,0.3044207698154747,0.5894310546503391,0.8527235959519964,0.8762100967133953,0.5894310546503391,0.8762100967133953,0.5894310546503391,0.5894310546503391,0.5521518526591566,0.12070688793493534,0.12070688793493534,0.0002408893938836344,0.5894310546503391,0.1207068879349349,0.5894310546503391,0.998930162703404,1.0,0.8762100967133948,0.5894310546503391,0.6174889196474497,0.998930162703404,0.5832016134958905,0.9990048503426051,0.8766729182264057,0.9857119889333684,0.8762100967133948,0.6330016053414171,0.2996155252555831,0.5521518526591566,0.47008089803178493,0.11956255815015926
sub-31152_ses-baseline_fs,rh_SPL_R_4_2_thickness,0.7998488930622698,0.9790780642570237,0.9930336758973438,0.6050174255155345,0.8963423052232246,0.3367207823163597,0.39257167155026707,0.9999978856121494,0.10681811676796915,0.17794351810901238,0.9096112137496586,0.9739754266478435,0.29644475293017886,0.9516907213301559,0.8019341240969733,0.7166834651791846,0.3087079969940913,0.9896026937550028,0.3044931870359788,0.008506733895544858,0.04270196259439156,0.30442076981547483,0.037727821232786056,0.10728348578146604,0.32158634069335285,0.008452873519498461,0.7998488930622698,0.11692473150559173,0.0078049199212593835,0.30442076981547483,0.8963423052232246,1.0,0.5894310546503384,0.036745683747183226,0.032590339737544716,0.32709112482039143,0.9031452886992307,0.30442076981547483,0.30442076981547483,0.30442076981547483,0.8762100967133953,0.30442076981547483,0.8963423052232246,0.5894310546503384,0.998930162703404,0.8762100967133953,0.30442076981547483,0.5894310546503384,0.8762100967133948,0.8963423052232246,0.3265885465104167,1.0,0.32158634069335285,0.036745683747183226,0.998930162703404,1.0,0.036745683747183226,0.561444861388682,0.040280915822553526,0.6174889196474497,1.0,0.11692473150559173,0.3265885465104167,0.3265885465104167,0.04134224266505805,0.998930162703404,0.30249333005540474,0.8963423052232246,0.998930162703404,0.8963423052232246,0.998930162703404,0.998930162703404,0.11692473150559173,0.561444861388682,0.561444861388682,0.008188124511342786,0.998930162703404,0.009894989386511843,0.13261395810175,0.5894310546503384,0.6174889196474497,0.3265885465104167,0.998930162703404,1.0,0.5894310546503384,0.1298943352380593,0.5904281291389651,0.32709112482039143,0.7189972736310137,0.3265885465104167,0.15283059170000057,0.040280915822553526,0.11692473150559173,0.08686135579216814,0.5586546076527331
sub-31152_ses-baseline_fs,rh_SPL_R_4_3_thickness,0.37347802295102966,0.17528901198699007,0.1483416747851444,0.5645473162023691,0.2762649449396828,0.0018517354482712,0.002700034082707645,0.11642738767206648,0.00015613761913236887,0.00044288887812205235,0.2620755693000936,0.18326846427680768,0.0013699789186613772,0.05797613911682151,0.02367063684243641,0.45464040340245654,0.0015062769213370273,0.08575838343916324,0.8691157549203702,0.5969109739854362,0.9079150148097084,0.8691867473774927,2.192462960750708e-05,0.9991546015164525,0.8522283682222339,1.6399103530210085e-06,0.37347802295102966,1.0,1.4356722784152303e-06,0.8691867473774927,0.2762649449396828,0.11692473150559173,0.5800886272155389,0.8830801150339574,1.6845189648288276e-05,0.8467407253653393,0.2690339127773046,0.8691867473774927,0.8691867473774927,0.8691867473774927,0.03531320668945891,0.8691867473774927,0.2762649449396828,0.5800886272155389,0.10612300403883246,0.03531320668945891,0.8691867473774927,0.5800886272155389,0.29722963822892734,0.2762649449396828,0.847242616890197,0.11692473150559173,0.8522283682222339,0.8830801150339574,0.10612300403883246,0.11692473150559173,0.8830801150339574,0.007086414687461111,0.8984888358995194,0.5521518526591566,0.11692473150559173,1.0,0.847242616890197,0.847242616890197,0.9027257512556865,0.10612300403883246,0.8710743767523882,0.2762649449396828,0.10612300403883246,0.2762649449396828,0.10612300403883246,0.10612300403883246,1.0,0.007086414687461111,0.007086414687461111,1.555065281840202e-06,0.10612300403883246,0.6268369813611766,0.9980988583861022,0.5800886272155389,0.5521518526591566,0.847242616890197,0.10612300403883246,0.11692473150559173,0.5800886272155389,0.9986793789847219,0.5790927527360998,0.8467407253653393,0.4523827544166829,0.847242616890197,0.9911201014026337,0.8984888358995194,1.0,0.990412565505125,0.006983926168562502
sub-31152_ses-baseline_fs,rh_SPL_R_4_4_thickness,0.7099615901006785,0.43493690200535273,0.38707000548812276,0.8853352705367961,0.5894310546503391,0.012095771392060334,0.016573979539083152,0.3255846727304186,0.001473966890180911,0.003606075046601632,0.5697331118525899,0.44849299932088016,0.00939208373212171,0.19410489317766458,0.09692866703196445,0.7936916919243535,0.0101717984436067,0.260330698575481,0.9989372792801435,0.2817654321347347,0.5972227158340677,0.998930162703404,0.00026745039667891863,0.8267151279127344,0.9999471416449036,2.7135968522166388e-05,0.7099615901006785,0.847242616890197,2.4110621724655782e-05,0.998930162703404,0.5894310546503391,0.3265885465104167,0.8963423052232251,0.5614448613886819,0.00021228935246780933,0.9999994714026182,0.5794661889375499,0.998930162703404,0.998930162703404,0.998930162703404,0.13261395810175,0.998930162703404,0.5894310546503391,0.8963423052232251,0.30442076981547483,0.13261395810175,0.998930162703404,0.8963423052232251,0.6174889196474498,0.5894310546503391,1.0,0.3265885465104167,0.9999471416449036,0.5614448613886819,0.30442076981547483,0.3265885465104167,0.5614448613886819,0.036745683747183226,0.5832016134958905,0.8762100967133948,0.3265885465104167,0.847242616890197,1.0,1.0,0.5894310546503391,0.30442076981547483,0.9987316423972167,0.5894310546503391,0.30442076981547483,0.5894310546503391,0.30442076981547483,0.30442076981547483,0.847242616890197,0.036745683747183226,0.036745683747183226,2.588481079645009e-05,0.30442076981547483,0.3044207698154747,0.8762100967133953,0.8963423052232251,0.8762100967133948,1.0,0.30442076981547483,0.3265885465104167,0.8963423052232251,0.871544620795343,0.8956514995296461,0.9999994714026182,0.7915525262547998,1.0,0.9068455351562591,0.5832016134958905,0.847242616890197,0.7746640574879581,0.03631085096915168
sub-31152_ses-baseline_fs,rh_IPL_R_6_1_thickness,0.7099615901006785,0.43493690200535273,0.38707000548812276,0.8853352705367961,0.5894310546503391,0.012095771392060334,0.016573979539083152,0.3255846727304186,0.001473966890180911,0.003606075046601632,0.5697331118525899,0.44849299932088016,0.00939208373212171,0.19410489317766458,0.09692866703196445,0.7936916919243535,0.0101717984436067,0.260330698575481,0.9989372792801435,0.2817654321347347,0.5972227158340677,0.998930162703404,0.00026745039667891863,0.8267151279127344,0.9999471416449036,2.7135968522166388e-05,0.7099615901006785,0.847242616890197,2.4110621724655782e-05,0.998930162703404,0.5894310546503391,0.3265885465104167,0.8963423052232251,0.5614448613886819,0.00021228935246780933,0.9999994714026182,0.5794661889375499,0.998930162703404,0.998930162703404,0.998930162703404,0.13261395810175,0.998930162703404,0.5894310546503391,0.8963423052232251,0.30442076981547483,0.13261395810175,0.998930162703404,0.8963423052232251,0.6174889196474498,0.5894310546503391,1.0,0.3265885465104167,0.9999471416449036,0.5614448613886819,0.30442076981547483,0.3265885465104167,0.5614448613886819,0.036745683747183226,0.5832016134958905,0.8762100967133948,0.3265885465104167,0.847242616890197,1.0,1.0,0.5894310546503391,0.30442076981547483,0.9987316423972167,0.5894310546503391,0.30442076981547483,0.5894310546503391,0.30442076981547483,0.30442076981547483,0.847242616890197,0.036745683747183226,0.036745683747183226,2.588481079645009e-05,0.30442076981547483,0.3044207698154747,0.8762100967133953,0.8963423052232251,0.8762100967133948,1.0,0.30442076981547483,0.3265885465104167,0.8963423052232251,0.871544620795343,0.8956514995296461,0.9999994714026182,0.7915525262547998,1.0,0.9068455351562591,0.5832016134958905,0.847242616890197,0.7746640574879581,0.03631085096915168
sub-31152_ses-baseline_fs,rh_IPL_R_6_2_thickness,0.1786755049259062,0.06802148881881127,0.055332845885000426,0.3141640393862519,0.12070688793493523,0.0003358685969988897,0.0005142469156426664,0.041128111261821934,2.120519285221257e-05,6.75622154837502e-05,0.11283372092889572,0.07189460852168544,0.00023922661589867843,0.017778987377600863,0.006196592664730429,0.2325564670036846,0.0002661649763094335,0.028402550584295177,0.6173954048934784,0.8532182094387917,0.9999174100480059,0.6174889196474497,2.4344044563405394e-06,0.9189021805870227,0.595664058655481,1.432982274801456e-07,0.1786755049259062,0.9027257512556865,1.2400110398215342e-07,0.6174889196474497,0.12070688793493523,0.04134224266505805,0.32658854651041735,0.998930162703404,1.823162300088964e-06,0.588807929094807,0.11667585626560606,0.6174889196474497,0.6174889196474497,0.6174889196474497,0.009894989386511878,0.6174889196474497,0.12070688793493523,0.32658854651041735,0.036745683747183226,0.009894989386511878,0.6174889196474497,0.32658854651041735,0.1326139581017499,0.12070688793493523,0.5894310546503391,0.04134224266505805,0.595664058655481,0.998930162703404,0.036745683747183226,0.04134224266505805,0.998930162703404,0.0015410062941669878,0.9999471416449036,0.3044207698154747,0.04134224266505805,0.9027257512556865,0.5894310546503391,0.5894310546503391,1.0,0.036745683747183226,0.6199824380760496,0.12070688793493523,0.036745683747183226,0.12070688793493523,0.036745683747183226,0.036745683747183226,0.9027257512556865,0.0015410062941669878,0.0015410062941669878,1.352536976014163e-07,0.036745683747183226,0.8762100967133948,0.8762100967133948,0.32658854651041735,0.3044207698154747,0.5894310546503391,0.036745683747183226,0.04134224266505805,0.32658854651041735,0.8808074239996598,0.3257853105382937,0.588807929094807,0.23098759666404595,0.5894310546503391,0.8422477400750377,0.9999471416449036,0.9027257512556865,0.9520166218315709,0.0015155434913162842
sub-31152_ses-baseline_fs,rh_IPL_R_6_3_thickness,0.7746640574879582,0.9687690187714367,0.9865590506676591,0.5769770076553429,0.8762100967133948,0.3601252932562184,0.4177661543261989,0.9990231006599258,0.11767380050755603,0.19371126524832613,0.8905208374144749,0.9626501566958224,0.3182837336416555,0.9646160337230467,0.8260854591719,0.6893832926494982,0.3310486362604639,0.9951790988466086,0.28322022445867917,0.007366359415966629,0.037976802828187516,0.2831508459688398,0.042427047882552436,0.09718731601088164,0.2996155252555831,0.009741501216138879,0.7746640574879582,0.10612300403883246,0.009005472320010378,0.2831508459688398,0.8762100967133948,0.998930162703404,0.5614448613886812,0.03259033973754477,0.036745683747183115,0.30490373980896834,0.8835325542435518,0.2831508459688398,0.2831508459688398,0.2831508459688398,0.8963423052232251,0.2831508459688398,0.8762100967133948,0.5614448613886812,1.0,0.8963423052232251,0.2831508459688398,0.5614448613886812,0.8546983504231342,0.8762100967133948,0.30442076981547483,0.998930162703404,0.2996155252555831,0.03259033973754477,1.0,0.998930162703404,0.03259033973754477,0.5894310546503392,0.035785330035411934,0.5894310546503391,0.998930162703404,0.10612300403883246,0.30442076981547483,0.30442076981547483,0.036745683747183226,1.0,0.28130454073602756,0.8762100967133948,1.0,0.8762100967133948,1.0,1.0,0.10612300403883246,0.5894310546503392,0.5894310546503392,0.009440881940753898,1.0,0.008588100528336275,0.12070688793493523,0.5614448613886812,0.5894310546503391,0.30442076981547483,1.0,0.998930162703404,0.5614448613886812,0.1181752193039207,0.5624374047743939,0.30490373980896834,0.6917356486870573,0.30442076981547483,0.13957168319018917,0.035785330035411934,0.10612300403883246,0.07833223511211909,0.5866272887747174
sub-31152_ses-baseline_fs,rh_IPL_R_6_4_thickness,0.6801005459992306,0.40704331135636085,0.36065469615691653,0.8624973012994396,0.5589645407294653,0.010400744260628855,0.014329132228405416,0.3015322786829084,0.0012272275339112737,0.0030415372496839176,0.5393996466739883,0.4202380305617315,0.00804184831611641,0.1769561789844367,0.08682187629049655,0.7659957835613586,0.008720979043603607,0.2393738703134654,0.9999908962706254,0.3049037398089689,0.62777132291225,0.9999915424754213,0.00021774047364642908,0.8517325276530299,0.9991963262886725,2.1510722511244568e-05,0.6801005459992306,0.8710743767523882,1.9087789694184212e-05,0.9999915424754213,0.5589645407294653,0.30249333005540474,0.8743520090881965,0.5919239004649673,0.00017234026770145147,0.9986793789847219,0.5490594674237005,0.9999915424754213,0.9999915424754213,0.9999915424754213,0.11968929481916012,0.9999915424754213,0.5589645407294653,0.8743520090881965,0.28130454073602756,0.11968929481916012,0.9999915424754213,0.8743520090881965,0.5869387790560233,0.5589645407294653,0.9987316423972167,0.30249333005540474,0.9991963262886725,0.5919239004649673,0.28130454073602756,0.30249333005540474,0.5919239004649673,0.03224120246654069,0.6137479674073854,0.8527235959519964,0.30249333005540474,0.8710743767523882,0.9987316423972167,0.9987316423972167,0.6199824380760496,0.28130454073602756,1.0,0.5589645407294653,0.28130454073602756,0.5589645407294653,0.28130454073602756,0.28130454073602756,0.8710743767523882,0.03224120246654069,0.03224120246654069,2.05083013489311e-05,0.28130454073602756,0.3286014205567385,0.8980610177717637,0.8743520090881965,0.8527235959519964,0.9987316423972167,0.28130454073602756,0.30249333005540474,0.8743520090881965,0.893742055590357,0.8736057401664977,0.9986793789847219,0.7637789210362987,0.9987316423972167,0.9261009534876861,0.6137479674073854,0.8710743767523882,0.8020436843972527,0.03185224781133295
sub-31152_ses-baseline_fs,rh_IPL_R_6_5_thickness,0.9801007360088808,0.9662119548929463,0.9407236368149202,0.8668123428956352,1.0,0.15134349769268007,0.18558716077318407,0.895478502631507,0.03559584082850472,0.0668700526953821,0.9994706321339216,0.9720330689838642,0.12810923600436006,0.7362612980992891,0.5267657851771019,0.9411119198837549,0.1350549824420884,0.8290093945120636,0.5615379024361096,0.03232818582456165,0.12392945293445867,0.5614448613886819,0.010208449504965645,0.2584095227513214,0.5832016134958905,0.0017853191428805998,0.9801007360088808,0.2762649449396828,0.0016287607443379256,0.5614448613886819,1.0,0.8963423052232246,0.8546983504231342,0.1096339653351024,0.00858810052833626,0.5900542158464734,0.9998646881899689,0.5614448613886819,0.5614448613886819,0.5614448613886819,0.6174889196474497,0.5614448613886819,1.0,0.8546983504231342,0.8762100967133948,0.6174889196474497,0.5614448613886819,0.8546983504231342,0.998930162703404,1.0,0.5894310546503391,0.8963423052232246,0.5832016134958905,0.1096339653351024,0.8762100967133948,0.8963423052232246,0.1096339653351024,0.30442076981547483,0.11817521930392065,0.8762100967133953,0.8963423052232246,0.2762649449396828,0.5894310546503391,0.5894310546503391,0.12070688793493523,0.8762100967133948,0.5589645407294653,1.0,0.8762100967133948,1.0,0.8762100967133948,0.8762100967133948,0.2762649449396828,0.30442076981547483,0.30442076981547483,0.0017211030312855354,0.8762100967133948,0.03674568374718319,0.30442076981547533,0.8546983504231342,0.8762100967133953,0.5894310546503391,0.8762100967133948,0.8963423052232246,0.8546983504231342,0.2996155252555837,0.8554854803195509,0.5900542158464734,0.9424034013503644,0.5894310546503391,0.339228873662802,0.11817521930392065,0.2762649449396828,0.21900211445587564,0.3022529002560834
sub-31152_ses-baseline_fs,rh_IPL_R_6_6_thickness,0.7746640574879582,0.9687690187714367,0.9865590506676591,0.5769770076553429,0.8762100967133948,0.3601252932562184,0.4177661543261989,0.9990231006599258,0.11767380050755603,0.19371126524832613,0.8905208374144749,0.9626501566958224,0.3182837336416555,0.9646160337230467,0.8260854591719,0.6893832926494982,0.3310486362604639,0.9951790988466086,0.28322022445867917,0.007366359415966629,0.037976802828187516,0.2831508459688398,0.042427047882552436,0.09718731601088164,0.2996155252555831,0.009741501216138879,0.7746640574879582,0.10612300403883246,0.009005472320010378,0.2831508459688398,0.8762100967133948,0.998930162703404,0.5614448613886812,0.03259033973754477,0.036745683747183115,0.30490373980896834,0.8835325542435518,0.2831508459688398,0.2831508459688398,0.2831508459688398,0.8963423052232251,0.2831508459688398,0.8762100967133948,0.5614448613886812,1.0,0.8963423052232251,0.2831508459688398,0.5614448613886812,0.8546983504231342,0.8762100967133948,0.30442076981547483,0.998930162703404,0.2996155252555831,0.03259033973754477,1.0,0.998930162703404,0.03259033973754477,0.5894310546503392,0.035785330035411934,0.5894310546503391,0.998930162703404,0.10612300403883246,0.30442076981547483,0.30442076981547483,0.036745683747183226,1.0,0.28130454073602756,0.8762100967133948,1.0,0.8762100967133948,1.0,1.0,0.10612300403883246,0.5894310546503392,0.5894310546503392,0.009440881940753898,1.0,0.008588100528336275,0.12070688793493523,0.5614448613886812,0.5894310546503391,0.30442076981547483,1.0,0.998930162703404,0.5614448613886812,0.1181752193039207,0.5624374047743939,0.30490373980896834,0.6917356486870573,0.30442076981547483,0.13957168319018917,0.035785330035411934,0.10612300403883246,0.07833223511211909,0.5866272887747174
sub-31152_ses-baseline_fs,rh_PCun_R_4_1_thickness,0.9801007360088808,0.9662119548929463,0.9407236368149202,0.8668123428956352,1.0,0.15134349769268007,0.18558716077318407,0.895478502631507,0.03559584082850472,0.0668700526953821,0.9994706321339216,0.9720330689838642,0.12810923600436006,0.7362612980992891,0.5267657851771019,0.9411119198837549,0.1350549824420884,0.8290093945120636,0.5615379024361096,0.03232818582456165,0.12392945293445867,0.5614448613886819,0.010208449504965645,0.2584095227513214,0.5832016134958905,0.0017853191428805998,0.9801007360088808,0.2762649449396828,0.0016287607443379256,0.5614448613886819,1.0,0.8963423052232246,0.8546983504231342,0.1096339653351024,0.00858810052833626,0.5900542158464734,0.9998646881899689,0.5614448613886819,0.5614448613886819,0.5614448613886819,0.6174889196474497,0.5614448613886819,1.0,0.8546983504231342,0.8762100967133948,0.6174889196474497,0.5614448613886819,0.8546983504231342,0.998930162703404,1.0,0.5894310546503391,0.8963423052232246,0.5832016134958905,0.1096339653351024,0.8762100967133948,0.8963423052232246,0.1096339653351024,0.30442076981547483,0.11817521930392065,0.8762100967133953,0.8963423052232246,0.2762649449396828,0.5894310546503391,0.5894310546503391,0.12070688793493523,0.8762100967133948,0.5589645407294653,1.0,0.8762100967133948,1.0,0.8762100967133948,0.8762100967133948,0.2762649449396828,0.30442076981547483,0.30442076981547483,0.0017211030312855354,0.8762100967133948,0.03674568374718319,0.30442076981547533,0.8546983504231342,0.8762100967133953,0.5894310546503391,0.8762100967133948,0.8963423052232246,0.8546983504231342,0.2996155252555837,0.8554854803195509,0.5900542158464734,0.9424034013503644,0.5894310546503391,0.339228873662802,0.11817521930392065,0.2762649449396828,0.21900211445587564,0.3022529002560834
sub-31152_ses-baseline_fs,rh_PCun_R_4_2_thickness,0.7746640574879582,0.9687690187714367,0.9865590506676591,0.5769770076553429,0.8762100967133948,0.3601252932562184,0.4177661543261989,0.9990231006599258,0.11767380050755603,0.19371126524832613,0.8905208374144749,0.9626501566958224,0.3182837336416555,0.9646160337230467,0.8260854591719,0.6893832926494982,0.3310486362604639,0.9951790988466086,0.28322022445867917,0.007366359415966629,0.037976802828187516,0.2831508459688398,0.042427047882552436,0.09718731601088164,0.2996155252555831,0.009741501216138879,0.7746640574879582,0.10612300403883246,0.009005472320010378,0.2831508459688398,0.8762100967133948,0.998930162703404,0.5614448613886812,0.03259033973754477,0.036745683747183115,0.30490373980896834,0.8835325542435518,0.2831508459688398,0.2831508459688398,0.2831508459688398,0.8963423052232251,0.2831508459688398,0.8762100967133948,0.5614448613886812,1.0,0.8963423052232251,0.2831508459688398,0.5614448613886812,0.8546983504231342,0.8762100967133948,0.30442076981547483,0.998930162703404,0.2996155252555831,0.03259033973754477,1.0,0.998930162703404,0.03259033973754477,0.5894310546503392,0.035785330035411934,0.5894310546503391,0.998930162703404,0.10612300403883246,0.30442076981547483,0.30442076981547483,0.036745683747183226,1.0,0.28130454073602756,0.8762100967133948,1.0,0.8762100967133948,1.0,1.0,0.10612300403883246,0.5894310546503392,0.5894310546503392,0.009440881940753898,1.0,0.008588100528336275,0.12070688793493523,0.5614448613886812,0.5894310546503391,0.30442076981547483,1.0,0.998930162703404,0.5614448613886812,0.1181752193039207,0.5624374047743939,0.30490373980896834,0.6917356486870573,0.30442076981547483,0.13957168319018917,0.035785330035411934,0.10612300403883246,0.07833223511211909,0.5866272887747174
sub-31152_ses-baseline_fs,rh_PCun_R_4_3_thickness,0.7746640574879582,0.9687690187714367,0.9865590506676591,0.5769770076553429,0.8762100967133948,0.3601252932562184,0.4177661543261989,0.9990231006599258,0.11767380050755603,0.19371126524832613,0.8905208374144749,0.9626501566958224,0.3182837336416555,0.9646160337230467,0.8260854591719,0.6893832926494982,0.3310486362604639,0.9951790988466086,0.28322022445867917,0.007366359415966629,0.037976802828187516,0.2831508459688398,0.042427047882552436,0.09718731601088164,0.2996155252555831,0.009741501216138879,0.7746640574879582,0.10612300403883246,0.009005472320010378,0.2831508459688398,0.8762100967133948,0.998930162703404,0.5614448613886812,0.03259033973754477,0.036745683747183115,0.30490373980896834,0.8835325542435518,0.2831508459688398,0.2831508459688398,0.2831508459688398,0.8963423052232251,0.2831508459688398,0.8762100967133948,0.5614448613886812,1.0,0.8963423052232251,0.2831508459688398,0.5614448613886812,0.8546983504231342,0.8762100967133948,0.30442076981547483,0.998930162703404,0.2996155252555831,0.03259033973754477,1.0,0.998930162703404,0.03259033973754477,0.5894310546503392,0.035785330035411934,0.5894310546503391,0.998930162703404,0.10612300403883246,0.30442076981547483,0.30442076981547483,0.036745683747183226,1.0,0.28130454073602756,0.8762100967133948,1.0,0.8762100967133948,1.0,1.0,0.10612300403883246,0.5894310546503392,0.5894310546503392,0.009440881940753898,1.0,0.008588100528336275,0.12070688793493523,0.5614448613886812,0.5894310546503391,0.30442076981547483,1.0,0.998930162703404,0.5614448613886812,0.1181752193039207,0.5624374047743939,0.30490373980896834,0.6917356486870573,0.30442076981547483,0.13957168319018917,0.035785330035411934,0.10612300403883246,0.07833223511211909,0.5866272887747174
sub-31152_ses-baseline_fs,rh_PCun_R_4_4_thickness,0.37347802295102966,0.17528901198699007,0.1483416747851444,0.5645473162023691,0.2762649449396828,0.0018517354482712,0.002700034082707645,0.11642738767206648,0.00015613761913236887,0.00044288887812205235,0.2620755693000936,0.18326846427680768,0.0013699789186613772,0.05797613911682151,0.02367063684243641,0.45464040340245654,0.0015062769213370273,0.08575838343916324,0.8691157549203702,0.5969109739854362,0.9079150148097084,0.8691867473774927,2.192462960750708e-05,0.9991546015164525,0.8522283682222339,1.6399103530210085e-06,0.37347802295102966,1.0,1.4356722784152303e-06,0.8691867473774927,0.2762649449396828,0.11692473150559173,0.5800886272155389,0.8830801150339574,1.6845189648288276e-05,0.8467407253653393,0.2690339127773046,0.8691867473774927,0.8691867473774927,0.8691867473774927,0.03531320668945891,0.8691867473774927,0.2762649449396828,0.5800886272155389,0.10612300403883246,0.03531320668945891,0.8691867473774927,0.5800886272155389,0.29722963822892734,0.2762649449396828,0.847242616890197,0.11692473150559173,0.8522283682222339,0.8830801150339574,0.10612300403883246,0.11692473150559173,0.8830801150339574,0.007086414687461111,0.8984888358995194,0.5521518526591566,0.11692473150559173,1.0,0.847242616890197,0.847242616890197,0.9027257512556865,0.10612300403883246,0.8710743767523882,0.2762649449396828,0.10612300403883246,0.2762649449396828,0.10612300403883246,0.10612300403883246,1.0,0.007086414687461111,0.007086414687461111,1.555065281840202e-06,0.10612300403883246,0.6268369813611766,0.9980988583861022,0.5800886272155389,0.5521518526591566,0.847242616890197,0.10612300403883246,0.11692473150559173,0.5800886272155389,0.9986793789847219,0.5790927527360998,0.8467407253653393,0.4523827544166829,0.847242616890197,0.9911201014026337,0.8984888358995194,1.0,0.990412565505125,0.006983926168562502
sub-31152_ses-baseline_fs,rh_PoG_R_4_1_thickness,0.21900211445587578,0.44072271157291054,0.4910148904284153,0.11568441835552988,0.30442076981547483,0.9227474661820465,0.9579733366719613,0.5626855767172729,0.5819562650461744,0.7356154166459292,0.31992022961882455,0.42726065048834605,0.8890618384212059,0.7492883924637406,0.9193678993533295,0.1673976024859166,0.9001268319692519,0.6489845446686523,0.03260349495073489,0.00017307947416964306,0.0016138220836060355,0.032590339737544806,0.3316334985721911,0.0062210151293947006,0.03578533003541197,0.1312488369957674,0.21900211445587578,0.007086414687461111,0.12458174787781474,0.032590339737544806,0.30442076981547483,0.561444861388682,0.10963396533510217,0.0013032446135279004,0.3044207698154743,0.036842911113365906,0.3122013136238378,0.032590339737544806,0.032590339737544806,0.032590339737544806,0.8546983504231344,0.032590339737544806,0.30442076981547483,0.10963396533510217,0.5894310546503392,0.8546983504231344,0.032590339737544806,0.10963396533510217,0.28315084596883994,0.30442076981547483,0.036745683747183226,0.561444861388682,0.03578533003541197,0.0013032446135279004,0.5894310546503392,0.561444861388682,0.0013032446135279004,1.0,0.001484949781546951,0.12070688793493534,0.561444861388682,0.007086414687461111,0.036745683747183226,0.036745683747183226,0.0015410062941669878,0.5894310546503392,0.03224120246654069,0.30442076981547483,0.5894310546503392,0.30442076981547483,0.5894310546503392,0.5894310546503392,0.007086414687461111,1.0,1.0,0.12855041446407184,0.5894310546503392,0.0002122893524678097,0.008588100528336329,0.10963396533510217,0.12070688793493534,0.036745683747183226,0.5894310546503392,0.561444861388682,0.10963396533510217,0.008319555888162097,0.11001371261589342,0.036842911113365906,0.1686538668843031,0.036745683747183226,0.010691923606797589,0.001484949781546951,0.007086414687461111,0.004534970437178346,0.9999892959574787
sub-31152_ses-baseline_fs,rh_PoG_R_4_2_thickness,0.21900211445587578,0.44072271157291054,0.4910148904284153,0.11568441835552988,0.30442076981547483,0.9227474661820465,0.9579733366719613,0.5626855767172729,0.5819562650461744,0.7356154166459292,0.31992022961882455,0.42726065048834605,0.8890618384212059,0.7492883924637406,0.9193678993533295,0.1673976024859166,0.9001268319692519,0.6489845446686523,0.03260349495073489,0.00017307947416964306,0.0016138220836060355,0.032590339737544806,0.3316334985721911,0.0062210151293947006,0.03578533003541197,0.1312488369957674,0.21900211445587578,0.007086414687461111,0.12458174787781474,0.032590339737544806,0.30442076981547483,0.561444861388682,0.10963396533510217,0.0013032446135279004,0.3044207698154743,0.036842911113365906,0.3122013136238378,0.032590339737544806,0.032590339737544806,0.032590339737544806,0.8546983504231344,0.032590339737544806,0.30442076981547483,0.10963396533510217,0.5894310546503392,0.8546983504231344,0.032590339737544806,0.10963396533510217,0.28315084596883994,0.30442076981547483,0.036745683747183226,0.561444861388682,0.03578533003541197,0.0013032446135279004,0.5894310546503392,0.561444861388682,0.0013032446135279004,1.0,0.001484949781546951,0.12070688793493534,0.561444861388682,0.007086414687461111,0.036745683747183226,0.036745683747183226,0.0015410062941669878,0.5894310546503392,0.03224120246654069,0.30442076981547483,0.5894310546503392,0.30442076981547483,0.5894310546503392,0.5894310546503392,0.007086414687461111,1.0,1.0,0.12855041446407184,0.5894310546503392,0.0002122893524678097,0.008588100528336329,0.10963396533510217,0.12070688793493534,0.036745683747183226,0.5894310546503392,0.561444861388682,0.10963396533510217,0.008319555888162097,0.11001371261589342,0.036842911113365906,0.1686538668843031,0.036745683747183226,0.010691923606797589,0.001484949781546951,0.007086414687461111,0.004534970437178346,0.9999892959574787
sub-31152_ses-baseline_fs,rh_PoG_R_4_3_thickness,0.0008249062264325562,0.004237834308591002,0.005635795003897529,0.00022144741476615894,0.0017211030312855354,0.26724462203362115,0.22295010032133286,0.008240472182376396,0.6156185306452376,0.46247083580212955,0.0019319751023058336,0.003913375352228544,0.3052179080916172,0.020670726610883695,0.051505147909324554,0.0004672981437242556,0.293036472219936,0.012685193453665896,2.0918775845869848e-05,4.8520763817084994e-09,1.4538063531329207e-07,2.090380391816114e-05,0.8644215778459163,1.256040267898855e-06,2.4688729964439844e-05,0.9999471416449036,0.0008249062264325562,1.555065281840202e-06,0.9998810726300864,2.090380391816114e-05,0.0017211030312855354,0.008188124511342786,0.0001992179750340459,1.0415219955150275e-07,0.8897923193812551,2.600740939572819e-05,0.001824900619277493,2.090380391816114e-05,2.090380391816114e-05,2.090380391816114e-05,0.03531320668945876,2.090380391816114e-05,0.0017211030312855354,0.0001992179750340459,0.009440881940753898,0.03531320668945876,2.090380391816114e-05,0.0001992179750340459,0.0014576331157028903,0.0017211030312855354,2.588481079645009e-05,0.008188124511342786,2.4688729964439844e-05,1.0415219955150275e-07,0.009440881940753898,0.008188124511342786,1.0415219955150275e-07,0.12855041446407184,1.2764727905119606e-07,0.0002408893938836344,0.008188124511342786,1.555065281840202e-06,2.588481079645009e-05,2.588481079645009e-05,1.352536976014163e-07,0.009440881940753898,2.05083013489311e-05,0.0017211030312855354,0.009440881940753898,0.0017211030312855354,0.009440881940753898,0.009440881940753898,1.555065281840202e-06,0.12855041446407184,0.12855041446407184,1.0,0.009440881940753898,6.576971844945894e-09,2.1354471005446834e-06,0.0001992179750340459,0.0002408893938836344,2.588481079645009e-05,0.009440881940753898,0.008188124511342786,0.0001992179750340459,2.0260348076216793e-06,0.00020057528146725766,2.600740939572819e-05,0.000474595293402844,2.588481079645009e-05,3.075187995900492e-06,1.2764727905119606e-07,1.555065281840202e-06,7.512592674895931e-07,0.12975946765323246
sub-31152_ses-baseline_fs,rh_PoG_R_4_4_thickness,0.7746640574879582,0.9687690187714367,0.9865590506676591,0.5769770076553429,0.8762100967133948,0.3601252932562184,0.4177661543261989,0.9990231006599258,0.11767380050755603,0.19371126524832613,0.8905208374144749,0.9626501566958224,0.3182837336416555,0.9646160337230467,0.8260854591719,0.6893832926494982,0.3310486362604639,0.9951790988466086,0.28322022445867917,0.007366359415966629,0.037976802828187516,0.2831508459688398,0.042427047882552436,0.09718731601088164,0.2996155252555831,0.009741501216138879,0.7746640574879582,0.10612300403883246,0.009005472320010378,0.2831508459688398,0.8762100967133948,0.998930162703404,0.5614448613886812,0.03259033973754477,0.036745683747183115,0.30490373980896834,0.8835325542435518,0.2831508459688398,0.2831508459688398,0.2831508459688398,0.8963423052232251,0.2831508459688398,0.8762100967133948,0.5614448613886812,1.0,0.8963423052232251,0.2831508459688398,0.5614448613886812,0.8546983504231342,0.8762100967133948,0.30442076981547483,0.998930162703404,0.2996155252555831,0.03259033973754477,1.0,0.998930162703404,0.03259033973754477,0.5894310546503392,0.035785330035411934,0.5894310546503391,0.998930162703404,0.10612300403883246,0.30442076981547483,0.30442076981547483,0.036745683747183226,1.0,0.28130454073602756,0.8762100967133948,1.0,0.8762100967133948,1.0,1.0,0.10612300403883246,0.5894310546503392,0.5894310546503392,0.009440881940753898,1.0,0.008588100528336275,0.12070688793493523,0.5614448613886812,0.5894310546503391,0.30442076981547483,1.0,0.998930162703404,0.5614448613886812,0.1181752193039207,0.5624374047743939,0.30490373980896834,0.6917356486870573,0.30442076981547483,0.13957168319018917,0.035785330035411934,0.10612300403883246,0.07833223511211909,0.5866272887747174
sub-31152_ses-baseline_fs,rh_INS_R_6_1_thickness,0.06029827114325905,0.018095926830855487,0.014073577591464497,0.12589416022674668,0.03674568374718319,3.764974811932148e-05,6.093529305370917e-05,0.009833337214265853,1.7109772529608431e-06,6.221043000544888e-06,0.03377904716475257,0.019363836662563208,2.5683725949575414e-05,0.003619653932577603,0.0010539695468592535,0.08468207171486195,2.896358048639871e-05,0.006310998559450732,0.3265131966240777,0.9987828526359489,0.8703677610925504,0.3265885465104167,1.5624000288603747e-07,0.6517045314432234,0.3092703834202932,7.005083626180901e-09,0.06029827114325905,0.6268369813611766,5.982171821819057e-09,0.3265885465104167,0.03674568374718319,0.009894989386511843,0.1326139581017499,0.8963423052232246,1.1365764455453998e-07,0.3039382435281886,0.03521942042277993,0.3265885465104167,0.3265885465104167,0.3265885465104167,0.0018182480908982396,0.3265885465104167,0.03674568374718319,0.1326139581017499,0.008588100528336275,0.0018182480908982396,0.3265885465104167,0.1326139581017499,0.04134224266505805,0.03674568374718319,0.3044207698154747,0.009894989386511843,0.3092703834202932,0.8963423052232246,0.008588100528336275,0.009894989386511843,0.8963423052232246,0.0002122893524678097,0.8808074239996598,0.1207068879349349,0.009894989386511843,0.6268369813611766,0.3044207698154747,0.3044207698154747,0.8762100967133948,0.008588100528336275,0.3286014205567385,0.03674568374718319,0.008588100528336275,0.03674568374718319,0.008588100528336275,0.008588100528336275,0.6268369813611766,0.0002122893524678097,0.0002122893524678097,6.576971844945894e-09,0.008588100528336275,1.0,0.5894310546503384,0.1326139581017499,0.1207068879349349,0.3044207698154747,0.008588100528336275,0.009894989386511843,0.1326139581017499,0.5956640586554802,0.13217596164341433,0.3039382435281886,0.08393979043877943,0.3044207698154747,0.5460317319705362,0.8808074239996598,0.6268369813611766,0.7099615901006785,0.00020828555511967983
sub-31152_ses-baseline_fs,rh_INS_R_6_2_thickness,0.4064823403847521,0.19630345424098394,0.1670236652138836,0.6018993383887772,0.30442076981547533,0.002300346358688993,0.0033318925977016416,0.1320666329007196,0.00020177006038622704,0.0005633276497842221,0.2893656209602253,0.20493575803247274,0.001710714249745225,0.06704455295481251,0.027970120741703252,0.49032255831882676,0.001877872376345552,0.09813707499418597,0.8962776226067726,0.5595844791241603,0.8819459511615104,0.8963423052232251,2.9121231516952386e-05,0.9947279709682624,0.8808074239996604,2.250530066124567e-06,0.4064823403847521,0.9980988583861022,1.9733709343898997e-06,0.8963423052232251,0.30442076981547533,0.13261395810175,0.6174889196474505,0.8546983504231342,2.2452697163972586e-05,0.8757465937020765,0.2967538044056247,0.8963423052232251,0.8963423052232251,0.8963423052232251,0.04134224266505818,0.8963423052232251,0.30442076981547533,0.6174889196474505,0.12070688793493523,0.04134224266505818,0.8963423052232251,0.6174889196474505,0.32658854651041735,0.30442076981547533,0.8762100967133953,0.13261395810175,0.8808074239996604,0.8546983504231342,0.12070688793493523,0.13261395810175,0.8546983504231342,0.008588100528336329,0.8715446207953425,0.5894310546503391,0.13261395810175,0.9980988583861022,0.8762100967133953,0.8762100967133953,0.8762100967133948,0.12070688793493523,0.8980610177717637,0.30442076981547533,0.12070688793493523,0.30442076981547533,0.12070688793493523,0.12070688793493523,0.9980988583861022,0.008588100528336329,0.008588100528336329,2.1354471005446834e-06,0.12070688793493523,0.5894310546503384,1.0,0.6174889196474505,0.5894310546503391,0.8762100967133953,0.12070688793493523,0.13261395810175,0.6174889196474505,0.9999471416449036,0.6164914027274179,0.8757465937020765,0.48800688184032953,0.8762100967133953,0.9974205996088444,0.8715446207953425,0.9980988583861022,0.9801007360088806,0.008466309914983516
sub-31152_ses-baseline_fs,rh_INS_R_6_3_thickness,0.9372987635595179,0.7129796404458169,0.6609938166157602,0.9996696811163714,0.8546983504231342,0.04353571517179685,0.05671576387592658,0.5881848404590319,0.0071554894682509616,0.015523556470925641,0.8388092029529376,0.7269902494244347,0.035158573028642434,0.4058880867160745,0.23871479350119557,0.9777861986416692,0.03761325973596665,0.5027276341730477,0.8762795634185978,0.11994307622085122,0.3329013675433606,0.8762100967133953,0.0015990098717747554,0.5552469793690811,0.8919938874296464,0.00020784510159827375,0.9372987635595179,0.5800886272155389,0.00018690698212147562,0.8762100967133953,0.8546983504231342,0.5894310546503384,1.0,0.30442076981547533,0.0013032446135278913,0.896773096839314,0.8467407253653387,0.8762100967133953,0.8762100967133953,0.8762100967133953,0.30442076981547483,0.8762100967133953,0.8546983504231342,1.0,0.5614448613886812,0.30442076981547483,0.8762100967133953,1.0,0.8762100967133948,0.8546983504231342,0.8963423052232251,0.5894310546503384,0.8919938874296464,0.30442076981547533,0.5614448613886812,0.5894310546503384,0.30442076981547533,0.10963396533510217,0.3215863406933533,0.998930162703404,0.5894310546503384,0.5800886272155389,0.8963423052232251,0.8963423052232251,0.32658854651041735,0.5614448613886812,0.8743520090881965,0.8546983504231342,0.5614448613886812,0.8546983504231342,0.5614448613886812,0.5614448613886812,0.5800886272155389,0.10963396533510217,0.10963396533510217,0.0001992179750340459,0.5614448613886812,0.1326139581017499,0.6174889196474505,1.0,0.998930162703404,0.8963423052232251,0.5614448613886812,0.5894310546503384,1.0,0.611253674386866,0.9999986467912606,0.896773096839314,0.9769584551716581,0.8963423052232251,0.6609319722694122,0.3215863406933533,0.5800886272155389,0.4970472325132923,0.10857136380736798
sub-31152_ses-baseline_fs,rh_CG_R_5_1_thickness,0.9520166218315709,0.73984557115979,0.6886801004884092,0.9997885833430581,0.8762100967133953,0.04883041498048086,0.06329641451861664,0.6162420147898074,0.008266758274490256,0.01772249896764442,0.8612168052204315,0.7535465761640059,0.039587943809601706,0.43144553075672476,0.2578853350448649,0.9863664704900671,0.04230054131760516,0.5301932137107945,0.8547722113478305,0.10892467412158308,0.31048968162357105,0.8546983504231342,0.0018857897130236567,0.5275018001684811,0.8715446207953425,0.00025120156509672744,0.9520166218315709,0.5521518526591566,0.00022616458407559564,0.8546983504231342,0.8762100967133953,0.6174889196474497,0.998930162703404,0.2831508459688398,0.001541006294166981,0.8766729182264057,0.868713183522444,0.8546983504231342,0.8546983504231342,0.8546983504231342,0.32658854651041735,0.8546983504231342,0.8762100967133953,0.998930162703404,0.5894310546503391,0.32658854651041735,0.8546983504231342,0.998930162703404,0.8963423052232251,0.8762100967133953,0.8762100967133948,0.6174889196474497,0.8715446207953425,0.2831508459688398,0.5894310546503391,0.6174889196474497,0.2831508459688398,0.12070688793493534,0.2996155252555831,1.0,0.6174889196474497,0.5521518526591566,0.8762100967133948,0.8762100967133948,0.3044207698154747,0.5894310546503391,0.8527235959519964,0.8762100967133953,0.5894310546503391,0.8762100967133953,0.5894310546503391,0.5894310546503391,0.5521518526591566,0.12070688793493534,0.12070688793493534,0.0002408893938836344,0.5894310546503391,0.1207068879349349,0.5894310546503391,0.998930162703404,1.0,0.8762100967133948,0.5894310546503391,0.6174889196474497,0.998930162703404,0.5832016134958905,0.9990048503426051,0.8766729182264057,0.9857119889333684,0.8762100967133948,0.6330016053414171,0.2996155252555831,0.5521518526591566,0.47008089803178493,0.11956255815015926
sub-31152_ses-baseline_fs,rh_CG_R_5_2_thickness,0.7099615901006785,0.43493690200535273,0.38707000548812276,0.8853352705367961,0.5894310546503391,0.012095771392060334,0.016573979539083152,0.3255846727304186,0.001473966890180911,0.003606075046601632,0.5697331118525899,0.44849299932088016,0.00939208373212171,0.19410489317766458,0.09692866703196445,0.7936916919243535,0.0101717984436067,0.260330698575481,0.9989372792801435,0.2817654321347347,0.5972227158340677,0.998930162703404,0.00026745039667891863,0.8267151279127344,0.9999471416449036,2.7135968522166388e-05,0.7099615901006785,0.847242616890197,2.4110621724655782e-05,0.998930162703404,0.5894310546503391,0.3265885465104167,0.8963423052232251,0.5614448613886819,0.00021228935246780933,0.9999994714026182,0.5794661889375499,0.998930162703404,0.998930162703404,0.998930162703404,0.13261395810175,0.998930162703404,0.5894310546503391,0.8963423052232251,0.30442076981547483,0.13261395810175,0.998930162703404,0.8963423052232251,0.6174889196474498,0.5894310546503391,1.0,0.3265885465104167,0.9999471416449036,0.5614448613886819,0.30442076981547483,0.3265885465104167,0.5614448613886819,0.036745683747183226,0.5832016134958905,0.8762100967133948,0.3265885465104167,0.847242616890197,1.0,1.0,0.5894310546503391,0.30442076981547483,0.9987316423972167,0.5894310546503391,0.30442076981547483,0.5894310546503391,0.30442076981547483,0.30442076981547483,0.847242616890197,0.036745683747183226,0.036745683747183226,2.588481079645009e-05,0.30442076981547483,0.3044207698154747,0.8762100967133953,0.8963423052232251,0.8762100967133948,1.0,0.30442076981547483,0.3265885465104167,0.8963423052232251,0.871544620795343,0.8956514995296461,0.9999994714026182,0.7915525262547998,1.0,0.9068455351562591,0.5832016134958905,0.847242616890197,0.7746640574879581,0.03631085096915168
sub-31152_ses-baseline_fs,rh_CG_R_5_3_thickness,0.7746640574879582,0.9687690187714367,0.9865590506676591,0.5769770076553429,0.8762100967133948,0.3601252932562184,0.4177661543261989,0.9990231006599258,0.11767380050755603,0.19371126524832613,0.8905208374144749,0.9626501566958224,0.3182837336416555,0.9646160337230467,0.8260854591719,0.6893832926494982,0.3310486362604639,0.9951790988466086,0.28322022445867917,0.007366359415966629,0.037976802828187516,0.2831508459688398,0.042427047882552436,0.09718731601088164,0.2996155252555831,0.009741501216138879,0.7746640574879582,0.10612300403883246,0.009005472320010378,0.2831508459688398,0.8762100967133948,0.998930162703404,0.5614448613886812,0.03259033973754477,0.036745683747183115,0.30490373980896834,0.8835325542435518,0.2831508459688398,0.2831508459688398,0.2831508459688398,0.8963423052232251,0.2831508459688398,0.8762100967133948,0.5614448613886812,1.0,0.8963423052232251,0.2831508459688398,0.5614448613886812,0.8546983504231342,0.8762100967133948,0.30442076981547483,0.998930162703404,0.2996155252555831,0.03259033973754477,1.0,0.998930162703404,0.03259033973754477,0.5894310546503392,0.035785330035411934,0.5894310546503391,0.998930162703404,0.10612300403883246,0.30442076981547483,0.30442076981547483,0.036745683747183226,1.0,0.28130454073602756,0.8762100967133948,1.0,0.8762100967133948,1.0,1.0,0.10612300403883246,0.5894310546503392,0.5894310546503392,0.009440881940753898,1.0,0.008588100528336275,0.12070688793493523,0.5614448613886812,0.5894310546503391,0.30442076981547483,1.0,0.998930162703404,0.5614448613886812,0.1181752193039207,0.5624374047743939,0.30490373980896834,0.6917356486870573,0.30442076981547483,0.13957168319018917,0.035785330035411934,0.10612300403883246,0.07833223511211909,0.5866272887747174
sub-31152_ses-baseline_fs,rh_CG_R_5_4_thickness,0.7998488930622698,0.9790780642570237,0.9930336758973438,0.6050174255155345,0.8963423052232246,0.3367207823163597,0.39257167155026707,0.9999978856121494,0.10681811676796915,0.17794351810901238,0.9096112137496586,0.9739754266478435,0.29644475293017886,0.9516907213301559,0.8019341240969733,0.7166834651791846,0.3087079969940913,0.9896026937550028,0.3044931870359788,0.008506733895544858,0.04270196259439156,0.30442076981547483,0.037727821232786056,0.10728348578146604,0.32158634069335285,0.008452873519498461,0.7998488930622698,0.11692473150559173,0.0078049199212593835,0.30442076981547483,0.8963423052232246,1.0,0.5894310546503384,0.036745683747183226,0.032590339737544716,0.32709112482039143,0.9031452886992307,0.30442076981547483,0.30442076981547483,0.30442076981547483,0.8762100967133953,0.30442076981547483,0.8963423052232246,0.5894310546503384,0.998930162703404,0.8762100967133953,0.30442076981547483,0.5894310546503384,0.8762100967133948,0.8963423052232246,0.3265885465104167,1.0,0.32158634069335285,0.036745683747183226,0.998930162703404,1.0,0.036745683747183226,0.561444861388682,0.040280915822553526,0.6174889196474497,1.0,0.11692473150559173,0.3265885465104167,0.3265885465104167,0.04134224266505805,0.998930162703404,0.30249333005540474,0.8963423052232246,0.998930162703404,0.8963423052232246,0.998930162703404,0.998930162703404,0.11692473150559173,0.561444861388682,0.561444861388682,0.008188124511342786,0.998930162703404,0.009894989386511843,0.13261395810175,0.5894310546503384,0.6174889196474497,0.3265885465104167,0.998930162703404,1.0,0.5894310546503384,0.1298943352380593,0.5904281291389651,0.32709112482039143,0.7189972736310137,0.3265885465104167,0.15283059170000057,0.040280915822553526,0.11692473150559173,0.08686135579216814,0.5586546076527331
sub-31152_ses-baseline_fs,rh_CG_R_5_5_thickness,0.9372987635595179,0.7129796404458169,0.6609938166157602,0.9996696811163714,0.8546983504231342,0.04353571517179685,0.05671576387592658,0.5881848404590319,0.0071554894682509616,0.015523556470925641,0.8388092029529376,0.7269902494244347,0.035158573028642434,0.4058880867160745,0.23871479350119557,0.9777861986416692,0.03761325973596665,0.5027276341730477,0.8762795634185978,0.11994307622085122,0.3329013675433606,0.8762100967133953,0.0015990098717747554,0.5552469793690811,0.8919938874296464,0.00020784510159827375,0.9372987635595179,0.5800886272155389,0.00018690698212147562,0.8762100967133953,0.8546983504231342,0.5894310546503384,1.0,0.30442076981547533,0.0013032446135278913,0.896773096839314,0.8467407253653387,0.8762100967133953,0.8762100967133953,0.8762100967133953,0.30442076981547483,0.8762100967133953,0.8546983504231342,1.0,0.5614448613886812,0.30442076981547483,0.8762100967133953,1.0,0.8762100967133948,0.8546983504231342,0.8963423052232251,0.5894310546503384,0.8919938874296464,0.30442076981547533,0.5614448613886812,0.5894310546503384,0.30442076981547533,0.10963396533510217,0.3215863406933533,0.998930162703404,0.5894310546503384,0.5800886272155389,0.8963423052232251,0.8963423052232251,0.32658854651041735,0.5614448613886812,0.8743520090881965,0.8546983504231342,0.5614448613886812,0.8546983504231342,0.5614448613886812,0.5614448613886812,0.5800886272155389,0.10963396533510217,0.10963396533510217,0.0001992179750340459,0.5614448613886812,0.1326139581017499,0.6174889196474505,1.0,0.998930162703404,0.8963423052232251,0.5614448613886812,0.5894310546503384,1.0,0.611253674386866,0.9999986467912606,0.896773096839314,0.9769584551716581,0.8963423052232251,0.6609319722694122,0.3215863406933533,0.5800886272155389,0.4970472325132923,0.10857136380736798
sub-31152_ses-baseline_fs,rh_MVOcC_R_5_1_thickness,0.40089166547381505,0.19268467897346325,0.16379739400908058,0.595664058655481,0.2996155252555837,0.0022192469588677636,0.0032179958961460384,0.12935549937364876,0.00019338078206464053,0.0005413333739024618,0.2847027419688446,0.2012075126736997,0.0016489784941742388,0.0654574749166225,0.027209990586114584,0.48431473622005816,0.0018105922137396841,0.09598170766402378,0.8919281041933432,0.5657889060022187,0.8864562211321896,0.8919938874296464,2.7782944747170055e-05,0.995727513228036,0.8762100967133953,2.135447100544695e-06,0.40089166547381505,0.9986793789847219,1.8719659372784856e-06,0.8919938874296464,0.2996155252555837,0.1298943352380593,0.611253674386866,0.8595916521442373,2.14084159031335e-05,0.8710743767523882,0.2920201822113735,0.8919938874296464,0.8919938874296464,0.8919938874296464,0.04028091582255365,0.8919938874296464,0.2996155252555837,0.611253674386866,0.1181752193039207,0.04028091582255365,0.8919938874296464,0.611253674386866,0.3215863406933533,0.2996155252555837,0.871544620795343,0.1298943352380593,0.8762100967133953,0.8595916521442373,0.1181752193039207,0.1298943352380593,0.8595916521442373,0.008319555888162097,0.8762100967133948,0.5832016134958905,0.1298943352380593,0.9986793789847219,0.871544620795343,0.871544620795343,0.8808074239996598,0.1181752193039207,0.893742055590357,0.2996155252555837,0.1181752193039207,0.2996155252555837,0.1181752193039207,0.1181752193039207,0.9986793789847219,0.008319555888162097,0.008319555888162097,2.0260348076216793e-06,0.1181752193039207,0.5956640586554802,0.9999471416449036,0.611253674386866,0.5832016134958905,0.871544620795343,0.1181752193039207,0.1298943352380593,0.611253674386866,1.0,0.6102559074980648,0.8710743767523882,0.48200781416646205,0.871544620795343,0.9966311156051096,0.8762100967133948,0.9986793789847219,0.9820714140832822,0.00820118342209605
sub-31152_ses-baseline_fs,rh_MVOcC_R_5_2_thickness,0.9378525670005894,0.7139441383526232,0.6619831617487962,0.9997106030245215,0.8554854803195509,0.0437153421019876,0.056939657373484456,0.5891818000795881,0.007192576260100716,0.015597421582972155,0.8396266491723602,0.7279449484025722,0.03530851233674834,0.40678522203379147,0.2393801132805995,0.9781258936300359,0.03777203848659057,0.5036978334724315,0.8755377953652047,0.1195372231335633,0.33208962694924565,0.8754681653335891,0.0016084751710058588,0.5542562495883052,0.8912913566074726,0.0002092576464848469,0.9378525670005894,0.5790927527360998,0.00018818518633820209,0.8754681653335891,0.8554854803195509,0.5904281291389651,0.9999986467912606,0.3036489408663891,0.0013110811060065496,0.8960834748719242,0.8475434644989017,0.8754681653335891,0.8754681653335891,0.8754681653335891,0.305193734651816,0.8754681653335891,0.8554854803195509,0.9999986467912606,0.5624374047743939,0.305193734651816,0.8754681653335891,0.9999986467912606,0.8769502834580165,0.8554854803195509,0.8956514995296461,0.5904281291389651,0.8912913566074726,0.3036489408663891,0.5624374047743939,0.5904281291389651,0.3036489408663891,0.11001371261589342,0.32078998126821623,0.9990048503426051,0.5904281291389651,0.5790927527360998,0.8956514995296461,0.8956514995296461,0.3257853105382937,0.5624374047743939,0.8736057401664977,0.8554854803195509,0.5624374047743939,0.8554854803195509,0.5624374047743939,0.5624374047743939,0.5790927527360998,0.11001371261589342,0.11001371261589342,0.00020057528146725766,0.5624374047743939,0.13217596164341433,0.6164914027274179,0.9999986467912606,0.9990048503426051,0.8956514995296461,0.5624374047743939,0.5904281291389651,0.9999986467912606,0.6102559074980648,1.0,0.8960834748719242,0.9773042270903032,0.8956514995296461,0.659942300443643,0.32078998126821623,0.5790927527360998,0.4960806254028637,0.1089482597662713
sub-31152_ses-baseline_fs,rh_MVOcC_R_5_3_thickness,0.7105656788114726,0.43551412026906783,0.38761852855552087,0.8857841829121121,0.5900542158464734,0.012132777625982293,0.016622841233670273,0.3260863956792092,0.0014794489263020296,0.003618530978272721,0.570354531763449,0.4490771224700975,0.009421631447588542,0.1944665083644866,0.09714417023749698,0.7942462283311287,0.010203524138616839,0.2607700770109809,0.9988893875838735,0.2813045407360281,0.5965992371812003,0.9988821129463261,0.00026856802182987315,0.8261904579918838,0.9999360417453168,2.726420476031543e-05,0.7105656788114726,0.8467407253653393,2.422520136527536e-05,0.9988821129463261,0.5900542158464734,0.32709112482039143,0.896773096839314,0.5608246406606904,0.00021318886560037635,1.0,0.5800886272155381,0.9988821129463261,0.9988821129463261,0.9988821129463261,0.1328882599894612,0.9988821129463261,0.5900542158464734,0.896773096839314,0.30490373980896834,0.1328882599894612,0.9988821129463261,0.896773096839314,0.6181123376795365,0.5900542158464734,0.9999994714026182,0.32709112482039143,0.9999360417453168,0.5608246406606904,0.30490373980896834,0.32709112482039143,0.5608246406606904,0.036842911113365906,0.5825789144561164,0.8766729182264057,0.32709112482039143,0.8467407253653393,0.9999994714026182,0.9999994714026182,0.588807929094807,0.30490373980896834,0.9986793789847219,0.5900542158464734,0.30490373980896834,0.5900542158464734,0.30490373980896834,0.30490373980896834,0.8467407253653393,0.036842911113365906,0.036842911113365906,2.600740939572819e-05,0.30490373980896834,0.3039382435281886,0.8757465937020765,0.896773096839314,0.8766729182264057,0.9999994714026182,0.30490373980896834,0.32709112482039143,0.896773096839314,0.8710743767523882,0.8960834748719242,1.0,0.7921087921049562,0.9999994714026182,0.9064328074585272,0.5825789144561164,0.8467407253653393,0.7740946725104898,0.03640710098999288
sub-31152_ses-baseline_fs,rh_MVOcC_R_5_4_thickness,0.9896929738065575,0.8319318128499267,0.7859656060422558,0.9820714140832825,0.9424034013503644,0.07302977058038676,0.09294673418991335,0.7177957682600921,0.013780522346031393,0.028283131178105263,0.9314055034844333,0.8438938579804378,0.060056225569144216,0.5299199490264523,0.33610808734492104,0.9999921648939324,0.06388657214397923,0.6326810470365426,0.7661682918629116,0.07511484160317175,0.2361068114328003,0.7660820419677571,0.003390209448984057,0.4291816732973232,0.7859656060422558,0.0004940495612677905,0.9896929738065575,0.4523827544166829,0.0004467522031157302,0.7660820419677571,0.9424034013503644,0.7189972736310137,0.9769584551716581,0.21316857111874046,0.00279707634899169,0.7921087921049562,0.9369515147833447,0.7660820419677571,0.7660820419677571,0.7660820419677571,0.41493261911916246,0.7660820419677571,0.9424034013503644,0.9769584551716581,0.6917356486870573,0.41493261911916246,0.7660820419677571,0.9769584551716581,0.9565185931489992,0.9424034013503644,0.7915525262547998,0.7189972736310137,0.7859656060422558,0.21316857111874046,0.6917356486870573,0.7189972736310137,0.21316857111874046,0.1686538668843031,0.22694526334536944,0.9857119889333684,0.7189972736310137,0.4523827544166829,0.7915525262547998,0.7915525262547998,0.23098759666404595,0.6917356486870573,0.7637789210362987,0.9424034013503644,0.6917356486870573,0.9424034013503644,0.6917356486870573,0.6917356486870573,0.4523827544166829,0.1686538668843031,0.1686538668843031,0.000474595293402844,0.6917356486870573,0.08393979043877943,0.48800688184032953,0.9769584551716581,0.9857119889333684,0.7915525262547998,0.6917356486870573,0.7189972736310137,0.9769584551716581,0.48200781416646205,0.9773042270903032,0.7921087921049562,1.0,0.7915525262547998,0.530509501121059,0.22694526334536944,0.4523827544166829,0.37617757402376156,0.1671861726108398
sub-31152_ses-baseline_fs,rh_MVOcC_R_5_5_thickness,0.7099615901006785,0.43493690200535273,0.38707000548812276,0.8853352705367961,0.5894310546503391,0.012095771392060334,0.016573979539083152,0.3255846727304186,0.001473966890180911,0.003606075046601632,0.5697331118525899,0.44849299932088016,0.00939208373212171,0.19410489317766458,0.09692866703196445,0.7936916919243535,0.0101717984436067,0.260330698575481,0.9989372792801435,0.2817654321347347,0.5972227158340677,0.998930162703404,0.00026745039667891863,0.8267151279127344,0.9999471416449036,2.7135968522166388e-05,0.7099615901006785,0.847242616890197,2.4110621724655782e-05,0.998930162703404,0.5894310546503391,0.3265885465104167,0.8963423052232251,0.5614448613886819,0.00021228935246780933,0.9999994714026182,0.5794661889375499,0.998930162703404,0.998930162703404,0.998930162703404,0.13261395810175,0.998930162703404,0.5894310546503391,0.8963423052232251,0.30442076981547483,0.13261395810175,0.998930162703404,0.8963423052232251,0.6174889196474498,0.5894310546503391,1.0,0.3265885465104167,0.9999471416449036,0.5614448613886819,0.30442076981547483,0.3265885465104167,0.5614448613886819,0.036745683747183226,0.5832016134958905,0.8762100967133948,0.3265885465104167,0.847242616890197,1.0,1.0,0.5894310546503391,0.30442076981547483,0.9987316423972167,0.5894310546503391,0.30442076981547483,0.5894310546503391,0.30442076981547483,0.30442076981547483,0.847242616890197,0.036745683747183226,0.036745683747183226,2.588481079645009e-05,0.30442076981547483,0.3044207698154747,0.8762100967133953,0.8963423052232251,0.8762100967133948,1.0,0.30442076981547483,0.3265885465104167,0.8963423052232251,0.871544620795343,0.8956514995296461,0.9999994714026182,0.7915525262547998,1.0,0.9068455351562591,0.5832016134958905,0.847242616890197,0.7746640574879581,0.03631085096915168
sub-31152_ses-baseline_fs,rh_LOcC_R_4_1_thickness,0.44647997719478594,0.22291038693691298,0.19085709897411826,0.6454369061812727,0.339228873662802,0.002947599069213066,0.004236394141053756,0.1522223244436315,0.0002707036041045496,0.0007419588681063751,0.3232073442780662,0.23231150809572793,0.002205327450028227,0.0790327478739397,0.033810702550935635,0.5328752315030802,0.0024162588675953633,0.11427914674044266,0.9245453686141847,0.5165472366522457,0.8485447292061999,0.9246018422773802,4.034070848390449e-05,0.9848573197567035,0.9109301940697007,3.2385211512807382e-06,0.44647997719478594,0.9911201014026337,2.84493915405674e-06,0.9246018422773802,0.339228873662802,0.15283059170000057,0.6609319722694122,0.8188422837933614,3.122967347959546e-05,0.9064328074585272,0.3310764740312685,0.9246018422773802,0.9246018422773802,0.9246018422773802,0.04943810563806067,0.9246018422773802,0.339228873662802,0.6609319722694122,0.13957168319018917,0.04943810563806067,0.9246018422773802,0.6609319722694122,0.362723150154965,0.339228873662802,0.9068455351562591,0.15283059170000057,0.9109301940697007,0.8188422837933614,0.13957168319018917,0.15283059170000057,0.8188422837933614,0.010691923606797589,0.8371442394891777,0.6330016053414171,0.15283059170000057,0.9911201014026337,0.9068455351562591,0.9068455351562591,0.8422477400750377,0.13957168319018917,0.9261009534876861,0.339228873662802,0.13957168319018917,0.339228873662802,0.13957168319018917,0.13957168319018917,0.9911201014026337,0.010691923606797589,0.010691923606797589,3.075187995900492e-06,0.13957168319018917,0.5460317319705362,0.9974205996088444,0.6609319722694122,0.6330016053414171,0.9068455351562591,0.13957168319018917,0.15283059170000057,0.6609319722694122,0.9966311156051096,0.659942300443643,0.9064328074585272,0.530509501121059,0.9068455351562591,1.0,0.8371442394891777,0.9911201014026337,0.96358675798936,0.010543803663251007
sub-31152_ses-baseline_fs,rh_LOcC_R_4_2_thickness,0.17528901198699,0.06641553960683909,0.05397794118780943,0.3092703834202932,0.11817521930392065,0.00032231916690191503,0.0004940495612677865,0.04007143426724233,2.02163684877877e-05,6.458206792526783e-05,0.11043022526555026,0.07021454780116547,0.0002293777802438718,0.017266610822388617,0.0059964101291064735,0.22849597816803116,0.00025527589805338866,0.0276322999793092,0.6111601347470084,0.8581302529865473,0.9997324333071026,0.6112536743868652,2.3102852356388446e-06,0.9149761831757358,0.5894310546503391,1.3525369760141726e-07,0.17528901198699,0.8984888358995194,1.1700895388349255e-07,0.6112536743868652,0.11817521930392065,0.040280915822553526,0.3215863406933533,0.9993526776397597,1.7292017899710675e-06,0.5825789144561164,0.114209412941929,0.6112536743868652,0.6112536743868652,0.6112536743868652,0.009590140439630385,0.6112536743868652,0.11817521930392065,0.3215863406933533,0.035785330035411934,0.009590140439630385,0.6112536743868652,0.3215863406933533,0.1298943352380593,0.11817521930392065,0.5832016134958905,0.040280915822553526,0.5894310546503391,0.9993526776397597,0.035785330035411934,0.040280915822553526,0.9993526776397597,0.001484949781546951,1.0,0.2996155252555831,0.040280915822553526,0.8984888358995194,0.5832016134958905,0.5832016134958905,0.9999471416449036,0.035785330035411934,0.6137479674073854,0.11817521930392065,0.035785330035411934,0.11817521930392065,0.035785330035411934,0.035785330035411934,0.8984888358995194,0.001484949781546951,0.001484949781546951,1.2764727905119606e-07,0.035785330035411934,0.8808074239996598,0.8715446207953425,0.3215863406933533,0.2996155252555831,0.5832016134958905,0.035785330035411934,0.040280915822553526,0.3215863406933533,0.8762100967133948,0.32078998126821623,0.5825789144561164,0.22694526334536944,0.5832016134958905,0.8371442394891777,1.0,0.8984888358995194,0.9489016804399438,0.0014603437522290646
sub-31152_ses-baseline_fs,rh_LOcC_R_4_3_thickness,0.37347802295102966,0.17528901198699007,0.1483416747851444,0.5645473162023691,0.2762649449396828,0.0018517354482712,0.002700034082707645,0.11642738767206648,0.00015613761913236887,0.00044288887812205235,0.2620755693000936,0.18326846427680768,0.0013699789186613772,0.05797613911682151,0.02367063684243641,0.45464040340245654,0.0015062769213370273,0.08575838343916324,0.8691157549203702,0.5969109739854362,0.9079150148097084,0.8691867473774927,2.192462960750708e-05,0.9991546015164525,0.8522283682222339,1.6399103530210085e-06,0.37347802295102966,1.0,1.4356722784152303e-06,0.8691867473774927,0.2762649449396828,0.11692473150559173,0.5800886272155389,0.8830801150339574,1.6845189648288276e-05,0.8467407253653393,0.2690339127773046,0.8691867473774927,0.8691867473774927,0.8691867473774927,0.03531320668945891,0.8691867473774927,0.2762649449396828,0.5800886272155389,0.10612300403883246,0.03531320668945891,0.8691867473774927,0.5800886272155389,0.29722963822892734,0.2762649449396828,0.847242616890197,0.11692473150559173,0.8522283682222339,0.8830801150339574,0.10612300403883246,0.11692473150559173,0.8830801150339574,0.007086414687461111,0.8984888358995194,0.5521518526591566,0.11692473150559173,1.0,0.847242616890197,0.847242616890197,0.9027257512556865,0.10612300403883246,0.8710743767523882,0.2762649449396828,0.10612300403883246,0.2762649449396828,0.10612300403883246,0.10612300403883246,1.0,0.007086414687461111,0.007086414687461111,1.555065281840202e-06,0.10612300403883246,0.6268369813611766,0.9980988583861022,0.5800886272155389,0.5521518526591566,0.847242616890197,0.10612300403883246,0.11692473150559173,0.5800886272155389,0.9986793789847219,0.5790927527360998,0.8467407253653393,0.4523827544166829,0.847242616890197,0.9911201014026337,0.8984888358995194,1.0,0.990412565505125,0.006983926168562502
sub-31152_ses-baseline_fs,rh_LOcC_R_4_4_thickness,0.3044207698154747,0.13398973647373358,0.11202409791121647,0.48200781416646127,0.21900211445587564,0.0011208653247976271,0.0016590213076521562,0.08646720272980957,8.648256590896096e-05,0.0002542156378536387,0.20681750759837259,0.14055680787519356,0.0008196481420533266,0.04122863624739696,0.01603528542086856,0.3782627051332597,0.0009044793486084236,0.062442611317334314,0.7997664421614761,0.6807144885259487,0.9557825770149708,0.7998488930622698,1.1416016887018489e-05,0.9952407685718934,0.7803356182625808,7.933798304439002e-07,0.3044207698154747,0.990412565505125,6.920967108868721e-07,0.7998488930622698,0.21900211445587564,0.08686135579216814,0.4970472325132923,0.9372987635595184,8.702603005515723e-06,0.7740946725104898,0.2127834398719513,0.7998488930622698,0.7998488930622698,0.7998488930622698,0.02442675833182573,0.7998488930622698,0.21900211445587564,0.4970472325132923,0.07833223511211909,0.02442675833182573,0.7998488930622698,0.4970472325132923,0.23713948842105223,0.21900211445587564,0.7746640574879581,0.08686135579216814,0.7803356182625808,0.9372987635595184,0.07833223511211909,0.08686135579216814,0.9372987635595184,0.004534970437178346,0.9489016804399438,0.47008089803178493,0.08686135579216814,0.990412565505125,0.7746640574879581,0.7746640574879581,0.9520166218315709,0.07833223511211909,0.8020436843972527,0.21900211445587564,0.07833223511211909,0.21900211445587564,0.07833223511211909,0.07833223511211909,0.990412565505125,0.004534970437178346,0.004534970437178346,7.512592674895931e-07,0.07833223511211909,0.7099615901006785,0.9801007360088806,0.4970472325132923,0.47008089803178493,0.7746640574879581,0.07833223511211909,0.08686135579216814,0.4970472325132923,0.9820714140832822,0.4960806254028637,0.7740946725104898,0.37617757402376156,0.7746640574879581,0.96358675798936,0.9489016804399438,0.990412565505125,1.0,0.004466513108044223
sub-31152_ses-baseline_fs,rh_MeanThickness_thickness,0.2172409107508151,0.4381153651354077,0.48830743236395885,0.11457680054672945,0.3022529002560834,0.9244512046410464,0.959262820188826,0.5598944841410062,0.5847585699252771,0.7382795757110597,0.3176898151349943,0.4246857678064899,0.8910494324849318,0.7466509637772001,0.9176154670544167,0.16593780140548253,0.902029749792793,0.6461913693039687,0.03221080557052267,0.00016977640527979517,0.0015872504963206596,0.03219778582735763,0.333917563235362,0.006129876007415567,0.03536017941705889,0.13247696703628306,0.2172409107508151,0.006983926168562502,0.12576244880144102,0.03219778582735763,0.3022529002560834,0.5586546076527331,0.10857136380736798,0.0012814361017811614,0.3065976243635163,0.03640710098999288,0.3100016323502618,0.03219778582735763,0.03219778582735763,0.03219778582735763,0.8524760587797919,0.03219778582735763,0.3022529002560834,0.10857136380736798,0.5866272887747174,0.8524760587797919,0.03219778582735763,0.10857136380736798,0.2810742663921363,0.3022529002560834,0.03631085096915168,0.5586546076527331,0.03536017941705889,0.0012814361017811614,0.5866272887747174,0.5586546076527331,0.0012814361017811614,0.9999892959574787,0.0014603437522290646,0.11956255815015926,0.5586546076527331,0.006983926168562502,0.03631085096915168,0.03631085096915168,0.0015155434913162842,0.5866272887747174,0.03185224781133295,0.3022529002560834,0.5866272887747174,0.3022529002560834,0.5866272887747174,0.5866272887747174,0.006983926168562502,0.9999892959574787,0.9999892959574787,0.12975946765323246,0.5866272887747174,0.00020828555511967983,0.008466309914983516,0.10857136380736798,0.11956255815015926,0.03631085096915168,0.5866272887747174,0.5586546076527331,0.10857136380736798,0.00820118342209605,0.1089482597662713,0.03640710098999288,0.1671861726108398,0.03631085096915168,0.010543803663251007,0.0014603437522290646,0.006983926168562502,0.004466513108044223,1.0
