,lh_SFG_L_6_1_thickness,lh_SFG_L_6_2_thickness,lh_SFG_L_6_3_thickness,lh_SFG_L_6_4_thickness,lh_SFG_L_6_5_thickness,lh_SFG_L_6_6_thickness,lh_MFG_L_7_1_thickness,lh_MFG_L_7_2_thickness,lh_MFG_L_7_3_thickness,lh_MFG_L_7_4_thickness,lh_MFG_L_7_5_thickness,lh_MFG_L_7_6_thickness,lh_MFG_L_7_7_thickness,lh_IFG_L_6_1_thickness,lh_IFG_L_6_2_thickness,lh_IFG_L_6_3_thickness,lh_IFG_L_6_4_thickness,lh_IFG_L_6_5_thickness,lh_IFG_L_6_6_thickness,lh_OrG_L_6_1_thickness,lh_OrG_L_6_2_thickness,lh_OrG_L_6_3_thickness,lh_OrG_L_6_4_thickness,lh_OrG_L_6_5_thickness,lh_OrG_L_6_6_thickness,lh_PrG_L_6_1_thickness,lh_PrG_L_6_2_thickness,lh_PrG_L_6_3_thickness,lh_PrG_L_6_4_thickness,lh_PrG_L_6_5_thickness,lh_PrG_L_6_6_thickness,lh_PCL_L_2_1_thickness,lh_PCL_L_2_2_thickness,lh_STG_L_6_1_thickness,lh_STG_L_6_2_thickness,lh_STG_L_6_3_thickness,lh_STG_L_6_4_thickness,lh_STG_L_6_5_thickness,lh_STG_L_6_6_thickness,lh_MTG_L_4_1_thickness,lh_MTG_L_4_2_thickness,lh_MTG_L_4_3_thickness,lh_MTG_L_4_4_thickness,lh_ITG_L_5_1_thickness,lh_ITG_L_5_2_thickness,lh_ITG_L_5_3_thickness,lh_ITG_L_5_4_thickness,lh_ITG_L_5_5_thickness,lh_FuG_L_3_1_thickness,lh_FuG_L_3_2_thickness,lh_FuG_L_3_3_thickness,lh_PhG_L_6_1_thickness,lh_PhG_L_6_2_thickness,lh_PhG_L_6_3_thickness,lh_PhG_L_6_4_thickness,lh_PhG_L_6_5_thickness,lh_PhG_L_6_6_thickness,lh_pSTS_L_2_1_thickness,lh_pSTS_L_2_2_thickness,lh_SPL_L_4_1_thickness,lh_SPL_L_4_2_thickness,lh_SPL_L_4_3_thickness,lh_SPL_L_4_4_thickness,lh_IPL_L_6_1_thickness,lh_IPL_L_6_2_thickness,lh_IPL_L_6_3_thickness,lh_IPL_L_6_4_thickness,lh_IPL_L_6_5_thickness,lh_IPL_L_6_6_thickness,lh_PCun_L_4_1_thickness,lh_PCun_L_4_2_thickness,lh_PCun_L_4_3_thickness,lh_PCun_L_4_4_thickness,lh_PoG_L_4_1_thickness,lh_PoG_L_4_2_thickness,lh_PoG_L_4_3_thickness,lh_PoG_L_4_4_thickness,lh_INS_L_6_1_thickness,lh_INS_L_6_2_thickness,lh_INS_L_6_3_thickness,lh_CG_L_5_1_thickness,lh_CG_L_5_2_thickness,lh_CG_L_5_3_thickness,lh_CG_L_5_4_thickness,lh_CG_L_5_5_thickness,lh_MVOcC_L_5_1_thickness,lh_MVOcC_L_5_2_thickness,lh_MVOcC_L_5_3_thickness,lh_MVOcC_L_5_4_thickness,lh_MVOcC_L_5_5_thickness,lh_LOcC_L_4_1_thickness,lh_LOcC_L_4_2_thickness,lh_LOcC_L_4_3_thickness,lh_LOcC_L_4_4_thickness,lh_MeanThickness_thickness
lh_SFG_L_6_1_thickness,1.0,0.526479989084887,0.6606044073181591,0.6509928504106387,0.9885584000257117,0.13964845633396522,0.07130736847665553,0.6584390317925897,0.010392932344539231,0.06725539787067397,0.8367935626170957,0.9466243120313942,0.14949942616710804,0.7447660414075787,0.46861452061898085,0.9941873047222396,0.5083171528606197,0.5827699354356912,0.6352524576838002,0.23581755237378224,0.3410267472765047,0.6876494030419231,0.34334523368535563,0.6642637352660599,0.5996005940722791,0.08772443968258918,0.6604961936110773,0.188489358922906,0.007459793481562941,0.6586385991768973,0.9877211253075233,0.8984324785524063,0.8732535558012673,0.2061731582485816,0.005491642678345017,0.8537908714270077,0.4962796875862251,0.5260796971038022,0.8017442980132695,0.34933475148591114,0.41373410003204264,0.5380202542803943,0.8248874570890061,0.6976116902247853,0.8294448105344665,0.4250230813919087,0.4050561445421909,0.9462454176089149,0.9890914727347635,0.715336264993237,0.7646289514048517,0.45427945283257987,0.6206280096346288,0.5622082336447365,0.7027429109775769,0.8650780853365063,0.15352075495504652,0.10952197267654049,0.09227316721168839,0.6084635779605991,0.8079012600731779,0.6530234492571727,0.47660179495613125,0.8012694763517821,0.31096947074567943,0.7432125125236503,0.5508611537442623,0.9468336666854669,0.45895408669448534,0.6129934913684972,0.8441153274250056,0.8768187218541791,0.5215761005600806,0.38591199209727384,0.2461699130399379,0.040915063032962086,0.6293241083168124,0.14529804333312676,0.6027142173754529,0.9660000728252522,0.9747543442834091,0.8394448107324479,0.8855814924653934,0.8998829427430943,0.8450009131335641,0.25120825657778884,0.9416412731288035,0.43061248819026543,0.575999358990871,0.7791894832487251,0.5210739973966332,0.535296738913586,0.3425972058081068,0.4715201902313515,0.4652946090700446
lh_SFG_L_6_2_thickness,0.526479989084887,1.0,0.8923537726637631,0.8061001673866519,0.5725212551091199,0.6202066919970928,0.4702171896808457,0.8564639920249582,0.03397451143779531,0.5446850728371756,0.7633986481932578,0.6063325992275244,0.5972388922279036,0.4612799640344419,0.3469806156263563,0.4865870032547683,0.14421277184538245,0.8714505608080252,0.2108799149408728,0.010372549298848982,0.41138814359035203,0.2148586507554206,0.29703816696526636,0.1962495444748354,0.5927665820256899,0.5011554968689653,0.9060277166307862,0.2674416618871689,0.3096153895591273,0.5142005135526209,0.5468844650634745,0.5558564039714656,0.5763030507857285,0.03128152270300639,0.24012345600713578,0.3071723377971806,0.8044384387820149,0.20651285613404732,0.36050350466278536,0.5259026121587845,0.8388667626578765,0.6304150832357835,0.7750832387509836,0.7524961277823499,0.5105656606184261,0.8294253741845965,0.702316067633276,0.4889450872677222,0.5773298182521527,0.8825790246295501,0.23614537292564686,0.48968217645814,0.5723596150609338,0.15884196328037858,0.49200493228749176,0.5240049943979688,0.5301449114567651,0.23934897374705158,0.2980289921922133,0.847518821409051,0.7057330054896602,0.23594546771511343,0.701932466684785,0.39070194593025803,0.03691983860741508,0.49555231748027934,0.6164816429363048,0.6436021710575504,0.9840110992939733,0.9667763807649703,0.5154051249834367,0.5351469332265997,0.0968069809558563,0.570549324524281,0.6950818559062961,0.4787742943475788,0.8679905788860409,0.009696094965069612,0.32343762410928856,0.4194385738056338,0.43710313921750854,0.3390894509084684,0.5498472679577934,0.5687156013833625,0.3700336655311467,0.09646795362636927,0.4964952325779598,0.21802788756429495,0.9157999119424305,0.4159457394063212,0.4404853933619515,0.061070723982610924,0.548111147081575,0.3745969017254568,0.48885110532615017
lh_SFG_L_6_3_thickness,0.6606044073181591,0.8923537726637631,1.0,0.82895467382135,0.7237004555282693,0.5550221698238467,0.3010720026173441,0.9940658298725762,0.04130773324463129,0.39412802509497746,0.9371542745375516,0.7791432569051677,0.5616640879162452,0.5605455405995541,0.39772228628596906,0.6117147694535311,0.26031926220784873,0.9828597966641892,0.21908908449681722,0.024761864029043797,0.527496397071549,0.23648474768326594,0.4812381588133411,0.3642678089693169,0.689962767868121,0.4142218223866095,0.9126538753769953,0.1270658527389543,0.12562424921108217,0.6608113591935108,0.6740847497428765,0.7055459542759916,0.7499521295895142,0.03193001220500064,0.08911090512997985,0.44714790139856975,0.6040796422269217,0.19614859927259876,0.5334780305014823,0.3138434002616385,0.8946333151019028,0.67765625746096,0.9410016269817327,0.8304865320378735,0.6034173170008117,0.899521603483294,0.548521099281338,0.6517542101364711,0.7348573931395421,0.9702684397290479,0.27978448237399345,0.4983445465497871,0.6866691768727642,0.34013616865628515,0.5374158363029901,0.63036755440957,0.40833135592300973,0.24807531376055758,0.12298107880533413,0.8083463731853289,0.9127463218471454,0.41671107475975383,0.6477848439414102,0.5662180540094509,0.04861155182457544,0.5522020496853356,0.679073381446082,0.8281305968197326,0.8768855948341521,0.9258860803297733,0.6175539865778706,0.6681420092497825,0.1249332612334535,0.7395662318231488,0.712906030950339,0.3065126675546136,0.9929061152420846,0.013348437005938778,0.5077205208053276,0.5324644484196512,0.5551509309888516,0.4991835038595679,0.7005333342856637,0.7310335449352383,0.39854864906114934,0.08353858821580354,0.6619598705839493,0.19690388148898658,0.7941756058885903,0.5930080499271382,0.5828776974461599,0.14213787835540195,0.5544803740327684,0.5345307381947473,0.7016601491914917
lh_SFG_L_6_4_thickness,0.6509928504106387,0.8061001673866519,0.82895467382135,1.0,0.6318834598514624,0.4812339638826408,0.2116068728928765,0.7813083119188551,0.0038922669680026465,0.38834981384533857,0.845160172938243,0.5961969463086134,0.4944789529436226,0.28346095404199767,0.14299449879784418,0.6597968145821509,0.11495305806732428,0.7520058559093372,0.4560639486009601,0.06802829501150336,0.6438416608364987,0.46824565227816006,0.4281953360447162,0.5081449654518562,0.9248677276819384,0.45563974998809786,0.9715945068939125,0.36047532923843284,0.16690256321560537,0.877121605358986,0.5877355321303589,0.46145036760178354,0.8669678066226988,0.1502736582768072,0.11085318223834383,0.6413693798597009,0.6060520406413468,0.44088424036865387,0.7261395890170941,0.6103551658073083,0.657649990598028,0.9309568222905817,0.8652986463922454,0.9911840182179674,0.3657240749627988,0.6583032616813096,0.8516660102045926,0.7627340563182623,0.6599803365458601,0.92589872449032,0.5015901596199039,0.30344756197096306,0.9151242121196708,0.4033981999038886,0.31678558900419546,0.39850082096919665,0.5796376448541357,0.06256293251549246,0.2884859081710448,0.9906422233857187,0.6659121927641987,0.5664555035166086,0.9279064249813265,0.758078517501996,0.1697157341039222,0.32726630260996487,0.9275167748938553,0.7331935339833926,0.7218803896643698,0.9194008023668916,0.37683947745512275,0.4181802150248194,0.31522671486190906,0.5284820177520375,0.5503347622202673,0.3616411829841319,0.7752199508464368,0.06644507000327711,0.6736327204597781,0.6526440215675096,0.6603904852826064,0.6903142559223733,0.44588414398007764,0.48396645007901384,0.5452383580548523,0.29866917317033687,0.7723929541100363,0.4445319826673193,0.9386879399617323,0.7871254479362605,0.7807452573877436,0.23578806379773884,0.780244018695,0.6845227037966118,0.47120096314420234
lh_SFG_L_6_5_thickness,0.9885584000257117,0.5725212551091199,0.7237004555282693,0.6318834598514624,1.0,0.17857057209176017,0.10319191732880609,0.7299756948814118,0.017797932177576036,0.08853164081413256,0.8724183673323503,0.983687291795015,0.1869977413662368,0.7859785602024079,0.5034990302757888,0.9672052909683773,0.5165288054211915,0.6602621405308277,0.5513735158474905,0.20434082804788212,0.33450237906500485,0.6039256919728675,0.36850770475891426,0.6242077325052745,0.5622053713773809,0.10145241718795223,0.6698475238981143,0.1403957555100874,0.009648235248387694,0.6213416299165129,0.9924925530425024,0.9422299392205535,0.851557863409953,0.1637251464239552,0.008403256450568629,0.7950271079232367,0.509784279929452,0.4459329144697374,0.7544489452907128,0.29075364951085675,0.4935465000023376,0.49872304581001825,0.8577687784122725,0.6787865194446259,0.8623137365550833,0.5054870571789297,0.35511219698201474,0.9147983231706681,0.9984285195319069,0.7476466206539756,0.6836845700181438,0.49421898546338455,0.5835780680524556,0.5443036757777512,0.7300823096612077,0.8985069219891958,0.13798167917699192,0.15223989262255028,0.06493421193836726,0.5878999917704264,0.8754900185482732,0.6166511617089805,0.43280702802101323,0.75637821301252,0.26057240792970593,0.7710090261954056,0.5121423552405282,0.9706398085742727,0.5212697448661381,0.6395231634016482,0.8787979809180481,0.9184145849968937,0.44964031783823494,0.4519977474433124,0.30653974559027863,0.04888475054976657,0.7029262707454911,0.11893259949010351,0.5716656061893718,0.9192799171804988,0.9326459648702012,0.787208080367672,0.9316616893458596,0.9471345907918172,0.781336637994975,0.19270511214922695,0.9114131434782726,0.3596435843891585,0.5649650326903255,0.7368283091156569,0.49087173865999234,0.48946799770471144,0.3129949563857943,0.45204129459511944,0.5300663095116898
lh_SFG_L_6_6_thickness,0.13964845633396522,0.6202066919970928,0.5550221698238467,0.4812339638826408,0.17857057209176017,1.0,0.7988355836995906,0.5578406831856468,0.4076163755470754,0.939424040934185,0.3803564628787309,0.23847192598672395,0.995591785573668,0.28454236555225426,0.3655940420398754,0.11935010515373072,0.5396698686587265,0.6272784673210361,0.013031421629686301,0.0032392046165416687,0.39792093278591956,0.017899077541563696,0.5871786929069679,0.13186843050985275,0.4053386364142882,0.635824355158442,0.5208729872455912,0.16142206133521286,0.4144822760181749,0.33816934096947515,0.15006151513401383,0.2455959622933072,0.26375993715873175,0.001144623404214478,0.4697168040860351,0.10896521205841128,0.37400055829434425,0.007676583721380643,0.18012784704672036,0.30309937193000763,0.7823741084709146,0.44878415984414866,0.3910826310799379,0.4379973414843719,0.21155744077198524,0.7742301558617273,0.49775791617327,0.1715628009996271,0.18423960150055374,0.4951269701279742,0.02875164598517787,0.16855542098113438,0.38585861864969334,0.1454788651260377,0.18956438873969758,0.20945141006195828,0.4967887439804245,0.47690828084036657,0.2421532391562843,0.5118643554493414,0.40660524073144666,0.16772450838894185,0.4985404387385326,0.1993423821740788,0.003884835444064632,0.193842660448948,0.43709284707474216,0.2554689047400139,0.676711977654609,0.5676024908152717,0.21717521969803105,0.23977422538192456,0.012293601459046222,0.8340567843564128,0.9466125228039517,0.5976286339579349,0.5846668206496176,0.0008754588399338161,0.24879679383332004,0.09522641922322903,0.10261687862748872,0.14413938639187385,0.25634088688498546,0.2599314913492773,0.0383883663765679,0.0012811956882773023,0.1792533112034,0.0064308169000706515,0.5358512379369051,0.2258611162588502,0.3535636968192644,0.03361237992401377,0.47465238232050755,0.3315287223719501,0.7553346541611112
lh_MFG_L_7_1_thickness,0.07130736847665553,0.4702171896808457,0.3010720026173441,0.2116068728928765,0.10319191732880609,0.7988355836995906,1.0,0.31198708721544643,0.38169620636489854,0.8393127075306668,0.16391528342028155,0.15319633713593928,0.7614811292751775,0.28890294965346053,0.39067829287665923,0.05355328943952892,0.4957506836743502,0.37767355600059693,0.007511743492795745,0.00010442405905293836,0.12189128905184414,0.007750165230816482,0.31532732046062534,0.016443699821731876,0.13098925187676694,0.41912113278819196,0.26316604407561156,0.4420429496027045,0.6076831249340113,0.0884037562046075,0.0991052285967986,0.2029674737408258,0.07187120568508386,0.00023209298778458743,0.7048244654442721,0.01870975755904919,0.5955317492531677,0.007305487479285697,0.031835414011487685,0.5072093803289748,0.5424081683564357,0.17088154076806522,0.16532958340639714,0.16502673774996335,0.21067172410104248,0.5305192499667553,0.36123834690042306,0.047345499898559545,0.09756235452241917,0.23231674378824024,0.009412454085431374,0.19628803053959587,0.11695429226911412,0.01828297201620487,0.20922162916710196,0.1989079323574892,0.33698197103116306,0.6114419353807946,0.4903741028749534,0.26616491424587513,0.2385741755610029,0.024053777330501597,0.25782695271747885,0.03746910095744603,0.0003535541680065581,0.20944557870257746,0.15846226175103525,0.11856771366704372,0.5456505247146367,0.34044020104056766,0.21114636020334546,0.21342128326491402,0.0017821486166002785,0.5830688687003358,0.707948976781007,0.5244350374187912,0.3358478108384898,4.477679956922412e-05,0.04706946379551752,0.03455029638267413,0.038457368331914404,0.02490749856021105,0.21543930817057982,0.2049592872208293,0.029086416786753208,0.0016108672259078198,0.04907736192858876,0.008316242299563799,0.36383430934666444,0.04485749711816837,0.0936892972616244,0.0021966260484790412,0.2068350675603917,0.08098980439309136,0.5422341276135452
lh_MFG_L_7_2_thickness,0.6584390317925897,0.8564639920249582,0.9940658298725762,0.7813083119188551,0.7299756948814118,0.5578406831856468,0.31198708721544643,1.0,0.05364550165374389,0.38324098351285074,0.9319937552836619,0.7982646043196634,0.5649276268887798,0.6004268487118868,0.4386270094625457,0.6053866216838903,0.3091704599346745,0.9912155583236382,0.19846357592284283,0.02804361675632678,0.520981613501256,0.218908434269237,0.5009905002214295,0.37855657072500815,0.6599221219916102,0.3896548235042255,0.867870292324566,0.10111104335746834,0.10800973378692968,0.6424760123458132,0.6785478325617943,0.7363772764979649,0.7362052020200034,0.027777683186917493,0.08016154550431225,0.4452796414052629,0.5625294072459275,0.1707156985922198,0.5317211100501056,0.264352909692383,0.9102535749948466,0.6398757265660212,0.9322032669978622,0.7914431112750092,0.6292032615271111,0.9170862176902854,0.4904229573016956,0.6442803889673416,0.739382208495984,0.9443885823422533,0.2656911596106295,0.5025136004415588,0.6600361899231009,0.36273375374319194,0.5538665566314078,0.6558571371386671,0.3741564248549997,0.2832103341624906,0.1001960108728862,0.7530318238309315,0.9392583539324804,0.42905284781798153,0.5961842222019074,0.5622653835482865,0.047157548530889326,0.5711336082804693,0.6438006810005292,0.833140707872207,0.8553920341096336,0.8826177033566609,0.6448510025020759,0.6997305142922012,0.12034092923472388,0.7805030077890098,0.7303441025587838,0.27859339345952344,0.9986717697603362,0.013276956970415109,0.512321997751803,0.5230547286745422,0.546365856968171,0.49762942544977506,0.7340282573165298,0.7628981585661517,0.37624675125825474,0.06694103272707037,0.6542430644811581,0.16723517821577324,0.7334184559686574,0.587001024563595,0.5719777906568322,0.15529097046486967,0.5233673326414043,0.5333606794592245,0.7542524122781917
lh_MFG_L_7_3_thickness,0.010392932344539231,0.03397451143779531,0.04130773324463129,0.0038922669680026465,0.017797932177576036,0.4076163755470754,0.38169620636489854,0.05364550165374389,1.0,0.48410070073303035,0.01934911766922751,0.03200536948161831,0.42855005661653145,0.0988930179247842,0.174602246813951,0.006810831115137771,0.4221503150660109,0.07176603280628822,0.0006232701071604287,6.625664395889725e-07,1.5646234467758406e-05,0.0006229186689813801,0.4528242256962703,6.569085282516914e-05,0.0007146162061303389,0.31102257054290067,0.010413243552655807,0.01535081467622454,0.30740859040799146,0.0006243613987977468,0.017797924546662822,0.05340906303270156,0.0035780433252523953,8.54525053042955e-06,0.45002177202824084,0.0007397362264746905,0.022360511845477403,0.0006229186396037068,0.0006229967747388279,0.004339819784595026,0.13883556360561983,0.0006335534747761121,0.01779899508456457,0.003583913505520494,0.05883690058735978,0.13883211642871676,0.0008082263407441707,0.0035777883770794112,0.01577627094564836,0.017804478369243867,0.000736983582267966,0.053409058383987164,0.0007132970782583527,8.584332289578577e-06,0.05883690026846576,0.05340905908813162,0.0001554606079763016,0.44991978736710314,0.006566339191724251,0.004168349198335879,0.05340933704888863,7.8134017875907e-05,0.0007807391523438906,0.0007370993403985083,1.0602597976766258e-05,0.058836900291118495,0.0006219760801433388,0.0177980074627376,0.058983815611306015,0.017840473446062675,0.05883690078122407,0.058836902359516274,7.806883252294992e-05,0.29098096387002437,0.2910102615150178,0.3082310570472636,0.058841873462944116,8.554886845238632e-07,0.00010121611072098788,0.0035777487071768734,0.004133383971619447,0.000737015932566259,0.058836904723782044,0.05340906639694717,0.0035777447945576275,9.669039103431205e-05,0.003596340544636456,0.0007397244631604481,0.007003325491769441,0.0007371802462387766,0.0001373452897432986,1.0108578528189968e-05,0.00010022825252673164,4.4637821505900876e-05,0.2923800209303977
lh_MFG_L_7_4_thickness,0.06725539787067397,0.5446850728371756,0.39412802509497746,0.38834981384533857,0.08853164081413256,0.939424040934185,0.8393127075306668,0.38324098351285074,0.48410070073303035,1.0,0.24152999361678082,0.12373669802453202,0.9349692237456775,0.16502937157060613,0.2473003179436308,0.05689010342738088,0.4929703300469536,0.446150307011744,0.004452102544590294,0.0011028455053919298,0.3037305055014205,0.006548994899025855,0.6051682176382027,0.07364679747666524,0.30739032471091476,0.7108500693656912,0.4200290917730027,0.24786806509303658,0.6068145344558127,0.23792053304536145,0.07109613672275486,0.12831780824396813,0.16361997256805483,0.0003342592350594627,0.6786578807015665,0.05690587995557788,0.42547536749931264,0.002341583634625934,0.10562439971782663,0.3940466828263965,0.5968983986757086,0.3611943637948354,0.2532482569105111,0.33290929057648616,0.11087535119845462,0.5844419082047637,0.4960831158669752,0.09401125786539484,0.09294027175395694,0.36246522624118616,0.011478493018185449,0.08902343415977455,0.28592366901083227,0.0831922482226835,0.10049823317930592,0.10795937701510244,0.48951424482344275,0.4022736705924216,0.3387271677040347,0.43924163753657336,0.24178094006383002,0.09847899310184094,0.4439158193137882,0.11951304801297558,0.0013209234175709712,0.10237367280535041,0.3459785812927044,0.14112282058366177,0.5863423257343631,0.4741279589090417,0.11375753836318389,0.12603774381206742,0.004670778458212557,0.6442186431923006,0.793577481228555,0.7301988560812698,0.4083634779925566,0.00026071520660630597,0.16077785743596937,0.04487435130538466,0.04878221925526392,0.08000470866054891,0.1356334314064565,0.13699595808863,0.014570939308068876,0.0003156571934458381,0.09936981098258359,0.0019109662501535058,0.4961686180843543,0.1398945382191445,0.25561469220189253,0.015047023926788269,0.40482561846056947,0.2346438148054932,0.5686264027166889
lh_MFG_L_7_5_thickness,0.8367935626170957,0.7633986481932578,0.9371542745375516,0.845160172938243,0.8724183673323503,0.3803564628787309,0.16391528342028155,0.9319937552836619,0.01934911766922751,0.24152999361678082,1.0,0.8890120793115888,0.39935499690974036,0.5741682599893815,0.3438406451990742,0.8036995168869776,0.3065496866330314,0.8794078543260115,0.3572285729018406,0.06285944952583011,0.5306622674302779,0.38864284549213135,0.5053704888664277,0.5337139509264296,0.7534476775545937,0.29688279607699797,0.8877983967467326,0.151982913532122,0.05905610199653782,0.7679430365437532,0.8209926178955521,0.7818954897376447,0.9101525331906585,0.07245179230778717,0.03769800994821028,0.657860317147114,0.5628840250596407,0.31027888419191857,0.7251826761998055,0.334711322619458,0.7248962387649484,0.7072848408908308,0.9990716687136726,0.8798712425645487,0.6489833500426538,0.7364487240469724,0.5185794556564323,0.8512970764208966,0.889190467994252,0.9577621203640683,0.45326163085359106,0.4612385176672799,0.7637886835061951,0.478483286742279,0.5435179673700172,0.6911839405667195,0.31598564319441186,0.16060824635905416,0.09811246215421024,0.7977413686747288,0.9442922999850292,0.5786900175701378,0.6369564532109528,0.7522651416624263,0.10931187581082999,0.5695348799512787,0.7173520562570852,0.9577621203640683,0.7100816410960311,0.8537227788503686,0.6687163939874288,0.7333375155045594,0.2411755763170289,0.6451989045223406,0.5326431660748018,0.18914272268675422,0.9137563689946617,0.03587714154297254,0.6371753635226151,0.7387144068000829,0.7596386025037112,0.7043217772079291,0.7704079310482611,0.808793069658237,0.558927764878117,0.14819797327082923,0.8590727357125858,0.29539060630695185,0.7498845971576407,0.7668936084215967,0.6540962251815355,0.2660259933774221,0.5270440922094882,0.6007594448446796,0.6587235560322368
lh_MFG_L_7_6_thickness,0.9466243120313942,0.6063325992275244,0.7791432569051677,0.5961969463086134,0.983687291795015,0.23847192598672395,0.15319633713593928,0.7982646043196634,0.03200536948161831,0.12373669802453202,0.8890120793115888,1.0,0.2447817104724901,0.823654223974184,0.547865737119401,0.9097984377151371,0.5330375035677998,0.7406590702438676,0.4532930838995617,0.17204908875014752,0.3387611628427245,0.5051870333311389,0.40094641995124514,0.5843680579309813,0.5211211890919465,0.12102916434054813,0.6596168095079291,0.09472884934963,0.013429278477584261,0.5802472974568599,0.9680435869872339,0.9714517290060304,0.8097838060136602,0.12386297569785237,0.014220125133689514,0.7222093185381316,0.500714796601302,0.3536716702614975,0.6979896802557679,0.22434018583913853,0.5899970349927228,0.4570156765117985,0.8714179910483851,0.6437878499821111,0.8807981255309885,0.6026421295282676,0.30067351089964933,0.8593617531472337,0.9799162094226177,0.762427469361268,0.5857769589371888,0.5241002863938438,0.5425911283849625,0.5293020770480511,0.7442242941079882,0.9158435081627336,0.1316959266909321,0.21367531575066764,0.04287088123317886,0.5500067830095843,0.9359890275240691,0.5817613102327234,0.384742693271517,0.7018425354895959,0.21080978817679608,0.7850198484005766,0.4710993415122298,0.9704805501740406,0.5807291295320887,0.6480757446435514,0.8991729895006746,0.9464787171532827,0.37387067570406207,0.542660525137668,0.3917747021285229,0.06087921202762018,0.7752538784420471,0.09386591201155933,0.5445806608067235,0.8446726386072738,0.8620120777949315,0.7227545316817114,0.9649954816664086,0.9805443543130838,0.688642637053241,0.13506971860630668,0.857529115190448,0.27743357658143086,0.5333236088430382,0.6859091853477906,0.4663437227856897,0.4414026997713224,0.2918531961006417,0.44111755791954466,0.6176585735478577
lh_MFG_L_7_7_thickness,0.14949942616710804,0.5972388922279036,0.5616640879162452,0.4944789529436226,0.1869977413662368,0.995591785573668,0.7614811292751775,0.5649276268887798,0.42855005661653145,0.9349692237456775,0.39935499690974036,0.2447817104724901,1.0,0.2680879818464118,0.34275292223757925,0.13030703679445052,0.5505906604706989,0.6286878635471611,0.014472866686102101,0.004459556374187467,0.4243347366816938,0.020693089883285193,0.6436424091445972,0.15491882369809043,0.4303203360872835,0.6516867368784126,0.5270504216440657,0.13735384527133068,0.402346509062774,0.3674760610990472,0.1545432647907778,0.24198570848023276,0.29011693911209674,0.0015367514409420646,0.46734977580896464,0.12765393908785105,0.33103916763516716,0.0074311436960781095,0.20604012120438692,0.2708187898710395,0.7723888662898701,0.46807890403374003,0.4104263641189137,0.4582722190756719,0.19906283659226948,0.7661861941782768,0.4852500949876722,0.1924417704302742,0.19492600853455255,0.5075734147155612,0.03387815305396522,0.14851423056075705,0.41252737672373613,0.17009864628844099,0.171775581231624,0.19968807148027234,0.48824655959007146,0.45630783896762767,0.21271369760039102,0.5160620961489364,0.41689641268141475,0.19397948593737932,0.5034420752336846,0.22632776014878714,0.005225144204298542,0.17721031535740683,0.4582707653554071,0.2713084269540141,0.6472895127552254,0.5625626500234514,0.2058412201015759,0.2326004284581584,0.015699722352156324,0.8457237220780653,0.9395338903402167,0.5961277507591898,0.5895222548735789,0.0012438673839059102,0.27920619684973835,0.10699456417696793,0.11466711611758786,0.16675525201768018,0.25180452296879546,0.2583601681320715,0.03921359490650227,0.0010820939321931524,0.20078031091723608,0.005247188048550406,0.5240868993935133,0.2542360048139977,0.3829058626879509,0.04240302867599133,0.4881341374184317,0.3619402833477755,0.7698558622437026
lh_IFG_L_6_1_thickness,0.7447660414075787,0.4612799640344419,0.5605455405995541,0.28346095404199767,0.7859785602024079,0.28454236555225426,0.28890294965346053,0.6004268487118868,0.0988930179247842,0.16502937157060613,0.5741682599893815,0.823654223974184,0.2680879818464118,1.0,0.884938261017415,0.7086893216137752,0.7334326489337047,0.5933774442592459,0.528442124544039,0.36493541200484597,0.12692908577833442,0.5618721655090677,0.22835847145271665,0.40624880717192763,0.2116820537440635,0.03937186007574859,0.372192523136206,0.029252208367585842,0.011245192695372429,0.25755225080785527,0.8249139477306711,0.9288055458517391,0.4543813875910959,0.26685161154241055,0.03586970492160809,0.5150811653350067,0.37438575940672897,0.4259246234320957,0.4143046882215825,0.09072700395679753,0.5564745473205399,0.1733411695608366,0.5512567037985064,0.30702624372239246,0.9821420223789905,0.5626931784973913,0.10845985721361337,0.5588245271377084,0.7558533018870666,0.4698553275252666,0.5940626481301289,0.6182587976895728,0.22632614637727302,0.36931738106371137,0.9365578580588723,0.9708483317946917,0.030129376836442588,0.37464594874811274,0.009451368614672731,0.26510119702855234,0.7310890734329176,0.36382515864297654,0.1411887575579928,0.40074721664149715,0.3852410250426056,0.9599040526906794,0.18114074564018603,0.6874404543732586,0.5046504719110034,0.41289700855946176,0.9799787741646062,0.9580048436621087,0.49527250734006867,0.5113130520438702,0.4261098912470532,0.02130630651082842,0.5949328459222828,0.24756727024108466,0.2792797197522021,0.6609708476551447,0.6673782094244274,0.46789160057078055,0.9365578580588723,0.9092372465017764,0.6896754903768025,0.16798399078955933,0.5497643571336294,0.27869099150348986,0.2911411257459339,0.37152560395716794,0.19232555494629397,0.5079696580579061,0.09030196315030423,0.1906140507564656,0.5760294612242103
lh_IFG_L_6_2_thickness,0.46861452061898085,0.3469806156263563,0.39772228628596906,0.14299449879784418,0.5034990302757888,0.3655940420398754,0.39067829287665923,0.4386270094625457,0.174602246813951,0.2473003179436308,0.3438406451990742,0.547865737119401,0.34275292223757925,0.884938261017415,1.0,0.44154637721215845,0.7209994903071169,0.464669326408256,0.5411726937815138,0.49178761178310487,0.03769360466653034,0.5249846051867073,0.1492135358879737,0.2107856486077493,0.08135262673637461,0.03192227898315019,0.2209880507255623,0.01185563704635429,0.0249360651981309,0.10041036669127369,0.5553601538930613,0.6870958424291034,0.2210820752262198,0.4360623336620798,0.07439603640738168,0.28868822280598627,0.268457371175339,0.5249846051867072,0.19661627230097495,0.0439700430794239,0.510452246650581,0.06579307831627125,0.32716138020555235,0.1485395079385022,0.821019543127993,0.5124510045690013,0.047165653895113284,0.29750177363494795,0.47130424988790875,0.29167997776507504,0.4891572660773332,0.7124749074168801,0.08731809103367648,0.1857965025742432,0.9055352826284524,0.7773185934022917,0.006698347084751143,0.4596840172924844,0.003073946464603919,0.13991361072781902,0.5050492624128418,0.17233151203229546,0.05796607562757061,0.18513318932798223,0.49810126746197897,0.8896981067792333,0.06838680982111603,0.4116838543101694,0.41707062884531987,0.27305834808343565,0.8020117722789246,0.7381902419269737,0.4978299493402921,0.5019722894625341,0.47125470785230694,0.027428556429396258,0.44550369420122743,0.423162769902938,0.11224260903363148,0.4132861968447341,0.41312451293785635,0.2400455800175476,0.701119826383272,0.6600317518039345,0.5845110355559692,0.3153459985226814,0.2896897892730669,0.4082242495601122,0.1729638095137147,0.16488916645673807,0.06628378292565792,0.4041910079320156,0.026345221265606393,0.06538605742046245,0.5326563461813326
lh_IFG_L_6_3_thickness,0.9941873047222396,0.4865870032547683,0.6117147694535311,0.6597968145821509,0.9672052909683773,0.11935010515373072,0.05355328943952892,0.6053866216838903,0.006810831115137771,0.05689010342738088,0.8036995168869776,0.9097984377151371,0.13030703679445052,0.7086893216137752,0.44154637721215845,1.0,0.5022876335740757,0.527741098020132,0.6898380563460154,0.2577101755907748,0.3570940284371826,0.7419153187888848,0.3307028118144592,0.699367285447366,0.6304392089825651,0.08139610863365397,0.6458584104508173,0.22885603323609485,0.006531576360242045,0.6897950414921193,0.9697161793722509,0.8579683224978473,0.8831527887547164,0.2397831305320213,0.0042291937107971685,0.8937724451920641,0.47487396131394793,0.5791615135151544,0.8371067255632736,0.3913512661589258,0.3622364275034007,0.570632164406323,0.7937592212204041,0.7068937144365118,0.7950274157023326,0.3731768738356148,0.44306906472811847,0.960579145864535,0.9696221114730988,0.6849493650818329,0.8163010672438109,0.41726425694109837,0.6512133161771261,0.582048363607048,0.6717815291875645,0.8300277791332926,0.17364523533016094,0.08371637075111708,0.11835719527041608,0.6174576964890746,0.7560858870873493,0.6865748348281723,0.5107280848486243,0.8346582267239497,0.34893831837763783,0.7118246123892626,0.5832168557429176,0.9195572741420248,0.41100901816770286,0.5857048677033747,0.8086979692658733,0.837726187983824,0.573691947817962,0.34852002363175205,0.2120224429748268,0.03734622214178397,0.5755002275707894,0.16528415922148776,0.6341303218523876,0.9878565375010395,0.9929238930847792,0.8762690719388633,0.8441834622448487,0.8576780852363041,0.8760822750447317,0.29725398257647057,0.9553473845966758,0.4782759862531566,0.5753257312314953,0.8114459626246271,0.552566396132157,0.5697722510063288,0.37413598818467486,0.4967333860552199,0.42823101933607605
lh_IFG_L_6_4_thickness,0.5083171528606197,0.14421277184538245,0.26031926220784873,0.11495305806732428,0.5165288054211915,0.5396698686587265,0.4957506836743502,0.3091704599346745,0.4221503150660109,0.4929703300469536,0.3065496866330314,0.5330375035677998,0.5505906604706989,0.7334326489337047,0.7209994903071169,0.5022876335740757,1.0,0.31762025877109923,0.4107135537271281,0.32321480396904345,0.1469559815447792,0.4520682656526715,0.5203613014587112,0.41687829119319053,0.1502691238428495,0.18823594125311957,0.12747552642893617,0.0011958449836557904,0.14512667650822436,0.20813896406799698,0.5469507171977306,0.631009375690329,0.3107838911724937,0.21992341605520102,0.27885770533112103,0.45410307626945573,0.07218923065317207,0.30029713450170825,0.36968707615796315,0.006878479876890546,0.38372148256654653,0.11210382696855128,0.2873407217838643,0.1498755554419487,0.6625345196715285,0.39123533495175783,0.03142724036329189,0.4130663193018651,0.49636869053142957,0.1958511329529127,0.49032468893473174,0.26823623738349345,0.1669888818223558,0.3995832326754575,0.5897330063286177,0.654343622227039,0.031130801090098942,0.45006683727463903,0.0014437088378361207,0.08661302923087749,0.4502351002661734,0.3752737102992799,0.06400842357330926,0.3495437118896659,0.33690053003969195,0.6197741593275812,0.12207050001147657,0.4271796556624079,0.19654493372795032,0.12723906997485956,0.665150908038487,0.6574550600991635,0.4400125495870742,0.6184584909119221,0.5181151567378952,0.16231841768119573,0.306488136094493,0.20726829074207723,0.2870677165687891,0.4991161665081795,0.4968470974593878,0.4130627127638464,0.6431203539593877,0.616016684184396,0.48620521560411467,0.10859309034284052,0.40428747579974833,0.15340272379092684,0.06797814942719155,0.3204967814554013,0.1876937534635084,0.498377101670441,0.08091343219993355,0.2059372901933417,0.6919183482284579
lh_IFG_L_6_5_thickness,0.5827699354356912,0.8714505608080252,0.9828597966641892,0.7520058559093372,0.6602621405308277,0.6272784673210361,0.37767355600059693,0.9912155583236382,0.07176603280628822,0.446150307011744,0.8794078543260115,0.7406590702438676,0.6286878635471611,0.5933774442592459,0.464669326408256,0.527741098020132,0.31762025877109923,1.0,0.15605815514723226,0.020170394802007684,0.5126659890836079,0.17269774939886928,0.48987285950635695,0.32718735110145675,0.6262307352990407,0.4243858585262681,0.8453085910745739,0.0987252147295509,0.13438290091083785,0.596218032431646,0.6112472946112366,0.6967688869892725,0.6643238043446482,0.019219814978833343,0.1046940300066723,0.3761424817802863,0.5553140986546654,0.13430121945189943,0.4649790182989232,0.25861270632690464,0.955150665109729,0.6181919629341436,0.8807891350376897,0.7512704384081116,0.6028643666352393,0.959495572217834,0.4950417774696725,0.5648236110863702,0.6673144382544813,0.9144943209860252,0.21231968031647913,0.4964773293522354,0.6220400581865677,0.320140210501731,0.5392757952841197,0.6231249886093699,0.4032790502960213,0.32728332621882283,0.11437590760616652,0.7335925571428217,0.9044495032320137,0.3777162808041474,0.5894199824146845,0.495436392713123,0.03382343342992935,0.5534355724332736,0.6191787510768323,0.7646926659938574,0.8883304227061846,0.8749713383441118,0.6165939846950916,0.6659846243506005,0.09090339075370543,0.8164230143032578,0.7961783188780265,0.31785044209522645,0.9965529876035093,0.009002101566132292,0.4669164486498564,0.4463787902250659,0.4688195381908137,0.4279993580869802,0.6978085133855425,0.7219227241529065,0.3159802935524456,0.04949336269837601,0.5750521780147424,0.1332345605128038,0.7243173370603142,0.5226698327606649,0.5416035890523297,0.12395394165663667,0.5265495950380787,0.505941805778508,0.7755097072208701
lh_IFG_L_6_6_thickness,0.6352524576838002,0.2108799149408728,0.21908908449681722,0.4560639486009601,0.5513735158474905,0.013031421629686301,0.007511743492795745,0.19846357592284283,0.0006232701071604287,0.004452102544590294,0.3572285729018406,0.4532930838995617,0.014472866686102101,0.528442124544039,0.5411726937815138,0.6898380563460154,0.4107135537271281,0.15605815514723226,1.0,0.6308743839711779,0.356106360823193,0.9924925470957804,0.08126366587417429,0.6537964440081043,0.5425764557466854,0.007490538924659868,0.36126975227172414,0.4345900064521157,0.00021496349458809228,0.5698198692996957,0.6039722124965814,0.46960753576969716,0.5597607816150914,0.7026456052988654,0.00015946476998755132,0.7700492584213725,0.27605187158430466,0.9651536328586491,0.6781443709376281,0.5002449808978897,0.08131771677582436,0.5282970792298021,0.35897062235530314,0.4752523547792209,0.575001998066038,0.08381366242680868,0.5046286552714714,0.6436248322283369,0.5461996075275335,0.3168038145732568,0.9611313253274224,0.4325393187878831,0.5497457909028411,0.5054796725014696,0.6403561455969633,0.5568507675394978,0.3001868319380099,0.016301867569784505,0.305696153641154,0.44189600851830346,0.2765210547620307,0.6210435014898958,0.512102354050868,0.659964833251149,0.7939364921596677,0.6310968053395396,0.5319703419172681,0.45400244614563645,0.14712815241052693,0.2936250981144113,0.5578395961278134,0.4974905960090108,0.9300027707881633,0.06919676282174958,0.03157449334202587,0.0023714211014090503,0.182701131133118,0.5592629058714802,0.5658488217930611,0.7632872940503226,0.7427969879075131,0.7192818702028922,0.4609199175529538,0.4422732353111476,0.9193172956043554,0.7165686167261067,0.6345114950378072,0.8284748936854317,0.38976578389714805,0.6375601403359158,0.523586577898986,0.7328989333101652,0.4535454954207814,0.47059991436847065,0.10597039022614098
lh_OrG_L_6_1_thickness,0.23581755237378224,0.010372549298848982,0.024761864029043797,0.06802829501150336,0.20434082804788212,0.0032392046165416687,0.00010442405905293836,0.02804361675632678,6.625664395889725e-07,0.0011028455053919298,0.06285944952583011,0.17204908875014752,0.004459556374187467,0.36493541200484597,0.49178761178310487,0.2577101755907748,0.32321480396904345,0.020170394802007684,0.6308743839711779,1.0,0.4454818599657337,0.6004885758675866,0.044766418697871624,0.4637353208420392,0.16483402317896476,0.0030946197964928954,0.03595091100882372,0.2984641056589649,6.262738347409915e-05,0.18914837204250312,0.2525424266041706,0.23506194819381285,0.13159359606093185,0.908048582847793,2.036156180660414e-05,0.3288290055036154,0.015553850434562103,0.6494576222612548,0.2641120907281988,0.15156300306749,0.010437449306102346,0.16503110697567755,0.059061442433715944,0.07834208544717747,0.359563663487654,0.011732937016604284,0.15331497026855453,0.19382225457132377,0.1898402118973328,0.03393467299137746,0.535142405501249,0.37138633301228596,0.16897384806723528,0.5755002749693637,0.4721791299954077,0.32551066877636337,0.43962460608495707,8.656297055438145e-05,0.429099124071842,0.06089524785324215,0.07771192858510302,0.41745992226450546,0.14640075624855467,0.24028676725154485,0.9261009206394955,0.4457959614984704,0.1679864176538277,0.12507225666868452,0.005899011519420273,0.021789782718781285,0.3385202687925491,0.27235721592430856,0.7552387856737446,0.027520884612341225,0.006895700809690864,0.0008765438961384481,0.024290712949829762,0.9622340523667392,0.34872380897391686,0.2982163876836924,0.28342464550581736,0.2862221682394803,0.2363432645837784,0.20973841746680985,0.4857413110160159,0.6406632314133818,0.1867333452421717,0.551961544504604,0.04029109278085438,0.22404741257680807,0.29073458294140025,0.7773469846559536,0.3071289384384138,0.37857341330918653,0.050442868865798206
lh_OrG_L_6_2_thickness,0.3410267472765047,0.41138814359035203,0.527496397071549,0.6438416608364987,0.33450237906500485,0.39792093278591956,0.12189128905184414,0.520981613501256,1.5646234467758406e-05,0.3037305055014205,0.5306622674302779,0.3387611628427245,0.4243347366816938,0.12692908577833442,0.03769360466653034,0.3570940284371826,0.1469559815447792,0.5126659890836079,0.356106360823193,0.4454818599657337,1.0,0.37558851832081136,0.47759733512212277,0.7772589026555332,0.8017188045828847,0.39425976643744937,0.5652132989249399,0.5000053402566265,0.11013785832295307,0.8000889126971868,0.2835964447499556,0.24847235857260083,0.6013291358125877,0.5078003768158107,0.0680527145209127,0.5708372711883757,0.17761807757074918,0.3301166614848727,0.6834789187200339,0.43164420000987364,0.4817994692073259,0.8039889423978679,0.5422742631074255,0.665196717139304,0.14193152477815055,0.4880021413189192,0.6609216229007664,0.5070698829938518,0.36001399541819845,0.5602141901886437,0.39573159643518185,0.023614264337441772,0.8006926190330963,0.8339640144546807,0.06975082525497506,0.1696519430188142,0.8643979687954975,0.0028857574864242447,0.5850784635352309,0.6069002848578506,0.4532434562416235,0.8154879666816031,0.7393042904783845,0.6893522311999141,0.5245432349184754,0.08616875505170728,0.8093305547841032,0.43831625782103445,0.38425944483947627,0.5040775082577167,0.1570799021099374,0.2105696479156588,0.5120989910151698,0.4987772716356185,0.45633117296411624,0.28418191810574156,0.5188224069315609,0.44280430344804855,0.8802323867071609,0.38626391433450036,0.3842071492568118,0.6237588702580572,0.24427429840289033,0.274689618418005,0.2436862549068077,0.44526303474704415,0.5162327822124485,0.30209217847064807,0.5016594752167227,0.7148408418155073,0.917829005592262,0.6281898583854197,0.9245973159791268,0.9646227355262507,0.46991830528138395
lh_OrG_L_6_3_thickness,0.6876494030419231,0.2148586507554206,0.23648474768326594,0.46824565227816006,0.6039256919728675,0.017899077541563696,0.007750165230816482,0.218908434269237,0.0006229186689813801,0.006548994899025855,0.38864284549213135,0.5051870333311389,0.020693089883285193,0.5618721655090677,0.5249846051867073,0.7419153187888848,0.4520682656526715,0.17269774939886928,0.9924925470957804,0.6004885758675866,0.37558851832081136,1.0,0.11148740356020231,0.7051642578157313,0.5618035742185705,0.012209771465511651,0.37182996498696375,0.43466133322774175,0.0004115268578032045,0.5971202385181482,0.6552430025329523,0.5211994491275946,0.5986012419677749,0.6543676917665338,0.00023457288738715714,0.8226443177516897,0.276231157034249,0.9288557948388115,0.7252858969887965,0.5004758910402872,0.09232833774942291,0.5422883397858693,0.3884102249303117,0.4924600546581426,0.6100713732718442,0.09585903513661616,0.5077636073325962,0.6933487611245375,0.5984102973778345,0.333617446040723,0.986914229310803,0.3811726933527637,0.5712983967703861,0.5556958535565336,0.6389261140299132,0.5984990662091803,0.3038780022875308,0.01629547893188245,0.3058597855593844,0.45005293550071485,0.31584104155878734,0.6691100806753127,0.5194111760337622,0.7049501318707394,0.7667712641208324,0.6413160808241656,0.5473538974994218,0.500535661257161,0.15073789794678116,0.3009969681730808,0.5970996849067332,0.5461795970059283,0.9342199635970013,0.09162481865330148,0.040112349865349964,0.00411965808835958,0.20128700173823522,0.509666019371942,0.6040293469442046,0.8144565797105028,0.7944821412760801,0.7700696459811376,0.5124145769663677,0.494750622274919,0.935455739402191,0.6658101742776432,0.6834915259415903,0.775851991342499,0.3940119641892651,0.6792622372453758,0.5485504007686223,0.769633160134557,0.46377548487665066,0.49818199519391476,0.1382740616809786
lh_OrG_L_6_4_thickness,0.34334523368535563,0.29703816696526636,0.4812381588133411,0.4281953360447162,0.36850770475891426,0.5871786929069679,0.31532732046062534,0.5009905002214295,0.4528242256962703,0.6051682176382027,0.5053704888664277,0.40094641995124514,0.6436424091445972,0.22835847145271665,0.1492135358879737,0.3307028118144592,0.5203613014587112,0.48987285950635695,0.08126366587417429,0.044766418697871624,0.47759733512212277,0.11148740356020231,1.0,0.40291229228806474,0.4767836331246442,0.7402418748042536,0.41237419081769683,0.022714722603951527,0.4907036536687744,0.4986187557286545,0.31661207012087633,0.33622485286810033,0.4882486528949882,0.019623119150373538,0.5347067262835894,0.36353776401734633,0.07254455920982632,0.036681231056009775,0.44776295662747373,0.0681624644606525,0.4762399960417232,0.44362952042076453,0.5050108460740705,0.4670839427175455,0.21622849707981823,0.48740965228486366,0.25726316459383475,0.42500819313427285,0.3862353870927202,0.4691105476936074,0.16062991880941638,0.024710512902799953,0.48612288685043464,0.41945618229422593,0.11387618008924369,0.24598528789179808,0.27447411838092745,0.16654528413488548,0.046048987994390084,0.37729442621031695,0.5048585415354668,0.4407038948761544,0.3616641844750883,0.46179641088568985,0.04937964885241819,0.13892353443095098,0.4543587114341724,0.4567596687985479,0.2956866813096119,0.3685077047589147,0.23560692908123132,0.2995643636661416,0.10409316267915873,0.6546436046901881,0.5476199482490327,0.628953386278163,0.4949400385376482,0.017476974866788102,0.48950125372595843,0.31035470815831506,0.32025270018012597,0.4114429993349291,0.3366244061748741,0.3633217232842555,0.13325477198070118,0.005322111727856951,0.4326967125299307,0.009465044307866616,0.2956239048186284,0.47772976102749526,0.49502314148385584,0.20196869525438896,0.40461513633631213,0.4987517413760672,0.6662236747078834
lh_OrG_L_6_5_thickness,0.6642637352660599,0.1962495444748354,0.3642678089693169,0.5081449654518562,0.6242077325052745,0.13186843050985275,0.016443699821731876,0.37855657072500815,6.569085282516914e-05,0.07364679747666524,0.5337139509264296,0.5843680579309813,0.15491882369809043,0.40624880717192763,0.2107856486077493,0.699367285447366,0.41687829119319053,0.32718735110145675,0.6537964440081043,0.4637353208420392,0.7772589026555332,0.7051642578157313,0.40291229228806474,1.0,0.7294257004248104,0.12832430429719252,0.3941167044473395,0.5031469378237983,0.013082532037204359,0.8066747315087748,0.6049015881762461,0.5321604321298721,0.7331477516068537,0.5344923454370311,0.006318587780274887,0.9080982001255558,0.14024772082188766,0.5573267995906515,0.9162207102056195,0.439631998601612,0.23931772072208754,0.6839362223012856,0.5269489158734176,0.5715522897786769,0.43578283372933796,0.25224007913378643,0.5219917710639859,0.7758729534059549,0.6377824304420503,0.4192314031688188,0.7616394221190472,0.08709296323129584,0.7508029955095294,0.9492717899369583,0.29813362095337764,0.47148965404349646,0.5579961459927241,0.0031651109269677773,0.46632194646408665,0.44855294026285325,0.5116685471878405,0.9936360873671675,0.5849701222636434,0.8970279672748643,0.6230817469445613,0.33862029979859887,0.7003394211948506,0.6186914544858606,0.15628145224141154,0.3024382563032423,0.4548890838761801,0.5053769566864673,0.7682513369745516,0.345650744931879,0.19298580830608666,0.06461710448605575,0.3561956914940308,0.40308783685673905,0.9490194295301962,0.7523439898043813,0.743174126060927,0.9130982217961128,0.5261896938345968,0.543128436000933,0.5891313350529341,0.5288843722117363,0.7737774558206524,0.4611194280300657,0.3348989375849605,0.8829339647892149,0.8558321398847837,0.8517477810217496,0.7121763094684953,0.8812264537862693,0.41997550406705136
lh_OrG_L_6_6_thickness,0.5996005940722791,0.5927665820256899,0.689962767868121,0.9248677276819384,0.5622053713773809,0.4053386364142882,0.13098925187676694,0.6599221219916102,0.0007146162061303389,0.30739032471091476,0.7534476775545937,0.5211211890919465,0.4303203360872835,0.2116820537440635,0.08135262673637461,0.6304392089825651,0.1502691238428495,0.6262307352990407,0.5425764557466854,0.16483402317896476,0.8017188045828847,0.5618035742185705,0.4767836331246442,0.7294257004248104,1.0,0.39601924996483967,0.8266744735381444,0.47281353739186505,0.11138817629073434,0.9864077858386451,0.5114140373107657,0.38607906733547304,0.8793888295515216,0.292341562897177,0.06903331366799371,0.7705725855020942,0.40562697968511996,0.5168636923715701,0.8686654030397372,0.6199844397561787,0.5425432034481854,0.9916070807888115,0.7710240327246318,0.9449603818950281,0.2714287625335839,0.5486175709375268,0.8498643075577055,0.7846918203848953,0.5956534789865907,0.7901088387692166,0.5959656790338813,0.1630090021581134,0.9987460333676237,0.6167299335981622,0.19987444730538248,0.30760895683012335,0.6509589218239671,0.02001629360995168,0.38096500695510155,0.8887324955843321,0.5911735583994275,0.7857663485524811,0.9420863526129388,0.8889426135154264,0.32203034491017646,0.2161251344707455,0.9954647915793526,0.6661213785865571,0.5169407286923046,0.7351196034613264,0.2864766184397916,0.33968306336918086,0.48348259882114514,0.5155634223207889,0.4746759636987325,0.2861411247455985,0.6497143839493793,0.16211476048586237,0.8782160927616034,0.6639975588305005,0.6628936876730767,0.8231768321009785,0.3732637379079833,0.41223051457973514,0.5222751839716995,0.44009689559757587,0.7939275364664167,0.5036849220182236,0.778384259577581,0.9145736874849021,0.9484996386939253,0.4216802610005599,0.8978002306548172,0.8761624400503643,0.48571719952163017
lh_PrG_L_6_1_thickness,0.08772443968258918,0.5011554968689653,0.4142218223866095,0.45563974998809786,0.10145241718795223,0.635824355158442,0.41912113278819196,0.3896548235042255,0.31102257054290067,0.7108500693656912,0.29688279607699797,0.12102916434054813,0.6516867368784126,0.03937186007574859,0.03192227898315019,0.08139610863365397,0.18823594125311957,0.4243858585262681,0.007490538924659868,0.0030946197964928954,0.39425976643744937,0.012209771465511651,0.7402418748042536,0.12832430429719252,0.39601924996483967,1.0,0.46892467536683047,0.1636314766062264,0.7879119373555077,0.3290411622082988,0.07342866259124543,0.07955608554427834,0.23834877212406594,0.0009605630565362908,0.6596876434100556,0.10057338971889208,0.30073369721081994,0.002322616786199427,0.17162352062208,0.30175196554442824,0.48328504232843283,0.4407038948761544,0.31240050493983385,0.41306390980892355,0.03542305866984364,0.47491470220408794,0.4935676033039659,0.14691970903424578,0.11338119825642701,0.41712214346991383,0.0219995550088814,0.00441174446146354,0.37636447375920334,0.14241349222419683,0.014033225570430703,0.044147406531190946,0.4973507462451952,0.08169410911604241,0.24575751090164463,0.48612023170162233,0.2387431437463156,0.16363147660622646,0.4913627456440429,0.1898888687256504,0.003569708714685761,0.018181922474950474,0.42886655020006714,0.17739212470670288,0.5022214416535628,0.49164059128563004,0.040905613963271366,0.06301223421838506,0.010971763160563081,0.434613482717741,0.5492948218163809,0.9662580086041097,0.4060635534755319,0.0008180667060202358,0.24387368052443256,0.07172598050130537,0.07640384103942463,0.13526882131550924,0.07926051689574325,0.09364171442239595,0.0161736131689578,0.00016401951132327916,0.15443398950578366,0.00036061299931602333,0.49987361468888886,0.2162075413454095,0.3482834774232556,0.03246103224212626,0.4716868664988769,0.32709027955273073,0.3554461766280608
lh_PrG_L_6_2_thickness,0.6604961936110773,0.9060277166307862,0.9126538753769953,0.9715945068939125,0.6698475238981143,0.5208729872455912,0.26316604407561156,0.867870292324566,0.010413243552655807,0.4200290917730027,0.8877983967467326,0.6596168095079291,0.5270504216440657,0.372192523136206,0.2209880507255623,0.6458584104508173,0.12747552642893617,0.8453085910745739,0.36126975227172414,0.03595091100882372,0.5652132989249399,0.37182996498696375,0.41237419081769683,0.3941167044473395,0.8266744735381444,0.46892467536683047,1.0,0.27615428913816153,0.18519115882569032,0.770133451764001,0.6281418687002843,0.5423378835556297,0.8150211278964926,0.08512285446429615,0.12654194646263023,0.5350799952994102,0.6833855068684724,0.3483483317596749,0.613815309522965,0.5380202542803943,0.7484302375782339,0.8362806280548033,0.9046504846668907,0.9523197850982561,0.45451238238159264,0.7474870544368512,0.7776296628135637,0.7106414613525923,0.6908310989603547,0.9752891577173688,0.40574321889122056,0.40065298137992483,0.8147965994670683,0.31827703069643054,0.41114920874055666,0.48410844021141264,0.5309000112046877,0.11534765951434484,0.23743944940722372,0.9722764351599209,0.7424646838983165,0.4496382272355919,0.8474733480928416,0.6489095951444757,0.09973608940516715,0.4202850855047037,0.8307982047138049,0.7684012077293061,0.8363333429441264,0.9830849096635155,0.46456759987910645,0.5024809365054763,0.2146019656547062,0.5675278615250454,0.6068517482734311,0.38221565207615305,0.8649280645731351,0.03294018945612621,0.5553310674770344,0.605318237591759,0.6198803027350824,0.5821021723257442,0.5282958467082405,0.5635551031821848,0.5074271805620524,0.20109396428654938,0.7203636277333534,0.35656998171556537,0.9565091725906292,0.6781840563288659,0.6667587853107741,0.15836119928122758,0.6866456327971026,0.5795292508443983,0.5038942410882858
lh_PrG_L_6_3_thickness,0.188489358922906,0.2674416618871689,0.1270658527389543,0.36047532923843284,0.1403957555100874,0.16142206133521286,0.4420429496027045,0.10111104335746834,0.01535081467622454,0.24786806509303658,0.151982913532122,0.09472884934963,0.13735384527133068,0.029252208367585842,0.01185563704635429,0.22885603323609485,0.0011958449836557904,0.0987252147295509,0.4345900064521157,0.2984641056589649,0.5000053402566265,0.43466133322774175,0.022714722603951527,0.5031469378237983,0.47281353739186505,0.1636314766062264,0.27615428913816153,1.0,0.4529609030228004,0.46202771856400277,0.13939126983221758,0.059807959540930655,0.3026780280185657,0.44154164792718015,0.49135760025460595,0.4256336457229156,0.5794277728246804,0.43459899980693256,0.44090502189895286,0.8781121704021275,0.10390608297466174,0.5026451144420157,0.16194965246641896,0.34366546827462685,0.05335335611508386,0.09683317259958013,0.6400784242077837,0.29467297482596283,0.15140587299896036,0.1932290869362829,0.4237928806539419,0.05846252516795248,0.4660351538825587,0.4459020787914718,0.053105257726669665,0.05891588718530463,0.631415358258368,0.2683644297325246,0.9268404537789157,0.3874526061823978,0.07066117490350377,0.5057352014854299,0.5452423083508908,0.43138491577769467,0.45137351046358953,0.053139316243395525,0.4968510819680876,0.1448141104355337,0.24293680276080554,0.2584405734061403,0.05344419105108311,0.05391813598529038,0.5000576879756241,0.04120431771879437,0.11123100157970128,0.2667469863110648,0.10175912060694776,0.31341975693651775,0.5123606010599322,0.29127533912870057,0.27745164819137474,0.4275693456905977,0.05437757290822566,0.06029007435391108,0.2901487499332432,0.4993398230859315,0.2946519072643991,0.4233707424260994,0.39942487213592315,0.43383464887032586,0.5275349444832722,0.44956668133074446,0.5926626561479676,0.5222174903832738,0.023301458242391104
lh_PrG_L_6_4_thickness,0.007459793481562941,0.3096153895591273,0.12562424921108217,0.16690256321560537,0.009648235248387694,0.4144822760181749,0.6076831249340113,0.10800973378692968,0.30740859040799146,0.6068145344558127,0.05905610199653782,0.013429278477584261,0.402346509062774,0.011245192695372429,0.0249360651981309,0.006531576360242045,0.14512667650822436,0.13438290091083785,0.00021496349458809228,6.262738347409915e-05,0.11013785832295307,0.0004115268578032045,0.4907036536687744,0.013082532037204359,0.11138817629073434,0.7879119373555077,0.18519115882569032,0.4529609030228004,1.0,0.07254573158573369,0.006122600627652362,0.00952814976713015,0.038309622537272915,1.3536763878383354e-05,0.9252104608354759,0.008845967476901369,0.5004903036695919,5.228159773909334e-05,0.021297100068097752,0.4995015444860284,0.19676140647994017,0.14980467197965752,0.06543085683809076,0.12436791473510181,0.005972584345918187,0.18535932551356235,0.33677717611746566,0.016436571919664095,0.011275466323268452,0.12777911404755907,0.0009296961766586616,0.0039041027358552713,0.09826904510069502,0.015534595458851485,0.004773563589766215,0.006071745350548876,0.3193098530331224,0.20763032611102059,0.4950030296340907,0.21811369740771508,0.04101503303055155,0.019622875973920966,0.23267214018665786,0.025384445114074675,7.580340060267304e-05,0.0049562575925139575,0.13810104459069075,0.023156835421649005,0.3238125414836194,0.23162296161820944,0.006370281963859274,0.008295296040053076,0.00034769873307507326,0.15605420595405073,0.2748898826491765,0.8976846908128002,0.11965164392150243,1.096020691264732e-05,0.039921956456908915,0.0052994507437408335,0.005848283777467785,0.014275056321946178,0.010020776341192531,0.011243473426385465,0.0006832591931350235,2.332521520059637e-06,0.01786467267226575,1.5755478611087178e-05,0.3000107386371329,0.03198694909281762,0.08215575349831564,0.00160456905827008,0.18987601857752856,0.07162240399886168,0.1184115429391324
lh_PrG_L_6_5_thickness,0.6586385991768973,0.5142005135526209,0.6608113591935108,0.877121605358986,0.6213416299165129,0.33816934096947515,0.0884037562046075,0.6424760123458132,0.0006243613987977468,0.23792053304536145,0.7679430365437532,0.5802472974568599,0.3674760610990472,0.25755225080785527,0.10041036669127369,0.6897950414921193,0.20813896406799698,0.596218032431646,0.5698198692996957,0.18914837204250312,0.8000889126971868,0.5971202385181482,0.4986187557286545,0.8066747315087748,0.9864077858386451,0.3290411622082988,0.770133451764001,0.46202771856400277,0.07254573158573369,1.0,0.5687995274916633,0.4461391850018738,0.9157010841858536,0.31078521794332825,0.0423759973157284,0.840060255695335,0.35396824691434603,0.5305523080617742,0.9303803880527511,0.5791765692548507,0.49374532980416574,0.959254633126944,0.7798826501247144,0.9166237375958367,0.3164379069003732,0.5038722406808488,0.7802927252698938,0.842709222378206,0.6543676917665336,0.7573778078876242,0.6418785183761969,0.15683904612593083,0.9932329798090418,0.6941885745082468,0.2217357167236852,0.35769543542677523,0.5925495361244092,0.017255677725606794,0.3599818434948774,0.8250933297093237,0.6279072117083229,0.857229158818255,0.8830711508520241,0.9457537626531451,0.3504307056845404,0.24447424622984032,0.968491721525135,0.7156008827352487,0.43940943178365954,0.666123887250794,0.3348699194624686,0.3968191357522597,0.5250820204773441,0.5117400631967505,0.41919840902134287,0.2180110670176359,0.6260394386665283,0.17755727426629225,0.9284806892518089,0.7242338287373145,0.7232302769806953,0.8902059546345822,0.4335526842889307,0.4734676867363287,0.5545298812974536,0.4501889240909918,0.8506940699249192,0.5069206252488788,0.7004019632355858,0.9646187201570734,0.961264359318895,0.48708457451467957,0.8588020618871317,0.8999140702611284,0.5117908547967198
lh_PrG_L_6_6_thickness,0.9877211253075233,0.5468844650634745,0.6740847497428765,0.5877355321303589,0.9924925530425024,0.15006151513401383,0.0991052285967986,0.6785478325617943,0.017797924546662822,0.07109613672275486,0.8209926178955521,0.9680435869872339,0.1545432647907778,0.8249139477306711,0.5553601538930613,0.9697161793722509,0.5469507171977306,0.6112472946112366,0.6039722124965814,0.2525424266041706,0.2835964447499556,0.6552430025329523,0.31661207012087633,0.6049015881762461,0.5114140373107657,0.07342866259124543,0.6281418687002843,0.13939126983221758,0.006122600627652362,0.5687995274916633,1.0,0.9480777739332,0.805524920588596,0.20015643483966422,0.006655011977654245,0.7875196609657391,0.5058922636616915,0.49153331143898754,0.7214153632556919,0.28679761166781653,0.4511578968482197,0.4523349890016175,0.805648501115507,0.6293167153233387,0.8997677340440478,0.46155364083304895,0.3328989744621497,0.8890118608989177,0.9854597122707759,0.6984772884036452,0.7281074131618677,0.514488524454566,0.531716944435183,0.5199706214729226,0.7825628610245599,0.9284806892518085,0.11373950701905726,0.1522238739621076,0.06251524814769308,0.5507298774174572,0.8299743515745495,0.5857847053899323,0.3976143505705897,0.7189242155235553,0.3098934069154045,0.82171111785702,0.46428431054334574,0.9363520058883741,0.49702757270820347,0.6040822003643551,0.9118315629530691,0.935115249897994,0.5015359524762728,0.399857005561713,0.26863521784849326,0.03332151613092021,0.6524984534966529,0.15362809520483975,0.5248934361731272,0.9273387989415605,0.9379390538741648,0.7653553358994424,0.9380635445686569,0.9451813541529088,0.8302524143641377,0.2119349980264823,0.8832670020820886,0.38551575471183425,0.5383820543127956,0.6941885745082468,0.43828847304772667,0.5253720474336182,0.2719831889307396,0.39952769902109586,0.4790315262571295
lh_PCL_L_2_1_thickness,0.8984324785524063,0.5558564039714656,0.7055459542759916,0.46145036760178354,0.9422299392205535,0.2455959622933072,0.2029674737408258,0.7363772764979649,0.05340906303270156,0.12831780824396813,0.7818954897376447,0.9714517290060304,0.24198570848023276,0.9288055458517391,0.6870958424291034,0.8579683224978473,0.631009375690329,0.6967688869892725,0.46960753576969716,0.23506194819381285,0.24847235857260083,0.5211994491275946,0.33622485286810033,0.5321604321298721,0.38607906733547304,0.07955608554427834,0.5423378835556297,0.059807959540930655,0.00952814976713015,0.4461391850018738,0.9480777739332,1.0,0.6783215968254916,0.159336659837853,0.01880982750425646,0.6576043490191369,0.4578842925598219,0.3576954354267749,0.5971212013437655,0.15864329570018806,0.5849208348401442,0.3287098500429999,0.7596789979800058,0.5019693362770032,0.9574918856488095,0.5955006885091039,0.20656539120918238,0.7598691661305406,0.926252694291095,0.6518940839470286,0.5921500680940199,0.5637784876170014,0.4065506136214722,0.486868792161016,0.838159958021774,0.977596035829156,0.07968673546548508,0.28073716749136984,0.023783058466419624,0.42516929276448034,0.8871891757238972,0.5101178097988609,0.26977095335052603,0.5921500680940198,0.26454367659192857,0.877640826728731,0.3411219657690917,0.888864085172963,0.5607789749435954,0.555858946847583,0.9701048899259745,0.9953317097867185,0.41623114416506835,0.5340610678151503,0.40103053163063984,0.03804956772981108,0.7192783119145221,0.1360164202672213,0.44448272442790354,0.7945495328426363,0.8087340835537182,0.6370207878515803,0.9994547050816953,0.9979703605938155,0.6924596818229262,0.12465874637284496,0.7544686976964265,0.25084127701337877,0.42931851206192445,0.5678984472767168,0.35088845321833595,0.4829830839600416,0.19655386644863954,0.33931177966521175,0.6130435123778073
lh_PCL_L_2_2_thickness,0.8732535558012673,0.5763030507857285,0.7499521295895142,0.8669678066226988,0.851557863409953,0.26375993715873175,0.07187120568508386,0.7362052020200034,0.0035780433252523953,0.16361997256805483,0.9101525331906585,0.8097838060136602,0.29011693911209674,0.4543813875910959,0.2210820752262198,0.8831527887547164,0.3107838911724937,0.6643238043446482,0.5597607816150914,0.13159359606093185,0.6013291358125877,0.5986012419677749,0.4882486528949882,0.7331477516068537,0.8793888295515216,0.23834877212406594,0.8150211278964926,0.3026780280185657,0.038309622537272915,0.9157010841858536,0.805524920588596,0.6783215968254916,1.0,0.1861658903818775,0.02125915554861039,0.8725952366180428,0.46505660854348474,0.49781662711051305,0.923343838069626,0.48039338814256705,0.5043002821923953,0.8252942240805948,0.9125879649244955,0.9178479111527634,0.5397871204497886,0.5174814283331199,0.6313995448347463,0.9706398085742727,0.8773644594831032,0.8419492918740175,0.6679843831744326,0.3058833354197302,0.8949982579149705,0.619608970643869,0.41739128650634066,0.5886443274193056,0.36123950123505744,0.05513137844594026,0.18822751522193304,0.8090202845741297,0.7946740235371287,0.771221827502826,0.7420999527057485,0.940663705654115,0.24149594439245703,0.4491175056216371,0.8383688074115607,0.9147983231706681,0.48975154702166035,0.7232302769806949,0.5610151559642343,0.6270941768110743,0.44134200924460204,0.5090668238649,0.37022786490114895,0.14106342695177795,0.7095782255331521,0.09685928711264914,0.8086510811453129,0.8763515313538051,0.8848665379081555,0.9098338382989629,0.6625256296572778,0.7026923408672121,0.6864856240297107,0.31584017761866034,0.9756961501962157,0.46557390197134735,0.7156006048612341,0.9466791846328839,0.7978645718708375,0.4275393791251004,0.6306635128299409,0.7270423054957852,0.5470082884478868
lh_STG_L_6_1_thickness,0.2061731582485816,0.03128152270300639,0.03193001220500064,0.1502736582768072,0.1637251464239552,0.001144623404214478,0.00023209298778458743,0.027777683186917493,8.54525053042955e-06,0.0003342592350594627,0.07245179230778717,0.12386297569785237,0.0015367514409420646,0.26685161154241055,0.4360623336620798,0.2397831305320213,0.21992341605520102,0.019219814978833343,0.7026456052988654,0.908048582847793,0.5078003768158107,0.6543676917665338,0.019623119150373538,0.5344923454370311,0.292341562897177,0.0009605630565362908,0.08512285446429615,0.44154164792718015,1.3536763878383354e-05,0.31078521794332825,0.20015643483966422,0.159336659837853,0.1861658903818775,1.0,4.719047741707194e-06,0.3893204840867492,0.052962135221989115,0.7783859306436669,0.3528570109354853,0.29473209950125273,0.007721688759900909,0.2997223228707237,0.07349390459052177,0.15928105974222304,0.26773251410183113,0.008242087509667349,0.29525189964992565,0.2238324428582441,0.15747368248561583,0.061626143740157284,0.5726996919988517,0.47262268307094046,0.29422429270166806,0.5743897662876738,0.40526421256174705,0.2363734569892689,0.5006635240171337,0.00065162520304768,0.49968330935443805,0.1437447083743391,0.0533554826882089,0.5036672929156694,0.28255013929545614,0.33078911537193184,0.9623077074004668,0.3664831386065981,0.3018085525188906,0.11066300567752049,0.01695869388590603,0.056684528471405295,0.24710375111481328,0.18790772817604895,0.812379211498927,0.01181943040132492,0.002963276778159632,0.0002389488192148598,0.02435226442949403,0.9476629685317118,0.4598101398268446,0.29902617139118465,0.2810985863860681,0.35989899994919183,0.15870860689326732,0.139993841779384,0.4812405848012331,0.8774480589922092,0.21900482407080807,0.7615898342254015,0.1074214294019666,0.3212250406140869,0.42296498720491904,0.7435488940792794,0.44457168087629495,0.4849925002083626,0.023134329365321688
lh_STG_L_6_2_thickness,0.005491642678345017,0.24012345600713578,0.08911090512997985,0.11085318223834383,0.008403256450568629,0.4697168040860351,0.7048244654442721,0.08016154550431225,0.45002177202824084,0.6786578807015665,0.03769800994821028,0.014220125133689514,0.46734977580896464,0.03586970492160809,0.07439603640738168,0.0042291937107971685,0.27885770533112103,0.1046940300066723,0.00015946476998755132,2.036156180660414e-05,0.0680527145209127,0.00023457288738715714,0.5347067262835894,0.006318587780274887,0.06903331366799371,0.6596876434100556,0.12654194646263023,0.49135760025460595,0.9252104608354759,0.0423759973157284,0.006655011977654245,0.01880982750425646,0.02125915554861039,4.719047741707194e-06,1.0,0.004215800619200688,0.4830356548625851,0.00010114658422933105,0.01086475884024483,0.47768369335901495,0.17512508360384985,0.09720789604800718,0.041406623334089974,0.07885329344401205,0.018962647575665844,0.16619366252037018,0.25915234728530673,0.00870871686748556,0.008725735481728308,0.08445434400343321,0.000461749559477893,0.016295605138524585,0.05981332300997236,0.007621140737912574,0.018469272583776782,0.017192044251944785,0.24199279740897256,0.36302126565238446,0.49665019562739476,0.1520681987839161,0.03624126455083254,0.009860358429291645,0.16373680132728385,0.013188097278369835,2.5772996071909005e-05,0.018540051797334957,0.08843714376130206,0.015661783999078752,0.2603649214464249,0.16635326041578755,0.019136043028087853,0.0200127330848548,0.00013403673446178713,0.2088136603073598,0.2990261713911838,0.7680994209691543,0.0899948998240978,3.2694761904849734e-06,0.021645534740763035,0.002963276778159619,0.0033383716934334063,0.0070449747058150755,0.02083528901790155,0.019653732472234738,0.0008730869852328996,1.1071175913184096e-05,0.00948939542922199,0.00010760055463975463,0.22485451345468715,0.017008050415254734,0.0487132334242712,0.0006489961505368545,0.12833206432669264,0.041690597162318155,0.18459373303514268
lh_STG_L_6_3_thickness,0.8537908714270077,0.3071723377971806,0.44714790139856975,0.6413693798597009,0.7950271079232367,0.10896521205841128,0.01870975755904919,0.4452796414052629,0.0007397362264746905,0.05690587995557788,0.657860317147114,0.7222093185381316,0.12765393908785105,0.5150811653350067,0.28868822280598627,0.8937724451920641,0.45410307626945573,0.3761424817802863,0.7700492584213725,0.3288290055036154,0.5708372711883757,0.8226443177516897,0.36353776401734633,0.9080982001255558,0.7705725855020942,0.10057338971889208,0.5350799952994102,0.4256336457229156,0.008845967476901369,0.840060255695335,0.7875196609657391,0.6576043490191369,0.8725952366180428,0.3893204840867492,0.004215800619200688,1.0,0.29989624944223653,0.6646515402485595,0.973167571069535,0.5094722752896789,0.25124617017334333,0.7174416715888403,0.6527958863355092,0.6998238926527157,0.57666055810287,0.2631867273499354,0.5738308227608369,0.935835696378758,0.8080196070199732,0.5426737285772123,0.8889687783942833,0.209593395261968,0.7919452821771688,0.7698990134405451,0.4444291312089945,0.6138813317877793,0.36357701683978594,0.018450963271495813,0.29713605951446515,0.5881314025269315,0.5908644283468566,0.9018890519218087,0.6380912363971528,0.9616624213886595,0.49462292850964173,0.48535584774319235,0.7319997743681566,0.7656669164975094,0.2356165664139249,0.4345502713248849,0.5931448024658348,0.6327614065446804,0.7348782080510632,0.31820881809225793,0.1727508162392242,0.04803720273882167,0.4172730922932779,0.2525288793806062,0.8573285181326724,0.9403172903885887,0.9328773756267064,0.9924922887438116,0.6460085108936463,0.6625090005904006,0.8023740112030648,0.4784345378976292,0.9317121407544593,0.5646164764659218,0.48981772806762147,0.9421125174917966,0.774473705557855,0.7216698452808094,0.5982328465986225,0.7295875736224265,0.39714340987864444
lh_STG_L_6_4_thickness,0.4962796875862251,0.8044384387820149,0.6040796422269217,0.6060520406413468,0.509784279929452,0.37400055829434425,0.5955317492531677,0.5625294072459275,0.022360511845477403,0.42547536749931264,0.5628840250596407,0.500714796601302,0.33103916763516716,0.37438575940672897,0.268457371175339,0.47487396131394793,0.07218923065317207,0.5553140986546654,0.27605187158430466,0.015553850434562103,0.17761807757074918,0.276231157034249,0.07254455920982632,0.14024772082188766,0.40562697968511996,0.30073369721081994,0.6833855068684724,0.5794277728246804,0.5004903036695919,0.35396824691434603,0.5058922636616915,0.4578842925598219,0.46505660854348474,0.052962135221989115,0.4830356548625851,0.29989624944223653,1.0,0.2758168430499045,0.2992076503101574,0.7757561995070914,0.5036052442032366,0.43470823062111424,0.569752219341402,0.5558256297274831,0.4434422595965099,0.49187432034619716,0.6240484339397778,0.44143881121924833,0.510794430619584,0.6351875974262327,0.2907849133575625,0.4515746378373064,0.3918973616252676,0.07013339483033051,0.44208067290016506,0.45403509149392535,0.3839143309881915,0.29276951262391926,0.5490354484398962,0.6633189002062483,0.49207525426936116,0.15615126478083335,0.5336056497281744,0.3175960486479663,0.05842693364769253,0.44229001097404164,0.4213455201952968,0.5245168739894568,0.7727345668313272,0.7419244236678177,0.4438899057140216,0.446042521566167,0.13491875468052672,0.2566604144284308,0.3795566320921102,0.40888926385168173,0.5647094004858327,0.017622806198984667,0.19189022594993294,0.4292169649690763,0.4407895025536726,0.3055332760400027,0.44795869156648677,0.45978010618333054,0.4240496165294362,0.14601178789965244,0.4433938903872326,0.29004870675936634,0.7799836027600658,0.3247157352833921,0.25388921064308556,0.05893241507207972,0.3347359203508905,0.183627291071103,0.21517373466508974
lh_STG_L_6_5_thickness,0.5260796971038022,0.20651285613404732,0.19614859927259876,0.44088424036865387,0.4459329144697374,0.007676583721380643,0.007305487479285697,0.1707156985922198,0.0006229186396037068,0.002341583634625934,0.31027888419191857,0.3536716702614975,0.0074311436960781095,0.4259246234320957,0.5249846051867072,0.5791615135151544,0.30029713450170825,0.13430121945189943,0.9651536328586491,0.6494576222612548,0.3301166614848727,0.9288557948388115,0.036681231056009775,0.5573267995906515,0.5168636923715701,0.002322616786199427,0.3483483317596749,0.43459899980693256,5.228159773909334e-05,0.5305523080617742,0.49153331143898754,0.3576954354267749,0.49781662711051305,0.7783859306436669,0.00010114658422933105,0.6646515402485595,0.2758168430499045,1.0,0.5959921082114294,0.5000516751052684,0.06783301274318335,0.5105862449458233,0.3157050715089581,0.45261495120108586,0.47060562287791496,0.06886905110519058,0.5013455937881348,0.553253956118195,0.4445104707388983,0.2947421492686325,0.8684541455715593,0.5447148683806622,0.5202838720617263,0.41371996259695687,0.593230867030485,0.44613918500187333,0.29635541853643277,0.01629518356875775,0.30564964469052114,0.4322589410528213,0.21352427849963088,0.5363180521643681,0.5036570617278706,0.5836490750319795,0.8041893531517029,0.562626660827637,0.5121945803884186,0.3733850868423084,0.14321531419568315,0.28499867513873206,0.4491774564730099,0.38356750255725325,0.8724057544505193,0.0382811568933927,0.0215011671214525,0.0006435217830022934,0.15791854141302328,0.6408903090843643,0.5055395673216406,0.6507040570669668,0.6310721065469831,0.6250800835676378,0.3488292319362536,0.333668122228984,0.8410082875092681,0.8296030132151457,0.5466422464231983,0.9328329423098615,0.3850759451648279,0.5692849565981196,0.48848207237139785,0.6268841390220236,0.4412750116544386,0.4309450621288533,0.057439073882288146
lh_STG_L_6_6_thickness,0.8017442980132695,0.36050350466278536,0.5334780305014823,0.7261395890170941,0.7544489452907128,0.18012784704672036,0.031835414011487685,0.5317211100501056,0.0006229967747388279,0.10562439971782663,0.7251826761998055,0.6979896802557679,0.20604012120438692,0.4143046882215825,0.19661627230097495,0.8371067255632736,0.36968707615796315,0.4649790182989232,0.6781443709376281,0.2641120907281988,0.6834789187200339,0.7252858969887965,0.44776295662747373,0.9162207102056195,0.8686654030397372,0.17162352062208,0.613815309522965,0.44090502189895286,0.021297100068097752,0.9303803880527511,0.7214153632556919,0.5971212013437655,0.923343838069626,0.3528570109354853,0.01086475884024483,0.973167571069535,0.2992076503101574,0.5959921082114294,1.0,0.5238171799965776,0.33870428369233296,0.8154108822335979,0.7242412274077221,0.7882930170945234,0.4744794008231281,0.352330705271978,0.6338507164608982,0.935455739402191,0.7775735766300462,0.6270941768110746,0.7914423426562124,0.17349775640990645,0.8886453815128541,0.7909836515693052,0.3383180203396247,0.5193433509722509,0.4415313138086161,0.016414353908156782,0.3203873032492069,0.6637275089034569,0.6389418319265028,0.934334031528492,0.7210967996344279,0.9982111147193256,0.43036545972951723,0.37609212997098673,0.8309640609472619,0.7806290520159287,0.28839120946786645,0.5041784059745322,0.4955628857678277,0.5561755396468702,0.6489867788287018,0.41230147742821377,0.2582872494416057,0.09267310804992655,0.5049789029908514,0.21618928860159042,0.931029201916489,0.8773644594831034,0.8736378565130103,0.9935238679606432,0.5850942196978014,0.6150530109565022,0.6933487611245375,0.4656191018526049,0.9364801160344183,0.5309358506170391,0.5451002311354979,0.992499623010777,0.8769010378011404,0.6462460364156045,0.7013395824671698,0.8318169214755626,0.4746433030943867
lh_MTG_L_4_1_thickness,0.34933475148591114,0.5259026121587845,0.3138434002616385,0.6103551658073083,0.29075364951085675,0.30309937193000763,0.5072093803289748,0.264352909692383,0.004339819784595026,0.3940466828263965,0.334711322619458,0.22434018583913853,0.2708187898710395,0.09072700395679753,0.0439700430794239,0.3913512661589258,0.006878479876890546,0.25861270632690464,0.5002449808978897,0.15156300306749,0.43164420000987364,0.5004758910402872,0.0681624644606525,0.439631998601612,0.6199844397561787,0.30175196554442824,0.5380202542803943,0.8781121704021275,0.4995015444860284,0.5791765692548507,0.28679761166781653,0.15864329570018806,0.48039338814256705,0.29473209950125273,0.47768369335901495,0.5094722752896789,0.7757561995070914,0.5000516751052684,0.5238171799965776,1.0,0.25193469046903305,0.6604961936110773,0.3514391239820735,0.5719557648175958,0.14328821993899715,0.24015059986114146,0.8501879687378257,0.45647559569344953,0.3067017844343359,0.417391286506341,0.5005409417275789,0.15221244343380552,0.6061530189151978,0.31219242407195624,0.14189768636540465,0.15472504254322153,0.6276195051638778,0.15155042320002082,0.7969760148532143,0.658157756457608,0.19330140381151584,0.45657936071336674,0.7452225246264983,0.527762166528226,0.308835878394074,0.14211179530917606,0.6482967329593291,0.3056983023702087,0.4744794008231281,0.5245949859537404,0.1437447083743391,0.14593744425891297,0.4350050558826648,0.11801984834439444,0.241581066857569,0.4096586082564718,0.26584988422846123,0.16330776230957852,0.49230746358077315,0.4440649679234048,0.4339054062190475,0.5155347719698606,0.14788707119462646,0.1605706732710196,0.4388003760717143,0.44599869623106564,0.4576801773488548,0.49944558824840324,0.6965008149837253,0.5349706725208505,0.5517161988013368,0.3074943829972867,0.6365609138005179,0.4781261176683832,0.0770736115450465
lh_MTG_L_4_2_thickness,0.41373410003204264,0.8388667626578765,0.8946333151019028,0.657649990598028,0.4935465000023376,0.7823741084709146,0.5424081683564357,0.9102535749948466,0.13883556360561983,0.5968983986757086,0.7248962387649484,0.5899970349927228,0.7723888662898701,0.5564745473205399,0.510452246650581,0.3622364275034007,0.38372148256654653,0.955150665109729,0.08131771677582436,0.010437449306102346,0.4817994692073259,0.09232833774942291,0.4762399960417232,0.23931772072208754,0.5425432034481854,0.48328504232843283,0.7484302375782339,0.10390608297466174,0.19676140647994017,0.49374532980416574,0.4511578968482197,0.5849208348401442,0.5043002821923953,0.007721688759900909,0.17512508360384985,0.25124617017334333,0.5036052442032366,0.06783301274318335,0.33870428369233296,0.25193469046903305,1.0,0.5566215682116031,0.728199681105359,0.6382050158268112,0.5179910278580302,0.9994918159200996,0.49224591891189573,0.39985700556171266,0.4966830674369407,0.7961936077828257,0.11920199439725694,0.43888614779270274,0.5312316054006876,0.24628612983700152,0.47314702428748023,0.5254007629598807,0.44920486670019627,0.4328672153927545,0.1501345223919282,0.6582972443848225,0.7863869065193776,0.28633063956105476,0.5570549107650646,0.36609434158645,0.015918437898642508,0.4826371148810694,0.5523372004520823,0.5929263052391488,0.8930819690476406,0.8000936374835066,0.5283314463508776,0.5671755878834,0.04683871453263382,0.8890118608989176,0.9236172994557028,0.39400813469853446,0.9284806892518087,0.0038789125869731662,0.3784398997448016,0.29317420287199847,0.31159523497682706,0.2989670639266701,0.5935106047837255,0.6065001232839937,0.19271299482748327,0.02083578562629342,0.4097493082123592,0.06781985185652706,0.6654931138566886,0.39533717894437004,0.472371285739121,0.07825363185714579,0.5172831932529844,0.44410585411034065,0.8267096594654544
lh_MTG_L_4_3_thickness,0.5380202542803943,0.6304150832357835,0.67765625746096,0.9309568222905817,0.49872304581001825,0.44878415984414866,0.17088154076806522,0.6398757265660212,0.0006335534747761121,0.3611943637948354,0.7072848408908308,0.4570156765117985,0.46807890403374003,0.1733411695608366,0.06579307831627125,0.570632164406323,0.11210382696855128,0.6181919629341436,0.5282970792298021,0.16503110697567755,0.8039889423978679,0.5422883397858693,0.44362952042076453,0.6839362223012856,0.9916070807888115,0.4407038948761544,0.8362806280548033,0.5026451144420157,0.14980467197965752,0.959254633126944,0.4523349890016175,0.3287098500429999,0.8252942240805948,0.2997223228707237,0.09720789604800718,0.7174416715888403,0.43470823062111424,0.5105862449458233,0.8154108822335979,0.6604961936110773,0.5566215682116031,1.0,0.7283746636144319,0.9347543793831974,0.22992639661187153,0.5588614759887389,0.9011928028674624,0.7222868937721216,0.5310938610170598,0.7780731217398342,0.5675168221049712,0.15341420132914174,0.9841403545019884,0.5730663670500353,0.17502664332498274,0.2611185486641414,0.7109450112236431,0.020087729748820296,0.4246312724652199,0.9102072245164434,0.5358164544080599,0.7402418748042533,0.9751619081522872,0.8362325289032393,0.3240172056903833,0.1869789404810866,0.9993321238844224,0.6019797325229324,0.5578049068828934,0.7573778078876242,0.24213518060093184,0.2869148751565329,0.47337117247103977,0.49747268376382886,0.5015339595817008,0.34062965112413063,0.635132063973582,0.1676562945297014,0.8406756360845373,0.6081047809894649,0.6054935520959173,0.7681391175680272,0.3164379069003732,0.3524293488699757,0.4910000637030798,0.44707280409070016,0.7316628827609308,0.5015199029177843,0.8149334959283063,0.8647361247770846,0.9329407297129627,0.3982894933414003,0.9281500146779083,0.8579512508282424,0.4473578255402663
lh_MTG_L_4_4_thickness,0.8248874570890061,0.7750832387509836,0.9410016269817327,0.8652986463922454,0.8577687784122725,0.3910826310799379,0.16532958340639714,0.9322032669978622,0.01779899508456457,0.2532482569105111,0.9990716687136726,0.8714179910483851,0.4104263641189137,0.5512567037985064,0.32716138020555235,0.7937592212204041,0.2873407217838643,0.8807891350376897,0.35897062235530314,0.059061442433715944,0.5422742631074255,0.3884102249303117,0.5050108460740705,0.5269489158734176,0.7710240327246318,0.31240050493983385,0.9046504846668907,0.16194965246641896,0.06543085683809076,0.7798826501247144,0.805648501115507,0.7596789979800058,0.9125879649244955,0.07349390459052177,0.041406623334089974,0.6527958863355092,0.569752219341402,0.3157050715089581,0.7242412274077221,0.3514391239820735,0.728199681105359,0.7283746636144319,1.0,0.896925576044415,0.6279803490980866,0.739124847876476,0.5436216464544179,0.8468043964932013,0.8758166127055071,0.9673985857361314,0.45057372165776166,0.4536891927927996,0.7797484526823428,0.4694170993300015,0.5275203260193441,0.6698028708943385,0.33510970793744493,0.1529914843437425,0.10711180868608414,0.8199082473196344,0.9318415559301094,0.5744844783582155,0.6618484933896827,0.752742331622277,0.10771157022917868,0.5519872872431453,0.7375090746618402,0.9476522329200909,0.7183977736265912,0.8689890642198572,0.6471341646840172,0.7106427009544729,0.23869223008635337,0.642958316621927,0.5393995606316346,0.20282809162741391,0.9147604255499806,0.03499335066426107,0.6396595328668386,0.731043945264232,0.7515648423565444,0.7010109531959088,0.7476602515791255,0.7868660292816844,0.5556728169434357,0.15481455817334602,0.8550616060964363,0.30386096279945546,0.7709890632107572,0.7694360274450104,0.6658825610755366,0.25583020700716513,0.5477806288243536,0.6088374098746496,0.6497750299406911
lh_ITG_L_5_1_thickness,0.6976116902247853,0.7524961277823499,0.8304865320378735,0.9911840182179674,0.6787865194446259,0.4379973414843719,0.16502673774996335,0.7914431112750092,0.003583913505520494,0.33290929057648616,0.8798712425645487,0.6437878499821111,0.4582722190756719,0.30702624372239246,0.1485395079385022,0.7068937144365118,0.1498755554419487,0.7512704384081116,0.4752523547792209,0.07834208544717747,0.665196717139304,0.4924600546581426,0.4670839427175455,0.5715522897786769,0.9449603818950281,0.41306390980892355,0.9523197850982561,0.34366546827462685,0.12436791473510181,0.9166237375958367,0.6293167153233387,0.5019693362770032,0.9178479111527634,0.15928105974222304,0.07885329344401205,0.6998238926527157,0.5558256297274831,0.45261495120108586,0.7882930170945234,0.5719557648175958,0.6382050158268112,0.9347543793831974,0.896925576044415,1.0,0.3896305944507446,0.642958316621927,0.807094112576555,0.8193098053236141,0.7087096129861331,0.9273076714235267,0.533383399493292,0.2965041742631122,0.9414418370428013,0.46567017890758444,0.3242357544414612,0.4271707943699833,0.5376118414641907,0.057439079249906745,0.25791340886482467,0.9646187201570731,0.7093156439876195,0.6306635128299414,0.9036954145339255,0.8190103065935608,0.1839018064970552,0.33886391430465634,0.9361394427243033,0.7832296589912383,0.6661238872507936,0.8841324738925936,0.4036655540583974,0.4539559256219223,0.34011099828536034,0.5483736236567132,0.5233129329549755,0.30574811010302355,0.7802142466144402,0.07249939349558579,0.731380244953234,0.7002189639622383,0.7084941976790221,0.7518659226642774,0.4862074812133784,0.5273756122009647,0.5671803536376135,0.3072313477472261,0.8290295232891258,0.45141817177897325,0.8913824667383996,0.8459153071093695,0.8171974331534715,0.27467540923312445,0.7712218275028258,0.7261196520858021,0.5105420683888016
lh_ITG_L_5_2_thickness,0.8294448105344665,0.5105656606184261,0.6034173170008117,0.3657240749627988,0.8623137365550833,0.21155744077198524,0.21067172410104248,0.6292032615271111,0.05883690058735978,0.11087535119845462,0.6489833500426538,0.8807981255309885,0.19906283659226948,0.9821420223789905,0.821019543127993,0.7950274157023326,0.6625345196715285,0.6028643666352393,0.575001998066038,0.359563663487654,0.14193152477815055,0.6100713732718442,0.21622849707981823,0.43578283372933796,0.2714287625335839,0.03542305866984364,0.45451238238159264,0.05335335611508386,0.005972584345918187,0.3164379069003732,0.8997677340440478,0.9574918856488095,0.5397871204497886,0.26773251410183113,0.018962647575665844,0.57666055810287,0.4434422595965099,0.47060562287791496,0.4744794008231281,0.14328821993899715,0.5179910278580302,0.22992639661187153,0.6279803490980866,0.3896305944507446,1.0,0.5244493928684888,0.16218295622626644,0.6441259107007724,0.8353259887536101,0.5445817284520154,0.6476552782357154,0.636133937163702,0.2864766184397916,0.38528423408862966,0.9490013142001473,0.9961144123782018,0.04011234986534995,0.2947175208128606,0.018789539400878394,0.34689207109297815,0.762364297111779,0.3956017393865979,0.19890973818848556,0.46371823027613096,0.3873619060934489,0.9737265145963719,0.23777250888616203,0.7651949312195129,0.5238171799965776,0.48546317461840843,0.9987460333676237,0.9794232259766865,0.5147241877067666,0.4371289643496644,0.34907053362661455,0.016497360727401635,0.6177100104896747,0.2425388998374349,0.3136920810882769,0.7435650567431054,0.7514988260061961,0.5303861302847663,0.959254633126944,0.9387244924781077,0.7643928340128378,0.18877932084910817,0.6352061651706048,0.32731435382043705,0.37373077852272,0.43444682847339566,0.22872749643911122,0.5177266705351731,0.11767797848533802,0.21566558269132208,0.5030903206561004
lh_ITG_L_5_3_thickness,0.4250230813919087,0.8294253741845965,0.899521603483294,0.6583032616813096,0.5054870571789297,0.7742301558617273,0.5305192499667553,0.9170862176902854,0.13883211642871676,0.5844419082047637,0.7364487240469724,0.6026421295282676,0.7661861941782768,0.5626931784973913,0.5124510045690013,0.3731768738356148,0.39123533495175783,0.959495572217834,0.08381366242680868,0.011732937016604284,0.4880021413189192,0.09585903513661616,0.48740965228486366,0.25224007913378643,0.5486175709375268,0.47491470220408794,0.7474870544368512,0.09683317259958013,0.18535932551356235,0.5038722406808488,0.46155364083304895,0.5955006885091039,0.5174814283331199,0.008242087509667349,0.16619366252037018,0.2631867273499354,0.49187432034619716,0.06886905110519058,0.352330705271978,0.24015059986114146,0.9994918159200996,0.5588614759887389,0.739124847876476,0.642958316621927,0.5244493928684888,1.0,0.48140468181068513,0.4131907111391015,0.509108932465125,0.8006752017926565,0.12444846266119061,0.439022689222494,0.5386736822154016,0.25953776303200793,0.47603410679080393,0.5329781925694846,0.43917250230507554,0.43216359191658893,0.14005032355106334,0.6546434509149903,0.7996355076334465,0.2998930469103877,0.5523016099699487,0.3797667730507218,0.017362109780689628,0.48638732165782483,0.5557112758445965,0.6065784686229649,0.8830496046525199,0.7954759068424901,0.5354668672147956,0.576494794343481,0.05011756796000691,0.896925576044415,0.9203837168706421,0.3810600833511608,0.9341657835306865,0.004336762541181872,0.39151027531447735,0.30350808054457,0.3222359280992253,0.3120644223256709,0.604029346944205,0.6179022042503716,0.1969767444175547,0.020958521114755248,0.4232014319553437,0.06804864054852373,0.6564676237597286,0.40884721641805666,0.4815023515000568,0.08495536395908047,0.5159060670661437,0.45432616095640027,0.8385059959241938
lh_ITG_L_5_4_thickness,0.4050561445421909,0.702316067633276,0.548521099281338,0.8516660102045926,0.35511219698201474,0.49775791617327,0.36123834690042306,0.4904229573016956,0.0008082263407441707,0.4960831158669752,0.5185794556564323,0.30067351089964933,0.4852500949876722,0.10845985721361337,0.047165653895113284,0.44306906472811847,0.03142724036329189,0.4950417774696725,0.5046286552714714,0.15331497026855453,0.6609216229007664,0.5077636073325962,0.25726316459383475,0.5219917710639859,0.8498643075577055,0.4935676033039659,0.7776296628135637,0.6400784242077837,0.33677717611746566,0.7802927252698938,0.3328989744621497,0.20656539120918238,0.6313995448347463,0.29525189964992565,0.25915234728530673,0.5738308227608369,0.6240484339397778,0.5013455937881348,0.6338507164608982,0.8501879687378257,0.49224591891189573,0.9011928028674624,0.5436216464544179,0.807094112576555,0.16218295622626644,0.48140468181068513,1.0,0.5507298774174572,0.3788995210054473,0.6534054819597305,0.5139749841960902,0.15230681561792264,0.8287065387133753,0.40362369108157353,0.1473106244698499,0.17964472978299392,0.793875746755543,0.04049348545120833,0.5995556372875686,0.8890118608989177,0.3420856856491267,0.5615581073641367,0.9701048899259749,0.649260024765431,0.3108680884159705,0.1500910301221429,0.8871849469616078,0.41881393139018497,0.6407356424147933,0.7502988315271888,0.16615995287889232,0.18266644188819833,0.4415322037183275,0.33755247169736374,0.4743219741658799,0.48883730730605146,0.4974559067640911,0.1637477946877171,0.6466484410152578,0.48957074337188056,0.48244578967800883,0.6023639045971221,0.19519657765127743,0.21767314347981248,0.4485033852989117,0.4460813020156129,0.5567385179385822,0.4996263641748774,0.8793091452280142,0.6726985762792836,0.7620882836742651,0.327612824218053,0.8752863062500973,0.6782752862560006,0.25730251772677104
lh_ITG_L_5_5_thickness,0.9462454176089149,0.4889450872677222,0.6517542101364711,0.7627340563182623,0.9147983231706681,0.1715628009996271,0.047345499898559545,0.6442803889673416,0.0035777883770794112,0.09401125786539484,0.8512970764208966,0.8593617531472337,0.1924417704302742,0.5588245271377084,0.29750177363494795,0.960579145864535,0.4130663193018651,0.5648236110863702,0.6436248322283369,0.19382225457132377,0.5070698829938518,0.6933487611245375,0.42500819313427285,0.7758729534059549,0.7846918203848953,0.14691970903424578,0.7106414613525923,0.29467297482596283,0.016436571919664095,0.842709222378206,0.8890118608989177,0.7598691661305406,0.9706398085742727,0.2238324428582441,0.00870871686748556,0.935835696378758,0.44143881121924833,0.553253956118195,0.935455739402191,0.45647559569344953,0.39985700556171266,0.7222868937721216,0.8468043964932013,0.8193098053236141,0.6441259107007724,0.4131907111391015,0.5507298774174572,1.0,0.9316616893458596,0.7427600574451649,0.7713744138901393,0.32214987220042574,0.8056491081561868,0.6521170062293254,0.5060083276831372,0.690721834884611,0.27648484615177865,0.05489479689153038,0.17196097844123756,0.7067188903035356,0.767430516953678,0.7887903469753931,0.6414656490896609,0.940663705654115,0.30716626507450573,0.5455436530831348,0.7369633670796732,0.9236172994557026,0.4049968919383816,0.6223641483501091,0.6643285001946632,0.7199818418207463,0.5339168688671689,0.4219499487320641,0.26741599137782013,0.07637784924439303,0.6136264085330483,0.13176973762295,0.7761430455598564,0.96046664108808,0.9657495191333602,0.9475075052583244,0.7447287536354652,0.7741387533018558,0.7861287803806168,0.3309992269966453,0.999739981235376,0.48830751819109874,0.6265707282816727,0.9301982051069142,0.7176551618586033,0.531632324328625,0.5264226472996592,0.6548190421273854,0.49125266000633144
lh_FuG_L_3_1_thickness,0.9890914727347635,0.5773298182521527,0.7348573931395421,0.6599803365458601,0.9984285195319069,0.18423960150055374,0.09756235452241917,0.739382208495984,0.01577627094564836,0.09294027175395694,0.889190467994252,0.9799162094226177,0.19492600853455255,0.7558533018870666,0.47130424988790875,0.9696221114730988,0.49636869053142957,0.6673144382544813,0.5461996075275335,0.1898402118973328,0.36001399541819845,0.5984102973778345,0.3862353870927202,0.6377824304420503,0.5956534789865907,0.11338119825642701,0.6908310989603547,0.15140587299896036,0.011275466323268452,0.6543676917665336,0.9854597122707759,0.926252694291095,0.8773644594831032,0.15747368248561583,0.008725735481728308,0.8080196070199732,0.510794430619584,0.4445104707388983,0.7775735766300462,0.3067017844343359,0.4966830674369407,0.5310938610170598,0.8758166127055071,0.7087096129861331,0.8353259887536101,0.509108932465125,0.3788995210054473,0.9316616893458596,1.0,0.7662112901301259,0.6795836138056728,0.4780260181281391,0.6171346825618262,0.5553564150970813,0.6998868278093426,0.8744570542450716,0.15411677598261098,0.14161455297599823,0.072017842453515,0.613381636387009,0.8802178301471848,0.635346266133229,0.4615536408330487,0.7814594494522338,0.24943303379973686,0.7408089692114139,0.5449067337610703,0.9797746179918982,0.5211125072267104,0.6537944420342432,0.8531189481171575,0.8979889837858397,0.4405920804189741,0.46088522830803413,0.31157515561718707,0.05582543102429292,0.7115310206269911,0.11008639899517575,0.5981727252961161,0.9233438380696257,0.9369980080157051,0.8057546613650215,0.9147983231706681,0.9339716767917139,0.7729421374412633,0.1979057434165985,0.9292230734431979,0.3656594442393909,0.5835341137864346,0.7642687217460381,0.5219807742996545,0.47954728428147986,0.3401960656160287,0.48010020348727495,0.5372744153611795
lh_FuG_L_3_2_thickness,0.715336264993237,0.8825790246295501,0.9702684397290479,0.92589872449032,0.7476466206539756,0.4951269701279742,0.23231674378824024,0.9443885823422533,0.017804478369243867,0.36246522624118616,0.9577621203640683,0.762427469361268,0.5075734147155612,0.4698553275252666,0.29167997776507504,0.6849493650818329,0.1958511329529127,0.9144943209860252,0.3168038145732568,0.03393467299137746,0.5602141901886437,0.333617446040723,0.4691105476936074,0.4192314031688188,0.7901088387692166,0.41712214346991383,0.9752891577173688,0.1932290869362829,0.12777911404755907,0.7573778078876242,0.6984772884036452,0.6518940839470286,0.8419492918740175,0.061626143740157284,0.08445434400343321,0.5426737285772123,0.6351875974262327,0.2947421492686325,0.6270941768110746,0.417391286506341,0.7961936077828257,0.7780731217398342,0.9673985857361314,0.9273076714235267,0.5445817284520154,0.8006752017926565,0.6534054819597305,0.7427600574451649,0.7662112901301259,1.0,0.3778802238346103,0.44988394956618954,0.7861417232614488,0.3643721858899793,0.48039338814256677,0.5778628638087605,0.4437860253605254,0.15494405688700594,0.1584916608361379,0.9055036340928287,0.8594804267482022,0.47489992002137865,0.7527423316222768,0.6618484933896831,0.08029953864952788,0.4947083237563202,0.7788186230114444,0.8520898972846583,0.8270740910496717,0.959254633126944,0.5584131492929962,0.6081047809894645,0.18683009105737292,0.6447029379502398,0.6228501934820101,0.3104157547380705,0.9372652677870708,0.024332761440298674,0.5716656061893721,0.624091772566772,0.6435900988757355,0.5945028898607445,0.6400725884684689,0.6771334610566386,0.4928119337836422,0.15134359416265844,0.7528902525007991,0.29793620212124616,0.8774971265459215,0.6889752167590513,0.6548532265443294,0.17046428950477982,0.6209905217747178,0.5851978840285232,0.6048364828351965
lh_FuG_L_3_3_thickness,0.7646289514048517,0.23614537292564686,0.27978448237399345,0.5015901596199039,0.6836845700181438,0.02875164598517787,0.009412454085431374,0.2656911596106295,0.000736983582267966,0.011478493018185449,0.45326163085359106,0.5857769589371888,0.03387815305396522,0.5940626481301289,0.4891572660773332,0.8163010672438109,0.49032468893473174,0.21231968031647913,0.9611313253274224,0.535142405501249,0.39573159643518185,0.986914229310803,0.16062991880941638,0.7616394221190472,0.5959656790338813,0.0219995550088814,0.40574321889122056,0.4237928806539419,0.0009296961766586616,0.6418785183761969,0.7281074131618677,0.5921500680940199,0.6679843831744326,0.5726996919988517,0.000461749559477893,0.8889687783942833,0.2907849133575625,0.8684541455715593,0.7914423426562124,0.5005409417275789,0.11920199439725694,0.5675168221049712,0.45057372165776166,0.533383399493292,0.6476552782357154,0.12444846266119061,0.5139749841960902,0.7713744138901393,0.6795836138056728,0.3778802238346103,1.0,0.3316893481825048,0.6088817345788555,0.609752630587836,0.6259368995041094,0.6477582889373168,0.2976243364333618,0.01837384799543118,0.29215009973106715,0.4768828471389907,0.38675024853539963,0.7253623116747225,0.5344659622694568,0.7706045646294353,0.7010109531959092,0.6429583166219273,0.5746954699831375,0.5808443077057859,0.16911229064675826,0.3296981681397867,0.6416970780179374,0.6089936835887639,0.906479357749975,0.13225508076003914,0.05887545179333745,0.008070036966119841,0.2448730410557049,0.4305612246326031,0.6524984534966528,0.88304960465252,0.865423914293358,0.8386948766700721,0.5825907729604882,0.5695896991259477,0.9444392768557481,0.5962685040087486,0.7612855437646694,0.7108106164459561,0.41572235780946004,0.7419920795728334,0.581746409309998,0.7851574477371073,0.4723189270326299,0.5312040205632758,0.1920721184403047
lh_PhG_L_6_1_thickness,0.45427945283257987,0.48968217645814,0.4983445465497871,0.30344756197096306,0.49421898546338455,0.16855542098113438,0.19628803053959587,0.5025136004415588,0.053409058383987164,0.08902343415977455,0.4612385176672799,0.5241002863938438,0.14851423056075705,0.6182587976895728,0.7124749074168801,0.41726425694109837,0.26823623738349345,0.4964773293522354,0.4325393187878831,0.37138633301228596,0.023614264337441772,0.3811726933527637,0.024710512902799953,0.08709296323129584,0.1630090021581134,0.00441174446146354,0.40065298137992483,0.05846252516795248,0.0039041027358552713,0.15683904612593083,0.514488524454566,0.5637784876170014,0.3058833354197302,0.47262268307094046,0.016295605138524585,0.209593395261968,0.4515746378373064,0.5447148683806622,0.17349775640990645,0.15221244343380552,0.43888614779270274,0.15341420132914174,0.4536891927927996,0.2965041742631122,0.636133937163702,0.439022689222494,0.15230681561792264,0.32214987220042574,0.4780260181281391,0.44988394956618954,0.3316893481825048,1.0,0.1635842242311731,0.04710962945636163,0.7585297711071499,0.6126248290607594,0.018495201270313028,0.28072243087149734,0.0201412557156365,0.3092090410808759,0.5115707581756421,0.08153231648599286,0.16367696228687523,0.18106485333430497,0.3746585841159368,0.7192783119145221,0.1526845028129706,0.46844569009035214,0.4995874407484234,0.44856328802370904,0.6210860812574943,0.5816194123804408,0.29857850344003367,0.2837540540536572,0.2812217118081422,0.004133192247249647,0.5015439277963232,0.46779012074202075,0.07689322399669829,0.3618958809627827,0.3716932134064502,0.1943148888529268,0.5640815578176238,0.5528950153463821,0.4949344912874074,0.5646878254587753,0.3205864543726949,0.6571022033993579,0.35965743231316155,0.17707428707604717,0.08020785573004818,0.15120938348524215,0.059141619599562684,0.048151401233811564,0.28619066277368693
lh_PhG_L_6_2_thickness,0.6206280096346288,0.5723596150609338,0.6866691768727642,0.9151242121196708,0.5835780680524556,0.38585861864969334,0.11695429226911412,0.6600361899231009,0.0007132970782583527,0.28592366901083227,0.7637886835061951,0.5425911283849625,0.41252737672373613,0.22632614637727302,0.08731809103367648,0.6512133161771261,0.1669888818223558,0.6220400581865677,0.5497457909028411,0.16897384806723528,0.8006926190330963,0.5712983967703861,0.48612288685043464,0.7508029955095294,0.9987460333676237,0.37636447375920334,0.8147965994670683,0.4660351538825587,0.09826904510069502,0.9932329798090418,0.531716944435183,0.4065506136214722,0.8949982579149705,0.29422429270166806,0.05981332300997236,0.7919452821771688,0.3918973616252676,0.5202838720617263,0.8886453815128541,0.6061530189151978,0.5312316054006876,0.9841403545019884,0.7797484526823428,0.9414418370428013,0.2864766184397916,0.5386736822154016,0.8287065387133753,0.8056491081561868,0.6171346825618262,0.7861417232614488,0.6088817345788555,0.1635842242311731,1.0,0.6378134185428619,0.20794924623810712,0.32442382699772637,0.6301977018761877,0.019568647492439972,0.37004517610969867,0.873584691159444,0.6070818516481193,0.806107213529599,0.9257433437280422,0.9079503843644947,0.32656881691051054,0.2260860028846678,0.9897252412386559,0.685860496181827,0.4961795087445252,0.7189196726846061,0.30261694363711533,0.3588368789551114,0.49243155595407073,0.5177266705351731,0.4600054468081934,0.26483356675377595,0.6477781232216071,0.16379766667250786,0.8933638971864915,0.68424179328809,0.6834189310516467,0.8444313834903143,0.39368031788719104,0.4333308229444519,0.5332926583180062,0.44061970599218175,0.8146347425235936,0.5045966820908517,0.7582538464465105,0.9318660457668796,0.9531358543379331,0.4371289643496644,0.8853688172380609,0.8832023507903655,0.4967256239308721
lh_PhG_L_6_3_thickness,0.5622082336447365,0.15884196328037858,0.34013616865628515,0.4033981999038886,0.5443036757777512,0.1454788651260377,0.01828297201620487,0.36273375374319194,8.584332289578577e-06,0.0831922482226835,0.478483286742279,0.5293020770480511,0.17009864628844099,0.36931738106371137,0.1857965025742432,0.582048363607048,0.3995832326754575,0.320140210501731,0.5054796725014696,0.5755002749693637,0.8339640144546807,0.5556958535565336,0.41945618229422593,0.9492717899369583,0.6167299335981622,0.14241349222419683,0.31827703069643054,0.4459020787914718,0.015534595458851485,0.6941885745082468,0.5199706214729226,0.486868792161016,0.619608970643869,0.5743897662876738,0.007621140737912574,0.7698990134405451,0.07013339483033051,0.41371996259695687,0.7909836515693052,0.31219242407195624,0.24628612983700152,0.5730663670500353,0.4694170993300015,0.46567017890758444,0.38528423408862966,0.25953776303200793,0.40362369108157353,0.6521170062293254,0.5553564150970813,0.3643721858899793,0.609752630587836,0.04710962945636163,0.6378134185428619,1.0,0.2471037511148128,0.419565644741054,0.6203081009362988,0.0007233733017042364,0.5102625837657031,0.3435429630961911,0.48794924270643947,0.9395104181107943,0.46889916582994223,0.7714703624085306,0.6477660430733205,0.2868997344982081,0.58989075032662,0.549819953797165,0.13660327080507123,0.2446922834089405,0.4052642125617466,0.45981396658215357,0.6910800204649157,0.3621820815835128,0.20790543125859798,0.07345861371343038,0.3433850527315878,0.5162228933648816,0.8913554981526914,0.616216707848862,0.6111518238172677,0.7804630885340866,0.48369375560490374,0.5003998943688933,0.44418764621224804,0.4563893189720969,0.6511608230799063,0.32209856619116056,0.2404350020202684,0.7601456566710274,0.7912243408596179,0.876027870173685,0.6723486387630191,0.8698421846472215,0.433164499254896
lh_PhG_L_6_4_thickness,0.7027429109775769,0.49200493228749176,0.5374158363029901,0.31678558900419546,0.7300823096612077,0.18956438873969758,0.20922162916710196,0.5538665566314078,0.05883690026846576,0.10049823317930592,0.5435179673700172,0.7442242941079882,0.171775581231624,0.9365578580588723,0.9055352826284524,0.6717815291875645,0.5897330063286177,0.5392757952841197,0.6403561455969633,0.4721791299954077,0.06975082525497506,0.6389261140299132,0.11387618008924369,0.29813362095337764,0.19987444730538248,0.014033225570430703,0.41114920874055666,0.053105257726669665,0.004773563589766215,0.2217357167236852,0.7825628610245599,0.838159958021774,0.41739128650634066,0.40526421256174705,0.018469272583776782,0.4444291312089945,0.44208067290016506,0.593230867030485,0.3383180203396247,0.14189768636540465,0.47314702428748023,0.17502664332498274,0.5275203260193441,0.3242357544414612,0.9490013142001473,0.47603410679080393,0.1473106244698499,0.5060083276831372,0.6998868278093426,0.48039338814256677,0.6259368995041094,0.7585297711071499,0.20794924623810712,0.2471037511148128,1.0,0.9221008664812103,0.02310433094137843,0.2947157044827477,0.018047403813998636,0.3121924240719562,0.6389882447533501,0.25854655253845366,0.16748313077439578,0.3303547617920872,0.49406966867417706,0.995444893327978,0.1783133807430776,0.6296862948582624,0.5068091610726061,0.45363959610604065,0.9333918858366984,0.8763515313538051,0.5520249401996211,0.3560294209170631,0.31308607466192145,0.00769022951190099,0.5480241990341238,0.38064558161797324,0.19280871101228136,0.6270941768110743,0.6314829748767063,0.39232652259497525,0.8406191992221715,0.8109729267200955,0.7702091238045405,0.30862757259989715,0.4974126757483453,0.46005390339307417,0.3540752861772438,0.30653974559027863,0.14050253488282716,0.46141146173108716,0.07576526230856392,0.12031898964365177,0.3955303396835238
lh_PhG_L_6_5_thickness,0.8650780853365063,0.5240049943979688,0.63036755440957,0.39850082096919665,0.8985069219891958,0.20945141006195828,0.1989079323574892,0.6558571371386671,0.05340905908813162,0.10795937701510244,0.6911839405667195,0.9158435081627336,0.19968807148027234,0.9708483317946917,0.7773185934022917,0.8300277791332926,0.654343622227039,0.6231249886093699,0.5568507675394978,0.32551066877636337,0.1696519430188142,0.5984990662091803,0.24598528789179808,0.47148965404349646,0.30760895683012335,0.044147406531190946,0.48410844021141264,0.05891588718530463,0.006071745350548876,0.35769543542677523,0.9284806892518085,0.977596035829156,0.5886443274193056,0.2363734569892689,0.017192044251944785,0.6138813317877793,0.45403509149392535,0.44613918500187333,0.5193433509722509,0.15472504254322153,0.5254007629598807,0.2611185486641414,0.6698028708943385,0.4271707943699833,0.9961144123782018,0.5329781925694846,0.17964472978299392,0.690721834884611,0.8744570542450716,0.5778628638087605,0.6477582889373168,0.6126248290607594,0.32442382699772637,0.419565644741054,0.9221008664812103,1.0,0.049867636017467645,0.28072596111346393,0.021486051699411556,0.3750618316666786,0.7978340087992402,0.43481389710660096,0.2230058520090237,0.509666019371942,0.35550821041709485,0.9524252665383632,0.27025110029949,0.8097016118883611,0.530959875495578,0.5086798408054908,0.9989568972718016,0.9919576343942045,0.49627474651456877,0.4507221633271081,0.3496540001061779,0.020163752873830054,0.6418785183761968,0.21043254521229335,0.35438407584819703,0.7758930412202256,0.7853998370170081,0.572942429609721,0.977983770590841,0.9628426260487648,0.7609999651068271,0.17142384771434727,0.6824032402933797,0.3103613488936423,0.39606914416413364,0.4806552155069161,0.264592030985602,0.5181108185050922,0.1396152378403881,0.2506844868479181,0.5221086379396115
lh_PhG_L_6_6_thickness,0.15352075495504652,0.5301449114567651,0.40833135592300973,0.5796376448541357,0.13798167917699192,0.4967887439804245,0.33698197103116306,0.3741564248549997,0.0001554606079763016,0.48951424482344275,0.31598564319441186,0.1316959266909321,0.48824655959007146,0.030129376836442588,0.006698347084751143,0.17364523533016094,0.031130801090098942,0.4032790502960213,0.3001868319380099,0.43962460608495707,0.8643979687954975,0.3038780022875308,0.27447411838092745,0.5579961459927241,0.6509589218239671,0.4973507462451952,0.5309000112046877,0.631415358258368,0.3193098530331224,0.5925495361244092,0.11373950701905726,0.07968673546548508,0.36123950123505744,0.5006635240171337,0.24199279740897256,0.36357701683978594,0.3839143309881915,0.29635541853643277,0.4415313138086161,0.6276195051638778,0.44920486670019627,0.7109450112236431,0.33510970793744493,0.5376118414641907,0.04011234986534995,0.43917250230507554,0.793875746755543,0.27648484615177865,0.15411677598261098,0.4437860253605254,0.2976243364333618,0.018495201270313028,0.6301977018761877,0.6203081009362988,0.02310433094137843,0.049867636017467645,1.0,0.02159675118883923,0.7760872736892158,0.6132614695281203,0.22385789239262904,0.5810632209186269,0.7601456566710274,0.4443530873453909,0.5020329498980519,0.026326388685288207,0.6988651893850542,0.20611467830438374,0.5162951698687723,0.5333356719066903,0.044592255045296396,0.06299452314952052,0.4497475193506939,0.33934649897683605,0.4691475725941883,0.4820271045714014,0.3889782211341619,0.4487336541510903,0.6417425803515227,0.21035186851805324,0.20370265838311055,0.3946046695807885,0.07680385806265089,0.09183140351092221,0.16440919405844556,0.4299030670925437,0.2828933960071599,0.280645268696297,0.6055477237395752,0.46889916582994223,0.7267820841483881,0.5250487286230922,0.8945002427036399,0.7645304835488869,0.25890184296259583
lh_pSTS_L_2_1_thickness,0.10952197267654049,0.23934897374705158,0.24807531376055758,0.06256293251549246,0.15223989262255028,0.47690828084036657,0.6114419353807946,0.2832103341624906,0.44991978736710314,0.4022736705924216,0.16060824635905416,0.21367531575066764,0.45630783896762767,0.37464594874811274,0.4596840172924844,0.08371637075111708,0.45006683727463903,0.32728332621882283,0.016301867569784505,8.656297055438145e-05,0.0028857574864242447,0.01629547893188245,0.16654528413488548,0.0031651109269677773,0.02001629360995168,0.08169410911604241,0.11534765951434484,0.2683644297325246,0.20763032611102059,0.017255677725606794,0.1522238739621076,0.28073716749136984,0.05513137844594026,0.00065162520304768,0.36302126565238446,0.018450963271495813,0.29276951262391926,0.01629518356875775,0.016414353908156782,0.15155042320002082,0.4328672153927545,0.020087729748820296,0.1529914843437425,0.057439079249906745,0.2947175208128606,0.43216359191658893,0.04049348545120833,0.05489479689153038,0.14161455297599823,0.15494405688700594,0.01837384799543118,0.28072243087149734,0.019568647492439972,0.0007233733017042364,0.2947157044827477,0.28072596111346393,0.02159675118883923,1.0,0.18053963078444765,0.06871373233074989,0.2810216255502615,0.003647643669204299,0.028048297368476315,0.01853163737124627,0.0007705333108917028,0.2947158942931312,0.01934475869302621,0.1523393350137486,0.31566065620724487,0.16171212701932583,0.2947183586721068,0.29472364057349576,0.003543458506434797,0.5015358315348666,0.5079091538562945,0.10419617700347775,0.2969788103654156,0.00010614686788827782,0.004632602268170667,0.05483007865514579,0.060368620559145,0.018435467052109564,0.29472983647821194,0.2807445901373015,0.054817516149893414,0.004159778087247179,0.05509586182283621,0.018421456062716692,0.10209751352124824,0.01860579023954347,0.0065497782248031215,0.0007447409781695723,0.009735621788441421,0.0032063344317849823,0.5005925984369726
lh_pSTS_L_2_2_thickness,0.09227316721168839,0.2980289921922133,0.12298107880533413,0.2884859081710448,0.06493421193836726,0.2421532391562843,0.4903741028749534,0.1001960108728862,0.006566339191724251,0.3387271677040347,0.09811246215421024,0.04287088123317886,0.21271369760039102,0.009451368614672731,0.003073946464603919,0.11835719527041608,0.0014437088378361207,0.11437590760616652,0.305696153641154,0.429099124071842,0.5850784635352309,0.3058597855593844,0.046048987994390084,0.46632194646408665,0.38096500695510155,0.24575751090164463,0.23743944940722372,0.9268404537789157,0.4950030296340907,0.3599818434948774,0.06251524814769308,0.023783058466419624,0.18822751522193304,0.49968330935443805,0.49665019562739476,0.29713605951446515,0.5490354484398962,0.30564964469052114,0.3203873032492069,0.7969760148532143,0.1501345223919282,0.4246312724652199,0.10711180868608414,0.25791340886482467,0.018789539400878394,0.14005032355106334,0.5995556372875686,0.17196097844123756,0.072017842453515,0.1584916608361379,0.29215009973106715,0.0201412557156365,0.37004517610969867,0.5102625837657031,0.018047403813998636,0.021486051699411556,0.7760872736892158,0.18053963078444765,1.0,0.32960491852146545,0.046733950811255025,0.462788263257998,0.4848953032259939,0.3093713868270419,0.5000149525181191,0.018156803826881056,0.41578214746009634,0.0746221574013036,0.29430359988704197,0.2506688561535254,0.019043710805452595,0.020303885608319146,0.44944448601231346,0.07236453284127971,0.17560495880672644,0.35776884223591204,0.10730794268035268,0.44040933811801614,0.46450909798044127,0.16415173295013902,0.15352466377335675,0.3012762622428299,0.021462302083277988,0.02495487461629848,0.1611401512436125,0.4381057234881978,0.172593799784816,0.2912912672213564,0.37062507255913596,0.314304567037093,0.4806993551432793,0.5009826253661482,0.603573778632301,0.5280719948868293,0.0415732314072221
lh_SPL_L_4_1_thickness,0.6084635779605991,0.847518821409051,0.8083463731853289,0.9906422233857187,0.5878999917704264,0.5118643554493414,0.26616491424587513,0.7530318238309315,0.004168349198335879,0.43924163753657336,0.7977413686747288,0.5500067830095843,0.5160620961489364,0.26510119702855234,0.13991361072781902,0.6174576964890746,0.08661302923087749,0.7335925571428217,0.44189600851830346,0.06089524785324215,0.6069002848578506,0.45005293550071485,0.37729442621031695,0.44855294026285325,0.8887324955843321,0.48612023170162233,0.9722764351599209,0.3874526061823978,0.21811369740771508,0.8250933297093237,0.5507298774174572,0.42516929276448034,0.8090202845741297,0.1437447083743391,0.1520681987839161,0.5881314025269315,0.6633189002062483,0.4322589410528213,0.6637275089034569,0.658157756457608,0.6582972443848225,0.9102072245164434,0.8199082473196344,0.9646187201570731,0.34689207109297815,0.6546434509149903,0.8890118608989177,0.7067188903035356,0.613381636387009,0.9055036340928287,0.4768828471389907,0.3092090410808759,0.873584691159444,0.3435429630961911,0.3121924240719562,0.3750618316666786,0.6132614695281203,0.06871373233074989,0.32960491852146545,1.0,0.6143929609392313,0.5031973036049833,0.9374414010034091,0.6952574892431487,0.15955139837349314,0.31930005721964194,0.9020586247765834,0.6800971279295309,0.7664015738688699,0.9375968642767973,0.3552242155190478,0.387378183473137,0.2966834595714247,0.49224591891189545,0.5602600652890555,0.41472056135939206,0.7514988260061961,0.06222098977132154,0.6101264095587674,0.6108417612045212,0.6177100104896747,0.6313995448347456,0.4098644350866668,0.443999713154973,0.5286471925396063,0.2920124889418637,0.7156963985324509,0.4391736029557992,0.9740335083617406,0.7242338287373137,0.7311009193331585,0.20490437709423304,0.7734266173750716,0.6310467565753338,0.4205234863548076
lh_SPL_L_4_2_thickness,0.8079012600731779,0.7057330054896602,0.9127463218471454,0.6659121927641987,0.8754900185482732,0.40660524073144666,0.2385741755610029,0.9392583539324804,0.05340933704888863,0.24178094006383002,0.9442922999850292,0.9359890275240691,0.41689641268141475,0.7310890734329176,0.5050492624128418,0.7560858870873493,0.4502351002661734,0.9044495032320137,0.2765210547620307,0.07771192858510302,0.4532434562416235,0.31584104155878734,0.5048585415354668,0.5116685471878405,0.5911735583994275,0.2387431437463156,0.7424646838983165,0.07066117490350377,0.04101503303055155,0.6279072117083229,0.8299743515745495,0.8871891757238972,0.7946740235371287,0.0533554826882089,0.03624126455083254,0.5908644283468566,0.49207525426936116,0.21352427849963088,0.6389418319265028,0.19330140381151584,0.7863869065193776,0.5358164544080599,0.9318415559301094,0.7093156439876195,0.762364297111779,0.7996355076334465,0.3420856856491267,0.767430516953678,0.8802178301471848,0.8594804267482022,0.38675024853539963,0.5115707581756421,0.6070818516481193,0.48794924270643947,0.6389882447533501,0.7978340087992402,0.22385789239262904,0.2810216255502615,0.046733950811255025,0.6143929609392313,1.0,0.5413204150576725,0.453320915048366,0.6568509142443705,0.1008314150717943,0.6710776396589786,0.5489908195254593,0.9369980080157048,0.7049501318707394,0.7401484139161226,0.783646926767126,0.8496530500895276,0.21279172643533711,0.732377874740406,0.5922302760627345,0.14218556295151505,0.9252348542572923,0.03644228883713195,0.5660476368906207,0.6747085567436513,0.6977135025166994,0.6273005961963327,0.8848665379081555,0.91130927413659,0.48459082806655857,0.07553341256485292,0.7728101003986385,0.18131614248929234,0.5829546120956982,0.6622577114354133,0.5415689346553717,0.29074502254071244,0.39522981330433266,0.5200860550893673,0.7709231399011196
lh_SPL_L_4_3_thickness,0.6530234492571727,0.23594546771511343,0.41671107475975383,0.5664555035166086,0.6166511617089805,0.16772450838894185,0.024053777330501597,0.42905284781798153,7.8134017875907e-05,0.09847899310184094,0.5786900175701378,0.5817613102327234,0.19397948593737932,0.36382515864297654,0.17233151203229546,0.6865748348281723,0.3752737102992799,0.3777162808041474,0.6210435014898958,0.41745992226450546,0.8154879666816031,0.6691100806753127,0.4407038948761544,0.9936360873671675,0.7857663485524811,0.16363147660622646,0.4496382272355919,0.5057352014854299,0.019622875973920966,0.857229158818255,0.5857847053899323,0.5101178097988609,0.771221827502826,0.5036672929156694,0.009860358429291645,0.9018890519218087,0.15615126478083335,0.5363180521643681,0.934334031528492,0.45657936071336674,0.28633063956105476,0.7402418748042533,0.5744844783582155,0.6306635128299414,0.3956017393865979,0.2998930469103877,0.5615581073641367,0.7887903469753931,0.635346266133229,0.47489992002137865,0.7253623116747225,0.08153231648599286,0.806107213529599,0.9395104181107943,0.25854655253845366,0.43481389710660096,0.5810632209186269,0.003647643669204299,0.462788263257998,0.5031973036049833,0.5413204150576725,1.0,0.6362203171553675,0.9209719994905918,0.5796865173597118,0.2969340572788157,0.7567944902047854,0.6374688251165532,0.19258466542106442,0.3525258776097969,0.41646498202584764,0.4756972871489246,0.7234559752801913,0.3907323830676277,0.23620329221952605,0.0872964921358239,0.40704896480282404,0.370021766080211,0.9775681184321902,0.7363329949092123,0.7290361115162395,0.919889432689234,0.5033972713969997,0.5269583160402203,0.5548655359965632,0.5206270609945299,0.789172966276305,0.45732586815680937,0.3805207378908827,0.9137483865394181,0.9018554765720566,0.7994323866875854,0.7571524408864512,0.9194149709509483,0.45569722608584357
lh_SPL_L_4_4_thickness,0.47660179495613125,0.701932466684785,0.6477848439414102,0.9279064249813265,0.43280702802101323,0.4985404387385326,0.25782695271747885,0.5961842222019074,0.0007807391523438906,0.4439158193137882,0.6369564532109528,0.384742693271517,0.5034420752336846,0.1411887575579928,0.05796607562757061,0.5107280848486243,0.06400842357330926,0.5894199824146845,0.512102354050868,0.14640075624855467,0.7393042904783845,0.5194111760337622,0.3616641844750883,0.5849701222636434,0.9420863526129388,0.4913627456440429,0.8474733480928416,0.5452423083508908,0.23267214018665786,0.8830711508520241,0.3976143505705897,0.26977095335052603,0.7420999527057485,0.28255013929545614,0.16373680132728385,0.6380912363971528,0.5336056497281744,0.5036570617278706,0.7210967996344279,0.7452225246264983,0.5570549107650646,0.9751619081522872,0.6618484933896827,0.9036954145339255,0.19890973818848556,0.5523016099699487,0.9701048899259749,0.6414656490896609,0.4615536408330487,0.7527423316222768,0.5344659622694568,0.16367696228687523,0.9257433437280422,0.46889916582994223,0.16748313077439578,0.2230058520090237,0.7601456566710274,0.028048297368476315,0.4848953032259939,0.9374414010034091,0.453320915048366,0.6362203171553675,1.0,0.7419920795728333,0.30102717553537606,0.17384469329991847,0.9667644069347394,0.5218369046005746,0.6316336108844239,0.7947051510551629,0.20656539120918221,0.23639437858801493,0.4416897569816775,0.43782806315522577,0.5171188752412152,0.42733180834205914,0.5984990662091803,0.15378021298397607,0.7378924108922726,0.5498958310872344,0.5457928425926681,0.6797971558936735,0.2574852021196724,0.2875687344992494,0.47394528589206414,0.436110862401674,0.6497932898765942,0.5006950634163257,0.8832254110865009,0.7706045646294353,0.8546155704455916,0.3409792383981352,0.9176800950540397,0.7691352277069159,0.36372377463611344
lh_IPL_L_6_1_thickness,0.8012694763517821,0.39070194593025803,0.5662180540094509,0.758078517501996,0.75637821301252,0.1993423821740788,0.03746910095744603,0.5622653835482865,0.0007370993403985083,0.11951304801297558,0.7522651416624263,0.7018425354895959,0.22632776014878714,0.40074721664149715,0.18513318932798223,0.8346582267239497,0.3495437118896659,0.495436392713123,0.659964833251149,0.24028676725154485,0.6893522311999141,0.7049501318707394,0.46179641088568985,0.8970279672748643,0.8889426135154264,0.1898888687256504,0.6489095951444757,0.43138491577769467,0.025384445114074675,0.9457537626531451,0.7189242155235553,0.5921500680940198,0.940663705654115,0.33078911537193184,0.013188097278369835,0.9616624213886595,0.3175960486479663,0.5836490750319795,0.9982111147193256,0.527762166528226,0.36609434158645,0.8362325289032393,0.752742331622277,0.8190103065935608,0.46371823027613096,0.3797667730507218,0.649260024765431,0.940663705654115,0.7814594494522338,0.6618484933896831,0.7706045646294353,0.18106485333430497,0.9079503843644947,0.7714703624085306,0.3303547617920872,0.509666019371942,0.4443530873453909,0.01853163737124627,0.3093713868270419,0.6952574892431487,0.6568509142443705,0.9209719994905918,0.7419920795728333,1.0,0.4024033215611403,0.36660379004769295,0.8514557184832667,0.7940518799718813,0.31584104155878734,0.538588082584569,0.48511436274644515,0.5482166924671789,0.6186362815836406,0.43297295853604184,0.2812720576336686,0.10528775961733323,0.5358164544080599,0.1976139024044039,0.9288529800708873,0.870806937741121,0.8684854364094485,0.9874491479591008,0.5795292508443983,0.6122955874553557,0.682687859598179,0.45211542882627487,0.9428287208944368,0.5265932286012873,0.5755734190210737,0.9976707573030829,0.8853152425225577,0.6109106120715594,0.7116984052424205,0.83498426166407,0.4892367525397582
lh_IPL_L_6_2_thickness,0.31096947074567943,0.03691983860741508,0.04861155182457544,0.1697157341039222,0.26057240792970593,0.003884835444064632,0.0003535541680065581,0.047157548530889326,1.0602597976766258e-05,0.0013209234175709712,0.10931187581082999,0.21080978817679608,0.005225144204298542,0.3852410250426056,0.49810126746197897,0.34893831837763783,0.33690053003969195,0.03382343342992935,0.7939364921596677,0.9261009206394955,0.5245432349184754,0.7667712641208324,0.04937964885241819,0.6230817469445613,0.32203034491017646,0.003569708714685761,0.09973608940516715,0.45137351046358953,7.580340060267304e-05,0.3504307056845404,0.3098934069154045,0.26454367659192857,0.24149594439245703,0.9623077074004668,2.5772996071909005e-05,0.49462292850964173,0.05842693364769253,0.8041893531517029,0.43036545972951723,0.308835878394074,0.015918437898642508,0.3240172056903833,0.10771157022917868,0.1839018064970552,0.3873619060934489,0.017362109780689628,0.3108680884159705,0.30716626507450573,0.24943303379973686,0.08029953864952788,0.7010109531959092,0.3746585841159368,0.32656881691051054,0.6477660430733205,0.49406966867417706,0.35550821041709485,0.5020329498980519,0.0007705333108917028,0.5000149525181191,0.15955139837349314,0.1008314150717943,0.5796865173597118,0.30102717553537606,0.4024033215611403,1.0,0.47002828591965673,0.3274681157848115,0.1780634544571424,0.020940710419941527,0.06678635475991825,0.36665470003627204,0.30060928543924986,0.9165165144332147,0.031322811208857694,0.008534110479679646,0.0010283395867315983,0.04144279260678861,0.8923548895540463,0.5134346971412265,0.4147316174882674,0.3942024644805707,0.45057372165776194,0.2641302851483875,0.2386717364482063,0.5996462791435828,0.7848615246676922,0.2995615110811469,0.6938770117304803,0.1186525872293486,0.3852041741137673,0.45715873339272084,0.8615040300992007,0.4612148114623108,0.5182966507016549,0.05616818519948022
lh_IPL_L_6_3_thickness,0.7432125125236503,0.49555231748027934,0.5522020496853356,0.32726630260996487,0.7710090261954056,0.193842660448948,0.20944557870257746,0.5711336082804693,0.058836900291118495,0.10237367280535041,0.5695348799512787,0.7850198484005766,0.17721031535740683,0.9599040526906794,0.8896981067792333,0.7118246123892626,0.6197741593275812,0.5534355724332736,0.6310968053395396,0.4457959614984704,0.08616875505170728,0.6413160808241656,0.13892353443095098,0.33862029979859887,0.2161251344707455,0.018181922474950474,0.4202850855047037,0.053139316243395525,0.0049562575925139575,0.24447424622984032,0.82171111785702,0.877640826728731,0.4491175056216371,0.3664831386065981,0.018540051797334957,0.48535584774319235,0.44229001097404164,0.562626660827637,0.37609212997098673,0.14211179530917606,0.4826371148810694,0.1869789404810866,0.5519872872431453,0.33886391430465634,0.9737265145963719,0.48638732165782483,0.1500910301221429,0.5455436530831348,0.7408089692114139,0.4947083237563202,0.6429583166219273,0.7192783119145221,0.2260860028846678,0.2868997344982081,0.995444893327978,0.9524252665383632,0.026326388685288207,0.2947158942931312,0.018156803826881056,0.31930005721964194,0.6710776396589786,0.2969340572788157,0.17384469329991847,0.36660379004769295,0.47002828591965673,1.0,0.19141469420889523,0.6670673568017237,0.5100312188165158,0.4600910353813178,0.9616626856873507,0.9129599872581247,0.5518075353870399,0.37487582106443484,0.3204896606056213,0.009258647072191525,0.5637784876170014,0.34106149781570494,0.22398410061851756,0.6661238872507941,0.6710670586789746,0.43250311017763154,0.879993029418482,0.8515549786363603,0.7794684640619642,0.26989849039660685,0.5364624151550367,0.4191980786829076,0.3578540814526949,0.34038712004333915,0.1613569417861923,0.48746906585055383,0.08455629616329226,0.14324831792041476,0.42221076035621863
lh_IPL_L_6_4_thickness,0.5508611537442623,0.6164816429363048,0.679073381446082,0.9275167748938553,0.5121423552405282,0.43709284707474216,0.15846226175103525,0.6438006810005292,0.0006219760801433388,0.3459785812927044,0.7173520562570852,0.4710993415122298,0.4582707653554071,0.18114074564018603,0.06838680982111603,0.5832168557429176,0.12207050001147657,0.6191787510768323,0.5319703419172681,0.1679864176538277,0.8093305547841032,0.5473538974994218,0.4543587114341724,0.7003394211948506,0.9954647915793526,0.42886655020006714,0.8307982047138049,0.4968510819680876,0.13810104459069075,0.968491721525135,0.46428431054334574,0.3411219657690917,0.8383688074115607,0.3018085525188906,0.08843714376130206,0.7319997743681566,0.4213455201952968,0.5121945803884186,0.8309640609472619,0.6482967329593291,0.5523372004520823,0.9993321238844224,0.7375090746618402,0.9361394427243033,0.23777250888616203,0.5557112758445965,0.8871849469616078,0.7369633670796732,0.5449067337610703,0.7788186230114444,0.5746954699831375,0.1526845028129706,0.9897252412386559,0.58989075032662,0.1783133807430776,0.27025110029949,0.6988651893850542,0.01934475869302621,0.41578214746009634,0.9020586247765834,0.5489908195254593,0.7567944902047854,0.9667644069347394,0.8514557184832667,0.3274681157848115,0.19141469420889523,1.0,0.6162497179162699,0.5435555095205843,0.747978220652157,0.2507900620349959,0.29804791052042,0.47905051212331473,0.5035697491923713,0.4946392904724094,0.3251577664916977,0.6376624719093105,0.16940624117471845,0.8553259347566216,0.6203020592929602,0.6179430444775637,0.7835476666140323,0.3288290055036155,0.36564007016765787,0.49609852889560435,0.4481581701050076,0.7463580733056769,0.501802136636671,0.8013446817997836,0.8793588506170904,0.9415691659829821,0.40859866217931473,0.9243640437802865,0.8684204279347577,0.45885608971879505
lh_IPL_L_6_5_thickness,0.9468336666854669,0.6436021710575504,0.8281305968197326,0.7331935339833926,0.9706398085742727,0.2554689047400139,0.11856771366704372,0.833140707872207,0.0177980074627376,0.14112282058366177,0.9577621203640683,0.9704805501740406,0.2713084269540141,0.6874404543732586,0.4116838543101694,0.9195572741420248,0.4271796556624079,0.7646926659938574,0.45400244614563645,0.12507225666868452,0.43831625782103445,0.500535661257161,0.4567596687985479,0.6186914544858606,0.6661213785865571,0.17739212470670288,0.7684012077293061,0.1448141104355337,0.023156835421649005,0.7156008827352487,0.9363520058883741,0.888864085172963,0.9147983231706681,0.11066300567752049,0.015661783999078752,0.7656669164975094,0.5245168739894568,0.3733850868423084,0.7806290520159287,0.3056983023702087,0.5929263052391488,0.6019797325229324,0.9476522329200909,0.7832296589912383,0.7651949312195129,0.6065784686229649,0.41881393139018497,0.9236172994557026,0.9797746179918982,0.8520898972846583,0.5808443077057859,0.46844569009035214,0.685860496181827,0.549819953797165,0.6296862948582624,0.8097016118883611,0.20611467830438374,0.1523393350137486,0.0746221574013036,0.6800971279295309,0.9369980080157048,0.6374688251165532,0.5218369046005746,0.7940518799718813,0.1780634544571424,0.6670673568017237,0.6162497179162699,1.0,0.5894027439935299,0.7289623084450263,0.7863869065193774,0.8477532047112097,0.3471615887971612,0.5534031877751998,0.399857005561713,0.09685265972707217,0.8070941125765547,0.0691352657144729,0.6374491746206661,0.8622276272524745,0.880217830147185,0.7872080803676719,0.8773644594831032,0.9074257857385564,0.676889138159504,0.16848468455076232,0.9257131007535909,0.32511692940711084,0.6380003413399884,0.7892564438386731,0.5890696581130355,0.3939246987365261,0.41067012506761685,0.545853063116312,0.613286680328073
lh_IPL_L_6_6_thickness,0.45895408669448534,0.9840110992939733,0.8768855948341521,0.7218803896643698,0.5212697448661381,0.676711977654609,0.5456505247146367,0.8553920341096336,0.058983815611306015,0.5863423257343631,0.7100816410960311,0.5807291295320887,0.6472895127552254,0.5046504719110034,0.41707062884531987,0.41100901816770286,0.19654493372795032,0.8883304227061846,0.14712815241052693,0.005899011519420273,0.38425944483947627,0.15073789794678116,0.2956866813096119,0.15628145224141154,0.5169407286923046,0.5022214416535628,0.8363333429441264,0.24293680276080554,0.3238125414836194,0.43940943178365954,0.49702757270820347,0.5607789749435954,0.48975154702166035,0.01695869388590603,0.2603649214464249,0.2356165664139249,0.7727345668313272,0.14321531419568315,0.28839120946786645,0.4744794008231281,0.8930819690476406,0.5578049068828934,0.7183977736265912,0.6661238872507936,0.5238171799965776,0.8830496046525199,0.6407356424147933,0.4049968919383816,0.5211125072267104,0.8270740910496717,0.16911229064675826,0.4995874407484234,0.4961795087445252,0.13660327080507123,0.5068091610726061,0.530959875495578,0.5162951698687723,0.31566065620724487,0.29430359988704197,0.7664015738688699,0.7049501318707394,0.19258466542106442,0.6316336108844239,0.31584104155878734,0.020940710419941527,0.5100312188165158,0.5435555095205843,0.5894027439935299,1.0,0.9166237375958364,0.528297085176524,0.5466993532807481,0.06126896385313143,0.6334104039952417,0.763211477612594,0.4867474934656786,0.8726830512653896,0.004856551803646154,0.2747468491074231,0.3388639143046562,0.3568427627238602,0.26609262379418497,0.5605086881938784,0.5729236429890325,0.29292123984504853,0.059194850672385425,0.4122876279611623,0.15268481827043603,0.8448312625237335,0.3403871200433387,0.3871467838468019,0.0432650548209183,0.5060216872060774,0.3350472193251872,0.551574769299064
lh_PCun_L_4_1_thickness,0.6129934913684972,0.9667763807649703,0.9258860803297733,0.9194008023668916,0.6395231634016482,0.5676024908152717,0.34044020104056766,0.8826177033566609,0.017840473446062675,0.4741279589090417,0.8537227788503686,0.6480757446435514,0.5625626500234514,0.41289700855946176,0.27305834808343565,0.5857048677033747,0.12723906997485956,0.8749713383441118,0.2936250981144113,0.021789782718781285,0.5040775082577167,0.3009969681730808,0.3685077047589147,0.3024382563032423,0.7351196034613264,0.49164059128563004,0.9830849096635155,0.2584405734061403,0.23162296161820944,0.666123887250794,0.6040822003643551,0.555858946847583,0.7232302769806949,0.056684528471405295,0.16635326041578755,0.4345502713248849,0.7419244236678177,0.28499867513873206,0.5041784059745322,0.5245949859537404,0.8000936374835066,0.7573778078876242,0.8689890642198572,0.8841324738925936,0.48546317461840843,0.7954759068424901,0.7502988315271888,0.6223641483501091,0.6537944420342432,0.959254633126944,0.3296981681397867,0.44856328802370904,0.7189196726846061,0.2446922834089405,0.45363959610604065,0.5086798408054908,0.5333356719066903,0.16171212701932583,0.2506688561535254,0.9375968642767973,0.7401484139161226,0.3525258776097969,0.7947051510551629,0.538588082584569,0.06678635475991825,0.4600910353813178,0.747978220652157,0.7289623084450263,0.9166237375958364,1.0,0.4932016628231389,0.5233172952383769,0.15650301980659329,0.5732616227509549,0.6511738230879424,0.42663032442123316,0.8857572812767884,0.019977352427384736,0.45395138813736213,0.5302479984569872,0.5470132121131016,0.4761732646464161,0.5445817284520154,0.573786154827548,0.4535303264442749,0.1501547435247277,0.6314656714951918,0.2957388603363844,0.9579331476939474,0.567253179922945,0.5725176759839714,0.1091542943295512,0.6326733889833449,0.4931071267282603,0.49860653821784423
lh_PCun_L_4_2_thickness,0.8441153274250056,0.5154051249834367,0.6175539865778706,0.37683947745512275,0.8787979809180481,0.21717521969803105,0.21114636020334546,0.6448510025020759,0.05883690078122407,0.11375753836318389,0.6687163939874288,0.8991729895006746,0.2058412201015759,0.9799787741646062,0.8020117722789246,0.8086979692658733,0.665150908038487,0.6165939846950916,0.5578395961278134,0.3385202687925491,0.1570799021099374,0.5970996849067332,0.23560692908123132,0.4548890838761801,0.2864766184397916,0.040905613963271366,0.46456759987910645,0.05344419105108311,0.006370281963859274,0.3348699194624686,0.9118315629530691,0.9701048899259745,0.5610151559642343,0.24710375111481328,0.019136043028087853,0.5931448024658348,0.4438899057140216,0.4491774564730099,0.4955628857678277,0.1437447083743391,0.5283314463508776,0.24213518060093184,0.6471341646840172,0.4036655540583974,0.9987460333676237,0.5354668672147956,0.16615995287889232,0.6643285001946632,0.8531189481171575,0.5584131492929962,0.6416970780179374,0.6210860812574943,0.30261694363711533,0.4052642125617466,0.9333918858366984,0.9989568972718016,0.044592255045296396,0.2947183586721068,0.019043710805452595,0.3552242155190478,0.783646926767126,0.41646498202584764,0.20656539120918221,0.48511436274644515,0.36665470003627204,0.9616626856873507,0.2507900620349959,0.7863869065193774,0.528297085176524,0.4932016628231389,1.0,0.9881476459343976,0.5007137349395072,0.4536571821691859,0.3576642809078949,0.018983441981460784,0.6324552670448138,0.2222946653798454,0.3348266013358029,0.7554429308141815,0.7642919281580172,0.5499545394054943,0.9716860465437002,0.9537149225490509,0.7544489452907126,0.17423651741345753,0.6557392742258084,0.3098475100568904,0.37882088110425316,0.4559051549604023,0.2462853067303571,0.5173844809378055,0.12745126830708986,0.23418109069460158,0.5230507431508445
lh_PCun_L_4_3_thickness,0.8768187218541791,0.5351469332265997,0.6681420092497825,0.4181802150248194,0.9184145849968937,0.23977422538192456,0.21342128326491402,0.6997305142922012,0.058836902359516274,0.12603774381206742,0.7333375155045594,0.9464787171532827,0.2326004284581584,0.9580048436621087,0.7381902419269737,0.837726187983824,0.6574550600991635,0.6659846243506005,0.4974905960090108,0.27235721592430856,0.2105696479156588,0.5461795970059283,0.2995643636661416,0.5053769566864673,0.33968306336918086,0.06301223421838506,0.5024809365054763,0.05391813598529038,0.008295296040053076,0.3968191357522597,0.935115249897994,0.9953317097867185,0.6270941768110743,0.18790772817604895,0.0200127330848548,0.6327614065446804,0.446042521566167,0.38356750255725325,0.5561755396468702,0.14593744425891297,0.5671755878834,0.2869148751565329,0.7106427009544729,0.4539559256219223,0.9794232259766865,0.576494794343481,0.18266644188819833,0.7199818418207463,0.8979889837858397,0.6081047809894645,0.6089936835887639,0.5816194123804408,0.3588368789551114,0.45981396658215357,0.8763515313538051,0.9919576343942045,0.06299452314952052,0.29472364057349576,0.020303885608319146,0.387378183473137,0.8496530500895276,0.4756972871489246,0.23639437858801493,0.5482166924671789,0.30060928543924986,0.9129599872581247,0.29804791052042,0.8477532047112097,0.5466993532807481,0.5233172952383769,0.9881476459343976,1.0,0.44732119145329796,0.510909500686318,0.390707635536599,0.029696312646244602,0.6848020401786128,0.16479024387524538,0.40097264318963916,0.7780731217398339,0.7901604206531476,0.602546154285321,0.9962681242441355,0.9876127272860996,0.7111028187470918,0.13632318078708772,0.7131111773316248,0.26258966157146624,0.39948897901038605,0.5211994491275946,0.3061641752869848,0.5007507143225824,0.16443818187223547,0.29631855844251076,0.5880623273217915
lh_PCun_L_4_4_thickness,0.5215761005600806,0.0968069809558563,0.1249332612334535,0.31522671486190906,0.44964031783823494,0.012293601459046222,0.0017821486166002785,0.12034092923472388,7.806883252294992e-05,0.004670778458212557,0.2411755763170289,0.37387067570406207,0.015699722352156324,0.49527250734006867,0.4978299493402921,0.573691947817962,0.4400125495870742,0.09090339075370543,0.9300027707881633,0.7552387856737446,0.5120989910151698,0.9342199635970013,0.10409316267915873,0.7682513369745516,0.48348259882114514,0.010971763160563081,0.2146019656547062,0.5000576879756241,0.00034769873307507326,0.5250820204773441,0.5015359524762728,0.41623114416506835,0.44134200924460204,0.812379211498927,0.00013403673446178713,0.7348782080510632,0.13491875468052672,0.8724057544505193,0.6489867788287018,0.4350050558826648,0.04683871453263382,0.47337117247103977,0.23869223008635337,0.34011099828536034,0.5147241877067666,0.05011756796000691,0.4415322037183275,0.5339168688671689,0.4405920804189741,0.18683009105737292,0.906479357749975,0.29857850344003367,0.49243155595407073,0.6910800204649157,0.5520249401996211,0.49627474651456877,0.4497475193506939,0.003543458506434797,0.44944448601231346,0.2966834595714247,0.21279172643533711,0.7234559752801913,0.4416897569816775,0.6186362815836406,0.9165165144332147,0.5518075353870399,0.47905051212331473,0.3471615887971612,0.06126896385313143,0.15650301980659329,0.5007137349395072,0.44732119145329796,1.0,0.07336308259014815,0.025177515735911603,0.0036433780877837807,0.10815811648585774,0.6711872690928607,0.6458652156764978,0.655315357033152,0.631956410109249,0.6826859982005464,0.41271366646077995,0.3894306554623472,0.7850472847373833,0.7301482707384013,0.5240630833546163,0.7114474594799916,0.23604331304280896,0.5936210410778656,0.5757203444405822,0.9060277166307862,0.5265934928999783,0.58677738294366,0.11790507527736338
lh_PoG_L_4_1_thickness,0.38591199209727384,0.570549324524281,0.7395662318231488,0.5284820177520375,0.4519977474433124,0.8340567843564128,0.5830688687003358,0.7805030077890098,0.29098096387002437,0.6442186431923006,0.6451989045223406,0.542660525137668,0.8457237220780653,0.5113130520438702,0.5019722894625341,0.34852002363175205,0.6184584909119221,0.8164230143032578,0.06919676282174958,0.027520884612341225,0.4987772716356185,0.09162481865330148,0.6546436046901881,0.345650744931879,0.5155634223207889,0.434613482717741,0.5675278615250454,0.04120431771879437,0.15605420595405073,0.5117400631967505,0.399857005561713,0.5340610678151503,0.5090668238649,0.01181943040132492,0.2088136603073598,0.31820881809225793,0.2566604144284308,0.0382811568933927,0.41230147742821377,0.11801984834439444,0.8890118608989176,0.49747268376382886,0.642958316621927,0.5483736236567132,0.4371289643496644,0.896925576044415,0.33755247169736374,0.4219499487320641,0.46088522830803413,0.6447029379502398,0.13225508076003914,0.2837540540536572,0.5177266705351731,0.3621820815835128,0.3560294209170631,0.4507221633271081,0.33934649897683605,0.5015358315348666,0.07236453284127971,0.49224591891189545,0.732377874740406,0.3907323830676277,0.43782806315522577,0.43297295853604184,0.031322811208857694,0.37487582106443484,0.5035697491923713,0.5534031877751998,0.6334104039952417,0.5732616227509549,0.4536571821691859,0.510909500686318,0.07336308259014815,1.0,0.9363520058883741,0.3214276481184871,0.7913648583516694,0.009958080510701397,0.46232085456127564,0.30057442594234696,0.3155971567353074,0.3704627391582495,0.5461528715582282,0.5610151559642347,0.1463880828586486,0.006893449923349556,0.43135838766175183,0.023428251102237126,0.44209571185442403,0.4561852226353645,0.5040919951710224,0.1490434366123919,0.45779304854107944,0.49727045634820294,0.9825059435417505
lh_PoG_L_4_2_thickness,0.2461699130399379,0.6950818559062961,0.712906030950339,0.5503347622202673,0.30653974559027863,0.9466125228039517,0.707948976781007,0.7303441025587838,0.2910102615150178,0.793577481228555,0.5326431660748018,0.3917747021285229,0.9395338903402167,0.4261098912470532,0.47125470785230694,0.2120224429748268,0.5181151567378952,0.7961783188780265,0.03157449334202587,0.006895700809690864,0.45633117296411624,0.040112349865349964,0.5476199482490327,0.19298580830608666,0.4746759636987325,0.5492948218163809,0.6068517482734311,0.11123100157970128,0.2748898826491765,0.41919840902134287,0.26863521784849326,0.40103053163063984,0.37022786490114895,0.002963276778159632,0.2990261713911838,0.1727508162392242,0.3795566320921102,0.0215011671214525,0.2582872494416057,0.241581066857569,0.9236172994557028,0.5015339595817008,0.5393995606316346,0.5233129329549755,0.34907053362661455,0.9203837168706421,0.4743219741658799,0.26741599137782013,0.31157515561718707,0.6228501934820101,0.05887545179333745,0.2812217118081422,0.4600054468081934,0.20790543125859798,0.31308607466192145,0.3496540001061779,0.4691475725941883,0.5079091538562945,0.17560495880672644,0.5602600652890555,0.5922302760627345,0.23620329221952605,0.5171188752412152,0.2812720576336686,0.008534110479679646,0.3204896606056213,0.4946392904724094,0.399857005561713,0.763211477612594,0.6511738230879424,0.3576642809078949,0.390707635536599,0.025177515735911603,0.9363520058883741,1.0,0.4739233635865482,0.7551821684132496,0.0020979919171121024,0.3255513520927595,0.16996589042904833,0.18197444387326,0.21685013027723643,0.4137199625969572,0.42024559409598916,0.08536929072932528,0.0046024844670683246,0.276638574590673,0.01931832993985538,0.5628456226812906,0.31035010317810197,0.4248011830850329,0.05811088960080165,0.5017926710651449,0.40346028808605156,0.8663463053610374
lh_PoG_L_4_3_thickness,0.040915063032962086,0.4787742943475788,0.3065126675546136,0.3616411829841319,0.04888475054976657,0.5976286339579349,0.5244350374187912,0.27859339345952344,0.3082310570472636,0.7301988560812698,0.18914272268675422,0.06087921202762018,0.5961277507591898,0.02130630651082842,0.027428556429396258,0.03734622214178397,0.16231841768119573,0.31785044209522645,0.0023714211014090503,0.0008765438961384481,0.28418191810574156,0.00411965808835958,0.628953386278163,0.06461710448605575,0.2861411247455985,0.9662580086041097,0.38221565207615305,0.2667469863110648,0.8976846908128002,0.2180110670176359,0.03332151613092021,0.03804956772981108,0.14106342695177795,0.0002389488192148598,0.7680994209691543,0.04803720273882167,0.40888926385168173,0.0006435217830022934,0.09267310804992655,0.4096586082564718,0.39400813469853446,0.34062965112413063,0.20282809162741391,0.30574811010302355,0.016497360727401635,0.3810600833511608,0.48883730730605146,0.07637784924439303,0.05582543102429292,0.3104157547380705,0.008070036966119841,0.004133192247249647,0.26483356675377595,0.07345861371343038,0.00769022951190099,0.020163752873830054,0.4820271045714014,0.10419617700347775,0.35776884223591204,0.41472056135939206,0.14218556295151505,0.0872964921358239,0.42733180834205914,0.10528775961733323,0.0010283395867315983,0.009258647072191525,0.3251577664916977,0.09685265972707217,0.4867474934656786,0.42663032442123316,0.018983441981460784,0.029696312646244602,0.0036433780877837807,0.3214276481184871,0.4739233635865482,1.0,0.2966977022748873,0.00020007135103967478,0.14534051989566324,0.03207450276947232,0.03458640696639866,0.06894451181723496,0.03817166131093977,0.045780308116486784,0.005725298794017483,3.50105959721017e-05,0.08125315972832585,9.081792867716232e-05,0.47295228727521027,0.12428740364943922,0.2363798712858877,0.012633778234435759,0.3871899532565381,0.2161943489907821,0.24730415733699163
lh_PoG_L_4_4_thickness,0.6293241083168124,0.8679905788860409,0.9929061152420846,0.7752199508464368,0.7029262707454911,0.5846668206496176,0.3358478108384898,0.9986717697603362,0.058841873462944116,0.4083634779925566,0.9137563689946617,0.7752538784420471,0.5895222548735789,0.5949328459222828,0.44550369420122743,0.5755002275707894,0.306488136094493,0.9965529876035093,0.182701131133118,0.024290712949829762,0.5188224069315609,0.20128700173823522,0.4949400385376482,0.3561956914940308,0.6497143839493793,0.4060635534755319,0.8649280645731351,0.10175912060694776,0.11965164392150243,0.6260394386665283,0.6524984534966529,0.7192783119145221,0.7095782255331521,0.02435226442949403,0.0899948998240978,0.4172730922932779,0.5647094004858327,0.15791854141302328,0.5049789029908514,0.26584988422846123,0.9284806892518087,0.635132063973582,0.9147604255499806,0.7802142466144402,0.6177100104896747,0.9341657835306865,0.4974559067640911,0.6136264085330483,0.7115310206269911,0.9372652677870708,0.2448730410557049,0.5015439277963232,0.6477781232216071,0.3433850527315878,0.5480241990341238,0.6418785183761968,0.3889782211341619,0.2969788103654156,0.10730794268035268,0.7514988260061961,0.9252348542572923,0.40704896480282404,0.5984990662091803,0.5358164544080599,0.04144279260678861,0.5637784876170014,0.6376624719093105,0.8070941125765547,0.8726830512653896,0.8857572812767884,0.6324552670448138,0.6848020401786128,0.10815811648585774,0.7913648583516694,0.7551821684132496,0.2966977022748873,1.0,0.01136472509865348,0.493745329804166,0.4933214394046097,0.5163472456078958,0.4695713271594447,0.7180006151156773,0.7452225246264979,0.3541809923316712,0.06095515545581443,0.6237589397543786,0.15594985979438794,0.7366086976264089,0.5618585412622497,0.5611350192548763,0.14083578838176275,0.5277820021392571,0.5228365208745567,0.7579874144931193
lh_INS_L_6_1_thickness,0.14529804333312676,0.009696094965069612,0.013348437005938778,0.06644507000327711,0.11893259949010351,0.0008754588399338161,4.477679956922412e-05,0.013276956970415109,8.554886845238632e-07,0.00026071520660630597,0.03587714154297254,0.09386591201155933,0.0012438673839059102,0.24756727024108466,0.423162769902938,0.16528415922148776,0.20726829074207723,0.009002101566132292,0.5592629058714802,0.9622340523667392,0.44280430344804855,0.509666019371942,0.017476974866788102,0.40308783685673905,0.16211476048586237,0.0008180667060202358,0.03294018945612621,0.31341975693651775,1.096020691264732e-05,0.17755727426629225,0.15362809520483975,0.1360164202672213,0.09685928711264914,0.9476629685317118,3.2694761904849734e-06,0.2525288793806062,0.017622806198984667,0.6408903090843643,0.21618928860159042,0.16330776230957852,0.0038789125869731662,0.1676562945297014,0.03499335066426107,0.07249939349558579,0.2425388998374349,0.004336762541181872,0.1637477946877171,0.13176973762295,0.11008639899517575,0.024332761440298674,0.4305612246326031,0.46779012074202075,0.16379766667250786,0.5162228933648816,0.38064558161797324,0.21043254521229335,0.4487336541510903,0.00010614686788827782,0.44040933811801614,0.06222098977132154,0.03644228883713195,0.370021766080211,0.15378021298397607,0.1976139024044039,0.8923548895540463,0.34106149781570494,0.16940624117471845,0.0691352657144729,0.004856551803646154,0.019977352427384736,0.2222946653798454,0.16479024387524538,0.6711872690928607,0.009958080510701397,0.0020979919171121024,0.00020007135103967478,0.01136472509865348,1.0,0.32389763851307357,0.20297583486287496,0.19004515516461537,0.22474638792754245,0.13674931730898188,0.1175723237540154,0.38171786128447277,0.7546153280087666,0.12740187441360062,0.6387005687828596,0.04268164763253739,0.18878089225636416,0.2850021230944344,0.6712122932458704,0.31604058726294393,0.36949069789472744,0.020187631884058196
lh_INS_L_6_2_thickness,0.6027142173754529,0.32343762410928856,0.5077205208053276,0.6736327204597781,0.5716656061893718,0.24879679383332004,0.04706946379551752,0.512321997751803,0.00010121611072098788,0.16077785743596937,0.6371753635226151,0.5445806608067235,0.27920619684973835,0.2792797197522021,0.11224260903363148,0.6341303218523876,0.2870677165687891,0.4669164486498564,0.5658488217930611,0.34872380897391686,0.8802323867071609,0.6040293469442046,0.48950125372595843,0.9490194295301962,0.8782160927616034,0.24387368052443256,0.5553310674770344,0.5123606010599322,0.039921956456908915,0.9284806892518089,0.5248934361731272,0.44448272442790354,0.8086510811453129,0.4598101398268446,0.021645534740763035,0.8573285181326724,0.19189022594993294,0.5055395673216406,0.931029201916489,0.49230746358077315,0.3784398997448016,0.8406756360845373,0.6396595328668386,0.731380244953234,0.3136920810882769,0.39151027531447735,0.6466484410152578,0.7761430455598564,0.5981727252961161,0.5716656061893721,0.6524984534966528,0.07689322399669829,0.8933638971864915,0.8913554981526914,0.19280871101228136,0.35438407584819703,0.6417425803515227,0.004632602268170667,0.46450909798044127,0.6101264095587674,0.5660476368906207,0.9775681184321902,0.7378924108922726,0.9288529800708873,0.5134346971412265,0.22398410061851756,0.8553259347566216,0.6374491746206661,0.2747468491074231,0.45395138813736213,0.3348266013358029,0.40097264318963916,0.6458652156764978,0.46232085456127564,0.3255513520927595,0.14534051989566324,0.493745329804166,0.32389763851307357,1.0,0.6795836138056731,0.6747085567436515,0.8961318526538049,0.4367049753212727,0.4692102182034455,0.4902021971449719,0.5096490263173364,0.7809606909922178,0.4542164152796416,0.4766635257959603,0.9357758056597805,0.9693501083786951,0.6967526366290353,0.8454211753097847,0.9712278818994968,0.4984968775304917
lh_INS_L_6_3_thickness,0.9660000728252522,0.4194385738056338,0.5324644484196512,0.6526440215675096,0.9192799171804988,0.09522641922322903,0.03455029638267413,0.5230547286745422,0.0035777487071768734,0.04487435130538466,0.7387144068000829,0.8446726386072738,0.10699456417696793,0.6609708476551447,0.4132861968447341,0.9878565375010395,0.4991161665081795,0.4463787902250659,0.7632872940503226,0.2982163876836924,0.38626391433450036,0.8144565797105028,0.31035470815831506,0.7523439898043813,0.6639975588305005,0.07172598050130537,0.605318237591759,0.29127533912870057,0.0052994507437408335,0.7242338287373145,0.9273387989415605,0.7945495328426363,0.8763515313538051,0.29902617139118465,0.002963276778159619,0.9403172903885887,0.4292169649690763,0.6507040570669668,0.8773644594831034,0.4440649679234048,0.29317420287199847,0.6081047809894649,0.731043945264232,0.7002189639622383,0.7435650567431054,0.30350808054457,0.48957074337188056,0.96046664108808,0.9233438380696257,0.624091772566772,0.88304960465252,0.3618958809627827,0.68424179328809,0.616216707848862,0.6270941768110743,0.7758930412202256,0.21035186851805324,0.05483007865514579,0.16415173295013902,0.6108417612045212,0.6747085567436513,0.7363329949092123,0.5498958310872344,0.870806937741121,0.4147316174882674,0.6661238872507941,0.6203020592929602,0.8622276272524745,0.3388639143046562,0.5302479984569872,0.7554429308141815,0.7780731217398339,0.655315357033152,0.30057442594234696,0.16996589042904833,0.03207450276947232,0.4933214394046097,0.20297583486287496,0.6795836138056731,1.0,0.9992057391914476,0.9177475534444604,0.7806290520159284,0.791364858351669,0.9046041740215085,0.36857559077615826,0.9542491645929791,0.5399576486107545,0.5547965994287828,0.8459153071093695,0.5972121949131299,0.628191756082808,0.4224995806525832,0.5366007130539682,0.3802492288667654
lh_CG_L_5_1_thickness,0.9747543442834091,0.43710313921750854,0.5551509309888516,0.6603904852826064,0.9326459648702012,0.10261687862748872,0.038457368331914404,0.546365856968171,0.004133383971619447,0.04878221925526392,0.7596386025037112,0.8620120777949315,0.11466711611758786,0.6673782094244274,0.41312451293785635,0.9929238930847792,0.4968470974593878,0.4688195381908137,0.7427969879075131,0.28342464550581736,0.3842071492568118,0.7944821412760801,0.32025270018012597,0.743174126060927,0.6628936876730767,0.07640384103942463,0.6198803027350824,0.27745164819137474,0.005848283777467785,0.7232302769806953,0.9379390538741648,0.8087340835537182,0.8848665379081555,0.2810985863860681,0.0033383716934334063,0.9328773756267064,0.4407895025536726,0.6310721065469831,0.8736378565130103,0.4339054062190475,0.31159523497682706,0.6054935520959173,0.7515648423565444,0.7084941976790221,0.7514988260061961,0.3222359280992253,0.48244578967800883,0.9657495191333602,0.9369980080157051,0.6435900988757355,0.865423914293358,0.3716932134064502,0.6834189310516467,0.6111518238172677,0.6314829748767063,0.7853998370170081,0.20370265838311055,0.060368620559145,0.15352466377335675,0.6177100104896747,0.6977135025166994,0.7290361115162395,0.5457928425926681,0.8684854364094485,0.3942024644805707,0.6710670586789746,0.6179430444775637,0.880217830147185,0.3568427627238602,0.5470132121131016,0.7642919281580172,0.7901604206531476,0.631956410109249,0.3155971567353074,0.18197444387326,0.03458640696639866,0.5163472456078958,0.19004515516461537,0.6747085567436515,0.9992057391914476,1.0,0.9128255484765384,0.794674023537129,0.8069939235451391,0.8954713889111434,0.3505233310994511,0.9599690662593826,0.5245859387431349,0.5635726877544168,0.8444004742274371,0.592911737540045,0.6114704483151419,0.4155990897312265,0.5328744578151327,0.3954294641687616
lh_CG_L_5_2_thickness,0.8394448107324479,0.3390894509084684,0.4991835038595679,0.6903142559223733,0.787208080367672,0.14413938639187385,0.02490749856021105,0.49762942544977506,0.000737015932566259,0.08000470866054891,0.7043217772079291,0.7227545316817114,0.16675525201768018,0.46789160057078055,0.2400455800175476,0.8762690719388633,0.4130627127638464,0.4279993580869802,0.7192818702028922,0.2862221682394803,0.6237588702580572,0.7700696459811376,0.4114429993349291,0.9130982217961128,0.8231768321009785,0.13526882131550924,0.5821021723257442,0.4275693456905977,0.014275056321946178,0.8902059546345822,0.7653553358994424,0.6370207878515803,0.9098338382989629,0.35989899994919183,0.0070449747058150755,0.9924922887438116,0.3055332760400027,0.6250800835676378,0.9935238679606432,0.5155347719698606,0.2989670639266701,0.7681391175680272,0.7010109531959088,0.7518659226642774,0.5303861302847663,0.3120644223256709,0.6023639045971221,0.9475075052583244,0.8057546613650215,0.5945028898607445,0.8386948766700721,0.1943148888529268,0.8444313834903143,0.7804630885340866,0.39232652259497525,0.572942429609721,0.3946046695807885,0.018435467052109564,0.3012762622428299,0.6313995448347456,0.6273005961963327,0.919889432689234,0.6797971558936735,0.9874491479591008,0.45057372165776194,0.43250311017763154,0.7835476666140323,0.7872080803676719,0.26609262379418497,0.4761732646464161,0.5499545394054943,0.602546154285321,0.6826859982005464,0.3704627391582495,0.21685013027723643,0.06894451181723496,0.4695713271594447,0.22474638792754245,0.8961318526538049,0.9177475534444604,0.9128255484765384,1.0,0.6249253745362464,0.6492889041742822,0.7499121558412372,0.4645090979804415,0.9460752134862374,0.5447660952111264,0.52274099680279,0.9747205001198409,0.8261058188435191,0.6770022633043986,0.6452530267278244,0.7798365122169035,0.4430212187476127
lh_CG_L_5_3_thickness,0.8855814924653934,0.5498472679577934,0.7005333342856637,0.44588414398007764,0.9316616893458596,0.25634088688498546,0.21543930817057982,0.7340282573165298,0.058836904723782044,0.1356334314064565,0.7704079310482611,0.9649954816664086,0.25180452296879546,0.9365578580588723,0.701119826383272,0.8441834622448487,0.6431203539593877,0.6978085133855425,0.4609199175529538,0.2363432645837784,0.24427429840289033,0.5124145769663677,0.3366244061748741,0.5261896938345968,0.3732637379079833,0.07926051689574325,0.5282958467082405,0.05437757290822566,0.010020776341192531,0.4335526842889307,0.9380635445686569,0.9994547050816953,0.6625256296572778,0.15870860689326732,0.02083528901790155,0.6460085108936463,0.44795869156648677,0.3488292319362536,0.5850942196978014,0.14788707119462646,0.5935106047837255,0.3164379069003732,0.7476602515791255,0.4862074812133784,0.959254633126944,0.604029346944205,0.19519657765127743,0.7447287536354652,0.9147983231706681,0.6400725884684689,0.5825907729604882,0.5640815578176238,0.39368031788719104,0.48369375560490374,0.8406191992221715,0.977983770590841,0.07680385806265089,0.29472983647821194,0.021462302083277988,0.4098644350866668,0.8848665379081555,0.5033972713969997,0.2574852021196724,0.5795292508443983,0.2641302851483875,0.879993029418482,0.3288290055036155,0.8773644594831032,0.5605086881938784,0.5445817284520154,0.9716860465437002,0.9962681242441355,0.41271366646077995,0.5461528715582282,0.4137199625969572,0.03817166131093977,0.7180006151156773,0.13674931730898188,0.4367049753212727,0.7806290520159284,0.794674023537129,0.6249253745362464,1.0,0.9971358386547848,0.6801954778774175,0.11959629784583867,0.7392455066843044,0.24080284353193548,0.41479939375536556,0.5551136240603083,0.3423234941928705,0.4818989879588303,0.18973035783141623,0.3330949176501959,0.6250952257208264
lh_CG_L_5_4_thickness,0.8998829427430943,0.5687156013833625,0.7310335449352383,0.48396645007901384,0.9471345907918172,0.2599314913492773,0.2049592872208293,0.7628981585661517,0.05340906639694717,0.13699595808863,0.808793069658237,0.9805443543130838,0.2583601681320715,0.9092372465017764,0.6600317518039345,0.8576780852363041,0.616016684184396,0.7219227241529065,0.4422732353111476,0.20973841746680985,0.274689618418005,0.494750622274919,0.3633217232842555,0.543128436000933,0.41223051457973514,0.09364171442239595,0.5635551031821848,0.06029007435391108,0.011243473426385465,0.4734676867363287,0.9451813541529088,0.9979703605938155,0.7026923408672121,0.139993841779384,0.019653732472234738,0.6625090005904006,0.45978010618333054,0.333668122228984,0.6150530109565022,0.1605706732710196,0.6065001232839937,0.3524293488699757,0.7868660292816844,0.5273756122009647,0.9387244924781077,0.6179022042503716,0.21767314347981248,0.7741387533018558,0.9339716767917139,0.6771334610566386,0.5695896991259477,0.5528950153463821,0.4333308229444519,0.5003998943688933,0.8109729267200955,0.9628426260487648,0.09183140351092221,0.2807445901373015,0.02495487461629848,0.443999713154973,0.91130927413659,0.5269583160402203,0.2875687344992494,0.6122955874553557,0.2386717364482063,0.8515549786363603,0.36564007016765787,0.9074257857385564,0.5729236429890325,0.573786154827548,0.9537149225490509,0.9876127272860996,0.3894306554623472,0.5610151559642347,0.42024559409598916,0.045780308116486784,0.7452225246264979,0.1175723237540154,0.4692102182034455,0.791364858351669,0.8069939235451391,0.6492889041742822,0.9971358386547848,1.0,0.6673985785905587,0.11432559926921959,0.7699345646893234,0.2370041240475263,0.44266333332494756,0.5906131391918692,0.37815629907962484,0.46505127434730487,0.21740402059681216,0.3666339391746107,0.6397689827442158
lh_CG_L_5_5_thickness,0.8450009131335641,0.3700336655311467,0.39854864906114934,0.5452383580548523,0.781336637994975,0.0383883663765679,0.029086416786753208,0.37624675125825474,0.0035777447945576275,0.014570939308068876,0.558927764878117,0.688642637053241,0.03921359490650227,0.6896754903768025,0.5845110355559692,0.8760822750447317,0.48620521560411467,0.3159802935524456,0.9193172956043554,0.4857413110160159,0.2436862549068077,0.935455739402191,0.13325477198070118,0.5891313350529341,0.5222751839716995,0.0161736131689578,0.5074271805620524,0.2901487499332432,0.0006832591931350235,0.5545298812974536,0.8302524143641377,0.6924596818229262,0.6864856240297107,0.4812405848012331,0.0008730869852328996,0.8023740112030648,0.4240496165294362,0.8410082875092681,0.6933487611245375,0.4388003760717143,0.19271299482748327,0.4910000637030798,0.5556728169434357,0.5671803536376135,0.7643928340128378,0.1969767444175547,0.4485033852989117,0.7861287803806168,0.7729421374412633,0.4928119337836422,0.9444392768557481,0.4949344912874074,0.5332926583180062,0.44418764621224804,0.7702091238045405,0.7609999651068271,0.16440919405844556,0.054817516149893414,0.1611401512436125,0.5286471925396063,0.48459082806655857,0.5548655359965632,0.47394528589206414,0.682687859598179,0.5996462791435828,0.7794684640619642,0.49609852889560435,0.676889138159504,0.29292123984504853,0.4535303264442749,0.7544489452907126,0.7111028187470918,0.7850472847373833,0.1463880828586486,0.08536929072932528,0.005725298794017483,0.3541809923316712,0.38171786128447277,0.4902021971449719,0.9046041740215085,0.8954713889111434,0.7499121558412372,0.6801954778774175,0.6673985785905587,1.0,0.4972080836949979,0.7764102582649663,0.6941439916944528,0.5029891304302173,0.6554249615634467,0.43454818649906135,0.6411027069868729,0.32715688667769127,0.36623362674632093,0.19877292416346484
lh_MVOcC_L_5_1_thickness,0.25120825657778884,0.09646795362636927,0.08353858821580354,0.29866917317033687,0.19270511214922695,0.0012811956882773023,0.0016108672259078198,0.06694103272707037,9.669039103431205e-05,0.0003156571934458381,0.14819797327082923,0.13506971860630668,0.0010820939321931524,0.16798399078955933,0.3153459985226814,0.29725398257647057,0.10859309034284052,0.04949336269837601,0.7165686167261067,0.6406632314133818,0.44526303474704415,0.6658101742776432,0.005322111727856951,0.5288843722117363,0.44009689559757587,0.00016401951132327916,0.20109396428654938,0.4993398230859315,2.332521520059637e-06,0.4501889240909918,0.2119349980264823,0.12465874637284496,0.31584017761866034,0.8774480589922092,1.1071175913184096e-05,0.4784345378976292,0.14601178789965244,0.8296030132151457,0.4656191018526049,0.44599869623106564,0.02083578562629342,0.44707280409070016,0.15481455817334602,0.3072313477472261,0.18877932084910817,0.020958521114755248,0.4460813020156129,0.3309992269966453,0.1979057434165985,0.15134359416265844,0.5962685040087486,0.5646878254587753,0.44061970599218175,0.4563893189720969,0.30862757259989715,0.17142384771434727,0.4299030670925437,0.004159778087247179,0.4381057234881978,0.2920124889418637,0.07553341256485292,0.5206270609945299,0.436110862401674,0.45211542882627487,0.7848615246676922,0.26989849039660685,0.4481581701050076,0.16848468455076232,0.059194850672385425,0.1501547435247277,0.17423651741345753,0.13632318078708772,0.7301482707384013,0.006893449923349556,0.0046024844670683246,3.50105959721017e-05,0.06095515545581443,0.7546153280087666,0.5096490263173364,0.36857559077615826,0.3505233310994511,0.4645090979804415,0.11959629784583867,0.11432559926921959,0.4972080836949979,1.0,0.32856902828209184,0.9262851200903838,0.24114337139116152,0.44840602480846775,0.5017431962982876,0.5623795096007383,0.4999436027367424,0.49531195148603224,0.01034283906372267
lh_MVOcC_L_5_2_thickness,0.9416412731288035,0.4964952325779598,0.6619598705839493,0.7723929541100363,0.9114131434782726,0.1792533112034,0.04907736192858876,0.6542430644811581,0.003596340544636456,0.09936981098258359,0.8590727357125858,0.857529115190448,0.20078031091723608,0.5497643571336294,0.2896897892730669,0.9553473845966758,0.40428747579974833,0.5750521780147424,0.6345114950378072,0.1867333452421717,0.5162327822124485,0.6834915259415903,0.4326967125299307,0.7737774558206524,0.7939275364664167,0.15443398950578366,0.7203636277333534,0.2946519072643991,0.01786467267226575,0.8506940699249192,0.8832670020820886,0.7544686976964265,0.9756961501962157,0.21900482407080807,0.00948939542922199,0.9317121407544593,0.4433938903872326,0.5466422464231983,0.9364801160344183,0.4576801773488548,0.4097493082123592,0.7316628827609308,0.8550616060964363,0.8290295232891258,0.6352061651706048,0.4232014319553437,0.5567385179385822,0.999739981235376,0.9292230734431979,0.7528902525007991,0.7612855437646694,0.3205864543726949,0.8146347425235936,0.6511608230799063,0.4974126757483453,0.6824032402933797,0.2828933960071599,0.05509586182283621,0.172593799784816,0.7156963985324509,0.7728101003986385,0.789172966276305,0.6497932898765942,0.9428287208944368,0.2995615110811469,0.5364624151550367,0.7463580733056769,0.9257131007535909,0.4122876279611623,0.6314656714951918,0.6557392742258084,0.7131111773316248,0.5240630833546163,0.43135838766175183,0.276638574590673,0.08125315972832585,0.6237589397543786,0.12740187441360062,0.7809606909922178,0.9542491645929791,0.9599690662593826,0.9460752134862374,0.7392455066843044,0.7699345646893234,0.7764102582649663,0.32856902828209184,1.0,0.4851543105058839,0.6339915657172646,0.933820380683897,0.7259774577812632,0.521925449910857,0.5353038196428457,0.6626404293638821,0.49857928872846946
lh_MVOcC_L_5_3_thickness,0.43061248819026543,0.21802788756429495,0.19690388148898658,0.4445319826673193,0.3596435843891585,0.0064308169000706515,0.008316242299563799,0.16723517821577324,0.0007397244631604481,0.0019109662501535058,0.29539060630695185,0.27743357658143086,0.005247188048550406,0.27869099150348986,0.4082242495601122,0.4782759862531566,0.15340272379092684,0.1332345605128038,0.8284748936854317,0.551961544504604,0.30209217847064807,0.775851991342499,0.009465044307866616,0.4611194280300657,0.5036849220182236,0.00036061299931602333,0.35656998171556537,0.4233707424260994,1.5755478611087178e-05,0.5069206252488788,0.38551575471183425,0.25084127701337877,0.46557390197134735,0.7615898342254015,0.00010760055463975463,0.5646164764659218,0.29004870675936634,0.9328329423098615,0.5309358506170391,0.49944558824840324,0.06781985185652706,0.5015199029177843,0.30386096279945546,0.45141817177897325,0.32731435382043705,0.06804864054852373,0.4996263641748774,0.48830751819109874,0.3656594442393909,0.29793620212124616,0.7108106164459561,0.6571022033993579,0.5045966820908517,0.32209856619116056,0.46005390339307417,0.3103613488936423,0.280645268696297,0.018421456062716692,0.2912912672213564,0.4391736029557992,0.18131614248929234,0.45732586815680937,0.5006950634163257,0.5265932286012873,0.6938770117304803,0.4191980786829076,0.501802136636671,0.32511692940711084,0.15268481827043603,0.2957388603363844,0.3098475100568904,0.26258966157146624,0.7114474594799916,0.023428251102237126,0.01931832993985538,9.081792867716232e-05,0.15594985979438794,0.6387005687828596,0.4542164152796416,0.5399576486107545,0.5245859387431349,0.5447660952111264,0.24080284353193548,0.2370041240475263,0.6941439916944528,0.9262851200903838,0.4851543105058839,1.0,0.3963535909083986,0.5209448645833843,0.45940881817397444,0.4596845321553543,0.42457417910407397,0.3946677591570183,0.02906169961050619
lh_MVOcC_L_5_4_thickness,0.575999358990871,0.9157999119424305,0.7941756058885903,0.9386879399617323,0.5649650326903255,0.5358512379369051,0.36383430934666444,0.7334184559686574,0.007003325491769441,0.4961686180843543,0.7498845971576407,0.5333236088430382,0.5240868993935133,0.2911411257459339,0.1729638095137147,0.5753257312314953,0.06797814942719155,0.7243173370603142,0.38976578389714805,0.04029109278085438,0.5016594752167227,0.3940119641892651,0.2956239048186284,0.3348989375849605,0.778384259577581,0.49987361468888886,0.9565091725906292,0.39942487213592315,0.3000107386371329,0.7004019632355858,0.5383820543127956,0.42931851206192445,0.7156006048612341,0.1074214294019666,0.22485451345468715,0.48981772806762147,0.7799836027600658,0.3850759451648279,0.5451002311354979,0.6965008149837253,0.6654931138566886,0.8149334959283063,0.7709890632107572,0.8913824667383996,0.37373077852272,0.6564676237597286,0.8793091452280142,0.6265707282816727,0.5835341137864346,0.8774971265459215,0.41572235780946004,0.35965743231316155,0.7582538464465105,0.2404350020202684,0.3540752861772438,0.39606914416413364,0.6055477237395752,0.10209751352124824,0.37062507255913596,0.9740335083617406,0.5829546120956982,0.3805207378908827,0.8832254110865009,0.5755734190210737,0.1186525872293486,0.3578540814526949,0.8013446817997836,0.6380003413399884,0.8448312625237335,0.9579331476939474,0.37882088110425316,0.39948897901038605,0.23604331304280896,0.44209571185442403,0.5628456226812906,0.47295228727521027,0.7366086976264089,0.04268164763253739,0.4766635257959603,0.5547965994287828,0.5635726877544168,0.52274099680279,0.41479939375536556,0.44266333332494756,0.5029891304302173,0.24114337139116152,0.6339915657172646,0.3963535909083986,1.0,0.6012613136464373,0.6020221981120664,0.14310573752187378,0.6913450160137129,0.5034996692454786,0.3611289162582723
lh_MVOcC_L_5_5_thickness,0.7791894832487251,0.4159457394063212,0.5930080499271382,0.7871254479362605,0.7368283091156569,0.2258611162588502,0.04485749711816837,0.587001024563595,0.0007371802462387766,0.1398945382191445,0.7668936084215967,0.6859091853477906,0.2542360048139977,0.37152560395716794,0.16488916645673807,0.8114459626246271,0.3204967814554013,0.5226698327606649,0.6375601403359158,0.22404741257680807,0.7148408418155073,0.6792622372453758,0.47772976102749526,0.8829339647892149,0.9145736874849021,0.2162075413454095,0.6781840563288659,0.43383464887032586,0.03198694909281762,0.9646187201570734,0.6941885745082468,0.5678984472767168,0.9466791846328839,0.3212250406140869,0.017008050415254734,0.9421125174917966,0.3247157352833921,0.5692849565981196,0.992499623010777,0.5349706725208505,0.39533717894437004,0.8647361247770846,0.7694360274450104,0.8459153071093695,0.43444682847339566,0.40884721641805666,0.6726985762792836,0.9301982051069142,0.7642687217460381,0.6889752167590513,0.7419920795728334,0.17707428707604717,0.9318660457668796,0.7601456566710274,0.30653974559027863,0.4806552155069161,0.46889916582994223,0.01860579023954347,0.314304567037093,0.7242338287373137,0.6622577114354133,0.9137483865394181,0.7706045646294353,0.9976707573030829,0.3852041741137673,0.34038712004333915,0.8793588506170904,0.7892564438386731,0.3403871200433387,0.567253179922945,0.4559051549604023,0.5211994491275946,0.5936210410778656,0.4561852226353645,0.31035010317810197,0.12428740364943922,0.5618585412622497,0.18878089225636416,0.9357758056597805,0.8459153071093695,0.8444004742274371,0.9747205001198409,0.5551136240603083,0.5906131391918692,0.6554249615634467,0.44840602480846775,0.933820380683897,0.5209448645833843,0.6012613136464373,1.0,0.9063829527647908,0.5816274485411033,0.7409822506968058,0.8536164665256369,0.5029471462663148
lh_LOcC_L_4_1_thickness,0.5210739973966332,0.4404853933619515,0.5828776974461599,0.7807452573877436,0.49087173865999234,0.3535636968192644,0.0936892972616244,0.5719777906568322,0.0001373452897432986,0.25561469220189253,0.6540962251815355,0.4663437227856897,0.3829058626879509,0.19232555494629397,0.06628378292565792,0.552566396132157,0.1876937534635084,0.5416035890523297,0.523586577898986,0.29073458294140025,0.917829005592262,0.5485504007686223,0.49502314148385584,0.8558321398847837,0.9484996386939253,0.3482834774232556,0.6667587853107741,0.5275349444832722,0.08215575349831564,0.961264359318895,0.43828847304772667,0.35088845321833595,0.7978645718708375,0.42296498720491904,0.0487132334242712,0.774473705557855,0.25388921064308556,0.48848207237139785,0.8769010378011404,0.5517161988013368,0.472371285739121,0.9329407297129627,0.6658825610755366,0.8171974331534715,0.22872749643911122,0.4815023515000568,0.7620882836742651,0.7176551618586033,0.5219807742996545,0.6548532265443294,0.581746409309998,0.08020785573004818,0.9531358543379331,0.7912243408596179,0.14050253488282716,0.264592030985602,0.7267820841483881,0.0065497782248031215,0.4806993551432793,0.7311009193331585,0.5415689346553717,0.9018554765720566,0.8546155704455916,0.8853152425225577,0.45715873339272084,0.1613569417861923,0.9415691659829821,0.5890696581130355,0.3871467838468019,0.5725176759839714,0.2462853067303571,0.3061641752869848,0.5757203444405822,0.5040919951710224,0.4248011830850329,0.2363798712858877,0.5611350192548763,0.2850021230944344,0.9693501083786951,0.5972121949131299,0.592911737540045,0.8261058188435191,0.3423234941928705,0.37815629907962484,0.43454818649906135,0.5017431962982876,0.7259774577812632,0.45940881817397444,0.6020221981120664,0.9063829527647908,1.0,0.5837826035199856,0.9348194618277221,0.9805394123623037,0.4957614588940679
lh_LOcC_L_4_2_thickness,0.535296738913586,0.061070723982610924,0.14213787835540195,0.23578806379773884,0.48946799770471144,0.03361237992401377,0.0021966260484790412,0.15529097046486967,1.0108578528189968e-05,0.015047023926788269,0.2660259933774221,0.4414026997713224,0.04240302867599133,0.5079696580579061,0.4041910079320156,0.5697722510063288,0.498377101670441,0.12395394165663667,0.7328989333101652,0.7773469846559536,0.6281898583854197,0.769633160134557,0.20196869525438896,0.8517477810217496,0.4216802610005599,0.03246103224212626,0.15836119928122758,0.44956668133074446,0.00160456905827008,0.48708457451467957,0.5253720474336182,0.4829830839600416,0.4275393791251004,0.7435488940792794,0.0006489961505368545,0.7216698452808094,0.05893241507207972,0.6268841390220236,0.6462460364156045,0.3074943829972867,0.07825363185714579,0.3982894933414003,0.25583020700716513,0.27467540923312445,0.5177266705351731,0.08495536395908047,0.327612824218053,0.531632324328625,0.47954728428147986,0.17046428950477982,0.7851574477371073,0.15120938348524215,0.4371289643496644,0.876027870173685,0.46141146173108716,0.5181108185050922,0.5250487286230922,0.0007447409781695723,0.5009826253661482,0.20490437709423304,0.29074502254071244,0.7994323866875854,0.3409792383981352,0.6109106120715594,0.8615040300992007,0.48746906585055383,0.40859866217931473,0.3939246987365261,0.0432650548209183,0.1091542943295512,0.5173844809378055,0.5007507143225824,0.9060277166307862,0.1490434366123919,0.05811088960080165,0.012633778234435759,0.14083578838176275,0.6712122932458704,0.6967526366290353,0.628191756082808,0.6114704483151419,0.6770022633043986,0.4818989879588303,0.46505127434730487,0.6411027069868729,0.5623795096007383,0.521925449910857,0.4596845321553543,0.14310573752187378,0.5816274485411033,0.5837826035199856,1.0,0.5172961587030289,0.6575768949688339,0.21768220073781944
lh_LOcC_L_4_3_thickness,0.3425972058081068,0.548111147081575,0.5544803740327684,0.780244018695,0.3129949563857943,0.47465238232050755,0.2068350675603917,0.5233673326414043,0.00010022825252673164,0.40482561846056947,0.5270440922094882,0.2918531961006417,0.4881341374184317,0.09030196315030423,0.026345221265606393,0.37413598818467486,0.08091343219993355,0.5265495950380787,0.4535454954207814,0.3071289384384138,0.9245973159791268,0.46377548487665066,0.40461513633631213,0.7121763094684953,0.8978002306548172,0.4716868664988769,0.6866456327971026,0.5926626561479676,0.18987601857752856,0.8588020618871317,0.2719831889307396,0.19655386644863954,0.6306635128299409,0.44457168087629495,0.12833206432669264,0.5982328465986225,0.3347359203508905,0.4412750116544386,0.7013395824671698,0.6365609138005179,0.5172831932529844,0.9281500146779083,0.5477806288243536,0.7712218275028258,0.11767797848533802,0.5159060670661437,0.8752863062500973,0.5264226472996592,0.3401960656160287,0.6209905217747178,0.4723189270326299,0.059141619599562684,0.8853688172380609,0.6723486387630191,0.07576526230856392,0.1396152378403881,0.8945002427036399,0.009735621788441421,0.603573778632301,0.7734266173750716,0.39522981330433266,0.7571524408864512,0.9176800950540397,0.7116984052424205,0.4612148114623108,0.08455629616329226,0.9243640437802865,0.41067012506761685,0.5060216872060774,0.6326733889833449,0.12745126830708986,0.16443818187223547,0.5265934928999783,0.45779304854107944,0.5017926710651449,0.3871899532565381,0.5277820021392571,0.31604058726294393,0.8454211753097847,0.4224995806525832,0.4155990897312265,0.6452530267278244,0.18973035783141623,0.21740402059681216,0.32715688667769127,0.4999436027367424,0.5353038196428457,0.42457417910407397,0.6913450160137129,0.7409822506968058,0.9348194618277221,0.5172961587030289,1.0,0.9178420678820709,0.39348965815895726
lh_LOcC_L_4_4_thickness,0.4715201902313515,0.3745969017254568,0.5345307381947473,0.6845227037966118,0.45204129459511944,0.3315287223719501,0.08098980439309136,0.5333606794592245,4.4637821505900876e-05,0.2346438148054932,0.6007594448446796,0.44111755791954466,0.3619402833477755,0.1906140507564656,0.06538605742046245,0.4967333860552199,0.2059372901933417,0.505941805778508,0.47059991436847065,0.37857341330918653,0.9646227355262507,0.49818199519391476,0.4987517413760672,0.8812264537862693,0.8761624400503643,0.32709027955273073,0.5795292508443983,0.5222174903832738,0.07162240399886168,0.8999140702611284,0.39952769902109586,0.33931177966521175,0.7270423054957852,0.4849925002083626,0.041690597162318155,0.7295875736224265,0.183627291071103,0.4309450621288533,0.8318169214755626,0.4781261176683832,0.44410585411034065,0.8579512508282424,0.6088374098746496,0.7261196520858021,0.21566558269132208,0.45432616095640027,0.6782752862560006,0.6548190421273854,0.48010020348727495,0.5851978840285232,0.5312040205632758,0.048151401233811564,0.8832023507903655,0.8698421846472215,0.12031898964365177,0.2506844868479181,0.7645304835488869,0.0032063344317849823,0.5280719948868293,0.6310467565753338,0.5200860550893673,0.9194149709509483,0.7691352277069159,0.83498426166407,0.5182966507016549,0.14324831792041476,0.8684204279347577,0.545853063116312,0.3350472193251872,0.4931071267282603,0.23418109069460158,0.29631855844251076,0.58677738294366,0.49727045634820294,0.40346028808605156,0.2161943489907821,0.5228365208745567,0.36949069789472744,0.9712278818994968,0.5366007130539682,0.5328744578151327,0.7798365122169035,0.3330949176501959,0.3666339391746107,0.36623362674632093,0.49531195148603224,0.6626404293638821,0.3946677591570183,0.5034996692454786,0.8536164665256369,0.9805394123623037,0.6575768949688339,0.9178420678820709,1.0,0.4983352209513674
lh_MeanThickness_thickness,0.4652946090700446,0.48885110532615017,0.7016601491914917,0.47120096314420234,0.5300663095116898,0.7553346541611112,0.5422341276135452,0.7542524122781917,0.2923800209303977,0.5686264027166889,0.6587235560322368,0.6176585735478577,0.7698558622437026,0.5760294612242103,0.5326563461813326,0.42823101933607605,0.6919183482284579,0.7755097072208701,0.10597039022614098,0.050442868865798206,0.46991830528138395,0.1382740616809786,0.6662236747078834,0.41997550406705136,0.48571719952163017,0.3554461766280608,0.5038942410882858,0.023301458242391104,0.1184115429391324,0.5117908547967198,0.4790315262571295,0.6130435123778073,0.5470082884478868,0.023134329365321688,0.18459373303514268,0.39714340987864444,0.21517373466508974,0.057439073882288146,0.4746433030943867,0.0770736115450465,0.8267096594654544,0.4473578255402663,0.6497750299406911,0.5105420683888016,0.5030903206561004,0.8385059959241938,0.25730251772677104,0.49125266000633144,0.5372744153611795,0.6048364828351965,0.1920721184403047,0.28619066277368693,0.4967256239308721,0.433164499254896,0.3955303396835238,0.5221086379396115,0.25890184296259583,0.5005925984369726,0.0415732314072221,0.4205234863548076,0.7709231399011196,0.45569722608584357,0.36372377463611344,0.4892367525397582,0.05616818519948022,0.42221076035621863,0.45885608971879505,0.613286680328073,0.551574769299064,0.49860653821784423,0.5230507431508445,0.5880623273217915,0.11790507527736338,0.9825059435417505,0.8663463053610374,0.24730415733699163,0.7579874144931193,0.020187631884058196,0.4984968775304917,0.3802492288667654,0.3954294641687616,0.4430212187476127,0.6250952257208264,0.6397689827442158,0.19877292416346484,0.01034283906372267,0.49857928872846946,0.02906169961050619,0.3611289162582723,0.5029471462663148,0.4957614588940679,0.21768220073781944,0.39348965815895726,0.4983352209513674,1.0
