,rh_SFG_R_6_1_thickness,rh_SFG_R_6_2_thickness,rh_SFG_R_6_3_thickness,rh_SFG_R_6_4_thickness,rh_SFG_R_6_5_thickness,rh_SFG_R_6_6_thickness,rh_MFG_R_7_1_thickness,rh_MFG_R_7_2_thickness,rh_MFG_R_7_3_thickness,rh_MFG_R_7_4_thickness,rh_MFG_R_7_5_thickness,rh_MFG_R_7_6_thickness,rh_MFG_R_7_7_thickness,rh_IFG_R_6_1_thickness,rh_IFG_R_6_2_thickness,rh_IFG_R_6_3_thickness,rh_IFG_R_6_4_thickness,rh_IFG_R_6_5_thickness,rh_IFG_R_6_6_thickness,rh_OrG_R_6_1_thickness,rh_OrG_R_6_2_thickness,rh_OrG_R_6_3_thickness,rh_OrG_R_6_4_thickness,rh_OrG_R_6_5_thickness,rh_OrG_R_6_6_thickness,rh_PrG_R_6_1_thickness,rh_PrG_R_6_2_thickness,rh_PrG_R_6_3_thickness,rh_PrG_R_6_4_thickness,rh_PrG_R_6_5_thickness,rh_PrG_R_6_6_thickness,rh_PCL_R_2_1_thickness,rh_PCL_R_2_2_thickness,rh_STG_R_6_1_thickness,rh_STG_R_6_2_thickness,rh_STG_R_6_3_thickness,rh_STG_R_6_4_thickness,rh_STG_R_6_5_thickness,rh_STG_R_6_6_thickness,rh_MTG_R_4_1_thickness,rh_MTG_R_4_2_thickness,rh_MTG_R_4_3_thickness,rh_MTG_R_4_4_thickness,rh_ITG_R_5_1_thickness,rh_ITG_R_5_2_thickness,rh_ITG_R_5_3_thickness,rh_ITG_R_5_4_thickness,rh_ITG_R_5_5_thickness,rh_FuG_R_3_1_thickness,rh_FuG_R_3_2_thickness,rh_FuG_R_3_3_thickness,rh_PhG_R_6_1_thickness,rh_PhG_R_6_2_thickness,rh_PhG_R_6_3_thickness,rh_PhG_R_6_4_thickness,rh_PhG_R_6_5_thickness,rh_PhG_R_6_6_thickness,rh_pSTS_R_2_1_thickness,rh_pSTS_R_2_2_thickness,rh_SPL_R_4_1_thickness,rh_SPL_R_4_2_thickness,rh_SPL_R_4_3_thickness,rh_SPL_R_4_4_thickness,rh_IPL_R_6_1_thickness,rh_IPL_R_6_2_thickness,rh_IPL_R_6_3_thickness,rh_IPL_R_6_4_thickness,rh_IPL_R_6_5_thickness,rh_IPL_R_6_6_thickness,rh_PCun_R_4_1_thickness,rh_PCun_R_4_2_thickness,rh_PCun_R_4_3_thickness,rh_PCun_R_4_4_thickness,rh_PoG_R_4_1_thickness,rh_PoG_R_4_2_thickness,rh_PoG_R_4_3_thickness,rh_PoG_R_4_4_thickness,rh_INS_R_6_1_thickness,rh_INS_R_6_2_thickness,rh_INS_R_6_3_thickness,rh_CG_R_5_1_thickness,rh_CG_R_5_2_thickness,rh_CG_R_5_3_thickness,rh_CG_R_5_4_thickness,rh_CG_R_5_5_thickness,rh_MVOcC_R_5_1_thickness,rh_MVOcC_R_5_2_thickness,rh_MVOcC_R_5_3_thickness,rh_MVOcC_R_5_4_thickness,rh_MVOcC_R_5_5_thickness,rh_LOcC_R_4_1_thickness,rh_LOcC_R_4_2_thickness,rh_LOcC_R_4_3_thickness,rh_LOcC_R_4_4_thickness,rh_MeanThickness_thickness
rh_SFG_R_6_1_thickness,1.0,0.7422928162832034,0.6548858845077109,0.9659623606999878,0.8333568579643424,0.05847008849845248,0.10012307720969635,0.594314537273248,0.011096910791177172,0.022468305711466366,0.8568195294722838,0.7558842805150239,0.04730841394051094,0.4444004583301735,0.2743696753361691,0.9648036575652732,0.050300236683443904,0.5406619749167276,0.7653136495954984,0.4226623219223393,0.1258336976504823,0.8160787705014199,0.0028042129446693483,0.4691644876651063,0.8515501358852127,0.0005871718220010269,0.8501212335175089,0.28208975232881955,0.00038995802247485665,0.7981069661068196,0.8247761796409642,0.633233958734768,0.9580773442384862,0.2830299164467446,0.0023191880259971543,0.8040114877662934,0.8919229310474082,0.8365510698296099,0.8386134287477178,0.8404538451013472,0.29532876371985467,0.8365510698296099,0.8502915989875587,0.9639227946841792,0.5443892424162997,0.28768813331528403,0.8295126296834956,0.9679819896874379,0.8115049053456603,0.8092040090927222,0.822324875973305,0.634890273264483,0.8505625229631515,0.2229833854380161,0.5570148514160104,0.6415542526488862,0.19413578474115006,0.13871505690946034,0.12020452493594116,0.9708817038336601,0.530927690407246,0.686335173942424,0.8490062362170143,0.8438199595290456,0.2436634030173555,0.5838116007838027,0.7899718166839125,0.8350650739864718,0.5963241116850793,0.7813594819659508,0.6239581245666227,0.6390646639191244,0.6823964208366478,0.11967446727289528,0.13287079126781218,0.0005027094483238141,0.5776884094826504,0.09880350604889497,0.617220520944113,0.9359934627027244,0.9452984507387518,0.8323490331911454,0.5471480700867914,0.6382146840503082,0.9622269744517282,0.6697359725598742,0.9268642920648403,0.7778698620839954,0.682176135893803,0.710178692929994,0.6372193393491299,0.5872406684604042,0.5519867563446686,0.5602796665812777,0.4799376427582313
rh_SFG_R_6_2_thickness,0.7422928162832034,1.0,0.9850747281808407,0.7072938755560665,0.9762198646201721,0.21507024263903327,0.3750787471371876,0.9614386697979882,0.05132022744158806,0.09471610849984491,0.9705674434698809,0.9996498388039455,0.17715930684326536,0.8592824568182287,0.6581206210294013,0.8108388311801392,0.18625811928580688,0.9335505103549315,0.3419377420234453,0.4781008344146536,0.2552474860889979,0.40422045305146415,0.014380788203439665,0.14010000957224206,0.51982649673757,0.008079917612913434,0.9403458452130723,0.45455230154100223,0.002114998694765862,0.37720627054661715,0.9783793903508934,0.979540341425947,0.7116877181025633,0.05973232123003256,0.011854442308238055,0.38035893839689505,0.9504733337559548,0.45637794550533894,0.4665920003857015,0.4803486484976274,0.6461440446735364,0.45637794550533894,0.9707214235970152,0.6912156318594322,0.9282267186816184,0.6225326732938593,0.4330104113094214,0.6652080964808288,0.9751566664667721,0.9812543093285752,0.4047980999932008,0.9800981811838161,0.48511965158192605,0.046488524890225424,0.9389594886195856,0.9821734022685069,0.04153605118845568,0.42149257522865957,0.24697846446867294,0.7063695926243472,0.9064229384173279,0.3928801660824037,0.4641345506677179,0.4474775208000415,0.05254818885088801,0.9574038741951938,0.3675264969201557,0.9757403475864682,0.9641913159772872,0.98309773260209,0.975485936649031,0.9796579222901386,0.3410722911873759,0.3271195991863703,0.397287547751046,0.005986384146273804,0.9536746492086847,0.014176937050173581,0.2267068424983644,0.7569927240358291,0.767346808684259,0.4217281061901742,0.930692687582868,0.9811671230603167,0.6980852858924332,0.28669872022540327,0.7709514199280485,0.3537434829455028,0.8833099873479289,0.7068964134614036,0.2400103088463289,0.33844342989232823,0.18200203460610126,0.1907411371831694,0.702153234727507
rh_SFG_R_6_3_thickness,0.6548858845077109,0.9850747281808407,1.0,0.6121833698955441,0.9326091247224964,0.2789432905156035,0.4640865294947356,0.993427500690881,0.07215155528737281,0.12922683684724823,0.919333798146101,0.980486543485469,0.23242815490636498,0.9255136661389078,0.7513223935787876,0.7214517867469274,0.2434766826696293,0.9766033838186915,0.27382086589255233,0.4286719647843325,0.3163659322489086,0.3237652387544805,0.020815099651627762,0.10412547894588725,0.4274286442603913,0.014284685060494278,0.8877338346366643,0.5023130177891408,0.002936378739650903,0.3016045520444917,0.9377058993304257,0.9963107576204109,0.6165932441195765,0.04118312931517033,0.017094143717432956,0.30604635201436997,0.8884466571177583,0.36871778220734897,0.37786770525664837,0.390380216157925,0.7389447732451911,0.36871778220734897,0.9214645511400446,0.5958695390093924,0.9768592554797888,0.7146301854778834,0.34821881316756564,0.5704550772162702,0.9388464474169576,0.9460327897945549,0.3257731966306967,0.9962201091864693,0.39506220362524563,0.033237252807616004,0.982707487792557,0.9956930261248296,0.03041462265283553,0.5125965993633198,0.3078824210873748,0.6114292043933165,0.9628678470356656,0.3107969332152158,0.37636932170856274,0.3617884850128213,0.037677907189165936,0.9906152971563578,0.2936822785038686,0.9315508276283029,0.9924557135099872,0.9579772645580021,0.9928756878007388,0.9911732765512882,0.263010902104984,0.40119545389419076,0.48546561412259814,0.010528019687450844,0.9893048698609064,0.009529350149972506,0.16925596275602833,0.6652227199444039,0.6756174579231922,0.3398318783398852,0.9782647435215792,0.9959894418998787,0.6027486610659626,0.21662849509743298,0.681112814391907,0.28523070838234543,0.8882562159255482,0.6481099819779282,0.18117267963614567,0.2636150664165483,0.13458395151714714,0.13811438025943756,0.6871598081100656
rh_SFG_R_6_4_thickness,0.9659623606999878,0.7072938755560665,0.6121833698955441,1.0,0.8245884149254261,0.03629921798256605,0.08374597364419192,0.5435148920599203,0.0051470384702239965,0.011644169854753982,0.841140892121411,0.7227279932341943,0.027721783239536654,0.38546716016002147,0.21898148007369855,0.9830298305866597,0.02977427819528289,0.4856967190806537,0.8122580443173368,0.49434465511498404,0.20997436470945918,0.8760529982188583,0.0010313034404001375,0.5132051801997085,0.9364290565269068,0.00042041770512629527,0.8702724966306531,0.40961561940953434,0.0001058765748261399,0.851964252705723,0.8166393845898252,0.5851351800691473,0.999431003025095,0.3046789940564901,0.0008194670369948621,0.8524511931154126,0.8733947848019843,0.9095790270637643,0.9143255000421704,0.9198262350735003,0.22464113645102038,0.9095790270637643,0.839977643727349,0.9996287602299246,0.4880636465489424,0.21456173903158593,0.8965360383434888,0.9965477283120663,0.8106941587322187,0.8019694073157928,0.8762091701012891,0.5868695107358668,0.9260691791120907,0.2530040024173524,0.5022591984929248,0.5938178267192776,0.22924788204396981,0.10069154624928679,0.20202826015754297,0.9997623904747321,0.4721915354297985,0.7782990026282615,0.9174687488446281,0.908012335565952,0.27498187915175104,0.5317935681487906,0.8422894552729319,0.826159037558871,0.5453154995432619,0.7750016371173428,0.5745848396393682,0.5902410253538035,0.7604691426460041,0.07381241251948027,0.0926480935592689,0.00028845452714886606,0.525114599650315,0.11153343065479557,0.6695129050623636,0.989836149855621,0.9909957189348417,0.8901917916440243,0.4911812477919604,0.5903416861153314,0.9998265957138025,0.7340124034408312,0.984145251592222,0.8212838512909633,0.7243452192452742,0.8446990237867646,0.6912816889586113,0.6506605362372235,0.5979518696060442,0.6029182397956557,0.4736954389571681
rh_SFG_R_6_5_thickness,0.8333568579643424,0.9762198646201721,0.9326091247224964,0.8245884149254261,1.0,0.1435438022482067,0.2771203059748498,0.8877991696918235,0.028991635662723232,0.05713892434707461,0.9976290672844195,0.9812899473963523,0.11509821925320404,0.7465224088845517,0.5287555232900633,0.9080401281399193,0.1217778766091999,0.8426468776526004,0.4576951431826456,0.5077921838440858,0.23742949422258366,0.5273885303593829,0.007129329640379236,0.21130709267949022,0.6467987046276005,0.0044274279499176205,0.9899184668076435,0.4555488762103519,0.0008648258332264563,0.4977036324268481,0.9997939196717389,0.9155152335345778,0.8293805637299339,0.09766631973907305,0.005751659962177278,0.5008589989266911,0.9887715085736908,0.5824749522204734,0.5929218707426531,0.6068130616451314,0.5209172625875362,0.5824749522204734,0.9991761881761576,0.8105823883535748,0.841657445674175,0.49910084056239645,0.5581542119070565,0.7859132135728757,0.9976134132338039,0.9983866058311313,0.5280250395288029,0.916494974658649,0.6124906101713317,0.07920119887863335,0.8549889546455134,0.920278796449155,0.07203008656472351,0.3106436199467902,0.22877043232399163,0.8229404216952356,0.8200309169813125,0.4933303703494966,0.5912443703104117,0.573877380749479,0.0883880580394452,0.8794366901799986,0.4868916586605937,0.9999917551556168,0.8892077810892818,0.9926343701399951,0.9073951881796638,0.9154732864975034,0.44162657085233764,0.23078412270598767,0.2894606264350207,0.0031296923806679393,0.8742854224697878,0.0267462887075689,0.31904106485847883,0.8686808170348685,0.8768824368694159,0.5464481625003152,0.8446765206362284,0.9184140953629008,0.8169542277413898,0.3864338584504358,0.8800148469210648,0.47049187567859113,0.904743235508073,0.7943116897920788,0.3364451167821422,0.4142855075316155,0.26426856805684296,0.27070665742505207,0.6488405219504965
rh_SFG_R_6_6_thickness,0.05847008849845248,0.21507024263903327,0.2789432905156035,0.03629921798256605,0.1435438022482067,1.0,0.9182693857748151,0.33287648173464834,0.7826612441665546,0.9122276971899701,0.1368172014234257,0.20540135945331356,0.9935145074325951,0.48327436068229374,0.7014543062239709,0.05732471492220127,0.9961996868603681,0.3831534214424094,0.006615033337913952,0.04623804247597715,0.42968370718922555,0.00837756302669237,0.4866155726256396,0.0010491095437594501,0.01510072362965996,0.3943967297117186,0.11504272134252355,0.2904964701220598,0.1665131895093697,0.007492062614531577,0.1475229054306335,0.30059858504481546,0.03634858858456926,0.00020870785798535044,0.44352200672321634,0.008015612261352882,0.1215170430215211,0.010762145140141129,0.011357868197022052,0.01224088970518552,0.709292312989293,0.010762145140141129,0.13608486297091513,0.03387858224286714,0.3827553905923985,0.7304114631995854,0.00956897152786206,0.03130697705594118,0.14941465110537033,0.15511708675032926,0.008733326388700157,0.29936363503429136,0.01249754326125781,0.0001637642892072353,0.3689027113405213,0.2944964867451817,0.0001524640948186778,0.9064545582203347,0.43502728322114015,0.03671694162477451,0.4033262178915287,0.01016100212258424,0.01126669541861064,0.010428317981550183,0.00019933592786893525,0.34266452489047095,0.007187206828596796,0.1427681868283579,0.3316842388015663,0.17002927745894647,0.3098381934592698,0.2991171145372723,0.006518190356646599,0.9599822826358713,0.9246664855053921,0.35221598862468273,0.34831612889686975,2.2569538406932008e-05,0.0023224534794788095,0.04384010431523207,0.045861735349789184,0.009335271123927583,0.37963778934938053,0.2969155065360528,0.034658335493137016,0.003896479181557268,0.04693842223962232,0.007387233172233014,0.2076335473156506,0.06862990077209499,0.002646079834740846,0.009396293981899596,0.0015468507136257,0.001642360320804669,0.5180226970779411
rh_MFG_R_7_1_thickness,0.10012307720969635,0.3750787471371876,0.4640865294947356,0.08374597364419192,0.2771203059748498,0.9182693857748151,1.0,0.5281155871329372,0.5808193132636155,0.7294027357829214,0.2596581250453207,0.36148521015415863,0.8757119379842797,0.6877659622551182,0.8703135272593848,0.12378285787690627,0.8859356812390538,0.5834297248477509,0.01576610519261849,0.13982387613603703,0.49997356038384927,0.02420901906908482,0.32671706075682616,0.0032349981161566652,0.04875743107278826,0.2245992352806921,0.24134098484206667,0.45127156072565106,0.11649259555920767,0.020141362024253862,0.2846721244181338,0.48585643817305735,0.08665995496876068,0.0009039992993303645,0.2962240766257044,0.01986444190837109,0.22910551132801998,0.03414574100888576,0.036464883798537816,0.03981090305946152,0.8447289670404214,0.03414574100888576,0.26247640305862335,0.07877825266725962,0.5840193643529281,0.8472612940210964,0.029323130846348924,0.07012727823359871,0.2925571277308465,0.2986254713900464,0.023318881485167236,0.4841188091326981,0.039316422171883025,0.0004935848607353587,0.5691243081462177,0.4771792862686036,0.0003766626127574648,0.9763224401585089,0.49942321295679154,0.08269180851033234,0.6028573080546649,0.04206131960143194,0.03408076954911346,0.03067780124961017,0.0006050758326236747,0.5384333250193163,0.018900961955188027,0.27562789935109383,0.5245612886679595,0.3244508136062104,0.4949794129747962,0.47941189209636453,0.028620448468482503,0.9177640568486987,0.969545817391285,0.19814744948199386,0.545329884207552,8.477457199241884e-05,0.009249097064801688,0.10868183930427697,0.11022194505755882,0.026019835165623506,0.5807428415328002,0.4806466337532335,0.08130729961215637,0.01710396610192869,0.11702026205912389,0.016684867450812442,0.3863551267770084,0.18229666592139052,0.009701347836477744,0.04095832734071201,0.005808497560104959,0.007923004265219453,0.6399052609791331
rh_MFG_R_7_2_thickness,0.594314537273248,0.9614386697979882,0.993427500690881,0.5435148920599203,0.8877991696918235,0.33287648173464834,0.5281155871329372,1.0,0.09331652094129733,0.16197953790888378,0.8727208419487965,0.9541008398742354,0.28093633687694197,0.9618178545801063,0.8140286996847055,0.654268844015157,0.29336233660634004,0.9942800419871817,0.22692134984886025,0.398543227014259,0.34213075908489676,0.27078254854078637,0.028502567196170336,0.08105939716169215,0.36612742308680957,0.019515292289256168,0.8342404656748306,0.5104858005973223,0.00431558792771955,0.251124536735457,0.8940474295129032,0.995272355710495,0.5475202054233967,0.03057767520986309,0.02359627564900085,0.25543608961040354,0.837584214398452,0.31154412197443615,0.3199815629003838,0.33159594163751005,0.8004818611635719,0.31154412197443615,0.8745069447841658,0.5274019324331489,0.9939689390472124,0.7767330266515371,0.29281276906509934,0.5030845031706165,0.8955792138309053,0.9045685604973834,0.27281581448173453,0.9948723357239495,0.3357602998387096,0.024473114736488902,0.9971344392881698,0.9931128299797738,0.022356260228753526,0.5813538325070945,0.33397490107811684,0.5430868341282523,0.9828535699294274,0.2640455848394876,0.3184803450451924,0.3051694419028653,0.027898776349385927,0.9995033054855798,0.24413772200466588,0.8865166398284717,0.9988441582376418,0.9207586161252289,0.9939689390472124,0.9895128596273981,0.21941929403314747,0.4641771073231378,0.5535945411167194,0.014624357740215112,0.9994373516247026,0.006653510131578513,0.13547673100658847,0.5958449417556481,0.6063907876035433,0.285354662240228,0.9947849632343831,0.9940243839727498,0.534050589137906,0.17691483742343417,0.612007303780305,0.23736351488595428,0.858691803801785,0.5936541541450095,0.1455545767780444,0.22586760813707552,0.10620048554861353,0.10956109986460884,0.6973070631273872
rh_MFG_R_7_3_thickness,0.011096910791177172,0.05132022744158806,0.07215155528737281,0.0051470384702239965,0.028991635662723232,0.7826612441665546,0.5808193132636155,0.09331652094129733,1.0,0.963577193168204,0.02800078494276511,0.04821780584160551,0.8410050285752155,0.16522051614245098,0.3068404406962787,0.009167057976399997,0.8272161158040509,0.11627008684787878,0.0006977734525268689,0.006632616595370519,0.21218405584668198,0.0008313640716178295,0.8795909457201725,7.540794967892837e-05,0.0015238085480235048,0.774218892247084,0.020897046576546653,0.09845214736567504,0.4574579965180028,0.0007608158065548929,0.029908645071221075,0.08222546765329988,0.005035354432134634,1.0674395228704888e-05,0.8428906855842458,0.0008568147913824422,0.024660457031684076,0.0010461065547830491,0.0011043832419299303,0.0011937008416759405,0.3142817075923938,0.0010461065547830491,0.027337039884295082,0.004726809850077854,0.11374699121531878,0.3352965118768634,0.0009346559666670202,0.0044256034636094305,0.029917499356797196,0.03172372718376122,0.0009106897187954851,0.08183235087592755,0.0012457121849689784,9.168440671320251e-06,0.10802867830579854,0.08030391527585506,8.846115294008317e-06,0.5226353657427056,0.2186037857921165,0.005305659437379441,0.12285247294021336,0.0008917929266995443,0.0011335575439937956,0.0010556699353160702,1.1441971823376868e-05,0.09800141731241596,0.0007334841111578985,0.028815650054197988,0.09410672562937578,0.03553076581033429,0.0868715143257556,0.08356733958598075,0.0005104906119292701,0.6444873407125997,0.5495090032883236,0.7426753889603076,0.10007453613070319,9.261476022169072e-07,0.00016376824551359636,0.006070306088365746,0.0065342846335461145,0.0009600566391000196,0.11243373832634042,0.08105939716169235,0.004822276566280311,0.0002785330030971666,0.0065417637750870075,0.000812451959895457,0.049196879671742744,0.010748467691756214,0.00019823501737275764,0.0008238323013772538,0.00010717422165933263,0.00010027596379926426,0.30093740188301754
rh_MFG_R_7_4_thickness,0.022468305711466366,0.09471610849984491,0.12922683684724823,0.011644169854753982,0.05713892434707461,0.9122276971899701,0.7294027357829214,0.16197953790888378,0.963577193168204,1.0,0.05485737878431285,0.08955580942620345,0.9512052898741263,0.26530234939388053,0.44791421546329857,0.01978059580651631,0.9426172301710201,0.19550597466850617,0.0017816649645928722,0.014807276777493878,0.2965645784339974,0.002163182342961782,0.7391970176834822,0.00022385057922654313,0.003926803448674919,0.631618715276772,0.04294685606999438,0.15865467947811385,0.32217224589063587,0.001965387269224869,0.05887021277624925,0.1438818500160468,0.011492933507522323,3.607255085017512e-05,0.6941167517371835,0.0021727717903123685,0.048447692047356425,0.0027381244248733754,0.002889418394295481,0.0031184131333948607,0.45776464537382755,0.0027381244248733754,0.05397099736129207,0.010761910776322088,0.19320686263954345,0.4818005626661361,0.0024437404665269076,0.010030919100487992,0.05920551785275404,0.06225143561700625,0.002327400447006913,0.1432221444426619,0.0032282937751052267,3.0224570543034777e-05,0.18446346127152008,0.140644590205952,2.889421246719931e-05,0.6852241120634752,0.3035263894164585,0.011916952368248234,0.20687161851313124,0.0024064242923276936,0.002929310050924224,0.0027231570297759212,3.732230351772097e-05,0.16870678920845633,0.001892292329344565,0.05680476038756534,0.1624208414986757,0.06917379809338914,0.15045247069672532,0.14484242433674335,0.0014414509582472315,0.7986695261027648,0.7128224143049959,0.5897994562623732,0.17201275983092873,3.4506574678305216e-06,0.00048543624507717644,0.01385428330171736,0.01474910840797523,0.0024643188725367157,0.1912131612367693,0.14192117672869925,0.010989805800571396,0.0008177832284915871,0.014892204402879451,0.0020426179791368363,0.0909930814308081,0.023249565382849502,0.000574751854238253,0.0022172708872293012,0.0003207068638823101,0.00031315121362209447,0.3877676000415168
rh_MFG_R_7_5_thickness,0.8568195294722838,0.9705674434698809,0.919333798146101,0.841140892121411,0.9976290672844195,0.1368172014234257,0.2596581250453207,0.8727208419487965,0.02800078494276511,0.05485737878431285,1.0,0.9765196770794712,0.11015610349582447,0.7292426065485533,0.5114141894305151,0.9218339493985357,0.1165437949267925,0.8276903570587826,0.47211031271411263,0.512729001709165,0.21091744664893872,0.5449094627908408,0.007116301206378996,0.2197636829067264,0.663386768055417,0.003637689554475988,0.9854197349879998,0.4206083870479702,0.0009484873342868062,0.5142378993235762,0.9961124982692828,0.9047271505591262,0.8447881913700026,0.10347251343364641,0.005805315064273084,0.5168344991013428,0.9963124536792376,0.6004830828586735,0.6108145946845083,0.6244420431919692,0.5059304618847335,0.6004830828586735,0.9994385873047582,0.8274738831500092,0.8236521785421447,0.48543149284495013,0.5761684950913657,0.8042399748150066,0.9905886832704939,0.9923696862069559,0.5451040231286159,0.9059083396074137,0.6301838361961287,0.08159838690723079,0.8380132848182908,0.9105138715642773,0.07292191759036598,0.29721035633669557,0.20283267718621606,0.8401675042695727,0.7998203128568606,0.5126629216945704,0.6092249757516995,0.5918436472848501,0.09122274484595178,0.8650138824900019,0.5030093355406275,0.9978836479490628,0.8761222364870374,0.9825899431903136,0.8975325254685265,0.9075077250222736,0.46231519232903473,0.22552532368392472,0.2778599742680374,0.0026368670593987717,0.859239769458974,0.02773367678609498,0.33503919121878434,0.8795225617535832,0.8885464111747616,0.5640284093506045,0.8268855557517606,0.9082351647878881,0.8333839522282056,0.4060098144518449,0.8891034644091467,0.4847524086029955,0.8767435563654284,0.7841991638339738,0.35196005287770477,0.4368402496772987,0.27733466024587095,0.28773547938744404,0.6588412064400365
rh_MFG_R_7_6_thickness,0.7558842805150239,0.9996498388039455,0.980486543485469,0.7227279932341943,0.9812899473963523,0.20540135945331356,0.36148521015415863,0.9541008398742354,0.04821780584160551,0.08955580942620345,0.9765196770794712,1.0,0.16878177205506006,0.846585680966061,0.6422438197676863,0.8245239796285226,0.17756979421543215,0.9241239214400782,0.35497762777171504,0.48321954567532793,0.24919296237691174,0.41866762153286363,0.013375183616030198,0.14745825708694632,0.5352730105008672,0.007427424512695128,0.9477093516608609,0.45019827049971195,0.0019487766370496666,0.3911260942428891,0.9830489626133196,0.973968358274881,0.727078338650673,0.06356216916592748,0.011014399880244408,0.39422138390708006,0.9581015924562343,0.4714957004393236,0.4817870481702677,0.4956190312151026,0.630918789423222,0.4714957004393236,0.9765756835472363,0.7068016146721194,0.9188092465459528,0.6075512552273044,0.4478843290596466,0.6809115284527283,0.979508159490551,0.9851927226680898,0.4191866948965467,0.9746031594744637,0.500495679980681,0.04950497940392691,0.9300537267084683,0.9769890226213569,0.04421416329797332,0.40703682579161815,0.2409391649040371,0.7217879940640346,0.8965468149832784,0.4055734160828995,0.47937243579244104,0.46253673717961385,0.05589452817069156,0.949648900394948,0.38123767730632263,0.9808899274098068,0.9569960497350058,0.9857198057297296,0.9695600511062172,0.9744389655216101,0.35358092219391213,0.31509348366841705,0.3833131479162043,0.005491456054591593,0.9456503277684416,0.015274240963792582,0.2371976771091291,0.7715644063857579,0.7818390894958005,0.43641930242425153,0.9213849967239811,0.975826877802628,0.7136163582297262,0.2986283302297565,0.7851472795061352,0.3669156667727048,0.8841942353052552,0.7163855882195622,0.2508855521407567,0.3490464578450784,0.19103068824223726,0.2000539507687571,0.6988896973567028
rh_MFG_R_7_7_thickness,0.04730841394051094,0.17715930684326536,0.23242815490636498,0.027721783239536654,0.11509821925320404,0.9935145074325951,0.8757119379842797,0.28093633687694197,0.8410050285752155,0.9512052898741263,0.11015610349582447,0.16878177205506006,1.0,0.42078325221001994,0.6350003590534415,0.04455211615686287,0.9996221563015566,0.3274536705561201,0.0049051595350105455,0.03390309908866958,0.39444283873781777,0.0060594157908981,0.5513749123499787,0.0007339144837508561,0.01074773684285296,0.4550484500003704,0.09039798247255965,0.2490366918868852,0.19819964999398526,0.005474001303495757,0.11830500339033587,0.25284055901910096,0.027590770760986975,0.00013730775273212173,0.5061029123401684,0.005930822242980482,0.09791341399419268,0.007671754222435663,0.008080810937674578,0.008690897768028963,0.6447287148646488,0.007671754222435663,0.10913048103774525,0.025816196341455183,0.32597254677156917,0.6679225768199012,0.006859436794739118,0.02399058848553032,0.11938676658251783,0.12446773212675508,0.006399611243143167,0.25178154686739174,0.008930995467213114,0.00011196479656777778,0.31346751737523015,0.2476188325689231,0.00010577681683574429,0.857045182502685,0.40061759270304287,0.02816741873877819,0.34470194850491365,0.00688216312049055,0.00810510025114131,0.007534891936301878,0.00013657680440173014,0.29014511069693927,0.0052654559902130405,0.11447498873147645,0.2805275736819767,0.13672197249234913,0.2616493643526234,0.25251344948403964,0.004349619958007468,0.9333700836893095,0.8793970428482921,0.41113982481104466,0.2951282896317972,1.4740649563561626e-05,0.0015741346914678817,0.03307425466817687,0.034825863620426514,0.006799704656168944,0.32314670806280343,0.24968553488933387,0.026374334161478198,0.0025951943538115416,0.03538710156445615,0.0055245398409276315,0.16854935013877914,0.05150118932926948,0.0018214412916093827,0.006311862551281798,0.0010565131638332963,0.001071105420262566,0.48693723138972156
rh_IFG_R_6_1_thickness,0.4444004583301735,0.8592824568182287,0.9255136661389078,0.38546716016002147,0.7465224088845517,0.48327436068229374,0.6877659622551182,0.9618178545801063,0.16522051614245098,0.26530234939388053,0.7292426065485533,0.846585680966061,0.42078325221001994,1.0,0.9356828446525187,0.48886856361333975,0.4360123294986332,0.9839191139060466,0.13482929184033343,0.32589035182381915,0.4004013187662683,0.1660086917223143,0.05844760679291508,0.041287669469071246,0.24024044166485986,0.03866968656495616,0.6802737998889048,0.518416032017138,0.010838648688960494,0.15173919095662347,0.7545621360549881,0.9411900609626318,0.38876922896403704,0.013984095448122404,0.04947457820546508,0.1548443685832915,0.688528139376722,0.19699647561450187,0.2036373067456187,0.21290344482686172,0.9169248689459988,0.19699647561450187,0.7300449817620697,0.3711975256267972,0.9802017680789821,0.8967286477571176,0.18252875854377051,0.35056160791147817,0.7566918875379709,0.7686335528625652,0.1672916571979756,0.9401706100856085,0.21547363963097493,0.010732397431999203,0.977181409779398,0.9359633209421924,0.00966285961437195,0.7465039606015709,0.39346867874973224,0.3854055880503937,0.975713459468281,0.17397129041996295,0.20167062914284362,0.19140997520143851,0.012424262067277753,0.967293235049273,0.14678016252301573,0.7448973691510821,0.9613163835830989,0.7921206410554787,0.9456007692758919,0.9357375747745825,0.13791578017230624,0.6246847736699759,0.7196589022139019,0.030282587215290674,0.9699234630120654,0.0025590527192322827,0.07529167277304158,0.4329531131554024,0.4424481702087535,0.1764977844928213,0.9796437886840516,0.9380926669801144,0.3769537195098858,0.10457989404260454,0.44837646876024023,0.1423091172178084,0.7537991389919325,0.46396024213633946,0.08128577023260516,0.15361652627274652,0.056638408336118454,0.060289096174262514,0.7240066729114736
rh_IFG_R_6_2_thickness,0.2743696753361691,0.6581206210294013,0.7513223935787876,0.21898148007369855,0.5287555232900633,0.7014543062239709,0.8703135272593848,0.8140286996847055,0.3068404406962787,0.44791421546329857,0.5114141894305151,0.6422438197676863,0.6350003590534415,0.9356828446525187,1.0,0.29684876667498317,0.6515420211880087,0.8621899621225981,0.062359447177502914,0.21261123688713457,0.4780287559733038,0.0781540046135653,0.12797202708058503,0.015695658280256902,0.12171743830858447,0.09121378147316782,0.46424617562414,0.5044696885612132,0.02814791631464792,0.0707019481835213,0.5373595203769348,0.776103349238315,0.22082055517484178,0.00454638565279066,0.1105625370818695,0.07295630132983057,0.4725582308651822,0.09547992244309668,0.0993830771935868,0.10493670515161604,0.9860106469642272,0.09547992244309668,0.5117345950161047,0.20885762494275478,0.8605668859615763,0.9772371831557751,0.08720467778795532,0.19535824966516174,0.5409816455666929,0.5529534949864744,0.0793141381145528,0.774467653794938,0.10639649412113873,0.0034841719425146305,0.8492231036990404,0.7678748575959938,0.0031623205616810894,0.9229767020910336,0.4741803455482969,0.2193998947675628,0.870257201871453,0.08615563546756788,0.09826744070743973,0.09241573466240416,0.004096308448031348,0.8240835342091621,0.06814137747745092,0.5270413360559731,0.8120098018342382,0.5807992963290616,0.7849024939556503,0.7699256138462178,0.0641434110492464,0.8232671636151203,0.9047647748059762,0.07433892449608456,0.829926635874766,0.0007047155931954129,0.030691452122972383,0.2528377801470376,0.2599459113985435,0.08420310526168032,0.8581235547152612,0.7711809976415003,0.21272897941380925,0.04530046404087634,0.264673277501852,0.06683795559454819,0.5878075074552254,0.3018921187098631,0.03361174302758858,0.07731852211090291,0.022172932316666994,0.023748693323673426,0.6959825720370112
rh_IFG_R_6_3_thickness,0.9648036575652732,0.8108388311801392,0.7214517867469274,0.9830298305866597,0.9080401281399193,0.05732471492220127,0.12378285787690627,0.654268844015157,0.009167057976399997,0.01978059580651631,0.9218339493985357,0.8245239796285226,0.04455211615686287,0.48886856361333975,0.29684876667498317,1.0,0.047618028341518494,0.596035539803333,0.7102801861812984,0.5109163098374302,0.19151653335408486,0.7831136126249005,0.001991298411189795,0.40757542616041026,0.8705875821658658,0.0008512999521822965,0.9371531584372688,0.39700302437325957,0.000224735295075571,0.7543604759696261,0.9014177777216776,0.6965072307899829,0.9837664922387093,0.22522772294583226,0.0015977655310382894,0.7556871525268725,0.9451715246202688,0.8279887496725125,0.835249273109197,0.8442645006537268,0.30073576178341505,0.8279887496725125,0.9204775036261746,0.9777322637995409,0.5964242814998948,0.2875878487134277,0.8095301302701463,0.967088583865654,0.8945752757929832,0.8888790824361683,0.7832773329675204,0.6982234922716436,0.8508901844723049,0.18332871640177112,0.6117808004738613,0.7050617194010077,0.1649389778882554,0.1470167743033625,0.1836914036402444,0.9826111977037608,0.5769354101974649,0.7038469085764192,0.8369057643382467,0.823613539430589,0.20110123884568823,0.6429614265333886,0.7432391227637976,0.9093333484545957,0.6568910863730608,0.8648727501963872,0.6862871119942743,0.701574530585017,0.6724010268305395,0.1091339876715165,0.13600689387098663,0.0005971553730381367,0.6360007602862594,0.07446640120235948,0.5591004631039087,0.9888189006155743,0.9931749904006504,0.8003982432796544,0.59981758245675,0.7016482225494943,0.9799945265841472,0.6317624206398518,0.9878770879237477,0.7214815339909686,0.7878290558045303,0.8431540241593265,0.5803767996960354,0.5907746959592065,0.4875576689035489,0.4961084439251845,0.5405424095922342
rh_IFG_R_6_4_thickness,0.050300236683443904,0.18625811928580688,0.2434766826696293,0.02977427819528289,0.1217778766091999,0.9961996868603681,0.8859356812390538,0.29336233660634004,0.8272161158040509,0.9426172301710201,0.1165437949267925,0.17756979421543215,0.9996221563015566,0.4360123294986332,0.6515420211880087,0.047618028341518494,1.0,0.3409354733121904,0.005338247362863452,0.036224301597135765,0.4021715835796993,0.006601012585847227,0.5350335733783047,0.0008109464278486408,0.011674449678253249,0.4401990060251679,0.09598366107094117,0.2575801341762594,0.1892260432351699,0.0059617965474616005,0.12513860562209256,0.2643774766135709,0.02965078307170202,0.00015367346251082703,0.4901539666248318,0.006448981110132216,0.10367088679619244,0.008353317059496532,0.008796465018100568,0.009456550472004565,0.6610552168750701,0.008353317059496532,0.1155142829336245,0.027746286964482815,0.3395339942820808,0.683903489941958,0.007471735617006587,0.02578215644240136,0.1262997811617272,0.13158796432830727,0.006961837049212744,0.2632817091109413,0.009712923574259841,0.00012507090786346338,0.3267299183273462,0.2589721810510573,0.00011804427771167181,0.8698168797673909,0.4081969196225671,0.03023661522478969,0.35861365368454384,0.007497916468185311,0.008817054493862865,0.008198099117728242,0.00015239824418642104,0.30277455965751554,0.005734564577814806,0.12112432929360661,0.292866279438582,0.14437900706279966,0.27336361786417496,0.2638983966863408,0.004761368305727341,0.9416915069164309,0.8913950578079274,0.39655881354807354,0.30790142366788825,1.6672584766671967e-05,0.0017360724200623792,0.03551302162010412,0.03736272778014228,0.00739821414954556,0.33664298015568883,0.2611122418969609,0.028345749338026048,0.0028545195552315775,0.037976895875068736,0.006003303182363643,0.17692650693354214,0.054889006413260985,0.002005265665687285,0.006872415956543492,0.0011672760108531212,0.001186095534977596,0.49515026200844486
rh_IFG_R_6_5_thickness,0.5406619749167276,0.9335505103549315,0.9766033838186915,0.4856967190806537,0.8426468776526004,0.3831534214424094,0.5834297248477509,0.9942800419871817,0.11627008684787878,0.19550597466850617,0.8276903570587826,0.9241239214400782,0.3274536705561201,0.9839191139060466,0.8621899621225981,0.596035539803333,0.3409354733121904,1.0,0.18842461737995037,0.3827047737681756,0.3511424355342446,0.22944891624495634,0.03804796309753769,0.0634944705152169,0.3198598156091682,0.02400927751693497,0.7819009828337591,0.5051264980346178,0.006530520344537414,0.21097843287619128,0.849370820893721,0.9859027741408141,0.48965405460569755,0.023211136356755313,0.03191460475305734,0.21429404709059685,0.790505007212366,0.26813877018450183,0.2762092143110441,0.28735188558180214,0.843769739276769,0.26813877018450183,0.8284840480077686,0.4699574946943964,0.9952124383815111,0.8205122273648435,0.2502967524622213,0.4463040123226305,0.8500173722413141,0.8608128754531814,0.2305914961833856,0.9853604959328058,0.2905831498399879,0.01784822121338898,0.997062153374511,0.9830363196358075,0.016009578631931157,0.6401704838391857,0.3433663978458711,0.48530748070784824,0.9836405113562077,0.23475773575112333,0.27384197273272765,0.26116859316385177,0.02050470785521717,0.9967657375994621,0.20450994050057886,0.8412723907244444,0.9949253212458326,0.8788299466765623,0.9875908587207395,0.9818794995032658,0.19182445545166985,0.5209718443741498,0.6123252456918904,0.018453321383801607,0.9972928206611018,0.0046131089777345195,0.11165055257315765,0.5374601528982206,0.5477230741667773,0.24240243702435027,0.9957378813054063,0.9842293093362288,0.4764538755221165,0.15049835136380757,0.5536014382623482,0.1974814764875082,0.8162086223214744,0.5484884717820314,0.119721588446286,0.2056946940211963,0.08572852879110347,0.09092434911784458,0.7271483523260216
rh_IFG_R_6_6_thickness,0.7653136495954984,0.3419377420234453,0.27382086589255233,0.8122580443173368,0.4576951431826456,0.006615033337913952,0.01576610519261849,0.22692134984886025,0.0006977734525268689,0.0017816649645928722,0.47211031271411263,0.35497762777171504,0.0049051595350105455,0.13482929184033343,0.062359447177502914,0.7102801861812984,0.005338247362863452,0.18842461737995037,1.0,0.37817656282488277,0.3203031592615745,0.9842899441332392,0.00011678251883032284,0.874755679247375,0.913658456976987,2.4369989184193917e-05,0.5241579765541655,0.46298116995212796,9.772382355326188e-06,0.9944573827705274,0.45045177389008606,0.2496055996348761,0.8067030175772741,0.6648827273498362,9.145843939453671e-05,0.9964771219133243,0.5107788015745381,0.9545749732871449,0.9475241504289043,0.9374841622513195,0.0717447247042239,0.9545749732871449,0.4726474952495965,0.8261612052784801,0.1971860981312755,0.06945893245973624,0.9692901338762443,0.849180586332511,0.45045027197445786,0.43782616489037574,0.988896602098799,0.250620672074098,0.9410107480485517,0.5929385719654621,0.20346268360419206,0.25475409104978486,0.5514957874724131,0.022605180038437027,0.312793285135194,0.8138175926792589,0.19564418001429382,0.8485372282119219,0.9574066482046176,0.9677924616871089,0.6243759139515989,0.21761096514390355,0.9967083358891933,0.4591628559467481,0.224612235255872,0.41675537402902396,0.24100656833317302,0.250537822843235,0.8879874353732442,0.018038588999813032,0.021084999378890835,1.75114980982953e-05,0.2142774667195085,0.3460909172765403,0.9477349737702955,0.7590295851326854,0.7517445254993198,0.981583350759284,0.1985365793515324,0.25267274041363424,0.8197649187538225,0.9341990248549776,0.743004557771511,0.9994364489475536,0.454125929152571,0.6867982886305963,0.9618688467740015,0.719559418125241,0.922792850218491,0.8988865812977758,0.2182822451422743
rh_OrG_R_6_1_thickness,0.4226623219223393,0.4781008344146536,0.4286719647843325,0.49434465511498404,0.5077921838440858,0.04623804247597715,0.13982387613603703,0.398543227014259,0.006632616595370519,0.014807276777493878,0.512729001709165,0.48321954567532793,0.03390309908866958,0.32589035182381915,0.21261123688713457,0.5109163098374302,0.036224301597135765,0.3827047737681756,0.37817656282488277,1.0,0.5557340668277491,0.45323978319357144,0.001081986846460346,0.42540627069777504,0.5497711870663148,0.0019492260336284731,0.5203660287184317,0.5604021770482264,2.255054954944913e-05,0.42201607660070406,0.5050032573909873,0.43376029584883535,0.5062797163075751,0.5007267473339242,0.0007649352629278051,0.39918314113325015,0.5152740493739454,0.5083701459277072,0.5183950572149465,0.5314985373803935,0.16476683505319337,0.5083701459277072,0.5121894374393577,0.49083335589022553,0.3555001236223604,0.14574521467277024,0.48448989865422876,0.4695306397697822,0.5003423647092688,0.49901872003563374,0.4287156894249315,0.43511518472757266,0.5183360019766121,0.4750740930489815,0.37059097525549084,0.44043374106086314,0.4646792057006487,0.11798639919571013,0.5564070878016237,0.4866690634841697,0.3216697706882834,0.7050269592722491,0.49269965998174403,0.4756085277038911,0.46945844179091756,0.3995570655838605,0.4126893371068051,0.508303181471403,0.4117524613815237,0.4854542327352474,0.43588990613136186,0.4475253890038834,0.6570195253540263,0.05433692512524052,0.1005126866327299,0.0012200089452243995,0.39328823223780607,0.5133172330874832,0.49516575693195874,0.5356425094975203,0.5283795536506348,0.4478598074259221,0.35888107758763854,0.43779490178066355,0.496151912223516,0.5742035669626198,0.5426232386901344,0.36574232880360635,0.4239889078069295,0.6357561089852422,0.4736471356960015,0.8356365987728047,0.46670896926147803,0.5493493272040746,0.49815100997435524
rh_OrG_R_6_2_thickness,0.1258336976504823,0.2552474860889979,0.3163659322489086,0.20997436470945918,0.23742949422258366,0.42968370718922555,0.49997356038384927,0.34213075908489676,0.21218405584668198,0.2965645784339974,0.21091744664893872,0.24919296237691174,0.39444283873781777,0.4004013187662683,0.4780287559733038,0.19151653335408486,0.4021715835796993,0.3511424355342446,0.3203031592615745,0.5557340668277491,1.0,0.32813473289194167,0.08667369861429416,0.46368826422257836,0.33939449962835283,0.11789993646219266,0.2611696070005992,0.8965499510281383,0.00879511430312797,0.32437616057907137,0.24479904543173103,0.3005128347215052,0.220701069159836,0.4997349887762355,0.07185213035193656,0.3088037402396271,0.186044162668076,0.3373702040702887,0.3395346216299565,0.3426625074624366,0.5004175049184628,0.3373702040702887,0.22317032666434358,0.21325583123488878,0.3842361462832475,0.5043202801902003,0.3328795552971834,0.2051102273530081,0.26606130800659467,0.2584442985070532,0.3123245557479579,0.29878276250991126,0.33054559012220663,0.499370998629974,0.36910963493160265,0.29187979623046084,0.499268063973116,0.4996210521505328,0.9997343154567544,0.20263790925918182,0.41877500440155996,0.49162282618031566,0.32231525591641746,0.3191473289306349,0.5002636346633446,0.3381420425023759,0.3245586207997393,0.2359744026190782,0.3242240615030028,0.2837974447936869,0.29469173958152783,0.27922586861641474,0.47903825859348265,0.44711508923895243,0.49438450371377224,0.0923929644611165,0.34507903236488413,0.43523072520390466,0.4478322707263654,0.2416078109784459,0.22873524113364174,0.31482381503837353,0.3809027341265192,0.2953276090855799,0.21564246182370078,0.457369356174708,0.24904693650115545,0.305882769356551,0.44760365357261694,0.4640258117956857,0.43113165974871015,0.5375315354290128,0.457965737249913,0.4843025904786945,0.15285948264985535
rh_OrG_R_6_3_thickness,0.8160787705014199,0.40422045305146415,0.3237652387544805,0.8760529982188583,0.5273885303593829,0.00837756302669237,0.02420901906908482,0.27078254854078637,0.0008313640716178295,0.002163182342961782,0.5449094627908408,0.41866762153286363,0.0060594157908981,0.1660086917223143,0.0781540046135653,0.7831136126249005,0.006601012585847227,0.22944891624495634,0.9842899441332392,0.45323978319357144,0.32813473289194167,1.0,0.00013003946341478366,0.8128929561150186,0.9680001608669169,5.234038519328234e-05,0.5947054421190707,0.4850137444180426,9.880350973259675e-06,0.9973357718225282,0.5190126682135147,0.30115564863982563,0.8729711719943869,0.589503872390449,0.00010003703329621911,0.9943144493910376,0.5862256739955372,0.9916280909318049,0.988234972758306,0.9828546271233527,0.08242569069680125,0.9916280909318049,0.5443808741617635,0.8880265920409949,0.23299686708900516,0.07835112547509493,0.9973357718225282,0.9044560574436914,0.5165482456516273,0.504181568590372,0.9989376853029087,0.3024903331242186,0.9846615570076295,0.5181746652212004,0.242001569880065,0.30789839358772053,0.4805407129311693,0.029185647776010983,0.32020756819210344,0.8760778235721243,0.22570078522959364,0.9029171957357834,0.992578968525401,0.9964975094730895,0.548702628732115,0.2617918418120872,0.9952691841421308,0.5290741331218951,0.27135096981558027,0.47874700458724756,0.29319701515787666,0.3055802642263952,0.925694800952059,0.02023245419568837,0.02630665411543816,3.300024655238029e-05,0.2571881104910139,0.287040542201511,0.927179519333188,0.8324218386112074,0.8247731983159314,0.9993908826464417,0.2349470056476316,0.30518055375490705,0.8831858734860092,0.9457002149526206,0.8177453583797487,0.9830207866191222,0.4963959514092889,0.7579959521169385,0.9413092878602656,0.7739506592404697,0.8821175300643727,0.8755954179182296,0.29123222006044686
rh_OrG_R_6_4_thickness,0.0028042129446693483,0.014380788203439665,0.020815099651627762,0.0010313034404001375,0.007129329640379236,0.4866155726256396,0.32671706075682616,0.028502567196170336,0.8795909457201725,0.7391970176834822,0.007116301206378996,0.013375183616030198,0.5513749123499787,0.05844760679291508,0.12797202708058503,0.001991298411189795,0.5350335733783047,0.03804796309753769,0.00011678251883032284,0.001081986846460346,0.08667369861429416,0.00013003946341478366,1.0,9.657930637571137e-06,0.00022068870294304408,0.9272277438287417,0.004601972290593491,0.030444928416416335,0.7407758583183963,0.00012277987045792367,0.007330924236246919,0.02527521258760208,0.000981347547952222,1.0716425033521272e-06,0.9968240240726477,0.000144292056987563,0.0063421955492943645,0.0001542116775133424,0.00016116916844057262,0.00017209387268514982,0.12796737787897677,0.0001542116775133424,0.0067751042607286744,0.0009374021034124068,0.03557306774953911,0.1393490165923656,0.0001413414872314487,0.0008964397023015365,0.007117628822453396,0.0077402199990885875,0.00014941096298010578,0.025167343179462585,0.00018529061220549171,9.89283192000226e-07,0.03370886804224338,0.02475176954054605,9.736424487030082e-07,0.264190827842204,0.09045838238774799,0.0010840334595129172,0.03823671045076772,0.0001033950863860894,0.00017408502556321312,0.00016512682770894932,1.2565306985645544e-06,0.030599575067308378,0.00011914906643919622,0.0070910594507651754,0.029450433768410153,0.008638993130960127,0.027410697602436047,0.026523568141524116,5.554303742326164e-05,0.35465681399850735,0.28142943679268934,0.9319140601607556,0.03122500818794194,8.067638950275367e-08,1.950222402328235e-05,0.0011399148902265356,0.0012686746738616902,0.00015459785071957914,0.03513933071078503,0.024956415682647566,0.0009508022727237265,3.0418438457239018e-05,0.001218375135687534,0.0001401111323372636,0.012032718619940807,0.0019044303050638706,2.51119625067584e-05,9.358791420015529e-05,1.303147644559566e-05,1.013244550644783e-05,0.16842585813865552
rh_OrG_R_6_5_thickness,0.4691644876651063,0.14010000957224206,0.10412547894588725,0.5132051801997085,0.21130709267949022,0.0010491095437594501,0.0032349981161566652,0.08105939716169215,7.540794967892837e-05,0.00022385057922654313,0.2197636829067264,0.14745825708694632,0.0007339144837508561,0.041287669469071246,0.015695658280256902,0.40757542616041026,0.0008109464278486408,0.0634944705152169,0.874755679247375,0.42540627069777504,0.46368826422257836,0.8128929561150186,9.657930637571137e-06,1.0,0.6968593569184334,2.127262790635539e-06,0.2618602194807489,0.508089267143155,5.818161556115073e-07,0.8403074730106395,0.2069138985887536,0.09180156542643927,0.5092807229041588,0.9259793231438482,7.3011523806949305e-06,0.8384788188894757,0.24595423680516676,0.7595973441823614,0.7492299523712418,0.7353306307642764,0.018753464569749034,0.7595973441823614,0.2206262054802459,0.5293561248596863,0.0676845346372142,0.018088444925660318,0.7834355709071458,0.5550552708972556,0.2087178129770076,0.199443971984804,0.8138604677692878,0.09230128647206073,0.7316441179298232,0.878450532153322,0.07035115479018869,0.094353045450811,0.8430612178678067,0.0045681172627065015,0.45919166096495023,0.5137914775223462,0.06778298849934614,0.780470751251696,0.7532393236384185,0.7702404482166351,0.9007827321168127,0.07662827207741832,0.8498562558323491,0.21220688440219312,0.0798639516646136,0.1875068344064581,0.08775817506407867,0.09254505915186276,0.8325799377450156,0.003443527609452929,0.004170869441484698,1.3515683372014208e-06,0.07511723810650367,0.6415304772264714,0.9553019940486771,0.46495313867506505,0.4541072808229122,0.7965907770983747,0.06825189599135867,0.09331652094129705,0.522607347427885,0.8952877797183819,0.4511378009460012,0.8641979617285265,0.24038461642823342,0.5019079973287486,0.9503666684428976,0.7383815420813375,0.9852427678704871,0.9598676906009831,0.10110323549206479
rh_OrG_R_6_6_thickness,0.8515501358852127,0.51982649673757,0.4274286442603913,0.9364290565269068,0.6467987046276005,0.01510072362965996,0.04875743107278826,0.36612742308680957,0.0015238085480235048,0.003926803448674919,0.663386768055417,0.5352730105008672,0.01074773684285296,0.24024044166485986,0.12171743830858447,0.8705875821658658,0.011674449678253249,0.3198598156091682,0.913658456976987,0.5497711870663148,0.33939449962835283,0.9680001608669169,0.00022068870294304408,0.6968593569184334,1.0,0.0001989858000935011,0.7138683061307289,0.5286216816429125,1.252834108660282e-05,0.948404987180437,0.6383207935593607,0.4057770280900209,0.9391108308885222,0.4741823364981257,0.00016311442145906135,0.9400279392487284,0.7006018951650694,0.9918154273790021,0.9945497317377545,0.9972992277780868,0.11599076887005366,0.9918154273790021,0.6634605711176459,0.9436198326730301,0.31663844257853263,0.10779650469055149,0.9832560689658392,0.9459639651530108,0.6351770850496491,0.6228782144269331,0.9600915310995662,0.407459270011718,0.9967128877538804,0.4160641496460894,0.329675623633678,0.41422095554055727,0.3884441383134654,0.050018030362634566,0.3304542990708677,0.9331080822201994,0.3005925628807495,0.9261141841111169,0.990532719877756,0.9842635209024131,0.4428152501892927,0.35721715092365225,0.9409298049676377,0.6484836910082131,0.3700186364802422,0.5950949051304415,0.3981594650553457,0.41346620609521373,0.918748554251112,0.02926480182818072,0.043686444797277874,0.00011890943602561058,0.3509389820699955,0.2179531647705507,0.8439561093173078,0.9199141603046666,0.9114432817847662,0.9711557113061953,0.3194905852998229,0.4108337477847821,0.9423741259171452,0.9003523546717341,0.9109903786012902,0.9124822841647401,0.5910073769140342,0.866881366369959,0.859017494352328,0.7947155273251696,0.779623392300629,0.7875918322356543,0.40038328533778295
rh_PrG_R_6_1_thickness,0.0005871718220010269,0.008079917612913434,0.014284685060494278,0.00042041770512629527,0.0044274279499176205,0.3943967297117186,0.2245992352806921,0.019515292289256168,0.774218892247084,0.631618715276772,0.003637689554475988,0.007427424512695128,0.4550484500003704,0.03866968656495616,0.09121378147316782,0.0008512999521822965,0.4401990060251679,0.02400927751693497,2.4369989184193917e-05,0.0019492260336284731,0.11789993646219266,5.234038519328234e-05,0.9272277438287417,2.127262790635539e-06,0.0001989858000935011,1.0,0.0037161105073035324,0.045076682990741725,0.7600723077605068,3.7253005236457295e-05,0.004760126563418613,0.014730558408776153,0.00045957273311268584,3.381075219674807e-07,0.9292033458189988,3.5608169785518546e-05,0.002717039781969425,0.00010121864991129007,0.00011503878043686496,0.00013657984248384276,0.11052429529386026,0.00010121864991129007,0.003838135216476939,0.000376844809522397,0.02726156208813803,0.12488964692297636,7.539375865505497e-05,0.00029864161567999244,0.005374685871080685,0.00543042928917522,4.743693232568938e-05,0.014564050655198037,0.0001300327336296523,1.3056201932211222e-07,0.024528988593987264,0.01392080110049458,8.967675356064978e-08,0.19786261238451902,0.12256239350186741,0.000404662163657918,0.03384253580740443,0.00018686334987178644,9.758106600600799e-05,7.958359789957286e-05,1.7545677514440997e-07,0.019902642323695093,3.3303705848922e-05,0.004364061190230396,0.018167103281746023,0.006882066335388809,0.01504416065302686,0.013665798255226406,9.325272675884685e-05,0.3022505143205275,0.21859458734505327,0.995246983726872,0.020840953949784812,1.0805924261264867e-08,1.2258999089303681e-05,0.0007515099756459164,0.000746583772038461,5.8148706880591374e-05,0.026628247392817297,0.01423792100641498,0.0004021833307569319,3.668246344222563e-05,0.0008854895634190245,2.6683243274117724e-05,0.016704867673117015,0.0031257678801859755,1.2752994631881767e-05,0.00018611102154407664,5.6271002165648005e-06,1.0404735987848429e-05,0.06884181264964606
rh_PrG_R_6_2_thickness,0.8501212335175089,0.9403458452130723,0.8877338346366643,0.8702724966306531,0.9899184668076435,0.11504272134252355,0.24134098484206667,0.8342404656748306,0.020897046576546653,0.04294685606999438,0.9854197349879998,0.9477093516608609,0.09039798247255965,0.6802737998889048,0.46424617562414,0.9371531584372688,0.09598366107094117,0.7819009828337591,0.5241579765541655,0.5203660287184317,0.2611696070005992,0.5947054421190707,0.004601972290593491,0.2618602194807489,0.7138683061307289,0.0037161105073035324,1.0,0.4971981096939536,0.00043481807336268437,0.5647367948212206,0.9893829759121193,0.8632171989455035,0.8767186634532994,0.1269745600401055,0.003614704259412957,0.5674556421695477,0.9794719609932432,0.6499959331831102,0.6604312980134717,0.6742802939119794,0.4543555072601005,0.6499959331831102,0.9897536392422379,0.8582544343095817,0.784756051848343,0.43285034184490395,0.6256384549032895,0.8338971266489128,0.9911209297265373,0.9873861398269685,0.5949389639587298,0.8642496959516652,0.6797752546251845,0.10769247678411217,0.7983728333671912,0.8682482685781717,0.10016456748034006,0.26247122607510753,0.2516493472354704,0.867190554393394,0.7651721914002882,0.5486533441879403,0.6584748934328355,0.641077130862036,0.11895385151060833,0.8235124028570695,0.5538209676648687,0.9899761692991801,0.8336402069411285,0.9806095170597446,0.8526767290415329,0.8612492453338223,0.49719810969395406,0.1846581844347034,0.24173925111457328,0.0025161159033243547,0.818193846523779,0.039088792668129015,0.3758021304088,0.9149575599769086,0.9198505202116856,0.6135116658155757,0.7878349325568997,0.8662754556181285,0.8645232676556361,0.4437508970580271,0.9257555926819249,0.536630854166964,0.9229886672998471,0.8549065963450789,0.3958009488138169,0.44955883870592045,0.3177422553516261,0.31904106485847844,0.6072986588946468
rh_PrG_R_6_3_thickness,0.28208975232881955,0.45455230154100223,0.5023130177891408,0.40961561940953434,0.4555488762103519,0.2904964701220598,0.45127156072565106,0.5104858005973223,0.09845214736567504,0.15865467947811385,0.4206083870479702,0.45019827049971195,0.2490366918868852,0.518416032017138,0.5044696885612132,0.39700302437325957,0.2575801341762594,0.5051264980346178,0.46298116995212796,0.5604021770482264,0.8965499510281383,0.4850137444180426,0.030444928416416335,0.508089267143155,0.5286216816429125,0.045076682990741725,0.4971981096939536,1.0,0.0019129789576797559,0.4747837352599102,0.4642231034206314,0.4796371710576446,0.42603073641873834,0.44482744294487614,0.024050469854702824,0.46006218492409634,0.3879447415825331,0.5080837740106026,0.5131671114869968,0.5203375038378331,0.48694674316769604,0.5080837740106026,0.4381435166182991,0.4114300204689179,0.5312569865642357,0.4722315825785966,0.497175388764811,0.3946624961617808,0.4919213090743657,0.4797279381393662,0.4692678868677986,0.47821582953556063,0.5091163071376494,0.4430265276966757,0.5233044447707047,0.4724417165045327,0.4424601770234538,0.43031090081214307,0.8867285861478016,0.3986382522045969,0.5500904566846008,0.6025074975317954,0.49466309166621364,0.48693928150550253,0.45316804502774344,0.5041642347520009,0.47271318547251706,0.45381068397470103,0.49439314384271765,0.5066957083378163,0.4713846245137068,0.45812730343321373,0.5743203170463497,0.31574264739204233,0.40709560466120853,0.03300024257192572,0.5087697667088644,0.31376644305539064,0.5248432089726229,0.464053989759618,0.44719458835503484,0.47592940107312665,0.5295882088946071,0.47534627204161184,0.4161804091947707,0.5461448369555695,0.47687602535857443,0.45140497675464714,0.6841293857728873,0.7288569685340072,0.5213538304808887,0.5517519154815552,0.5164578428924831,0.5195904989636445,0.29189824974085954
rh_PrG_R_6_4_thickness,0.00038995802247485665,0.002114998694765862,0.002936378739650903,0.0001058765748261399,0.0008648258332264563,0.1665131895093697,0.11649259555920767,0.00431558792771955,0.4574579965180028,0.32217224589063587,0.0009484873342868062,0.0019487766370496666,0.19819964999398526,0.010838648688960494,0.02814791631464792,0.000224735295075571,0.1892260432351699,0.006530520344537414,9.772382355326188e-06,2.255054954944913e-05,0.00879511430312797,9.880350973259675e-06,0.7407758583183963,5.818161556115073e-07,1.252834108660282e-05,0.7600723077605068,0.00043481807336268437,0.0019129789576797559,1.0,9.81426106713829e-06,0.0008714150530137469,0.004130618681804389,9.583968130971757e-05,4.803006752663199e-08,0.7831355231865043,1.2181015850962664e-05,0.0008835357859274377,1.0137021234122887e-05,1.021848111349975e-05,1.0351756151792559e-05,0.02285210951041929,1.0137021234122887e-05,0.0008537457151638385,9.5145949259209e-05,0.005177978736585376,0.024422274949484287,9.994553391748573e-06,9.454778419201787e-05,0.0007619488741896013,0.0008853719992663839,1.217319583080248e-05,0.004125533154639257,1.2065999452716247e-05,4.7774327919501734e-08,0.005061569483889758,0.0041062323808147595,4.7734840643291975e-08,0.07296383328252164,0.00938610963050913,0.00011482421516984702,0.004920870535623471,1.7497393107091174e-06,1.242809978849641e-05,1.232963259874792e-05,6.209589410060279e-08,0.004882441574902738,9.614553822828592e-06,0.0008635974407475433,0.0048214226502308055,0.0009184568378020741,0.004720829987559653,0.0046804669797709765,1.138895255950087e-06,0.09272484004052015,0.07600407176983141,0.8016930578411758,0.004916873710189798,2.99505379655298e-09,1.015909267045825e-06,9.867489778224637e-05,0.00011802390030260404,1.2222095717121758e-05,0.0051503235848519725,0.00411567853751919,9.535227764951172e-05,1.061582207224417e-06,0.00010077164760091593,1.2148233145237731e-05,0.0006557979039209527,5.447591476302855e-05,1.4516933768792453e-06,1.0904076484432487e-06,7.281311124422617e-07,3.7163681401319724e-07,0.06291452687441823
rh_PrG_R_6_5_thickness,0.7981069661068196,0.37720627054661715,0.3016045520444917,0.851964252705723,0.4977036324268481,0.007492062614531577,0.020141362024253862,0.251124536735457,0.0007608158065548929,0.001965387269224869,0.5142378993235762,0.3911260942428891,0.005474001303495757,0.15173919095662347,0.0707019481835213,0.7543604759696261,0.0059617965474616005,0.21097843287619128,0.9944573827705274,0.42201607660070406,0.32437616057907137,0.9973357718225282,0.00012277987045792367,0.8403074730106395,0.948404987180437,3.7253005236457295e-05,0.5647367948212206,0.4747837352599102,9.81426106713829e-06,1.0,0.4897145136354415,0.2783464804947389,0.8476641500160547,0.6208061582759595,9.530676172995846e-05,0.9990372189400722,0.5549284292014074,0.9798068065915688,0.9748011135762301,0.9673440809229654,0.07731157891953716,0.9798068065915688,0.5140319428979743,0.8648727418251102,0.21673255019118554,0.07406664179839165,0.9894279624587272,0.8844132265538474,0.4881220278726148,0.4756626259304475,0.9986412695278597,0.2795523462160872,0.9699192815711686,0.5481433125190505,0.22457754601095253,0.28444857879437274,0.5084862219904226,0.025989534209517752,0.3166445668333782,0.8527327651051009,0.2119134283669149,0.8833220220493034,0.9815797924709142,0.9883042458304083,0.5792732747569895,0.24200156988006477,0.9996990424755081,0.4993161083022135,0.25050313359831533,0.4518410927197978,0.2701305383622926,0.2813748155184929,0.9136017404103219,0.019134019939013414,0.023753194231990443,2.4575941887021103e-05,0.23792665299980026,0.3095911488510322,0.9392725798749251,0.8033527932258515,0.7959124110795424,0.995842263554024,0.21842693882617537,0.28198593173889774,0.8592798536615467,0.9448110848235529,0.7878553161843034,0.993466497639838,0.47739854959648476,0.7278301823309301,0.9534023484020027,0.7543554855539898,0.9019374546117118,0.8887636110098411,0.2605283633266446
rh_PrG_R_6_6_thickness,0.8247761796409642,0.9783793903508934,0.9377058993304257,0.8166393845898252,0.9997939196717389,0.1475229054306335,0.2846721244181338,0.8940474295129032,0.029908645071221075,0.05887021277624925,0.9961124982692828,0.9830489626133196,0.11830500339033587,0.7545621360549881,0.5373595203769348,0.9014177777216776,0.12513860562209256,0.849370820893721,0.45045177389008606,0.5050032573909873,0.24479904543173103,0.5190126682135147,0.007330924236246919,0.2069138985887536,0.6383207935593607,0.004760126563418613,0.9893829759121193,0.4642231034206314,0.0008714150530137469,0.4897145136354415,1.0,0.9202787964491552,0.8216659654660765,0.09500734423871507,0.005901260836163491,0.493051681816143,0.9855978112072452,0.573770829027785,0.5842165290768371,0.5981388344348519,0.5289553336761759,0.573770829027785,0.9981483318821021,0.8024854624013955,0.8491458529799095,0.5067690337166315,0.5495303460310258,0.777470408729076,0.9986412695278597,0.999332607907679,0.5198055857607621,0.9211905174210877,0.6038002467962571,0.07753020759932017,0.8620950403625319,0.9246978594868032,0.07078718600926653,0.31762483878638925,0.2360138016165511,0.8148717684581352,0.8281824283245665,0.4848524592812568,0.5825485006827337,0.5652443422584343,0.08651001001260605,0.8856292047323238,0.4790574130860036,0.9997032712377975,0.8949343575383273,0.9948733929178748,0.9120222649465408,0.9194651019554714,0.43292081753512096,0.23521250793426984,0.2958870083527245,0.003353112869883033,0.8806974919799813,0.026082964059093647,0.31202642625055,0.862215298849256,0.8703117747800759,0.5380205916462888,0.8520843991084343,0.9229722661878423,0.8089743122560903,0.37817286360702,0.8740509183569252,0.46328059019199663,0.9112616190512521,0.7935296684338993,0.32943047817421334,0.4058075964633757,0.25834889129750865,0.26382670778233996,0.6472696823950441
rh_PCL_R_2_1_thickness,0.633233958734768,0.979540341425947,0.9963107576204109,0.5851351800691473,0.9155152335345778,0.30059858504481546,0.48585643817305735,0.995272355710495,0.08222546765329988,0.1438818500160468,0.9047271505591262,0.973968358274881,0.25284055901910096,0.9411900609626318,0.776103349238315,0.6965072307899829,0.2643774766135709,0.9859027741408141,0.2496055996348761,0.43376029584883535,0.3005128347215052,0.30115564863982563,0.02527521258760208,0.09180156542643927,0.4057770280900209,0.014730558408776153,0.8632171989455035,0.4796371710576446,0.004130618681804389,0.2783464804947389,0.9202787964491552,1.0,0.5895038723904487,0.036105687269673545,0.021078421772295727,0.28144542186882077,0.8741596670278746,0.34715058014384403,0.35647004009523564,0.36919158664024454,0.7589948517800841,0.34715058014384403,0.9050004617932421,0.5686921551135531,0.9792718879432708,0.7346338913419398,0.3262200610595863,0.5430672297527234,0.9186957757306369,0.9279779592031812,0.30181551060941514,0.9999917551556168,0.37296597311048785,0.027607976272040227,0.985795712239554,0.9997939196717389,0.024570015534751462,0.5392533014595775,0.2923922106693597,0.584447797991159,0.9611890092208428,0.3034462234961403,0.35365065399387996,0.33875904101056276,0.03151527453624771,0.9951224907128349,0.2703011329368652,0.914522161698606,0.9976134132338039,0.9387303016669166,0.9994321027898896,0.9984684415687397,0.2549419377926198,0.42966769442642894,0.5123796639139594,0.011187555867064767,0.993490522518377,0.007683218094612056,0.15676420629600535,0.6380220172850712,0.6486262195057761,0.316264442102378,0.980825134950476,0.9999258012947396,0.5756089778186388,0.2060318560525054,0.6537781029307911,0.25989679242557606,0.8526125239892057,0.6234122335323228,0.16687252309513065,0.26512431565462125,0.12252283886005891,0.1301030772174116,0.7284508950445241
rh_PCL_R_2_2_thickness,0.9580773442384862,0.7116877181025633,0.6165932441195765,0.999431003025095,0.8293805637299339,0.03634858858456926,0.08665995496876068,0.5475202054233967,0.005035354432134634,0.011492933507522323,0.8447881913700026,0.727078338650673,0.027590770760986975,0.38876922896403704,0.22082055517484178,0.9837664922387093,0.02965078307170202,0.48965405460569755,0.8067030175772741,0.5062797163075751,0.220701069159836,0.8729711719943869,0.000981347547952222,0.5092807229041588,0.9391108308885222,0.00045957273311268584,0.8767186634532994,0.42603073641873834,9.583968130971757e-05,0.8476641500160547,0.8216659654660765,0.5895038723904487,1.0,0.3011556486398258,0.000774334624363038,0.8473536206679453,0.8756424694439584,0.9092871888404412,0.9146317552318888,0.9209596754800506,0.2240615414920307,0.9092871888404412,0.8442330815003831,0.9988141411087299,0.4913023405033481,0.21333999876770257,0.8949343575383278,0.9940254411666751,0.8164968081916046,0.8073604509245214,0.8721611446174471,0.5912443703104109,0.9265876710887626,0.2516068410115711,0.5058124891299333,0.598209625707665,0.22906190074949312,0.10162213013075959,0.21246600149812245,0.9984684415687397,0.4745833883310554,0.7831582007814685,0.9164949746586496,0.9061091611761585,0.2733177513717339,0.5358483668263412,0.8376789083570193,0.8309015725290447,0.549530346031025,0.7808583834010793,0.5789922109029801,0.5946616146388359,0.7621519574453124,0.07254982806363296,0.09297680520325732,0.0003080544201049886,0.5290741331218944,0.11081779433120242,0.665627344083993,0.9935775926719692,0.9939224700689514,0.8869485411243307,0.4944931253595936,0.594726571473627,0.9994726039512067,0.7323945306618456,0.9888384878743366,0.8152943439671643,0.7334630853291731,0.8606854159036943,0.6873488703949739,0.6539070575203757,0.5935384119902656,0.598644849774155,0.4805976783282616
rh_STG_R_6_1_thickness,0.2830299164467446,0.05973232123003256,0.04118312931517033,0.3046789940564901,0.09766631973907305,0.00020870785798535044,0.0009039992993303645,0.03057767520986309,1.0674395228704888e-05,3.607255085017512e-05,0.10347251343364641,0.06356216916592748,0.00013730775273212173,0.013984095448122404,0.00454638565279066,0.22522772294583226,0.00015367346251082703,0.023211136356755313,0.6648827273498362,0.5007267473339242,0.4997349887762355,0.589503872390449,1.0716425033521272e-06,0.9259793231438482,0.4741823364981257,3.381075219674807e-07,0.1269745600401055,0.44482744294487614,4.803006752663199e-08,0.6208061582759595,0.09500734423871507,0.036105687269673545,0.3011556486398258,1.0,7.819688438259567e-07,0.6185778185307358,0.12004247926065795,0.5346736962335596,0.5247245971225347,0.5116967290576763,0.005292062379834295,0.5346736962335596,0.10340333320897352,0.3176248387863895,0.024397501838218857,0.005043276017111641,0.5583739707925917,0.33954003389826215,0.09562326934306525,0.0905557544132494,0.5894407069522614,0.036370523381218864,0.5056586740859116,0.9856654671122609,0.025681220994804573,0.037463718505364986,0.9653447002975539,0.0011228834723320002,0.5002351721437645,0.3055802642263952,0.024160683774162164,0.6318964382556503,0.5257062884376854,0.5426691207498492,0.9910931722835068,0.028790513969739584,0.6324087572769359,0.09821456916385561,0.030436415477385508,0.0836333919368665,0.03456104034457215,0.037130968346545515,0.6798302950361524,0.0007462808754368439,0.0009846423515195307,1.8587677034804838e-07,0.028031565709757664,0.8547426248911434,0.8089743122560906,0.2666905157727975,0.25832802103871866,0.5702930330922646,0.02466861670274969,0.03691028631507398,0.3120264262505502,0.7350314861610273,0.25644265298720587,0.6522720847000458,0.11795642236984497,0.32752757815754946,0.7910462789412043,0.6900327195585515,0.8696822379135474,0.8566708053489405,0.053377826171957785
rh_STG_R_6_2_thickness,0.0023191880259971543,0.011854442308238055,0.017094143717432956,0.0008194670369948621,0.005751659962177278,0.44352200672321634,0.2962240766257044,0.02359627564900085,0.8428906855842458,0.6941167517371835,0.005805315064273084,0.011014399880244408,0.5061029123401684,0.04947457820546508,0.1105625370818695,0.0015977655310382894,0.4901539666248318,0.03191460475305734,9.145843939453671e-05,0.0007649352629278051,0.07185213035193656,0.00010003703329621911,0.9968240240726477,7.3011523806949305e-06,0.00016311442145906135,0.9292033458189988,0.003614704259412957,0.024050469854702824,0.7831355231865043,9.530676172995846e-05,0.005901260836163491,0.021078421772295727,0.000774334624363038,7.819688438259567e-07,1.0,0.00011291933166366266,0.005206441443150571,0.00011603360311891996,0.0001206843065053033,0.0001280173570829143,0.10906736805570649,0.00011603360311891996,0.005489975335569816,0.0007440550783462815,0.029390571513537148,0.11887745577481382,0.0001074795544496277,0.0007160537506152466,0.00566816338453586,0.006206311385708663,0.00011615272230653115,0.020995308226318773,0.0001391898354929605,7.338433433370417e-07,0.027911961343634238,0.020675602154292358,7.248917586740858e-07,0.23431271621156646,0.07515799180766042,0.0008651617157563842,0.03132706158439796,6.979276012621449e-05,0.00013243536666660818,0.000126485567903489,9.339746718148054e-07,0.025466335484984934,9.266980592026069e-05,0.005723312682265962,0.024570015534751397,0.006881425142614221,0.022991158549004756,0.022310126200507513,3.7528006917292176e-05,0.3162152261497124,0.24956939102462367,0.9405535690517605,0.02595599263954241,5.822057797366041e-08,1.4304159183729665e-05,0.0008849747967644213,0.0009935763410930537,0.00011954451647398529,0.029045801217205784,0.02083293958650728,0.0007532649309925046,2.1260799430274308e-05,0.0009408697399110106,0.00011023600209176074,0.009237499244199492,0.0013756529754840976,1.8692647341541103e-05,6.223476619705588e-05,9.689137529110011e-06,7.100826310388743e-06,0.1543449467018647
rh_STG_R_6_3_thickness,0.8040114877662934,0.38035893839689505,0.30604635201436997,0.8524511931154126,0.5008589989266911,0.008015612261352882,0.01986444190837109,0.25543608961040354,0.0008568147913824422,0.0021727717903123685,0.5168344991013428,0.39422138390708006,0.005930822242980482,0.1548443685832915,0.07295630132983057,0.7556871525268725,0.006448981110132216,0.21429404709059685,0.9964771219133243,0.39918314113325015,0.3088037402396271,0.9943144493910376,0.000144292056987563,0.8384788188894757,0.9400279392487284,3.5608169785518546e-05,0.5674556421695477,0.46006218492409634,1.2181015850962664e-05,0.9990372189400722,0.493051681816143,0.28144542186882077,0.8473536206679453,0.6185778185307358,0.00011291933166366266,1.0,0.5571334677568809,0.9733582730630064,0.9677648785202,0.9595590167502772,0.08170605533621433,0.9733582730630064,0.5168598262496944,0.8652704547084731,0.22189528446071277,0.07874586412926463,0.9844262746609125,0.8858707166176987,0.49189048780426964,0.4793538335114945,0.9976226246595159,0.2826000303193583,0.963260773287027,0.5457849510318579,0.22930338574623965,0.28729183135649833,0.5055023787659378,0.027073947621261855,0.3011412680651923,0.8537723995780047,0.21845565337173634,0.8634302810587396,0.9765264425765001,0.9842896857812704,0.5770304318587836,0.24582345256769567,0.9993314446479777,0.5024364962190975,0.25391502832872814,0.456232708120351,0.27266828873215143,0.2834551137805952,0.8963897274921451,0.02091401691092321,0.025053409586729417,2.4744585523819275e-05,0.2419520980966411,0.3076571304440775,0.9323306855682877,0.8018957566091691,0.7952193433734707,0.9935773283732783,0.22349365312559935,0.28493126927134416,0.8594273530428691,0.9325696164975816,0.7862072356363524,0.9967128877538804,0.4836622246998351,0.716980937433816,0.9476737924465131,0.7313493756041283,0.8972875792725131,0.87968170639524,0.2509673605628155
rh_STG_R_6_4_thickness,0.8919229310474082,0.9504733337559548,0.8884466571177583,0.8733947848019843,0.9887715085736908,0.1215170430215211,0.22910551132801998,0.837584214398452,0.024660457031684076,0.048447692047356425,0.9963124536792376,0.9581015924562343,0.09791341399419268,0.688528139376722,0.4725582308651822,0.9451715246202688,0.10367088679619244,0.790505007212366,0.5107788015745381,0.5152740493739454,0.186044162668076,0.5862256739955372,0.0063421955492943645,0.24595423680516676,0.7006018951650694,0.002717039781969425,0.9794719609932432,0.3879447415825331,0.0008835357859274377,0.5549284292014074,0.9855978112072452,0.8741596670278746,0.8756424694439584,0.12004247926065795,0.005206441443150571,0.5571334677568809,1.0,0.6410143206462517,0.6509028629669267,0.6637879993462792,0.4707871571341682,0.6410143206462517,0.9939577852616595,0.860854530880711,0.785072767081678,0.4522511808160541,0.6173620414466232,0.8402542689714854,0.9772129954073787,0.97894071081656,0.586261937454017,0.8755626363554496,0.6698557575553402,0.09313640284980412,0.8003303154830844,0.881079573250678,0.08216004096016272,0.2683377445485286,0.17849041333211324,0.8731339802739402,0.7602909206075358,0.5484963071403892,0.6499743254518932,0.6330395844286769,0.10398450655550315,0.8297877006909569,0.5433376490485351,0.9893603065537118,0.8422691809346965,0.9642575935155151,0.8671498670153097,0.8792504453198176,0.5014247519361594,0.2071442580629428,0.25145139766522384,0.002016345950721363,0.823391414166299,0.032641601927015595,0.3718360400988432,0.9031771692742382,0.9125520763060415,0.6054113059736346,0.7884862639331913,0.8783403378180277,0.8659628063059532,0.4460211352541449,0.9101023631373029,0.5233538258114021,0.8468675172265796,0.7823674646087699,0.3889973749116651,0.47108405722270136,0.3099817241440067,0.32337292166848247,0.6516047065700282
rh_STG_R_6_5_thickness,0.8365510698296099,0.45637794550533894,0.36871778220734897,0.9095790270637643,0.5824749522204734,0.010762145140141129,0.03414574100888576,0.31154412197443615,0.0010461065547830491,0.0027381244248733754,0.6004830828586735,0.4714957004393236,0.007671754222435663,0.19699647561450187,0.09547992244309668,0.8279887496725125,0.008353317059496532,0.26813877018450183,0.9545749732871449,0.5083701459277072,0.3373702040702887,0.9916280909318049,0.0001542116775133424,0.7595973441823614,0.9918154273790021,0.00010121864991129007,0.6499959331831102,0.5080837740106026,1.0137021234122887e-05,0.9798068065915688,0.573770829027785,0.34715058014384403,0.9092871888404412,0.5346736962335596,0.00011603360311891996,0.9733582730630064,0.6410143206462517,1.0,0.9997032712377975,0.9983866058311313,0.09470035728938213,1.0,0.5998760717826231,0.9194651019554718,0.2677115185714214,0.08877673645941059,0.9983866058311313,0.9292064756200104,0.5704188654926037,0.5581542119070564,0.9864457263026614,0.34868995694756133,0.9986796990369176,0.4687252034770182,0.2788256645117035,0.35490312887202635,0.4358002157586451,0.0371309683465456,0.32899657123330694,0.9079399025855066,0.25576955531003953,0.9267324622478685,0.9993908826464417,0.9980736308965499,0.49758452453613666,0.30278102318153416,0.9747968848139408,0.5842165290768371,0.31413638320084386,0.530763008132447,0.33959999687732656,0.3537482257482313,0.9345851288443632,0.023154465014382557,0.03275301276125553,6.0897363016574e-05,0.29726343166440305,0.2527945014473653,0.894479330808762,0.8781649667327679,0.8699416188348512,0.992578968525401,0.2701305383622926,0.3517855276290084,0.9163005329015173,0.9342319164731292,0.8658762630633632,0.952870614386222,0.5360111898310482,0.8134042652961977,0.9086090993358396,0.7977659257525548,0.838145771006224,0.841256088354436,0.34680654519811455
rh_STG_R_6_6_thickness,0.8386134287477178,0.4665920003857015,0.37786770525664837,0.9143255000421704,0.5929218707426531,0.011357868197022052,0.036464883798537816,0.3199815629003838,0.0011043832419299303,0.002889418394295481,0.6108145946845083,0.4817870481702677,0.008080810937674578,0.2036373067456187,0.0993830771935868,0.835249273109197,0.008796465018100568,0.2762092143110441,0.9475241504289043,0.5183950572149465,0.3395346216299565,0.988234972758306,0.00016116916844057262,0.7492299523712418,0.9945497317377545,0.00011503878043686496,0.6604312980134717,0.5131671114869968,1.021848111349975e-05,0.9748011135762301,0.5842165290768371,0.35647004009523564,0.9146317552318888,0.5247245971225347,0.0001206843065053033,0.9677648785202,0.6509028629669267,0.9997032712377975,1.0,0.9994726039512067,0.09752944106379069,0.9997032712377975,0.6102726785505578,0.9237705154689586,0.27505580638086,0.09120324856603827,0.9967128877538804,0.9321304895233727,0.5808118631368664,0.5685554040519054,0.9823197084750548,0.35804227591119175,0.9994702584916187,0.4601299812038211,0.2865586438459724,0.36438318767154876,0.42819591072160934,0.03900839480054143,0.3310620236219909,0.9123343933993168,0.26223386302426266,0.9294667666066211,0.9987976892593808,0.9964975094730895,0.48861232082961104,0.3112582456564512,0.9692859110606771,0.5946616146388366,0.3229234377456476,0.5409598978966619,0.3489848112802809,0.3634081413108775,0.9343872933604853,0.02387832063472327,0.034292851376399716,6.889852603319673e-05,0.3055802642263952,0.2472032818403146,0.8869485411243305,0.8856292047323242,0.8772707188958644,0.989466390649137,0.27756184579538906,0.36120246784883797,0.9209596754800505,0.9302868937947845,0.8739144567798852,0.9457492346703125,0.5442466211809928,0.8238235011771066,0.9010783096514081,0.8005002301113073,0.8289101639432558,0.8334659813640257,0.3571291258760079
rh_MTG_R_4_1_thickness,0.8404538451013472,0.4803486484976274,0.390380216157925,0.9198262350735003,0.6068130616451314,0.01224088970518552,0.03981090305946152,0.33159594163751005,0.0011937008416759405,0.0031184131333948607,0.6244420431919692,0.4956190312151026,0.008690897768028963,0.21290344482686172,0.10493670515161604,0.8442645006537268,0.009456550472004565,0.28735188558180214,0.9374841622513195,0.5314985373803935,0.3426625074624366,0.9828546271233527,0.00017209387268514982,0.7353306307642764,0.9972992277780868,0.00013657984248384276,0.6742802939119794,0.5203375038378331,1.0351756151792559e-05,0.9673440809229654,0.5981388344348519,0.36919158664024454,0.9209596754800506,0.5116967290576763,0.0001280173570829143,0.9595590167502772,0.6637879993462792,0.9983866058311313,0.9994726039512067,1.0,0.10159107984439275,0.9983866058311313,0.6240289206542433,0.928664197412002,0.28525204642940705,0.09470035728938213,0.9935775926719692,0.9351374764780852,0.5947265714736277,0.5824749522204734,0.9759917882268929,0.37080406251561004,0.9996021401146196,0.44904117787957165,0.2972634316644034,0.37730044334333,0.4184617962714722,0.04173035629733067,0.33405012968537556,0.9173504845090024,0.27126485281690027,0.9322162626469532,0.9970879703099088,0.993490522518377,0.47699794209248475,0.3229234377456476,0.9611847804585534,0.6085437119012218,0.3349819235318651,0.5546990584827252,0.3617862968368709,0.3765412497177685,0.9332019232335942,0.024947661933351305,0.03653496042786975,8.14435290565014e-05,0.3170401907397743,0.24014578909696366,0.8763133330081809,0.8949343575383278,0.8863834348723012,0.9844502995394515,0.287872298580244,0.37404310323419504,0.9263400211150038,0.9241924282596427,0.8840422608639442,0.9356214305862535,0.5556019812003025,0.8376305795520926,0.8904431015352585,0.8032497261516395,0.8162185107332696,0.8225114692093938,0.3707399262824272
rh_MTG_R_4_2_thickness,0.29532876371985467,0.6461440446735364,0.7389447732451911,0.22464113645102038,0.5209172625875362,0.709292312989293,0.8447289670404214,0.8004818611635719,0.3142817075923938,0.45776464537382755,0.5059304618847335,0.630918789423222,0.6447287148646488,0.9169248689459988,0.9860106469642272,0.30073576178341505,0.6610552168750701,0.843769739276769,0.0717447247042239,0.16476683505319337,0.5004175049184628,0.08242569069680125,0.12796737787897677,0.018753464569749034,0.11599076887005366,0.11052429529386026,0.4543555072601005,0.48694674316769604,0.02285210951041929,0.07731157891953716,0.5289553336761759,0.7589948517800841,0.2240615414920307,0.005292062379834295,0.10906736805570649,0.08170605533621433,0.4707871571341682,0.09470035728938213,0.09752944106379069,0.10159107984439275,1.0,0.09470035728938213,0.5052240318635487,0.21479239998380206,0.8517235499290905,0.9983866058311313,0.08877673645941059,0.2045184775357657,0.5313416231478134,0.5437102865570733,0.08596521703679291,0.7572586894449799,0.1046219456695938,0.004708187814352764,0.8377762051414352,0.7503044884050099,0.004538123524027165,0.9167771376702945,0.4983726628917844,0.2266122463156129,0.8703117747800762,0.06870020459575346,0.0993064440901598,0.0951233883201903,0.005460812768813474,0.8084123835947311,0.07533961556343571,0.5193243696327328,0.7948911394230284,0.5706911498792331,0.7655875563521235,0.7499236741377451,0.05246248772623341,0.8413285259633037,0.9055446597563868,0.08869838656584451,0.8150789481591201,0.0009931371271940448,0.03084453137748652,0.24956939102462417,0.2586450141085136,0.08934650013523544,0.8486740564245335,0.7537832598615577,0.21777559378225,0.04038024847037418,0.25935511072582323,0.07763784524320147,0.5776802451525953,0.26743819849307926,0.03489246286398776,0.0558386714708392,0.023749108410984016,0.02175249863595558,0.6125590267210478
rh_MTG_R_4_3_thickness,0.8365510698296099,0.45637794550533894,0.36871778220734897,0.9095790270637643,0.5824749522204734,0.010762145140141129,0.03414574100888576,0.31154412197443615,0.0010461065547830491,0.0027381244248733754,0.6004830828586735,0.4714957004393236,0.007671754222435663,0.19699647561450187,0.09547992244309668,0.8279887496725125,0.008353317059496532,0.26813877018450183,0.9545749732871449,0.5083701459277072,0.3373702040702887,0.9916280909318049,0.0001542116775133424,0.7595973441823614,0.9918154273790021,0.00010121864991129007,0.6499959331831102,0.5080837740106026,1.0137021234122887e-05,0.9798068065915688,0.573770829027785,0.34715058014384403,0.9092871888404412,0.5346736962335596,0.00011603360311891996,0.9733582730630064,0.6410143206462517,1.0,0.9997032712377975,0.9983866058311313,0.09470035728938213,1.0,0.5998760717826231,0.9194651019554718,0.2677115185714214,0.08877673645941059,0.9983866058311313,0.9292064756200104,0.5704188654926037,0.5581542119070564,0.9864457263026614,0.34868995694756133,0.9986796990369176,0.4687252034770182,0.2788256645117035,0.35490312887202635,0.4358002157586451,0.0371309683465456,0.32899657123330694,0.9079399025855066,0.25576955531003953,0.9267324622478685,0.9993908826464417,0.9980736308965499,0.49758452453613666,0.30278102318153416,0.9747968848139408,0.5842165290768371,0.31413638320084386,0.530763008132447,0.33959999687732656,0.3537482257482313,0.9345851288443632,0.023154465014382557,0.03275301276125553,6.0897363016574e-05,0.29726343166440305,0.2527945014473653,0.894479330808762,0.8781649667327679,0.8699416188348512,0.992578968525401,0.2701305383622926,0.3517855276290084,0.9163005329015173,0.9342319164731292,0.8658762630633632,0.952870614386222,0.5360111898310482,0.8134042652961977,0.9086090993358396,0.7977659257525548,0.838145771006224,0.841256088354436,0.34680654519811455
rh_MTG_R_4_4_thickness,0.8502915989875587,0.9707214235970152,0.9214645511400446,0.839977643727349,0.9991761881761576,0.13608486297091513,0.26247640305862335,0.8745069447841658,0.027337039884295082,0.05397099736129207,0.9994385873047582,0.9765756835472363,0.10913048103774525,0.7300449817620697,0.5117345950161047,0.9204775036261746,0.1155142829336245,0.8284840480077686,0.4726474952495965,0.5121894374393577,0.22317032666434358,0.5443808741617635,0.0067751042607286744,0.2206262054802459,0.6634605711176459,0.003838135216476939,0.9897536392422379,0.4381435166182991,0.0008537457151638385,0.5140319428979743,0.9981483318821021,0.9050004617932421,0.8442330815003831,0.10340333320897352,0.005489975335569816,0.5168598262496944,0.9939577852616595,0.5998760717826231,0.6102726785505578,0.6240289206542433,0.5052240318635487,0.5998760717826231,1.0,0.8263162474598553,0.8261264719258783,0.48420922757907925,0.5755107757596208,0.8024854624013958,0.9943384742695767,0.9952734129044203,0.5447561047632756,0.9061091611761579,0.629766304948336,0.0828515967395288,0.8401364368750641,0.9104184589266485,0.07476420657740004,0.29719360576928966,0.21477561833194353,0.8386079521696186,0.8033690504912672,0.509992236839542,0.6086547112696652,0.5912443703104117,0.09247880931239619,0.8662472287532657,0.5029414082607637,0.999332607907679,0.8768824368694154,0.9869806449509593,0.8971393080174312,0.9064288704037342,0.4590222758932278,0.22244959551688054,0.27714791326465255,0.0027364893430521543,0.8606920710349563,0.028224652710725724,0.3335583996689653,0.8807787331246263,0.8892077810892823,0.5635234426618544,0.8292872918343056,0.9082891128887265,0.8324149766253647,0.40323554782167315,0.8910354925741442,0.4853834886619084,0.8909551644579466,0.7946413286199092,0.3509624515926286,0.43094737402166094,0.27665370982404813,0.28496582498329215,0.6507597775610243
rh_ITG_R_5_1_thickness,0.9639227946841792,0.6912156318594322,0.5958695390093924,0.9996287602299246,0.8105823883535748,0.03387858224286714,0.07877825266725962,0.5274019324331489,0.004726809850077854,0.010761910776322088,0.8274738831500092,0.7068016146721194,0.025816196341455183,0.3711975256267972,0.20885762494275478,0.9777322637995409,0.027746286964482815,0.4699574946943964,0.8261612052784801,0.49083335589022553,0.21325583123488878,0.8880265920409949,0.0009374021034124068,0.5293561248596863,0.9436198326730301,0.000376844809522397,0.8582544343095817,0.4114300204689179,9.5145949259209e-05,0.8648727418251102,0.8024854624013955,0.5686921551135531,0.9988141411087299,0.3176248387863895,0.0007440550783462815,0.8652704547084731,0.860854530880711,0.9194651019554718,0.9237705154689586,0.928664197412002,0.21479239998380206,0.9194651019554718,0.8263162474598553,1.0,0.47260097472588203,0.2051598025819305,0.9073951881796642,0.9981483318821021,0.7966690867180055,0.7875904061946855,0.8882310709876828,0.570418865492603,0.9348361081935296,0.2644474726443474,0.486554321697795,0.5773419946365489,0.23981821355509492,0.09500734423871494,0.20530398562700414,0.9994568365073188,0.4573174055875304,0.7876672025659763,0.9271795193331882,0.9184140953629012,0.28704054220151154,0.5156882574276889,0.8554991270383892,0.8121845485501047,0.5290741331218944,0.7603518121983566,0.5581542119070557,0.5737708290277843,0.7721590247269817,0.06962181964647528,0.08737700160999723,0.0002580557301119121,0.5090875316735683,0.11797981020232073,0.6855111799251628,0.9869806449509593,0.9877000541100079,0.9016007105246717,0.47566262593044695,0.5738773807494784,0.9998680988032032,0.748219280816717,0.9805900507695696,0.8348180354250007,0.7135692860214213,0.842487942866122,0.7072327062361436,0.6584160593048836,0.6144027334331741,0.6187375518496598,0.4633540340568847
rh_ITG_R_5_2_thickness,0.5443892424162997,0.9282267186816184,0.9768592554797888,0.4880636465489424,0.841657445674175,0.3827553905923985,0.5840193643529281,0.9939689390472124,0.11374699121531878,0.19320686263954345,0.8236521785421447,0.9188092465459528,0.32597254677156917,0.9802017680789821,0.8605668859615763,0.5964242814998948,0.3395339942820808,0.9952124383815111,0.1971860981312755,0.3555001236223604,0.3842361462832475,0.23299686708900516,0.03557306774953911,0.0676845346372142,0.31663844257853263,0.02726156208813803,0.784756051848343,0.5312569865642357,0.005177978736585376,0.21673255019118554,0.8491458529799095,0.9792718879432708,0.4913023405033481,0.024397501838218857,0.029390571513537148,0.22189528446071277,0.785072767081678,0.2677115185714214,0.27505580638086,0.28525204642940705,0.8517235499290905,0.2677115185714214,0.8261264719258783,0.47260097472588203,1.0,0.8297962896561362,0.2515989011009452,0.45040525336637194,0.8527327651051009,0.8620950403625316,0.2361193934928438,0.9784734480732775,0.28960715516186464,0.02023245419568835,0.999332607907679,0.9751360527387969,0.01883473741591508,0.6397302333072012,0.37645670337901455,0.4881220278726147,0.9961779691055825,0.2198921819701573,0.2747727107827561,0.2633369885157446,0.02307298023113803,0.9940254411666751,0.2108914809771571,0.8401364368750641,0.9900013092974351,0.8831858734860085,0.9781954845448195,0.9702429427512888,0.18040346332776602,0.5181746652212004,0.6121319310656805,0.020451491583616144,0.995657409361133,0.005333241951690332,0.11139704521849149,0.5375494264099312,0.5481433125190505,0.24656791352034363,0.9999670214381877,0.9768333194925081,0.47874700458724684,0.14483173980104705,0.5534704551452798,0.2073619608660248,0.8422450065458507,0.5449632510187908,0.12082944284611846,0.18472334496844706,0.08740841534133063,0.08775246809748177,0.670617230220774
rh_ITG_R_5_3_thickness,0.28768813331528403,0.6225326732938593,0.7146301854778834,0.21456173903158593,0.49910084056239645,0.7304114631995854,0.8472612940210964,0.7767330266515371,0.3352965118768634,0.4818005626661361,0.48543149284495013,0.6075512552273044,0.6679225768199012,0.8967286477571176,0.9772371831557751,0.2875878487134277,0.683903489941958,0.8205122273648435,0.06945893245973624,0.14574521467277024,0.5043202801902003,0.07835112547509493,0.1393490165923656,0.018088444925660318,0.10779650469055149,0.12488964692297636,0.43285034184490395,0.4722315825785966,0.024422274949484287,0.07406664179839165,0.5067690337166315,0.7346338913419398,0.21333999876770257,0.005043276017111641,0.11887745577481382,0.07874586412926463,0.4522511808160541,0.08877673645941059,0.09120324856603827,0.09470035728938213,0.9983866058311313,0.08877673645941059,0.48420922757907925,0.2051598025819305,0.8297962896561362,1.0,0.08372317800734197,0.19616178605415946,0.5084862219904229,0.5209172625875362,0.08227718239259038,0.7328933934219776,0.09794663265831446,0.00459897990350979,0.8150789481591197,0.7259380217142622,0.004471781083933944,0.923374519738644,0.5031816760509464,0.21689111132777109,0.8506193116487797,0.060505940416251305,0.09357741047800366,0.09001087705025863,0.005327200108153486,0.7846179596560652,0.0723399915105473,0.497584524536137,0.7707959226838461,0.5470346973428986,0.7412195509450566,0.7256029338243282,0.04647301261404477,0.860890710044458,0.9155841479698732,0.10065872637126178,0.791477642571515,0.0009690155914029398,0.028773453301975567,0.2361193934928438,0.24539660455903822,0.08511941473744455,0.8265629124465201,0.7294141623182084,0.20778637080967333,0.03659830080375995,0.24498975909670712,0.07538378709123009,0.554186296370997,0.2461748400567615,0.03282138478847681,0.047644407291337044,0.022439855248252847,0.019796529931863732,0.5921191085598912
rh_ITG_R_5_4_thickness,0.8295126296834956,0.4330104113094214,0.34821881316756564,0.8965360383434888,0.5581542119070565,0.00956897152786206,0.029323130846348924,0.29281276906509934,0.0009346559666670202,0.0024437404665269076,0.5761684950913657,0.4478843290596466,0.006859436794739118,0.18252875854377051,0.08720467778795532,0.8095301302701463,0.007471735617006587,0.2502967524622213,0.9692901338762443,0.48448989865422876,0.3328795552971834,0.9973357718225282,0.0001413414872314487,0.7834355709071458,0.9832560689658392,7.539375865505497e-05,0.6256384549032895,0.497175388764811,9.994553391748573e-06,0.9894279624587272,0.5495303460310258,0.3262200610595863,0.8949343575383278,0.5583739707925917,0.0001074795544496277,0.9844262746609125,0.6173620414466232,0.9983866058311313,0.9967128877538804,0.9935775926719692,0.08877673645941059,0.9983866058311313,0.5755107757596208,0.9073951881796642,0.2515989011009452,0.08372317800734197,1.0,0.92021975947591,0.5464481625003154,0.5341502158882222,0.9939224700689514,0.32767515266309183,0.9945497317377545,0.4896557225612759,0.2617918418120875,0.33355839966896506,0.45453156866798183,0.03325330482084195,0.32471771382520603,0.8956729972586042,0.2417106130998946,0.9181731038347056,0.9984684415687397,0.9994568365073188,0.5193243696327323,0.283952528522076,0.9856612383499714,0.5598842841186504,0.29454559183158957,0.5074478355247325,0.3185016149490107,0.33193180372309156,0.9327417055708485,0.021697865312706767,0.029591522542448997,4.606664185103385e-05,0.2788256645117032,0.26685344365751024,0.9104184589266489,0.8592798536615467,0.8513391672174017,0.9976134132338039,0.25381251072102967,0.33060428963643074,0.9034497486542518,0.9412703566192434,0.845803364340335,0.9677648785202,0.5177708190767712,0.7890356837496257,0.9245482274537263,0.7892065673393919,0.8585833656945805,0.8578624550956805,0.3225013334944197
rh_ITG_R_5_5_thickness,0.9679819896874379,0.6652080964808288,0.5704550772162702,0.9965477283120663,0.7859132135728757,0.03130697705594118,0.07012727823359871,0.5030845031706165,0.0044256034636094305,0.010030919100487992,0.8042399748150066,0.6809115284527283,0.02399058848553032,0.35056160791147817,0.19535824966516174,0.967088583865654,0.02578215644240136,0.4463040123226305,0.849180586332511,0.4695306397697822,0.2051102273530081,0.9044560574436914,0.0008964397023015365,0.5550552708972556,0.9459639651530108,0.00029864161567999244,0.8338971266489128,0.3946624961617808,9.454778419201787e-05,0.8844132265538474,0.777470408729076,0.5430672297527234,0.9940254411666751,0.33954003389826215,0.0007160537506152466,0.8858707166176987,0.8402542689714854,0.9292064756200104,0.9321304895233727,0.9351374764780852,0.2045184775357657,0.9292064756200104,0.8024854624013958,0.9981483318821021,0.45040525336637194,0.19616178605415946,0.92021975947591,1.0,0.7711076853434868,0.7620749868480913,0.9061091611761585,0.5447561047632749,0.9420222882419,0.28198593173889797,0.4635567496588424,0.5515425230407598,0.25471788243953314,0.08781644770683589,0.19748499258810345,0.9973588325691607,0.43709263286282524,0.7900113350459571,0.9375991150703398,0.9310257797349653,0.3056713787928647,0.4913023405033481,0.8759533930568165,0.7875904061946855,0.5041815685903713,0.7343262665701222,0.5324550658694864,0.5478115848434524,0.7816724045395743,0.06655337850853636,0.08134056276861402,0.00021132015661351234,0.48498208588183855,0.12815955042572733,0.7092473636366459,0.9756709713870949,0.9768333194925081,0.9174612924345789,0.4532833909107645,0.54814331251905,0.9970324281213876,0.7657447974705474,0.9673434043185958,0.8579456500790137,0.689610447028033,0.8183850882046262,0.7309688899476268,0.6607601917848643,0.6401655471252783,0.6428404065111555,0.4401911278795819
rh_FuG_R_3_1_thickness,0.8115049053456603,0.9751566664667721,0.9388464474169576,0.8106941587322187,0.9976134132338039,0.14941465110537033,0.2925571277308465,0.8955792138309053,0.029917499356797196,0.05920551785275404,0.9905886832704939,0.979508159490551,0.11938676658251783,0.7566918875379709,0.5409816455666929,0.8945752757929832,0.1262997811617272,0.8500173722413141,0.45045027197445786,0.5003423647092688,0.26606130800659467,0.5165482456516273,0.007117628822453396,0.2087178129770076,0.6351770850496491,0.005374685871080685,0.9911209297265373,0.4919213090743657,0.0007619488741896013,0.4881220278726148,0.9986412695278597,0.9186957757306369,0.8164968081916046,0.09562326934306525,0.00566816338453586,0.49189048780426964,0.9772129954073787,0.5704188654926037,0.5808118631368664,0.5947265714736277,0.5313416231478134,0.5704188654926037,0.9943384742695767,0.7966690867180055,0.8527327651051009,0.5084862219904229,0.5464481625003154,0.7711076853434868,1.0,0.9994568365073188,0.5177365427648255,0.9194651019554714,0.6004151822587123,0.08001168195338546,0.8648333434096089,0.9223949984366586,0.0740666417983916,0.3214432839903064,0.2568257116505714,0.8084123835947308,0.8339789342325745,0.4781650669706801,0.5792732747569896,0.5621722450176058,0.08902020398264389,0.886383434872301,0.4777961151162694,0.9973588325691607,0.8946932561345327,0.997613413233804,0.9094638863307793,0.9155841479698731,0.42604660032717884,0.2339683147552189,0.2986326366567409,0.00372894909871072,0.881924154445434,0.027191923602634446,0.3095911488510325,0.8592798536615461,0.8664942751059032,0.5354698646541161,0.8554913556081358,0.9209596754800502,0.8033527932258508,0.37296597311048807,0.8720166765618993,0.4633818193941704,0.9305314033357888,0.8047698043508018,0.32765845067330635,0.3944974154752461,0.2575425297283591,0.25965443264400156,0.6323355877072205
rh_FuG_R_3_2_thickness,0.8092040090927222,0.9812543093285752,0.9460327897945549,0.8019694073157928,0.9983866058311313,0.15511708675032926,0.2986254713900464,0.9045685604973834,0.03172372718376122,0.06225143561700625,0.9923696862069559,0.9851927226680898,0.12446773212675508,0.7686335528625652,0.5529534949864744,0.8888790824361683,0.13158796432830727,0.8608128754531814,0.43782616489037574,0.49901872003563374,0.2584442985070532,0.504181568590372,0.0077402199990885875,0.199443971984804,0.6228782144269331,0.00543042928917522,0.9873861398269685,0.4797279381393662,0.0008853719992663839,0.4756626259304475,0.999332607907679,0.9279779592031812,0.8073604509245214,0.0905557544132494,0.006206311385708663,0.4793538335114945,0.97894071081656,0.5581542119070564,0.5685554040519054,0.5824749522204734,0.5437102865570733,0.5581542119070564,0.9952734129044203,0.7875904061946855,0.8620950403625316,0.5209172625875362,0.5341502158882222,0.7620749868480913,0.9994568365073188,1.0,0.5052954371341773,0.9287618799855516,0.5881296497331874,0.07476420657740006,0.874285422469788,0.9317508827575713,0.06874278943706007,0.3306042896364307,0.249443990390632,0.8000193810691232,0.8424879428661217,0.4694098801488293,0.5669672800832524,0.5498414634571704,0.08339296505182808,0.896043056921243,0.46530745597073275,0.9981483318821021,0.9044560574436908,0.9978937512174586,0.9194651019554714,0.9257204945072395,0.4172943258941509,0.2436318290123224,0.30789839358772053,0.0038060271606794073,0.8915346062697562,0.02500479590363806,0.29982794946117863,0.8499361978898263,0.8578585121394624,0.5230806283043977,0.8648727418251096,0.9302858637308244,0.7942569707590743,0.3635784572930452,0.8626088637974646,0.45071511660321995,0.9223044334077666,0.7910927095274916,0.317232001384842,0.3903650173309482,0.2481559505863667,0.2518781627655938,0.6434307214256935
rh_FuG_R_3_3_thickness,0.822324875973305,0.4047980999932008,0.3257731966306967,0.8762091701012891,0.5280250395288029,0.008733326388700157,0.023318881485167236,0.27281581448173453,0.0009106897187954851,0.002327400447006913,0.5451040231286159,0.4191866948965467,0.006399611243143167,0.1672916571979756,0.0793141381145528,0.7832773329675204,0.006961837049212744,0.2305914961833856,0.988896602098799,0.4287156894249315,0.3123245557479579,0.9989376853029087,0.00014941096298010578,0.8138604677692878,0.9600915310995662,4.743693232568938e-05,0.5949389639587298,0.4692678868677986,1.217319583080248e-05,0.9986412695278597,0.5198055857607621,0.30181551060941514,0.8721611446174471,0.5894407069522614,0.00011615272230653115,0.9976226246595159,0.586261937454017,0.9864457263026614,0.9823197084750548,0.9759917882268929,0.08596521703679291,0.9864457263026614,0.5447561047632756,0.8882310709876828,0.2361193934928438,0.08227718239259038,0.9939224700689514,0.9061091611761585,0.5177365427648255,0.5052954371341773,1.0,0.3030936657892813,0.9789819375440274,0.5173485265169846,0.24460327667853649,0.30827749411676053,0.4787470045872473,0.029744978684066385,0.3044912846551838,0.8768824368694157,0.23039071123722604,0.883739268722213,0.9888391644787065,0.9940254411666751,0.5481433125190505,0.2633369885157445,0.997259572416067,0.529681354058518,0.2724268037354046,0.4805407129311696,0.2932950733412132,0.30518055375490705,0.9099519393329505,0.021781900258672052,0.027167889520748594,3.12822708161486e-05,0.25896862830765244,0.28569076830417717,0.9230902665444471,0.829796289656136,0.8229404216952352,0.9990033602170378,0.2379545150568241,0.3056713787928644,0.8830372762493017,0.9357393318358591,0.8147335453123302,0.9888389001800154,0.5003944456814112,0.7449838577433445,0.9384079857658791,0.7517187670250597,0.8804506176267284,0.8694467398631911,0.2795377875291913
rh_PhG_R_6_1_thickness,0.634890273264483,0.9800981811838161,0.9962201091864693,0.5868695107358668,0.916494974658649,0.29936363503429136,0.4841188091326981,0.9948723357239495,0.08183235087592755,0.1432221444426619,0.9059083396074137,0.9746031594744637,0.25178154686739174,0.9401706100856085,0.774467653794938,0.6982234922716436,0.2632817091109413,0.9853604959328058,0.250620672074098,0.43511518472757266,0.29878276250991126,0.3024903331242186,0.025167343179462585,0.09230128647206073,0.407459270011718,0.014564050655198037,0.8642496959516652,0.47821582953556063,0.004125533154639257,0.2795523462160872,0.9211905174210877,0.9999917551556168,0.5912443703104109,0.036370523381218864,0.020995308226318773,0.2826000303193583,0.8755626363554496,0.34868995694756133,0.35804227591119175,0.37080406251561004,0.7572586894449799,0.34868995694756133,0.9061091611761579,0.570418865492603,0.9784734480732775,0.7328933934219776,0.32767515266309183,0.5447561047632749,0.9194651019554714,0.9287618799855516,0.3030936657892813,1.0,0.3745638650119294,0.027758892999623776,0.985130548463963,0.9998680988032032,0.02467627443666117,0.5375494264099319,0.2906692728445419,0.58617624103644,0.9601179602771144,0.3051284654178374,0.3551728172867497,0.3402204652197988,0.03168885097247461,0.9947384942561222,0.27146308385536966,0.9155152335345778,0.9973588325691607,0.9392725798749249,0.9994568365073188,0.9986412695278597,0.25648693964570213,0.4283399952477819,0.5107315004917066,0.011069588830089412,0.9930426740236712,0.007734350395379291,0.15772842315546004,0.6397302333072006,0.6503399254932496,0.31761992380961046,0.9800558087256415,0.9999670214381877,0.5773419946365489,0.20732427315668567,0.6554552955526008,0.2609045685270823,0.852133006955502,0.6244832824760511,0.1678367399545853,0.2668065575763183,0.12327190842400074,0.13103850654344107,0.7296399393729175
rh_PhG_R_6_2_thickness,0.8505625229631515,0.48511965158192605,0.39506220362524563,0.9260691791120907,0.6124906101713317,0.01249754326125781,0.039316422171883025,0.3357602998387096,0.0012457121849689784,0.0032282937751052267,0.6301838361961287,0.500495679980681,0.008930995467213114,0.21547363963097493,0.10639649412113873,0.8508901844723049,0.009712923574259841,0.2905831498399879,0.9410107480485517,0.5183360019766121,0.33054559012220663,0.9846615570076295,0.00018529061220549171,0.7316441179298232,0.9967128877538804,0.0001300327336296523,0.6797752546251845,0.5091163071376494,1.2065999452716247e-05,0.9699192815711686,0.6038002467962571,0.37296597311048785,0.9265876710887626,0.5056586740859116,0.0001391898354929605,0.963260773287027,0.6698557575553402,0.9986796990369176,0.9994702584916187,0.9996021401146196,0.1046219456695938,0.9986796990369176,0.629766304948336,0.9348361081935296,0.28960715516186464,0.09794663265831446,0.9945497317377545,0.9420222882419,0.6004151822587123,0.5881296497331874,0.9789819375440274,0.3745638650119294,1.0,0.44225919079850684,0.30142935480124833,0.38100404419912703,0.4111679170678038,0.042276881228788116,0.32198595875229824,0.9240072831559771,0.27640585785327043,0.9228270718649975,0.998360176653583,0.995246983726872,0.4703929895441644,0.326733954592382,0.9639234125648668,0.6142255768201783,0.3386478273402034,0.5604087220846301,0.3651812799976705,0.3798168324251567,0.9252903722872746,0.026129574844839923,0.03726546485208075,7.835997862070957e-05,0.3209264246532481,0.23408052961413567,0.8726104384232084,0.8994265016278824,0.8914805750871195,0.9869542157734111,0.2921848681654476,0.37777437207918324,0.9323275746026751,0.9186957757306371,0.8882381219270201,0.9400279392487284,0.5612362852898878,0.8329762078092413,0.8876718234582286,0.79142841507905,0.8125456711164606,0.8169355025997026,0.36724100439987334
rh_PhG_R_6_3_thickness,0.2229833854380161,0.046488524890225424,0.033237252807616004,0.2530040024173524,0.07920119887863335,0.0001637642892072353,0.0004935848607353587,0.024473114736488902,9.168440671320251e-06,3.0224570543034777e-05,0.08159838690723079,0.04950497940392691,0.00011196479656777778,0.010732397431999203,0.0034841719425146305,0.18332871640177112,0.00012507090786346338,0.01784822121338898,0.5929385719654621,0.4750740930489815,0.499370998629974,0.5181746652212004,9.89283192000226e-07,0.878450532153322,0.4160641496460894,1.3056201932211222e-07,0.10769247678411217,0.4430265276966757,4.7774327919501734e-08,0.5481433125190505,0.07753020759932017,0.027607976272040227,0.2516068410115711,0.9856654671122609,7.338433433370417e-07,0.5457849510318579,0.09313640284980412,0.4687252034770182,0.4601299812038211,0.44904117787957165,0.004708187814352764,0.4687252034770182,0.0828515967395288,0.2644474726443474,0.02023245419568835,0.00459897990350979,0.4896557225612759,0.28198593173889797,0.08001168195338546,0.07476420657740006,0.5173485265169846,0.027758892999623776,0.44225919079850684,1.0,0.0209134865441856,0.028384326120257333,0.9952734129044203,0.0008376657014592261,0.4998994120138894,0.2527020265924271,0.021108565274947748,0.573778251403614,0.45911633542303426,0.4741289312417862,0.9986412695278597,0.022598602431841943,0.559620393699906,0.07954742199975387,0.023508387630462195,0.07054803328079041,0.025834289338815108,0.027312899508717972,0.6141010177334028,0.0006854912548285562,0.0007802095844448284,8.655315143866726e-08,0.022183028792925406,0.9093601618324552,0.7378082734300063,0.22570078522959391,0.2167325501911856,0.4993161083022136,0.02037548902219686,0.028067206214336934,0.2600496846416807,0.6631053382757517,0.21815196893289862,0.5804233644788033,0.11227362178951851,0.3076172875862114,0.7198802401151199,0.6319145327065152,0.8051232714554344,0.7860657855202702,0.03135278356324021
rh_PhG_R_6_4_thickness,0.5570148514160104,0.9389594886195856,0.982707487792557,0.5022591984929248,0.8549889546455134,0.3689027113405213,0.5691243081462177,0.9971344392881698,0.10802867830579854,0.18446346127152008,0.8380132848182908,0.9300537267084683,0.31346751737523015,0.977181409779398,0.8492231036990404,0.6117808004738613,0.3267299183273462,0.997062153374511,0.20346268360419206,0.37059097525549084,0.36910963493160265,0.242001569880065,0.03370886804224338,0.07035115479018869,0.329675623633678,0.024528988593987264,0.7983728333671912,0.5233044447707047,0.005061569483889758,0.22457754601095253,0.8620950403625319,0.985795712239554,0.5058124891299333,0.025681220994804573,0.027911961343634238,0.22930338574623965,0.8003303154830844,0.2788256645117035,0.2865586438459724,0.2972634316644034,0.8377762051414352,0.2788256645117035,0.8401364368750641,0.486554321697795,0.999332607907679,0.8150789481591197,0.2617918418120875,0.4635567496588424,0.8648333434096089,0.874285422469788,0.24460327667853649,0.985130548463963,0.30142935480124833,0.0209134865441856,1.0,0.9823197084750549,0.019295302409631666,0.624265775181386,0.361199154977608,0.5021249156210306,0.992578968525401,0.2329293630253027,0.2856907683041775,0.27359609176888616,0.02386962388296526,0.9973357718225282,0.2183614075811069,0.8535409888214995,0.9944573887172495,0.8938133130461456,0.9849852181877496,0.9781954845448197,0.191582739373623,0.5037076102662699,0.5964680488513017,0.018433638801300934,0.9983866058311313,0.005538582096322967,0.11727991108966043,0.5529741834524236,0.5635234426618544,0.25576955531003953,0.9995961624669092,0.9837550314316634,0.492895233458152,0.1534451382645668,0.5690516757447615,0.21358148376444933,0.8446819654522585,0.5587818571872688,0.12671230871728742,0.19776052602359245,0.09172104560074404,0.09341650294421525,0.6850149258438716
rh_PhG_R_6_5_thickness,0.6415542526488862,0.9821734022685069,0.9956930261248296,0.5938178267192776,0.920278796449155,0.2944964867451817,0.4771792862686036,0.9931128299797738,0.08030391527585506,0.140644590205952,0.9105138715642773,0.9769890226213569,0.2476188325689231,0.9359633209421924,0.7678748575959938,0.7050617194010077,0.2589721810510573,0.9830363196358075,0.25475409104978486,0.44043374106086314,0.29187979623046084,0.30789839358772053,0.02475176954054605,0.094353045450811,0.41422095554055727,0.01392080110049458,0.8682482685781717,0.4724417165045327,0.0041062323808147595,0.28444857879437274,0.9246978594868032,0.9997939196717389,0.598209625707665,0.037463718505364986,0.020675602154292358,0.28729183135649833,0.881079573250678,0.35490312887202635,0.36438318767154876,0.37730044334333,0.7503044884050099,0.35490312887202635,0.9104184589266485,0.5773419946365489,0.9751360527387969,0.7259380217142622,0.33355839966896506,0.5515425230407598,0.9223949984366586,0.9317508827575713,0.30827749411676053,0.9998680988032032,0.38100404419912703,0.028384326120257333,0.9823197084750549,1.0,0.02511761988110839,0.530763008132447,0.28379890137869945,0.5931052578018243,0.9557082646894484,0.31189015094667666,0.3613188471481146,0.3461285922197097,0.032407517173514304,0.9930426740236712,0.27618419338461747,0.9193532930953557,0.9961779691055825,0.9412850397853112,0.9993908826464417,0.9991683525894994,0.2627220209402938,0.42309953623199703,0.5041815685903721,0.010614864525776823,0.9910931722835068,0.007947627234115188,0.16165771990417974,0.6465324712395459,0.6571666650089598,0.32311031459802064,0.9768333194925081,0.9999670214381877,0.5842861297230926,0.21256473217247052,0.6621218601169898,0.2650087208344397,0.8500577858708112,0.6286389735527622,0.17176603670330504,0.2735682431051576,0.12633441915466237,0.13485212200066904,0.7342776140506992
rh_PhG_R_6_6_thickness,0.19413578474115006,0.04153605118845568,0.03041462265283553,0.22924788204396981,0.07203008656472351,0.0001524640948186778,0.0003766626127574648,0.022356260228753526,8.846115294008317e-06,2.889421246719931e-05,0.07292191759036598,0.04421416329797332,0.00010577681683574429,0.00966285961437195,0.0031623205616810894,0.1649389778882554,0.00011804427771167181,0.016009578631931157,0.5514957874724131,0.4646792057006487,0.499268063973116,0.4805407129311693,9.736424487030082e-07,0.8430612178678067,0.3884441383134654,8.967675356064978e-08,0.10016456748034006,0.4424601770234538,4.7734840643291975e-08,0.5084862219904226,0.07078718600926653,0.024570015534751462,0.22906190074949312,0.9653447002975539,7.248917586740858e-07,0.5055023787659378,0.08216004096016272,0.4358002157586451,0.42819591072160934,0.4184617962714722,0.004538123524027165,0.4358002157586451,0.07476420657740004,0.23981821355509492,0.01883473741591508,0.004471781083933944,0.45453156866798183,0.25471788243953314,0.0740666417983916,0.06874278943706007,0.4787470045872473,0.02467627443666117,0.4111679170678038,0.9952734129044203,0.019295302409631666,0.02511761988110839,1.0,0.0007581873778073409,0.4998049260975607,0.22824782230574742,0.0201096833980372,0.5461582400709901,0.4257056515558931,0.43915566573339376,0.9900242304070064,0.020448737894581,0.5194210881285145,0.07228831281098154,0.021078421772295755,0.0656611358712699,0.02270647183998146,0.023753194231990397,0.5813394500510518,0.0006699621721818738,0.0007243498035083924,6.755200337523086e-08,0.02016263686075068,0.931025779734965,0.6961570905482519,0.2077863708096736,0.19850189010661273,0.4620704454555686,0.01893116511537816,0.024893644143697023,0.23611939349284405,0.6247360213082249,0.20162757762465205,0.5389431910955818,0.11031544083142973,0.29981330732611433,0.6782290572333656,0.6042945213738913,0.7641648275892119,0.7443527199471933,0.022608677229835946
rh_pSTS_R_2_1_thickness,0.13871505690946034,0.42149257522865957,0.5125965993633198,0.10069154624928679,0.3106436199467902,0.9064545582203347,0.9763224401585089,0.5813538325070945,0.5226353657427056,0.6852241120634752,0.29721035633669557,0.40703682579161815,0.857045182502685,0.7465039606015709,0.9229767020910336,0.1470167743033625,0.8698168797673909,0.6401704838391857,0.022605180038437027,0.11798639919571013,0.4996210521505328,0.029185647776010983,0.264190827842204,0.0045681172627065015,0.050018030362634566,0.19786261238451902,0.26247122607510753,0.43031090081214307,0.07296383328252164,0.025989534209517752,0.31762483878638925,0.5392533014595775,0.10162213013075959,0.0011228834723320002,0.23431271621156646,0.027073947621261855,0.2683377445485286,0.0371309683465456,0.03900839480054143,0.04173035629733067,0.9167771376702945,0.0371309683465456,0.29719360576928966,0.09500734423871494,0.6397302333072012,0.923374519738644,0.03325330482084195,0.08781644770683589,0.3214432839903064,0.3306042896364307,0.029744978684066385,0.5375494264099319,0.042276881228788116,0.0008376657014592261,0.624265775181386,0.530763008132447,0.0007581873778073409,1.0,0.5002150788419802,0.10106474652754574,0.6591141905292486,0.03566857268865914,0.03832006578344044,0.035585945770763905,0.0010038556370839708,0.5929853075338094,0.024915648880427313,0.30926759858005826,0.5790763253032696,0.35490312887202635,0.5498414634571704,0.5346736962335601,0.024682513621641766,0.9601179602771142,0.9978937512174586,0.16889338978604723,0.5999511874140786,0.00014087612534790074,0.009886372896679143,0.12038219154206367,0.12441391707473072,0.03187623137787449,0.6363109929946947,0.5341502158882222,0.09712360116627798,0.01589617378506637,0.1276742107981158,0.024618629217842792,0.39304520970007223,0.16731810560567978,0.010938284435909773,0.03286784023570206,0.006771234908839144,0.007486294941169617,0.6363973364795183
rh_pSTS_R_2_2_thickness,0.12020452493594116,0.24697846446867294,0.3078824210873748,0.20202826015754297,0.22877043232399163,0.43502728322114015,0.49942321295679154,0.33397490107811684,0.2186037857921165,0.3035263894164585,0.20283267718621606,0.2409391649040371,0.40061759270304287,0.39346867874973224,0.4741803455482969,0.1836914036402444,0.4081969196225671,0.3433663978458711,0.312793285135194,0.5564070878016237,0.9997343154567544,0.32020756819210344,0.09045838238774799,0.45919166096495023,0.3304542990708677,0.12256239350186741,0.2516493472354704,0.8867285861478016,0.00938610963050913,0.3166445668333782,0.2360138016165511,0.2923922106693597,0.21246600149812245,0.5002351721437645,0.07515799180766042,0.3011412680651923,0.17849041333211324,0.32899657123330694,0.3310620236219909,0.33405012968537556,0.4983726628917844,0.32899657123330694,0.21477561833194353,0.20530398562700414,0.37645670337901455,0.5031816760509464,0.32471771382520603,0.19748499258810345,0.2568257116505714,0.249443990390632,0.3044912846551838,0.2906692728445419,0.32198595875229824,0.4998994120138894,0.361199154977608,0.28379890137869945,0.4998049260975607,0.5002150788419802,1.0,0.19488362566335676,0.4113227013888854,0.4849831896954579,0.31399161822801386,0.31097360658232004,0.5002526322035613,0.33009210506601816,0.31688546795035843,0.22734109192072058,0.31616244522634596,0.2744611270218393,0.28670058035439083,0.2713204502115873,0.4729483159491434,0.45184520762335784,0.4960158877951937,0.09635129383901979,0.33704630610598824,0.4404461326037306,0.4421836123688803,0.23264432693096992,0.22004697323693484,0.306862732089429,0.3730905628973612,0.287229612060389,0.20759831780988514,0.45140140103037396,0.2398403285380974,0.2983829508394516,0.43609740174491823,0.4514168480907578,0.42498342171579795,0.5357387717456982,0.45297557322181925,0.48044024698392046,0.14746209835230015
rh_SPL_R_4_1_thickness,0.9708817038336601,0.7063695926243472,0.6114292043933165,0.9997623904747321,0.8229404216952356,0.03671694162477451,0.08269180851033234,0.5430868341282523,0.005305659437379441,0.011916952368248234,0.8401675042695727,0.7217879940640346,0.02816741873877819,0.3854055880503937,0.2193998947675628,0.9826111977037608,0.03023661522478969,0.48530748070784824,0.8138175926792589,0.4866690634841697,0.20263790925918182,0.8760778235721243,0.0010840334595129172,0.5137914775223462,0.9331080822201994,0.000404662163657918,0.867190554393394,0.3986382522045969,0.00011482421516984702,0.8527327651051009,0.8148717684581352,0.584447797991159,0.9984684415687397,0.3055802642263952,0.0008651617157563842,0.8537723995780047,0.8731339802739402,0.9079399025855066,0.9123343933993168,0.9173504845090024,0.2266122463156129,0.9079399025855066,0.8386079521696186,0.9994568365073188,0.4881220278726147,0.21689111132777109,0.8956729972586042,0.9973588325691607,0.8084123835947308,0.8000193810691232,0.8768824368694157,0.58617624103644,0.9240072831559771,0.2527020265924271,0.5021249156210306,0.5931052578018243,0.22824782230574742,0.10106474652754574,0.19488362566335676,1.0,0.4727493010657001,0.7734116981521064,0.9163005329015168,0.9073951881796638,0.274772710782756,0.5313416231478132,0.8432457042648143,0.8245365353620413,0.5447561047632752,0.7728308599932219,0.573877380749479,0.589503872390449,0.7574359799283523,0.07538533568309327,0.09335290900675249,0.0002825838300734775,0.5247245971225347,0.11139704521849135,0.6698518145149979,0.9870805275022441,0.9888391644787065,0.8903771551179864,0.4911950993649935,0.5896379103171945,0.9993908826464417,0.7329324485712467,0.9808624787700766,0.8231718324517404,0.7195813992970753,0.8339789342325745,0.691637089860537,0.6471435344503198,0.5987006964018113,0.6036036848838674,0.4703340268964851
rh_SPL_R_4_2_thickness,0.530927690407246,0.9064229384173279,0.9628678470356656,0.4721915354297985,0.8200309169813125,0.4033262178915287,0.6028573080546649,0.9828535699294274,0.12285247294021336,0.20687161851313124,0.7998203128568606,0.8965468149832784,0.34470194850491365,0.975713459468281,0.870257201871453,0.5769354101974649,0.35861365368454384,0.9836405113562077,0.19564418001429382,0.3216697706882834,0.41877500440155996,0.22570078522959364,0.03823671045076772,0.06778298849934614,0.3005925628807495,0.03384253580740443,0.7651721914002882,0.5500904566846008,0.004920870535623471,0.2119134283669149,0.8281824283245665,0.9611890092208428,0.4745833883310554,0.024160683774162164,0.03132706158439796,0.21845565337173634,0.7602909206075358,0.25576955531003953,0.26223386302426266,0.27126485281690027,0.8703117747800762,0.25576955531003953,0.8033690504912672,0.4573174055875304,0.9961779691055825,0.8506193116487797,0.2417106130998946,0.43709263286282524,0.8339789342325745,0.8424879428661217,0.23039071123722604,0.9601179602771144,0.27640585785327043,0.021108565274947748,0.992578968525401,0.9557082646894484,0.0201096833980372,0.6591141905292486,0.4113227013888854,0.4727493010657001,1.0,0.19826175828686893,0.2637204201508532,0.2537515005003387,0.023958506760426428,0.9815797924709143,0.20682265092963828,0.818385088204626,0.9751360527387969,0.8664942751059028,0.9584993410124358,0.9481937297122591,0.16308054830680727,0.5375494264099314,0.632539374608718,0.025233368533582566,0.9844502995394516,0.00563697051296048,0.10598175710143906,0.5181746652212,0.5289553336761755,0.23929512616977228,0.9954904258787789,0.9579380085645459,0.4629690095939291,0.1336015380962951,0.5335043020886563,0.20639489948171746,0.845829267703359,0.5235355042383266,0.11609007390056436,0.1599398504453498,0.08461893179793432,0.08109599667154543,0.6231978217411718
rh_SPL_R_4_3_thickness,0.686335173942424,0.3928801660824037,0.3107969332152158,0.7782990026282615,0.4933303703494966,0.01016100212258424,0.04206131960143194,0.2640455848394876,0.0008917929266995443,0.0024064242923276936,0.5126629216945704,0.4055734160828995,0.00688216312049055,0.17397129041996295,0.08615563546756788,0.7038469085764192,0.007497916468185311,0.23475773575112333,0.8485372282119219,0.7050269592722491,0.49162282618031566,0.9029171957357834,0.0001033950863860894,0.780470751251696,0.9261141841111169,0.00018686334987178644,0.5486533441879403,0.6025074975317954,1.7497393107091174e-06,0.8833220220493034,0.4848524592812568,0.3034462234961403,0.7831582007814685,0.6318964382556503,6.979276012621449e-05,0.8634302810587396,0.5484963071403892,0.9267324622478685,0.9294667666066211,0.9322162626469532,0.06870020459575346,0.9267324622478685,0.509992236839542,0.7876672025659763,0.2198921819701573,0.060505940416251305,0.9181731038347056,0.7900113350459571,0.4781650669706801,0.4694098801488293,0.883739268722213,0.3051284654178374,0.9228270718649975,0.573778251403614,0.2329293630253027,0.31189015094667666,0.5461582400709901,0.03566857268865914,0.4849831896954579,0.7734116981521064,0.19826175828686893,1.0,0.9141804575004028,0.9079112585250597,0.5963460964893955,0.2604708903152769,0.8768688301994956,0.49501535673010927,0.27327237587186687,0.4416265708523376,0.3014132044469704,0.3167199454868384,0.9926343701399951,0.01491534415420529,0.02933698712330244,0.00010734260368431075,0.2541927214616202,0.3767364637409924,0.9026018265105288,0.7639615301976128,0.7517468977166732,0.8948034489288419,0.22274432469144753,0.3085029431909015,0.7864214958100915,0.9615869958073975,0.7548910766656038,0.8358846259747513,0.4242159511012477,0.7905291039926057,0.8991124480187945,0.9492444179497597,0.8535092081895121,0.8926303058569265,0.3861951587135347
rh_SPL_R_4_4_thickness,0.8490062362170143,0.4641345506677179,0.37636932170856274,0.9174687488446281,0.5912443703104117,0.01126669541861064,0.03408076954911346,0.3184803450451924,0.0011335575439937956,0.002929310050924224,0.6092249757516995,0.47937243579244104,0.00810510025114131,0.20167062914284362,0.09826744070743973,0.8369057643382467,0.008817054493862865,0.27384197273272765,0.9574066482046176,0.49269965998174403,0.32231525591641746,0.992578968525401,0.00017408502556321312,0.7532393236384185,0.990532719877756,9.758106600600799e-05,0.6584748934328355,0.49466309166621364,1.242809978849641e-05,0.9815797924709142,0.5825485006827337,0.35365065399387996,0.9164949746586496,0.5257062884376854,0.00013243536666660818,0.9765264425765001,0.6499743254518932,0.9993908826464417,0.9987976892593808,0.9970879703099088,0.0993064440901598,0.9993908826464417,0.6086547112696652,0.9271795193331882,0.2747727107827561,0.09357741047800366,0.9984684415687397,0.9375991150703398,0.5792732747569896,0.5669672800832524,0.9888391644787065,0.3551728172867497,0.998360176653583,0.45911633542303426,0.2856907683041775,0.3613188471481146,0.4257056515558931,0.03832006578344044,0.31399161822801386,0.9163005329015168,0.2637204201508532,0.9141804575004028,1.0,0.9991761881761576,0.4881220278726147,0.30926759858005803,0.9767340593394145,0.5929853075338091,0.32046386717649733,0.539699385068514,0.34561688545518265,0.3596197732035981,0.9234894072483016,0.024893644143697023,0.03410389248683081,5.9787063027670657e-05,0.30383197708119386,0.24460327667853632,0.8880265920409947,0.8843515267247033,0.8768824368694157,0.9944573887172494,0.2771479132646525,0.35823446849131463,0.9238421239987075,0.9257736196951067,0.8718157417706572,0.9568290448829391,0.5447215268594877,0.8087182762579204,0.9033443112624265,0.7821599558032495,0.8316905901186389,0.8324128538732902,0.34367459331669475
rh_IPL_R_6_1_thickness,0.8438199595290456,0.4474775208000415,0.3617884850128213,0.908012335565952,0.573877380749479,0.010428317981550183,0.03067780124961017,0.3051694419028653,0.0010556699353160702,0.0027231570297759212,0.5918436472848501,0.46253673717961385,0.007534891936301878,0.19140997520143851,0.09241573466240416,0.823613539430589,0.008198099117728242,0.26116859316385177,0.9677924616871089,0.4756085277038911,0.3191473289306349,0.9964975094730895,0.00016512682770894932,0.7702404482166351,0.9842635209024131,7.958359789957286e-05,0.641077130862036,0.48693928150550253,1.232963259874792e-05,0.9883042458304083,0.5652443422584343,0.33875904101056276,0.9061091611761585,0.5426691207498492,0.000126485567903489,0.9842896857812704,0.6330395844286769,0.9980736308965499,0.9964975094730895,0.993490522518377,0.0951233883201903,0.9980736308965499,0.5912443703104117,0.9184140953629012,0.2633369885157446,0.09001087705025863,0.9994568365073188,0.9310257797349653,0.5621722450176058,0.5498414634571704,0.9940254411666751,0.3402204652197988,0.995246983726872,0.4741289312417862,0.27359609176888616,0.3461285922197097,0.43915566573339376,0.035585945770763905,0.31097360658232004,0.9073951881796638,0.2537515005003387,0.9079112585250597,0.9991761881761576,1.0,0.5037076102662701,0.2958870083527243,0.9843510393863579,0.5756089778186393,0.30653603546213953,0.5230806283043977,0.33060428963643074,0.3440889289392788,0.9220079142762297,0.023869623882965235,0.0318762313778745,4.946169552029975e-05,0.29073162226194393,0.25471788243953286,0.8992940575775406,0.8707581752898718,0.8634886382502311,0.9978937512174586,0.26556531533314776,0.34316213426109454,0.9145221616986063,0.9306457033155462,0.8573848514241796,0.9673438166242747,0.5317626859383687,0.7913091139615104,0.9146117767989723,0.7758907568279065,0.8462083311233577,0.844161337925609,0.3262991451226456
rh_IPL_R_6_2_thickness,0.2436634030173555,0.05254818885088801,0.037677907189165936,0.27498187915175104,0.0883880580394452,0.00019933592786893525,0.0006050758326236747,0.027898776349385927,1.1441971823376868e-05,3.732230351772097e-05,0.09122274484595178,0.05589452817069156,0.00013657680440173014,0.012424262067277753,0.004096308448031348,0.20110123884568823,0.00015239824418642104,0.02050470785521717,0.6243759139515989,0.46945844179091756,0.5002636346633446,0.548702628732115,1.2565306985645544e-06,0.9007827321168127,0.4428152501892927,1.7545677514440997e-07,0.11895385151060833,0.45316804502774344,6.209589410060279e-08,0.5792732747569895,0.08651001001260605,0.03151527453624771,0.2733177513717339,0.9910931722835068,9.339746718148054e-07,0.5770304318587836,0.10398450655550315,0.49758452453613666,0.48861232082961104,0.47699794209248475,0.005460812768813474,0.49758452453613666,0.09247880931239619,0.28704054220151154,0.02307298023113803,0.005327200108153486,0.5193243696327323,0.3056713787928647,0.08902020398264389,0.08339296505182808,0.5481433125190505,0.03168885097247461,0.4703929895441644,0.9986412695278597,0.02386962388296526,0.032407517173514304,0.9900242304070064,0.0010038556370839708,0.5002526322035613,0.274772710782756,0.023958506760426428,0.5963460964893955,0.4881220278726147,0.5037076102662701,1.0,0.025830866236809625,0.5908846695314944,0.0887767364594105,0.02688480825852036,0.07861931444326738,0.029566557122062485,0.03126331978083015,0.6386925246183677,0.0008139911172137568,0.0009326422802151548,1.1549457225835378e-07,0.025348368448009622,0.8880265920409944,0.7659263295635783,0.24539660455903822,0.23611939349284375,0.529681354058518,0.023240516500748043,0.03204325814300376,0.28234874116437153,0.6904442894379356,0.23721297231549648,0.6118203682879144,0.12223857633953973,0.3255653319237401,0.7489451512443998,0.644956791684004,0.8313741513407975,0.8107341225523096,0.03587394498539487
rh_IPL_R_6_3_thickness,0.5838116007838027,0.9574038741951938,0.9906152971563578,0.5317935681487906,0.8794366901799986,0.34266452489047095,0.5384333250193163,0.9995033054855798,0.09800141731241596,0.16870678920845633,0.8650138824900019,0.949648900394948,0.29014511069693927,0.967293235049273,0.8240835342091621,0.6429614265333886,0.30277455965751554,0.9967657375994621,0.21761096514390355,0.3995570655838605,0.3381420425023759,0.2617918418120872,0.030599575067308378,0.07662827207741832,0.35721715092365225,0.019902642323695093,0.8235124028570695,0.5041642347520009,0.004882441574902738,0.24200156988006477,0.8856292047323238,0.9951224907128349,0.5358483668263412,0.028790513969739584,0.025466335484984934,0.24582345256769567,0.8297877006909569,0.30278102318153416,0.3112582456564512,0.3229234377456476,0.8084123835947311,0.30278102318153416,0.8662472287532657,0.5156882574276889,0.9940254411666751,0.7846179596560652,0.283952528522076,0.4913023405033481,0.886383434872301,0.896043056921243,0.2633369885157445,0.9947384942561222,0.326733954592382,0.022598602431841943,0.9973357718225282,0.9930426740236712,0.020448737894581,0.5929853075338094,0.33009210506601816,0.5313416231478132,0.9815797924709143,0.2604708903152769,0.30926759858005803,0.2958870083527243,0.025830866236809625,1.0,0.23500979898062002,0.8781649667327673,0.9994726039512067,0.9120222649465406,0.9948733929178746,0.9905591490553043,0.2156633802817774,0.47606354208639723,0.5652443422584347,0.015058054865825756,0.9998680988032032,0.006064755370892549,0.13059265457661073,0.5842165290768364,0.5947265714736273,0.27595665385404,0.9948733929178748,0.9939224700689514,0.5223522368120919,0.17244254007737067,0.6003723434754787,0.22760899711124966,0.845571095581326,0.5844171113311156,0.14002505220423772,0.22530205331356667,0.10164785256083846,0.10626255553807708,0.7121097667572118
rh_IPL_R_6_4_thickness,0.7899718166839125,0.3675264969201557,0.2936822785038686,0.8422894552729319,0.4868916586605937,0.007187206828596796,0.018900961955188027,0.24413772200466588,0.0007334841111578985,0.001892292329344565,0.5030093355406275,0.38123767730632263,0.0052654559902130405,0.14678016252301573,0.06814137747745092,0.7432391227637976,0.005734564577814806,0.20450994050057886,0.9967083358891933,0.4126893371068051,0.3245586207997393,0.9952691841421308,0.00011914906643919622,0.8498562558323491,0.9409298049676377,3.3303705848922e-05,0.5538209676648687,0.47271318547251706,9.614553822828592e-06,0.9996990424755081,0.4790574130860036,0.2703011329368652,0.8376789083570193,0.6324087572769359,9.266980592026069e-05,0.9993314446479777,0.5433376490485351,0.9747968848139408,0.9692859110606771,0.9611847804585534,0.07533961556343571,0.9747968848139408,0.5029414082607637,0.8554991270383892,0.2108914809771571,0.0723399915105473,0.9856612383499714,0.8759533930568165,0.4777961151162694,0.46530745597073275,0.997259572416067,0.27146308385536966,0.9639234125648668,0.559620393699906,0.2183614075811069,0.27618419338461747,0.5194210881285145,0.024915648880427313,0.31688546795035843,0.8432457042648143,0.20682265092963828,0.8768688301994956,0.9767340593394145,0.9843510393863579,0.5908846695314944,0.23500979898062002,1.0,0.4884743533058332,0.24315976789980925,0.4420841486270941,0.2620379772291625,0.27289046425464913,0.9094544049660376,0.01866016878041304,0.022865379240787145,2.2310313749309815e-05,0.23110949761314414,0.31862636083277146,0.9430559500525568,0.7923739024237535,0.7849258363373067,0.9933912623652834,0.21250342695230706,0.27380899090272104,0.8496902678361803,0.9442067996177067,0.7766846297653001,0.9957168716946829,0.4704398938905308,0.7179594988064809,0.9570759179105179,0.7482056255269941,0.9085565531856695,0.8931609307577484,0.25034492567866906
rh_IPL_R_6_5_thickness,0.8350650739864718,0.9757403475864682,0.9315508276283029,0.826159037558871,0.9999917551556168,0.1427681868283579,0.27562789935109383,0.8865166398284717,0.028815650054197988,0.05680476038756534,0.9978836479490628,0.9808899274098068,0.11447498873147645,0.7448973691510821,0.5270413360559731,0.9093333484545957,0.12112432929360661,0.8412723907244444,0.4591628559467481,0.508303181471403,0.2359744026190782,0.5290741331218951,0.0070910594507651754,0.21220688440219312,0.6484836910082131,0.004364061190230396,0.9899761692991801,0.45381068397470103,0.0008635974407475433,0.4993161083022135,0.9997032712377975,0.914522161698606,0.8309015725290447,0.09821456916385561,0.005723312682265962,0.5024364962190975,0.9893603065537118,0.5842165290768371,0.5946616146388366,0.6085437119012218,0.5193243696327328,0.5842165290768371,0.999332607907679,0.8121845485501047,0.8401364368750641,0.497584524536137,0.5598842841186504,0.7875904061946855,0.9973588325691607,0.9981483318821021,0.529681354058518,0.9155152335345778,0.6142255768201783,0.07954742199975387,0.8535409888214995,0.9193532930953557,0.07228831281098154,0.30926759858005826,0.22734109192072058,0.8245365353620413,0.818385088204626,0.49501535673010927,0.5929853075338091,0.5756089778186393,0.0887767364594105,0.8781649667327673,0.4884743533058332,1.0,0.8880265920409943,0.9921390885591221,0.9064288704037344,0.9146317552318883,0.4433681325587501,0.22991952212083033,0.2881968077187066,0.0030872509994068677,0.8729711719943862,0.026884808258520347,0.32046386717649755,0.869941618834851,0.8781649667327677,0.5481433125190505,0.8431708497704948,0.9174612924345786,0.8185314186891754,0.3880980001469656,0.8811722980728346,0.4719532998878272,0.9034084270985604,0.7944187985629669,0.3378679191001609,0.4159704939122282,0.2654744337781912,0.27210293549029896,0.6491060141590315
rh_IPL_R_6_6_thickness,0.5963241116850793,0.9641913159772872,0.9924557135099872,0.5453154995432619,0.8892077810892818,0.3316842388015663,0.5245612886679595,0.9988441582376418,0.09410672562937578,0.1624208414986757,0.8761222364870374,0.9569960497350058,0.2805275736819767,0.9613163835830989,0.8120098018342382,0.6568910863730608,0.292866279438582,0.9949253212458326,0.224612235255872,0.4117524613815237,0.3242240615030028,0.27135096981558027,0.029450433768410153,0.0798639516646136,0.3700186364802422,0.018167103281746023,0.8336402069411285,0.49439314384271765,0.0048214226502308055,0.25050313359831533,0.8949343575383273,0.9976134132338039,0.549530346031025,0.030436415477385508,0.024570015534751397,0.25391502832872814,0.8422691809346965,0.31413638320084386,0.3229234377456476,0.3349819235318651,0.7948911394230284,0.31413638320084386,0.8768824368694154,0.5290741331218944,0.9900013092974351,0.7707959226838461,0.29454559183158957,0.5041815685903713,0.8946932561345327,0.9044560574436908,0.2724268037354046,0.9973588325691607,0.3386478273402034,0.023508387630462195,0.9944573887172495,0.9961779691055825,0.021078421772295755,0.5790763253032696,0.31616244522634596,0.5447561047632752,0.9751360527387969,0.27327237587186687,0.32046386717649733,0.30653603546213953,0.02688480825852036,0.9994726039512067,0.24315976789980925,0.8880265920409943,1.0,0.9186957757306367,0.9976228889582068,0.9944573887172494,0.2270711781712648,0.46439834999720087,0.5515425230407605,0.013806785536364056,0.9988141411087299,0.006358094425251348,0.1372049598092229,0.598138834434851,0.6086547112696649,0.2856907683041773,0.9911014272633127,0.9968008531742302,0.5358483668263412,0.18164993552697903,0.6142213393739864,0.2345542012083135,0.84425443017466,0.5948028285310212,0.14663735743684986,0.23810353887015662,0.10665834009197848,0.11265651787791559,0.7232687825234566
rh_PCun_R_4_1_thickness,0.7813594819659508,0.98309773260209,0.9579772645580021,0.7750016371173428,0.9926343701399951,0.17002927745894647,0.3244508136062104,0.9207586161252289,0.03553076581033429,0.06917379809338914,0.9825899431903136,0.9857198057297296,0.13672197249234913,0.7921206410554787,0.5807992963290616,0.8648727501963872,0.14437900706279966,0.8788299466765623,0.41675537402902396,0.4854542327352474,0.2837974447936869,0.47874700458724756,0.008638993130960127,0.1875068344064581,0.5950949051304415,0.006882066335388809,0.9806095170597446,0.5066957083378163,0.0009184568378020741,0.4518410927197978,0.9948733929178748,0.9387303016669166,0.7808583834010793,0.0836333919368665,0.006881425142614221,0.456232708120351,0.9642575935155151,0.530763008132447,0.5409598978966619,0.5546990584827252,0.5706911498792331,0.530763008132447,0.9869806449509593,0.7603518121983566,0.8831858734860085,0.5470346973428986,0.5074478355247325,0.7343262665701222,0.997613413233804,0.9978937512174586,0.4805407129311696,0.9392725798749249,0.5604087220846301,0.07054803328079041,0.8938133130461456,0.9412850397853112,0.0656611358712699,0.35490312887202635,0.2744611270218393,0.7728308599932219,0.8664942751059028,0.4416265708523376,0.539699385068514,0.5230806283043977,0.07861931444326738,0.9120222649465406,0.4420841486270941,0.9921390885591221,0.9186957757306367,1.0,0.9297331392885022,0.9337624577178303,0.38986510764498716,0.2600496846416802,0.33060428963643074,0.004797835842558723,0.9083479911079859,0.02341335961301559,0.2795523462160875,0.8263162474598553,0.8339789342325749,0.4974082712894585,0.8856292047323238,0.9403102411707344,0.7672309348936184,0.33864782734020404,0.8402570034518575,0.4297569060161294,0.939525522722219,0.7835546918038759,0.29695639813975083,0.3625817080344565,0.23150405513305308,0.2320633831029565,0.6334869667334598
rh_PCun_R_4_2_thickness,0.6239581245666227,0.975485936649031,0.9928756878007388,0.5745848396393682,0.9073951881796638,0.3098381934592698,0.4949794129747962,0.9939689390472124,0.0868715143257556,0.15045247069672532,0.8975325254685265,0.9695600511062172,0.2616493643526234,0.9456007692758919,0.7849024939556503,0.6862871119942743,0.27336361786417496,0.9875908587207395,0.24100656833317302,0.43588990613136186,0.29469173958152783,0.29319701515787666,0.027410697602436047,0.08775817506407867,0.3981594650553457,0.01504416065302686,0.8526767290415329,0.4713846245137068,0.004720829987559653,0.2701305383622926,0.9120222649465408,0.9994321027898896,0.5789922109029801,0.03456104034457215,0.022991158549004756,0.27266828873215143,0.8671498670153097,0.33959999687732656,0.3489848112802809,0.3617862968368709,0.7655875563521235,0.33959999687732656,0.8971393080174312,0.5581542119070557,0.9781954845448195,0.7412195509450566,0.3185016149490107,0.5324550658694864,0.9094638863307793,0.9194651019554714,0.2932950733412132,0.9994568365073188,0.3651812799976705,0.025834289338815108,0.9849852181877496,0.9993908826464417,0.02270647183998146,0.5498414634571704,0.28670058035439083,0.573877380749479,0.9584993410124358,0.3014132044469704,0.34561688545518265,0.33060428963643074,0.029566557122062485,0.9948733929178746,0.2620379772291625,0.9064288704037344,0.9976228889582068,0.9297331392885022,1.0,0.999332607907679,0.25263664474068726,0.4410124029209934,0.5230806283043977,0.011579736115987102,0.9931138871736989,0.007132900334409148,0.15274633573826651,0.627442417505756,0.6380220172850716,0.30789839358772053,0.9798068065915688,0.9994568365073188,0.5650832286724402,0.2027642330969475,0.6431330350996224,0.2508259484605928,0.8380069129026507,0.6144576912227739,0.1621787333658935,0.26624436744526014,0.11862671089392884,0.12771655092844098,0.7448035820042769
rh_PCun_R_4_3_thickness,0.6390646639191244,0.9796579222901386,0.9911732765512882,0.5902410253538035,0.9154732864975034,0.2991171145372723,0.47941189209636453,0.9895128596273981,0.08356733958598075,0.14484242433674335,0.9075077250222736,0.9744389655216101,0.25251344948403964,0.9357375747745825,0.7699256138462178,0.701574530585017,0.2638983966863408,0.9818794995032658,0.250537822843235,0.4475253890038834,0.27922586861641474,0.3055802642263952,0.026523568141524116,0.09254505915186276,0.41346620609521373,0.013665798255226406,0.8612492453338223,0.45812730343321373,0.0046804669797709765,0.2813748155184929,0.9194651019554714,0.9984684415687397,0.5946616146388359,0.037130968346545515,0.022310126200507513,0.2834551137805952,0.8792504453198176,0.3537482257482313,0.3634081413108775,0.3765412497177685,0.7499236741377451,0.3537482257482313,0.9064288704037342,0.5737708290277843,0.9702429427512888,0.7256029338243282,0.33193180372309156,0.5478115848434524,0.9155841479698731,0.9257204945072395,0.30518055375490705,0.9986412695278597,0.3798168324251567,0.027312899508717972,0.9781954845448197,0.9991683525894994,0.023753194231990397,0.5346736962335601,0.2713204502115873,0.589503872390449,0.9481937297122591,0.3167199454868384,0.3596197732035981,0.3440889289392788,0.03126331978083015,0.9905591490553043,0.27289046425464913,0.9146317552318883,0.9944573887172494,0.9337624577178303,0.999332607907679,1.0,0.2668321966846693,0.4294453254180623,0.5084862219904229,0.01060829989452998,0.988234972758306,0.007641774635039412,0.1618166023917116,0.6426367634067658,0.6532795656864776,0.32046386717649733,0.9721076438375429,0.9989376853029087,0.5807334748427984,0.21477561833194347,0.6579854224886346,0.26029116963842697,0.832848469294488,0.6233925253914809,0.17124900001933857,0.28155110848512815,0.12572885650958515,0.13652512367294606,0.754853306246669
rh_PCun_R_4_4_thickness,0.6823964208366478,0.3410722911873759,0.263010902104984,0.7604691426460041,0.44162657085233764,0.006518190356646599,0.028620448468482503,0.21941929403314747,0.0005104906119292701,0.0014414509582472315,0.46231519232903473,0.35358092219391213,0.004349619958007468,0.13791578017230624,0.0641434110492464,0.6724010268305395,0.004761368305727341,0.19182445545166985,0.8879874353732442,0.6570195253540263,0.47903825859348265,0.925694800952059,5.554303742326164e-05,0.8325799377450156,0.918748554251112,9.325272675884685e-05,0.49719810969395406,0.5743203170463497,1.138895255950087e-06,0.9136017404103219,0.43292081753512096,0.2549419377926198,0.7621519574453124,0.6798302950361524,3.7528006917292176e-05,0.8963897274921451,0.5014247519361594,0.9345851288443632,0.9343872933604853,0.9332019232335942,0.05246248772623341,0.9345851288443632,0.4590222758932278,0.7721590247269817,0.18040346332776602,0.04647301261404477,0.9327417055708485,0.7816724045395743,0.42604660032717884,0.4172943258941509,0.9099519393329505,0.25648693964570213,0.9252903722872746,0.6141010177334028,0.191582739373623,0.2627220209402938,0.5813394500510518,0.024682513621641766,0.4729483159491434,0.7574359799283523,0.16308054830680727,0.9926343701399951,0.9234894072483016,0.9220079142762297,0.6386925246183677,0.2156633802817774,0.9094544049660376,0.4433681325587501,0.2270711781712648,0.38986510764498716,0.25263664474068726,0.2668321966846693,1.0,0.010518733918148563,0.020249599095851365,5.2480340048907976e-05,0.2101187156917369,0.40196892405296974,0.9441302543223623,0.7313759554310708,0.7199181356254784,0.9162556785850935,0.18283704885057656,0.2595935851949998,0.769052680329345,0.9869551356429032,0.7190533052691126,0.8756424694439587,0.38051702776274354,0.7392995199499581,0.940640875830628,0.9418787880897548,0.9020313885183666,0.9352662011286325,0.3359254954484793
rh_PoG_R_4_1_thickness,0.11967446727289528,0.3271195991863703,0.40119545389419076,0.07381241251948027,0.23078412270598767,0.9599822826358713,0.9177640568486987,0.4641771073231378,0.6444873407125997,0.7986695261027648,0.22552532368392472,0.31509348366841705,0.9333700836893095,0.6246847736699759,0.8232671636151203,0.1091339876715165,0.9416915069164309,0.5209718443741498,0.018038588999813032,0.05433692512524052,0.44711508923895243,0.02023245419568837,0.35465681399850735,0.003443527609452929,0.02926480182818072,0.3022505143205275,0.1846581844347034,0.31574264739204233,0.09272484004052015,0.019134019939013414,0.23521250793426984,0.42966769442642894,0.07254982806363296,0.0007462808754368439,0.3162152261497124,0.02091401691092321,0.2071442580629428,0.023154465014382557,0.02387832063472327,0.024947661933351305,0.8413285259633037,0.023154465014382557,0.22244959551688054,0.06962181964647528,0.5181746652212004,0.860890710044458,0.021697865312706767,0.06655337850853636,0.2339683147552189,0.2436318290123224,0.021781900258672052,0.4283399952477819,0.026129574844839923,0.0006854912548285562,0.5037076102662699,0.42309953623199703,0.0006699621721818738,0.9601179602771142,0.45184520762335784,0.07538533568309327,0.5375494264099314,0.01491534415420529,0.024893644143697023,0.023869623882965235,0.0008139911172137568,0.47606354208639723,0.01866016878041304,0.22991952212083033,0.46439834999720087,0.2600496846416802,0.4410124029209934,0.4294453254180623,0.010518733918148563,1.0,0.9756709713870947,0.26229978112494245,0.4820451763156941,0.00011151160269087374,0.005809902366226502,0.08134056276861394,0.08614722374703948,0.02252640989940023,0.5149264011776202,0.42570565155589324,0.07054803328079023,0.007694546322558369,0.08502959903229722,0.020125024933765254,0.2746833141808232,0.09104019636376054,0.006861813905457132,0.01211461170124821,0.004356931460863912,0.003668905429469186,0.5650528299189055
rh_PoG_R_4_2_thickness,0.13287079126781218,0.397287547751046,0.48546561412259814,0.0926480935592689,0.2894606264350207,0.9246664855053921,0.969545817391285,0.5535945411167194,0.5495090032883236,0.7128224143049959,0.2778599742680374,0.3833131479162043,0.8793970428482921,0.7196589022139019,0.9047647748059762,0.13600689387098663,0.8913950578079274,0.6123252456918904,0.021084999378890835,0.1005126866327299,0.49438450371377224,0.02630665411543816,0.28142943679268934,0.004170869441484698,0.043686444797277874,0.21859458734505327,0.24173925111457328,0.40709560466120853,0.07600407176983141,0.023753194231990443,0.2958870083527245,0.5123796639139594,0.09297680520325732,0.0009846423515195307,0.24956939102462367,0.025053409586729417,0.25145139766522384,0.03275301276125553,0.034292851376399716,0.03653496042786975,0.9055446597563868,0.03275301276125553,0.27714791326465255,0.08737700160999723,0.6121319310656805,0.9155841479698732,0.029591522542448997,0.08134056276861402,0.2986326366567409,0.30789839358772053,0.027167889520748594,0.5107315004917066,0.03726546485208075,0.0007802095844448284,0.5964680488513017,0.5041815685903721,0.0007243498035083924,0.9978937512174586,0.4960158877951937,0.09335290900675249,0.632539374608718,0.02933698712330244,0.03410389248683081,0.0318762313778745,0.0009326422802151548,0.5652443422584347,0.022865379240787145,0.2881968077187066,0.5515425230407605,0.33060428963643074,0.5230806283043977,0.5084862219904229,0.020249599095851365,0.9756709713870947,1.0,0.18683753310705453,0.5721473085378852,0.00012927943765525903,0.00852204266785335,0.10906736805570678,0.11330286164166074,0.028876963522618537,0.6086547112696652,0.5074478355247325,0.08916389598946549,0.013246122510068153,0.11541997043252179,0.023121593914229382,0.3652203839356216,0.1469279572514643,0.009573954207083978,0.02653625467034536,0.005944112840031541,0.006204769545505138,0.617125029830381
rh_PoG_R_4_3_thickness,0.0005027094483238141,0.005986384146273804,0.010528019687450844,0.00028845452714886606,0.0031296923806679393,0.35221598862468273,0.19814744948199386,0.014624357740215112,0.7426753889603076,0.5897994562623732,0.0026368670593987717,0.005491456054591593,0.41113982481104466,0.030282587215290674,0.07433892449608456,0.0005971553730381367,0.39655881354807354,0.018453321383801607,1.75114980982953e-05,0.0012200089452243995,0.0923929644611165,3.300024655238029e-05,0.9319140601607556,1.3515683372014208e-06,0.00011890943602561058,0.995246983726872,0.0025161159033243547,0.03300024257192572,0.8016930578411758,2.4575941887021103e-05,0.003353112869883033,0.011187555867064767,0.0003080544201049886,1.8587677034804838e-07,0.9405535690517605,2.4744585523819275e-05,0.002016345950721363,6.0897363016574e-05,6.889852603319673e-05,8.14435290565014e-05,0.08869838656584451,6.0897363016574e-05,0.0027364893430521543,0.0002580557301119121,0.020451491583616144,0.10065872637126178,4.606664185103385e-05,0.00021132015661351234,0.00372894909871072,0.0038060271606794073,3.12822708161486e-05,0.011069588830089412,7.835997862070957e-05,8.655315143866726e-08,0.018433638801300934,0.010614864525776823,6.755200337523086e-08,0.16889338978604723,0.09635129383901979,0.0002825838300734775,0.025233368533582566,0.00010734260368431075,5.9787063027670657e-05,4.946169552029975e-05,1.1549457225835378e-07,0.015058054865825756,2.2310313749309815e-05,0.0030872509994068677,0.013806785536364056,0.004797835842558723,0.011579736115987102,0.01060829989452998,5.2480340048907976e-05,0.26229978112494245,0.18683753310705453,1.0,0.015738170610322566,6.449580431295991e-09,6.8948449725994136e-06,0.00048766349266181737,0.0004919684014444232,3.729374068074242e-05,0.019982366311860674,0.010838840263188178,0.0002733152612220512,2.0328773435515123e-05,0.0005715488063016789,1.986686585979066e-05,0.011609434457176188,0.001999777103680585,7.364715420277318e-06,0.00010662889468291626,3.2324915513893344e-06,5.597036355253322e-06,0.06652903237356816
rh_PoG_R_4_4_thickness,0.5776884094826504,0.9536746492086847,0.9893048698609064,0.525114599650315,0.8742854224697878,0.34831612889686975,0.545329884207552,0.9994373516247026,0.10007453613070319,0.17201275983092873,0.859239769458974,0.9456503277684416,0.2951282896317972,0.9699234630120654,0.829926635874766,0.6360007602862594,0.30790142366788825,0.9972928206611018,0.2142774667195085,0.39328823223780607,0.34507903236488413,0.2571881104910139,0.03122500818794194,0.07511723810650367,0.3509389820699955,0.020840953949784812,0.818193846523779,0.5087697667088644,0.004916873710189798,0.23792665299980026,0.8806974919799813,0.993490522518377,0.5290741331218944,0.028031565709757664,0.02595599263954241,0.2419520980966411,0.823391414166299,0.29726343166440305,0.3055802642263952,0.3170401907397743,0.8150789481591201,0.29726343166440305,0.8606920710349563,0.5090875316735683,0.995657409361133,0.791477642571515,0.2788256645117032,0.48498208588183855,0.881924154445434,0.8915346062697562,0.25896862830765244,0.9930426740236712,0.3209264246532481,0.022183028792925406,0.9983866058311313,0.9910931722835068,0.02016263686075068,0.5999511874140786,0.33704630610598824,0.5247245971225347,0.9844502995394516,0.2541927214616202,0.30383197708119386,0.29073162226194393,0.025348368448009622,0.9998680988032032,0.23110949761314414,0.8729711719943862,0.9988141411087299,0.9083479911079859,0.9931138871736989,0.988234972758306,0.2101187156917369,0.4820451763156941,0.5721473085378852,0.015738170610322566,1.0,0.005932813144213639,0.12744988194948514,0.5772512736795823,0.5877639256586132,0.2712648528169,0.9963771822023221,0.992099451491697,0.5156882574276889,0.1680153202658558,0.5934181424355087,0.22430302648877729,0.8458348457817163,0.5789780783761497,0.13688227957711213,0.21902388445990992,0.09928449733860731,0.10322659066332243,0.7063123181878486
rh_INS_R_6_1_thickness,0.09880350604889497,0.014176937050173581,0.009529350149972506,0.11153343065479557,0.0267462887075689,2.2569538406932008e-05,8.477457199241884e-05,0.006653510131578513,9.261476022169072e-07,3.4506574678305216e-06,0.02773367678609498,0.015274240963792582,1.4740649563561626e-05,0.0025590527192322827,0.0007047155931954129,0.07446640120235948,1.6672584766671967e-05,0.0046131089777345195,0.3460909172765403,0.5133172330874832,0.43523072520390466,0.287040542201511,8.067638950275367e-08,0.6415304772264714,0.2179531647705507,1.0805924261264867e-08,0.039088792668129015,0.31376644305539064,2.99505379655298e-09,0.3095911488510322,0.026082964059093647,0.007683218094612056,0.11081779433120242,0.8547426248911434,5.822057797366041e-08,0.3076571304440775,0.032641601927015595,0.2527945014473653,0.2472032818403146,0.24014578909696366,0.0009931371271940448,0.2527945014473653,0.028224652710725724,0.11797981020232073,0.005333241951690332,0.0009690155914029398,0.26685344365751024,0.12815955042572733,0.027191923602634446,0.02500479590363806,0.28569076830417717,0.007734350395379291,0.23408052961413567,0.9093601618324552,0.005538582096322967,0.007947627234115188,0.931025779734965,0.00014087612534790074,0.4404461326037306,0.11139704521849135,0.00563697051296048,0.3767364637409924,0.24460327667853632,0.25471788243953286,0.8880265920409944,0.006064755370892549,0.31862636083277146,0.026884808258520347,0.006358094425251348,0.02341335961301559,0.007132900334409148,0.007641774635039412,0.40196892405296974,0.00011151160269087374,0.00012927943765525903,6.449580431295991e-09,0.005932813144213639,1.0,0.48812202787261444,0.09715678364944554,0.09204891271528651,0.27242680373540473,0.005375977922573988,0.007839213821108729,0.11549875710289548,0.4288352732038512,0.09335841224883576,0.3362958473523521,0.04354610899931288,0.16159643603376952,0.46642236653271335,0.503721685060234,0.5567235550017076,0.5545559377716103,0.011064327166835955
rh_INS_R_6_2_thickness,0.617220520944113,0.2267068424983644,0.16925596275602833,0.6695129050623636,0.31904106485847883,0.0023224534794788095,0.009249097064801688,0.13547673100658847,0.00016376824551359636,0.00048543624507717644,0.33503919121878434,0.2371976771091291,0.0015741346914678817,0.07529167277304158,0.030691452122972383,0.5591004631039087,0.0017360724200623792,0.11165055257315765,0.9477349737702955,0.49516575693195874,0.4478322707263654,0.927179519333188,1.950222402328235e-05,0.9553019940486771,0.8439561093173078,1.2258999089303681e-05,0.3758021304088,0.5248432089726229,1.015909267045825e-06,0.9392725798749251,0.31202642625055,0.15676420629600535,0.665627344083993,0.8089743122560906,1.4304159183729665e-05,0.9323306855682877,0.3718360400988432,0.894479330808762,0.8869485411243305,0.8763133330081809,0.03084453137748652,0.894479330808762,0.3335583996689653,0.6855111799251628,0.11139704521849149,0.028773453301975567,0.9104184589266489,0.7092473636366459,0.3095911488510325,0.29982794946117863,0.9230902665444471,0.15772842315546004,0.8726104384232084,0.7378082734300063,0.11727991108966043,0.16165771990417974,0.6961570905482519,0.009886372896679143,0.4421836123688803,0.6698518145149979,0.10598175710143906,0.9026018265105288,0.8880265920409947,0.8992940575775406,0.7659263295635783,0.13059265457661073,0.9430559500525568,0.32046386717649755,0.1372049598092229,0.2795523462160875,0.15274633573826651,0.1618166023917116,0.9441302543223623,0.005809902366226502,0.00852204266785335,6.8948449725994136e-06,0.12744988194948514,0.48812202787261444,1.0,0.6174627360816456,0.6069149673734813,0.9146317552318887,0.1126615365954958,0.15967856171408648,0.6789583954167389,0.983553300968411,0.6012940996971526,0.9375765680888357,0.30956864979467724,0.6150312403212881,0.9987102998044222,0.8393247077151489,0.9911885177521733,0.9899184668076435,0.1956087419922859
rh_INS_R_6_3_thickness,0.9359934627027244,0.7569927240358291,0.6652227199444039,0.989836149855621,0.8686808170348685,0.04384010431523207,0.10868183930427697,0.5958449417556481,0.006070306088365746,0.01385428330171736,0.8795225617535832,0.7715644063857579,0.03307425466817687,0.4329531131554024,0.2528377801470376,0.9888189006155743,0.03551302162010412,0.5374601528982206,0.7590295851326854,0.5356425094975203,0.2416078109784459,0.8324218386112074,0.0011399148902265356,0.46495313867506505,0.9199141603046666,0.0007515099756459164,0.9149575599769086,0.464053989759618,9.867489778224637e-05,0.8033527932258515,0.862215298849256,0.6380220172850712,0.9935775926719692,0.2666905157727975,0.0008849747967644213,0.8018957566091691,0.9031771692742382,0.8781649667327679,0.8856292047323242,0.8949343575383278,0.24956939102462417,0.8781649667327679,0.8807787331246263,0.9869806449509593,0.5375494264099312,0.2361193934928438,0.8592798536615467,0.9756709713870949,0.8592798536615461,0.8499361978898263,0.829796289656136,0.6397302333072006,0.8994265016278824,0.22570078522959391,0.5529741834524236,0.6465324712395459,0.2077863708096736,0.12038219154206367,0.23264432693096992,0.9870805275022441,0.5181746652212,0.7639615301976128,0.8843515267247033,0.8707581752898718,0.24539660455903822,0.5842165290768364,0.7923739024237535,0.869941618834851,0.598138834434851,0.8263162474598553,0.627442417505756,0.6426367634067658,0.7313759554310708,0.08134056276861394,0.10906736805570678,0.00048766349266181737,0.5772512736795823,0.09715678364944554,0.6174627360816456,1.0,0.9994321027898896,0.8471382248599008,0.5409598978966612,0.6431377325104042,0.9894279624587272,0.6904622105319709,0.9993319313033092,0.7675401895079389,0.7815276259192727,0.8980926962959095,0.6391842623926265,0.63471038693652,0.5451702497397704,0.5502761377827783,0.5151226498013028
rh_CG_R_5_1_thickness,0.9452984507387518,0.767346808684259,0.6756174579231922,0.9909957189348417,0.8768824368694159,0.045861735349789184,0.11022194505755882,0.6063907876035433,0.0065342846335461145,0.01474910840797523,0.8885464111747616,0.7818390894958005,0.034825863620426514,0.4424481702087535,0.2599459113985435,0.9931749904006504,0.03736272778014228,0.5477230741667773,0.7517445254993198,0.5283795536506348,0.22873524113364174,0.8247731983159314,0.0012686746738616902,0.4541072808229122,0.9114432817847662,0.000746583772038461,0.9198505202116856,0.44719458835503484,0.00011802390030260404,0.7959124110795424,0.8703117747800759,0.6486262195057761,0.9939224700689514,0.25832802103871866,0.0009935763410930537,0.7952193433734707,0.9125520763060415,0.8699416188348512,0.8772707188958644,0.8863834348723012,0.2586450141085136,0.8699416188348512,0.8892077810892823,0.9877000541100079,0.5481433125190505,0.24539660455903822,0.8513391672174017,0.9768333194925081,0.8664942751059032,0.8578585121394624,0.8229404216952352,0.6503399254932496,0.8914805750871195,0.2167325501911856,0.5635234426618544,0.6571666650089598,0.19850189010661273,0.12441391707473072,0.22004697323693484,0.9888391644787065,0.5289553336761755,0.7517468977166732,0.8768824368694157,0.8634886382502311,0.23611939349284375,0.5947265714736273,0.7849258363373067,0.8781649667327677,0.6086547112696649,0.8339789342325749,0.6380220172850716,0.6532795656864776,0.7199181356254784,0.08614722374703948,0.11330286164166074,0.0004919684014444232,0.5877639256586132,0.09204891271528651,0.6069149673734813,0.9994321027898896,1.0,0.8401364368750641,0.55154252304076,0.6537591658057562,0.9900242304070063,0.6796222303171264,0.9985057853883403,0.760961229185436,0.7824265968646076,0.8856292047323238,0.6287002427190204,0.6254787340148864,0.5346067970948147,0.5402761091048012,0.5184551583413963
rh_CG_R_5_2_thickness,0.8323490331911454,0.4217281061901742,0.3398318783398852,0.8901917916440243,0.5464481625003152,0.009335271123927583,0.026019835165623506,0.285354662240228,0.0009600566391000196,0.0024643188725367157,0.5640284093506045,0.43641930242425153,0.006799704656168944,0.1764977844928213,0.08420310526168032,0.8003982432796544,0.00739821414954556,0.24240243702435027,0.981583350759284,0.4478598074259221,0.31482381503837353,0.9993908826464417,0.00015459785071957914,0.7965907770983747,0.9711557113061953,5.8148706880591374e-05,0.6135116658155757,0.47592940107312665,1.2222095717121758e-05,0.995842263554024,0.5380205916462888,0.316264442102378,0.8869485411243307,0.5702930330922646,0.00011954451647398529,0.9935773283732783,0.6054113059736346,0.992578968525401,0.989466390649137,0.9844502995394515,0.08934650013523544,0.992578968525401,0.5635234426618544,0.9016007105246717,0.24656791352034363,0.08511941473744455,0.9976134132338039,0.9174612924345789,0.5354698646541161,0.5230806283043977,0.9990033602170378,0.31761992380961046,0.9869542157734111,0.4993161083022136,0.25576955531003953,0.32311031459802064,0.4620704454555686,0.03187623137787449,0.306862732089429,0.8903771551179864,0.23929512616977228,0.8948034489288419,0.9944573887172494,0.9978937512174586,0.529681354058518,0.27595665385404,0.9933912623652834,0.5481433125190505,0.2856907683041773,0.4974082712894585,0.30789839358772053,0.32046386717649733,0.9162556785850935,0.02252640989940023,0.028876963522618537,3.729374068074242e-05,0.2712648528169,0.27242680373540473,0.9146317552318887,0.8471382248599008,0.8401364368750641,1.0,0.24856161492311774,0.3203514869275289,0.8968998009721697,0.9351049183053504,0.8326611231033606,0.9813597893000832,0.5125288611816984,0.7636584434674223,0.9299494744533205,0.7627829472316887,0.8674635177409986,0.8603513935534545,0.29847728682428876
rh_CG_R_5_3_thickness,0.5471480700867914,0.930692687582868,0.9782647435215792,0.4911812477919604,0.8446765206362284,0.37963778934938053,0.5807428415328002,0.9947849632343831,0.11243373832634042,0.1912131612367693,0.8268855557517606,0.9213849967239811,0.32314670806280343,0.9796437886840516,0.8581235547152612,0.59981758245675,0.33664298015568883,0.9957378813054063,0.1985365793515324,0.35888107758763854,0.3809027341265192,0.2349470056476316,0.03513933071078503,0.06825189599135867,0.3194905852998229,0.026628247392817297,0.7878349325568997,0.5295882088946071,0.0051503235848519725,0.21842693882617537,0.8520843991084343,0.980825134950476,0.4944931253595936,0.02466861670274969,0.029045801217205784,0.22349365312559935,0.7884862639331913,0.2701305383622926,0.27756184579538906,0.287872298580244,0.8486740564245335,0.2701305383622926,0.8292872918343056,0.47566262593044695,0.9999670214381877,0.8265629124465201,0.25381251072102967,0.4532833909107645,0.8554913556081358,0.8648727418251096,0.2379545150568241,0.9800558087256415,0.2921848681654476,0.02037548902219686,0.9995961624669092,0.9768333194925081,0.01893116511537816,0.6363109929946947,0.3730905628973612,0.4911950993649935,0.9954904258787789,0.22274432469144753,0.2771479132646525,0.26556531533314776,0.023240516500748043,0.9948733929178748,0.21250342695230706,0.8431708497704948,0.9911014272633127,0.8856292047323238,0.9798068065915688,0.9721076438375429,0.18283704885057656,0.5149264011776202,0.6086547112696652,0.019982366311860674,0.9963771822023221,0.005375977922573988,0.1126615365954958,0.5409598978966612,0.55154252304076,0.24856161492311774,1.0,0.9784734480732775,0.4818536501365446,0.14669543829931758,0.5569220405546311,0.2086999709847538,0.8429002524649162,0.5480842707836147,0.12209393422312277,0.18757548768973728,0.0883313273950139,0.08896922474751705,0.6738581258551438
rh_CG_R_5_4_thickness,0.6382146840503082,0.9811671230603167,0.9959894418998787,0.5903416861153314,0.9184140953629008,0.2969155065360528,0.4806466337532335,0.9940243839727498,0.08105939716169235,0.14192117672869925,0.9082351647878881,0.975826877802628,0.24968553488933387,0.9380926669801144,0.7711809976415003,0.7016482225494943,0.2611122418969609,0.9842293093362288,0.25267274041363424,0.43779490178066355,0.2953276090855799,0.30518055375490705,0.024956415682647566,0.09331652094129705,0.4108337477847821,0.01423792100641498,0.8662754556181285,0.47534627204161184,0.00411567853751919,0.28198593173889774,0.9229722661878423,0.9999258012947396,0.594726571473627,0.03691028631507398,0.02083293958650728,0.28493126927134416,0.8783403378180277,0.3517855276290084,0.36120246784883797,0.37404310323419504,0.7537832598615577,0.3517855276290084,0.9082891128887265,0.5738773807494784,0.9768333194925081,0.7294141623182084,0.33060428963643074,0.54814331251905,0.9209596754800502,0.9302858637308244,0.3056713787928644,0.9999670214381877,0.37777437207918324,0.028067206214336934,0.9837550314316634,0.9999670214381877,0.024893644143697023,0.5341502158882222,0.287229612060389,0.5896379103171945,0.9579380085645459,0.3085029431909015,0.35823446849131463,0.34316213426109454,0.03204325814300376,0.9939224700689514,0.27380899090272104,0.9174612924345786,0.9968008531742302,0.9403102411707344,0.9994568365073188,0.9989376853029087,0.2595935851949998,0.42570565155589324,0.5074478355247325,0.010838840263188178,0.992099451491697,0.007839213821108729,0.15967856171408648,0.6431377325104042,0.6537591658057562,0.3203514869275289,0.9784734480732775,1.0,0.5808118631368655,0.20993038848058188,0.6587972785079381,0.26294201851402893,0.8511267277473118,0.6265870256695769,0.16978687851321178,0.2701810353493824,0.12478986425249991,0.13293090608824099,0.7319826928022961
rh_CG_R_5_5_thickness,0.9622269744517282,0.6980852858924332,0.6027486610659626,0.9998265957138025,0.8169542277413898,0.034658335493137016,0.08130729961215637,0.534050589137906,0.004822276566280311,0.010989805800571396,0.8333839522282056,0.7136163582297262,0.026374334161478198,0.3769537195098858,0.21272897941380925,0.9799945265841472,0.028345749338026048,0.4764538755221165,0.8197649187538225,0.496151912223516,0.21564246182370078,0.8831858734860092,0.0009508022727237265,0.522607347427885,0.9423741259171452,0.0004021833307569319,0.8645232676556361,0.4161804091947707,9.535227764951172e-05,0.8592798536615467,0.8089743122560903,0.5756089778186388,0.9994726039512067,0.3120264262505502,0.0007532649309925046,0.8594273530428691,0.8659628063059532,0.9163005329015173,0.9209596754800505,0.9263400211150038,0.21777559378225,0.9163005329015173,0.8324149766253647,0.9998680988032032,0.47874700458724684,0.20778637080967333,0.9034497486542518,0.9970324281213876,0.8033527932258508,0.7942569707590743,0.8830372762493017,0.5773419946365489,0.9323275746026751,0.2600496846416807,0.492895233458152,0.5842861297230926,0.23611939349284405,0.09712360116627798,0.20759831780988514,0.9993908826464417,0.4629690095939291,0.7864214958100915,0.9238421239987075,0.9145221616986063,0.28234874116437153,0.5223522368120919,0.8496902678361803,0.8185314186891754,0.5358483668263412,0.7672309348936184,0.5650832286724402,0.5807334748427984,0.769052680329345,0.07054803328079023,0.08916389598946549,0.0002733152612220512,0.5156882574276889,0.11549875710289548,0.6789583954167389,0.9894279624587272,0.9900242304070063,0.8968998009721697,0.4818536501365446,0.5808118631368655,1.0,0.7431110053914749,0.9835790535415894,0.8283978241326113,0.720136460805447,0.8486740564245332,0.7006799217277198,0.6571703525489987,0.6074607173482804,0.6121068301951018,0.4692418949600819
rh_MVOcC_R_5_1_thickness,0.6697359725598742,0.28669872022540327,0.21662849509743298,0.7340124034408312,0.3864338584504358,0.003896479181557268,0.01710396610192869,0.17691483742343417,0.0002785330030971666,0.0008177832284915871,0.4060098144518449,0.2986283302297565,0.0025951943538115416,0.10457989404260454,0.04530046404087634,0.6317624206398518,0.0028545195552315775,0.15049835136380757,0.9341990248549776,0.5742035669626198,0.457369356174708,0.9457002149526206,3.0418438457239018e-05,0.8952877797183819,0.9003523546717341,3.668246344222563e-05,0.4437508970580271,0.5461448369555695,1.061582207224417e-06,0.9448110848235529,0.37817286360702,0.2060318560525054,0.7323945306618456,0.7350314861610273,2.1260799430274308e-05,0.9325696164975816,0.4460211352541449,0.9342319164731292,0.9302868937947845,0.9241924282596427,0.04038024847037418,0.9342319164731292,0.40323554782167315,0.748219280816717,0.14483173980104705,0.03659830080375995,0.9412703566192434,0.7657447974705474,0.37296597311048807,0.3635784572930452,0.9357393318358591,0.20732427315668567,0.9186957757306371,0.6631053382757517,0.1534451382645668,0.21256473217247052,0.6247360213082249,0.01589617378506637,0.45140140103037396,0.7329324485712467,0.1336015380962951,0.9615869958073975,0.9257736196951067,0.9306457033155462,0.6904442894379356,0.17244254007737067,0.9442067996177067,0.3880980001469656,0.18164993552697903,0.33864782734020404,0.2027642330969475,0.21477561833194347,0.9869551356429032,0.007694546322558369,0.013246122510068153,2.0328773435515123e-05,0.1680153202658558,0.4288352732038512,0.983553300968411,0.6904622105319709,0.6796222303171264,0.9351049183053504,0.14669543829931758,0.20993038848058188,0.7431110053914749,1.0,0.6753418893420461,0.9231526345267361,0.347762150483146,0.6841240128252257,0.9818952879485139,0.9003523546717338,0.9539146687262279,0.9716264344155805,0.26890727755529126
rh_MVOcC_R_5_2_thickness,0.9268642920648403,0.7709514199280485,0.681112814391907,0.984145251592222,0.8800148469210648,0.04693842223962232,0.11702026205912389,0.612007303780305,0.0065417637750870075,0.014892204402879451,0.8891034644091467,0.7851472795061352,0.03538710156445615,0.44837646876024023,0.264673277501852,0.9878770879237477,0.037976895875068736,0.5536014382623482,0.743004557771511,0.5426232386901344,0.24904693650115545,0.8177453583797487,0.001218375135687534,0.4511378009460012,0.9109903786012902,0.0008854895634190245,0.9257555926819249,0.47687602535857443,0.00010077164760091593,0.7878553161843034,0.8740509183569252,0.6537781029307911,0.9888384878743366,0.25644265298720587,0.0009408697399110106,0.7862072356363524,0.9101023631373029,0.8658762630633632,0.8739144567798852,0.8840422608639442,0.25935511072582323,0.8658762630633632,0.8910354925741442,0.9805900507695696,0.5534704551452798,0.24498975909670712,0.845803364340335,0.9673434043185958,0.8720166765618993,0.8626088637974646,0.8147335453123302,0.6554552955526008,0.8882381219270201,0.21815196893289862,0.5690516757447615,0.6621218601169898,0.20162757762465205,0.1276742107981158,0.2398403285380974,0.9808624787700766,0.5335043020886563,0.7548910766656038,0.8718157417706572,0.8573848514241796,0.23721297231549648,0.6003723434754787,0.7766846297653001,0.8811722980728346,0.6142213393739864,0.8402570034518575,0.6431330350996224,0.6579854224886346,0.7190533052691126,0.08502959903229722,0.11541997043252179,0.0005715488063016789,0.5934181424355087,0.09335841224883576,0.6012940996971526,0.9993319313033092,0.9985057853883403,0.8326611231033606,0.5569220405546311,0.6587972785079381,0.9835790535415894,0.6753418893420461,1.0,0.751535835818458,0.797370389803072,0.9079437100419374,0.6230195485552652,0.6257396909316619,0.5295045452764401,0.5341366485131281,0.5244041473181802
rh_MVOcC_R_5_3_thickness,0.7778698620839954,0.3537434829455028,0.28523070838234543,0.8212838512909633,0.47049187567859113,0.007387233172233014,0.016684867450812442,0.23736351488595428,0.000812451959895457,0.0020426179791368363,0.4847524086029955,0.3669156667727048,0.0055245398409276315,0.1423091172178084,0.06683795559454819,0.7214815339909686,0.006003303182363643,0.1974814764875082,0.9994364489475536,0.36574232880360635,0.305882769356551,0.9830207866191222,0.0001401111323372636,0.8641979617285265,0.9124822841647401,2.6683243274117724e-05,0.536630854166964,0.45140497675464714,1.2148233145237731e-05,0.993466497639838,0.46328059019199663,0.25989679242557606,0.8152943439671643,0.6522720847000458,0.00011023600209176074,0.9967128877538804,0.5233538258114021,0.952870614386222,0.9457492346703125,0.9356214305862535,0.07763784524320147,0.952870614386222,0.4853834886619084,0.8348180354250007,0.2073619608660248,0.07538378709123009,0.9677648785202,0.8579456500790137,0.4633818193941704,0.45071511660321995,0.9888389001800154,0.2609045685270823,0.9400279392487284,0.5804233644788033,0.21358148376444933,0.2650087208344397,0.5389431910955818,0.024618629217842792,0.2983829508394516,0.8231718324517404,0.20639489948171746,0.8358846259747513,0.9568290448829391,0.9673438166242747,0.6118203682879144,0.22760899711124966,0.9957168716946829,0.4719532998878272,0.2345542012083135,0.4297569060161294,0.2508259484605928,0.26029116963842697,0.8756424694439587,0.020125024933765254,0.023121593914229382,1.986686585979066e-05,0.22430302648877729,0.3362958473523521,0.9375765680888357,0.7675401895079389,0.760961229185436,0.9813597893000832,0.2086999709847538,0.26294201851402893,0.8283978241326113,0.9231526345267361,0.751535835818458,1.0,0.46629360666162123,0.6858249213073089,0.952919674967061,0.70380372052014,0.912209527161376,0.8862235244314025,0.2188206593991252
rh_MVOcC_R_5_4_thickness,0.682176135893803,0.8833099873479289,0.8882562159255482,0.7243452192452742,0.904743235508073,0.2076335473156506,0.3863551267770084,0.858691803801785,0.049196879671742744,0.0909930814308081,0.8767435563654284,0.8841942353052552,0.16854935013877914,0.7537991389919325,0.5878075074552254,0.7878290558045303,0.17692650693354214,0.8162086223214744,0.454125929152571,0.4239889078069295,0.44760365357261694,0.4963959514092889,0.012032718619940807,0.24038461642823342,0.5910073769140342,0.016704867673117015,0.9229886672998471,0.6841293857728873,0.0006557979039209527,0.47739854959648476,0.9112616190512521,0.8526125239892057,0.7334630853291731,0.11795642236984497,0.009237499244199492,0.4836622246998351,0.8468675172265796,0.5360111898310482,0.5442466211809928,0.5556019812003025,0.5776802451525953,0.5360111898310482,0.8909551644579466,0.7135692860214213,0.8422450065458507,0.554186296370997,0.5177708190767712,0.689610447028033,0.9305314033357888,0.9223044334077666,0.5003944456814112,0.852133006955502,0.5612362852898878,0.11227362178951851,0.8446819654522585,0.8500577858708112,0.11031544083142973,0.39304520970007223,0.43609740174491823,0.7195813992970753,0.845829267703359,0.4242159511012477,0.5447215268594877,0.5317626859383687,0.12223857633953973,0.845571095581326,0.4704398938905308,0.9034084270985604,0.84425443017466,0.939525522722219,0.8380069129026507,0.832848469294488,0.38051702776274354,0.2746833141808232,0.3652203839356216,0.011609434457176188,0.8458348457817163,0.04354610899931288,0.30956864979467724,0.7815276259192727,0.7824265968646076,0.5125288611816984,0.8429002524649162,0.8511267277473118,0.720136460805447,0.347762150483146,0.797370389803072,0.46629360666162123,1.0,0.8197662551332341,0.33081995943504194,0.31149720556559096,0.2712672402439066,0.2506708020879453,0.49364205352448537
rh_MVOcC_R_5_5_thickness,0.710178692929994,0.7068964134614036,0.6481099819779282,0.8446990237867646,0.7943116897920788,0.06862990077209499,0.18229666592139052,0.5936541541450095,0.010748467691756214,0.023249565382849502,0.7841991638339738,0.7163855882195622,0.05150118932926948,0.46396024213633946,0.3018921187098631,0.8431540241593265,0.054889006413260985,0.5484884717820314,0.6867982886305963,0.6357561089852422,0.4640258117956857,0.7579959521169385,0.0019044303050638706,0.5019079973287486,0.866881366369959,0.0031257678801859755,0.8549065963450789,0.7288569685340072,5.447591476302855e-05,0.7278301823309301,0.7935296684338993,0.6234122335323228,0.8606854159036943,0.32752757815754946,0.0013756529754840976,0.716980937433816,0.7823674646087699,0.8134042652961977,0.8238235011771066,0.8376305795520926,0.26743819849307926,0.8134042652961977,0.7946413286199092,0.842487942866122,0.5449632510187908,0.2461748400567615,0.7890356837496257,0.8183850882046262,0.8047698043508018,0.7910927095274916,0.7449838577433445,0.6244832824760511,0.8329762078092413,0.3076172875862114,0.5587818571872688,0.6286389735527622,0.29981330732611433,0.16731810560567978,0.4514168480907578,0.8339789342325745,0.5235355042383266,0.7905291039926057,0.8087182762579204,0.7913091139615104,0.3255653319237401,0.5844171113311156,0.7179594988064809,0.7944187985629669,0.5948028285310212,0.7835546918038759,0.6144576912227739,0.6233925253914809,0.7392995199499581,0.09104019636376054,0.1469279572514643,0.001999777103680585,0.5789780783761497,0.16159643603376952,0.6150312403212881,0.8980926962959095,0.8856292047323238,0.7636584434674223,0.5480842707836147,0.6265870256695769,0.8486740564245332,0.6841240128252257,0.9079437100419374,0.6858249213073089,0.8197662551332341,1.0,0.6303489595427201,0.6585086022954525,0.5583511065379911,0.5584506907694355,0.5173850468925513
rh_LOcC_R_4_1_thickness,0.6372193393491299,0.2400103088463289,0.18117267963614567,0.6912816889586113,0.3364451167821422,0.002646079834740846,0.009701347836477744,0.1455545767780444,0.00019823501737275764,0.000574751854238253,0.35196005287770477,0.2508855521407567,0.0018214412916093827,0.08128577023260516,0.03361174302758858,0.5803767996960354,0.002005265665687285,0.119721588446286,0.9618688467740015,0.4736471356960015,0.43113165974871015,0.9413092878602656,2.51119625067584e-05,0.9503666684428976,0.859017494352328,1.2752994631881767e-05,0.3958009488138169,0.5213538304808887,1.4516933768792453e-06,0.9534023484020027,0.32943047817421334,0.16687252309513065,0.6873488703949739,0.7910462789412043,1.8692647341541103e-05,0.9476737924465131,0.3889973749116651,0.9086090993358396,0.9010783096514081,0.8904431015352585,0.03489246286398776,0.9086090993358396,0.3509624515926286,0.7072327062361436,0.12082944284611846,0.03282138478847681,0.9245482274537263,0.7309688899476268,0.32765845067330635,0.317232001384842,0.9384079857658791,0.1678367399545853,0.8876718234582286,0.7198802401151199,0.12671230871728742,0.17176603670330504,0.6782290572333656,0.010938284435909773,0.42498342171579795,0.691637089860537,0.11609007390056436,0.8991124480187945,0.9033443112624265,0.9146117767989723,0.7489451512443998,0.14002505220423772,0.9570759179105179,0.3378679191001609,0.14663735743684986,0.29695639813975083,0.1621787333658935,0.17124900001933857,0.940640875830628,0.006861813905457132,0.009573954207083978,7.364715420277318e-06,0.13688227957711213,0.46642236653271335,0.9987102998044222,0.6391842623926265,0.6287002427190204,0.9299494744533205,0.12209393422312277,0.16978687851321178,0.7006799217277198,0.9818952879485139,0.6230195485552652,0.952919674967061,0.33081995943504194,0.6303489595427201,1.0,0.8221245170620666,0.9876991392604391,0.9816614777978832,0.19664748886641964
rh_LOcC_R_4_2_thickness,0.5872406684604042,0.33844342989232823,0.2636150664165483,0.6506605362372235,0.4142855075316155,0.009396293981899596,0.04095832734071201,0.22586760813707552,0.0008238323013772538,0.0022172708872293012,0.4368402496772987,0.3490464578450784,0.006311862551281798,0.15361652627274652,0.07731852211090291,0.5907746959592065,0.006872415956543492,0.2056946940211963,0.719559418125241,0.8356365987728047,0.5375315354290128,0.7739506592404697,9.358791420015529e-05,0.7383815420813375,0.7947155273251696,0.00018611102154407664,0.44955883870592045,0.5517519154815552,1.0904076484432487e-06,0.7543554855539898,0.4058075964633757,0.26512431565462125,0.6539070575203757,0.6900327195585515,6.223476619705588e-05,0.7313493756041283,0.47108405722270136,0.7977659257525548,0.8005002301113073,0.8032497261516395,0.0558386714708392,0.7977659257525548,0.43094737402166094,0.6584160593048836,0.18472334496844706,0.047644407291337044,0.7892065673393919,0.6607601917848643,0.3944974154752461,0.3903650173309482,0.7517187670250597,0.2668065575763183,0.79142841507905,0.6319145327065152,0.19776052602359245,0.2735682431051576,0.6042945213738913,0.03286784023570206,0.5357387717456982,0.6471435344503198,0.1599398504453498,0.9492444179497597,0.7821599558032495,0.7758907568279065,0.644956791684004,0.22530205331356667,0.7482056255269941,0.4159704939122282,0.23810353887015662,0.3625817080344565,0.26624436744526014,0.28155110848512815,0.9418787880897548,0.01211461170124821,0.02653625467034536,0.00010662889468291626,0.21902388445990992,0.503721685060234,0.8393247077151489,0.63471038693652,0.6254787340148864,0.7627829472316887,0.18757548768973728,0.2701810353493824,0.6571703525489987,0.9003523546717338,0.6257396909316619,0.70380372052014,0.31149720556559096,0.6585086022954525,0.8221245170620666,1.0,0.8027536261392718,0.8718748633243358,0.383433367505368
rh_LOcC_R_4_3_thickness,0.5519867563446686,0.18200203460610126,0.13458395151714714,0.5979518696060442,0.26426856805684296,0.0015468507136257,0.005808497560104959,0.10620048554861353,0.00010717422165933263,0.0003207068638823101,0.27733466024587095,0.19103068824223726,0.0010565131638332963,0.056638408336118454,0.022172932316666994,0.4875576689035489,0.0011672760108531212,0.08572852879110347,0.922792850218491,0.46670896926147803,0.457965737249913,0.8821175300643727,1.303147644559566e-05,0.9852427678704871,0.779623392300629,5.6271002165648005e-06,0.3177422553516261,0.5164578428924831,7.281311124422617e-07,0.9019374546117118,0.25834889129750865,0.12252283886005891,0.5935384119902656,0.8696822379135474,9.689137529110011e-06,0.8972875792725131,0.3099817241440067,0.838145771006224,0.8289101639432558,0.8162185107332696,0.023749108410984016,0.838145771006224,0.27665370982404813,0.6144027334331741,0.08740841534133063,0.022439855248252847,0.8585833656945805,0.6401655471252783,0.2575425297283591,0.2481559505863667,0.8804506176267284,0.12327190842400074,0.8125456711164606,0.8051232714554344,0.09172104560074404,0.12633441915466237,0.7641648275892119,0.006771234908839144,0.45297557322181925,0.5987006964018113,0.08461893179793432,0.8535092081895121,0.8316905901186389,0.8462083311233577,0.8313741513407975,0.10164785256083846,0.9085565531856695,0.2654744337781912,0.10665834009197848,0.23150405513305308,0.11862671089392884,0.12572885650958515,0.9020313885183666,0.004356931460863912,0.005944112840031541,3.2324915513893344e-06,0.09928449733860731,0.5567235550017076,0.9911885177521733,0.5451702497397704,0.5346067970948147,0.8674635177409986,0.0883313273950139,0.12478986425249991,0.6074607173482804,0.9539146687262279,0.5295045452764401,0.912209527161376,0.2712672402439066,0.5583511065379911,0.9876991392604391,0.8027536261392718,1.0,0.9892317239192376,0.15067292410677458
rh_LOcC_R_4_4_thickness,0.5602796665812777,0.1907411371831694,0.13811438025943756,0.6029182397956557,0.27070665742505207,0.001642360320804669,0.007923004265219453,0.10956109986460884,0.00010027596379926426,0.00031315121362209447,0.28773547938744404,0.2000539507687571,0.001071105420262566,0.060289096174262514,0.023748693323673426,0.4961084439251845,0.001186095534977596,0.09092434911784458,0.8988865812977758,0.5493493272040746,0.4843025904786945,0.8755954179182296,1.013244550644783e-05,0.9598676906009831,0.7875918322356543,1.0404735987848429e-05,0.31904106485847844,0.5195904989636445,3.7163681401319724e-07,0.8887636110098411,0.26382670778233996,0.1301030772174116,0.598644849774155,0.8566708053489405,7.100826310388743e-06,0.87968170639524,0.32337292166848247,0.841256088354436,0.8334659813640257,0.8225114692093938,0.02175249863595558,0.841256088354436,0.28496582498329215,0.6187375518496598,0.08775246809748177,0.019796529931863732,0.8578624550956805,0.6428404065111555,0.25965443264400156,0.2518781627655938,0.8694467398631911,0.13103850654344107,0.8169355025997026,0.7860657855202702,0.09341650294421525,0.13485212200066904,0.7443527199471933,0.007486294941169617,0.48044024698392046,0.6036036848838674,0.08109599667154543,0.8926303058569265,0.8324128538732902,0.844161337925609,0.8107341225523096,0.10626255553807708,0.8931609307577484,0.27210293549029896,0.11265651787791559,0.2320633831029565,0.12771655092844098,0.13652512367294606,0.9352662011286325,0.003668905429469186,0.006204769545505138,5.597036355253322e-06,0.10322659066332243,0.5545559377716103,0.9899184668076435,0.5502761377827783,0.5402761091048012,0.8603513935534545,0.08896922474751705,0.13293090608824099,0.6121068301951018,0.9716264344155805,0.5341366485131281,0.8862235244314025,0.2506708020879453,0.5584506907694355,0.9816614777978832,0.8718748633243358,0.9892317239192376,1.0,0.18756328420961751
rh_MeanThickness_thickness,0.4799376427582313,0.702153234727507,0.6871598081100656,0.4736954389571681,0.6488405219504965,0.5180226970779411,0.6399052609791331,0.6973070631273872,0.30093740188301754,0.3877676000415168,0.6588412064400365,0.6988896973567028,0.48693723138972156,0.7240066729114736,0.6959825720370112,0.5405424095922342,0.49515026200844486,0.7271483523260216,0.2182822451422743,0.49815100997435524,0.15285948264985535,0.29123222006044686,0.16842585813865552,0.10110323549206479,0.40038328533778295,0.06884181264964606,0.6072986588946468,0.29189824974085954,0.06291452687441823,0.2605283633266446,0.6472696823950441,0.7284508950445241,0.4805976783282616,0.053377826171957785,0.1543449467018647,0.2509673605628155,0.6516047065700282,0.34680654519811455,0.3571291258760079,0.3707399262824272,0.6125590267210478,0.34680654519811455,0.6507597775610243,0.4633540340568847,0.670617230220774,0.5921191085598912,0.3225013334944197,0.4401911278795819,0.6323355877072205,0.6434307214256935,0.2795377875291913,0.7296399393729175,0.36724100439987334,0.03135278356324021,0.6850149258438716,0.7342776140506992,0.022608677229835946,0.6363973364795183,0.14746209835230015,0.4703340268964851,0.6231978217411718,0.3861951587135347,0.34367459331669475,0.3262991451226456,0.03587394498539487,0.7121097667572118,0.25034492567866906,0.6491060141590315,0.7232687825234566,0.6334869667334598,0.7448035820042769,0.754853306246669,0.3359254954484793,0.5650528299189055,0.617125029830381,0.06652903237356816,0.7063123181878486,0.011064327166835955,0.1956087419922859,0.5151226498013028,0.5184551583413963,0.29847728682428876,0.6738581258551438,0.7319826928022961,0.4692418949600819,0.26890727755529126,0.5244041473181802,0.2188206593991252,0.49364205352448537,0.5173850468925513,0.19664748886641964,0.383433367505368,0.15067292410677458,0.18756328420961751,1.0
