,lh_SFG_L_6_1_thickness,lh_SFG_L_6_2_thickness,lh_SFG_L_6_3_thickness,lh_SFG_L_6_4_thickness,lh_SFG_L_6_5_thickness,lh_SFG_L_6_6_thickness,lh_MFG_L_7_1_thickness,lh_MFG_L_7_2_thickness,lh_MFG_L_7_3_thickness,lh_MFG_L_7_4_thickness,lh_MFG_L_7_5_thickness,lh_MFG_L_7_6_thickness,lh_MFG_L_7_7_thickness,lh_IFG_L_6_1_thickness,lh_IFG_L_6_2_thickness,lh_IFG_L_6_3_thickness,lh_IFG_L_6_4_thickness,lh_IFG_L_6_5_thickness,lh_IFG_L_6_6_thickness,lh_OrG_L_6_1_thickness,lh_OrG_L_6_2_thickness,lh_OrG_L_6_3_thickness,lh_OrG_L_6_4_thickness,lh_OrG_L_6_5_thickness,lh_OrG_L_6_6_thickness,lh_PrG_L_6_1_thickness,lh_PrG_L_6_2_thickness,lh_PrG_L_6_3_thickness,lh_PrG_L_6_4_thickness,lh_PrG_L_6_5_thickness,lh_PrG_L_6_6_thickness,lh_PCL_L_2_1_thickness,lh_PCL_L_2_2_thickness,lh_STG_L_6_1_thickness,lh_STG_L_6_2_thickness,lh_STG_L_6_3_thickness,lh_STG_L_6_4_thickness,lh_STG_L_6_5_thickness,lh_STG_L_6_6_thickness,lh_MTG_L_4_1_thickness,lh_MTG_L_4_2_thickness,lh_MTG_L_4_3_thickness,lh_MTG_L_4_4_thickness,lh_ITG_L_5_1_thickness,lh_ITG_L_5_2_thickness,lh_ITG_L_5_3_thickness,lh_ITG_L_5_4_thickness,lh_ITG_L_5_5_thickness,lh_FuG_L_3_1_thickness,lh_FuG_L_3_2_thickness,lh_FuG_L_3_3_thickness,lh_PhG_L_6_1_thickness,lh_PhG_L_6_2_thickness,lh_PhG_L_6_3_thickness,lh_PhG_L_6_4_thickness,lh_PhG_L_6_5_thickness,lh_PhG_L_6_6_thickness,lh_pSTS_L_2_1_thickness,lh_pSTS_L_2_2_thickness,lh_SPL_L_4_1_thickness,lh_SPL_L_4_2_thickness,lh_SPL_L_4_3_thickness,lh_SPL_L_4_4_thickness,lh_IPL_L_6_1_thickness,lh_IPL_L_6_2_thickness,lh_IPL_L_6_3_thickness,lh_IPL_L_6_4_thickness,lh_IPL_L_6_5_thickness,lh_IPL_L_6_6_thickness,lh_PCun_L_4_1_thickness,lh_PCun_L_4_2_thickness,lh_PCun_L_4_3_thickness,lh_PCun_L_4_4_thickness,lh_PoG_L_4_1_thickness,lh_PoG_L_4_2_thickness,lh_PoG_L_4_3_thickness,lh_PoG_L_4_4_thickness,lh_INS_L_6_1_thickness,lh_INS_L_6_2_thickness,lh_INS_L_6_3_thickness,lh_CG_L_5_1_thickness,lh_CG_L_5_2_thickness,lh_CG_L_5_3_thickness,lh_CG_L_5_4_thickness,lh_CG_L_5_5_thickness,lh_MVOcC_L_5_1_thickness,lh_MVOcC_L_5_2_thickness,lh_MVOcC_L_5_3_thickness,lh_MVOcC_L_5_4_thickness,lh_MVOcC_L_5_5_thickness,lh_LOcC_L_4_1_thickness,lh_LOcC_L_4_2_thickness,lh_LOcC_L_4_3_thickness,lh_LOcC_L_4_4_thickness,lh_MeanThickness_thickness,rh_SFG_R_6_1_thickness,rh_SFG_R_6_2_thickness,rh_SFG_R_6_3_thickness,rh_SFG_R_6_4_thickness,rh_SFG_R_6_5_thickness,rh_SFG_R_6_6_thickness,rh_MFG_R_7_1_thickness,rh_MFG_R_7_2_thickness,rh_MFG_R_7_3_thickness,rh_MFG_R_7_4_thickness,rh_MFG_R_7_5_thickness,rh_MFG_R_7_6_thickness,rh_MFG_R_7_7_thickness,rh_IFG_R_6_1_thickness,rh_IFG_R_6_2_thickness,rh_IFG_R_6_3_thickness,rh_IFG_R_6_4_thickness,rh_IFG_R_6_5_thickness,rh_IFG_R_6_6_thickness,rh_OrG_R_6_1_thickness,rh_OrG_R_6_2_thickness,rh_OrG_R_6_3_thickness,rh_OrG_R_6_4_thickness,rh_OrG_R_6_5_thickness,rh_OrG_R_6_6_thickness,rh_PrG_R_6_1_thickness,rh_PrG_R_6_2_thickness,rh_PrG_R_6_3_thickness,rh_PrG_R_6_4_thickness,rh_PrG_R_6_5_thickness,rh_PrG_R_6_6_thickness,rh_PCL_R_2_1_thickness,rh_PCL_R_2_2_thickness,rh_STG_R_6_1_thickness,rh_STG_R_6_2_thickness,rh_STG_R_6_3_thickness,rh_STG_R_6_4_thickness,rh_STG_R_6_5_thickness,rh_STG_R_6_6_thickness,rh_MTG_R_4_1_thickness,rh_MTG_R_4_2_thickness,rh_MTG_R_4_3_thickness,rh_MTG_R_4_4_thickness,rh_ITG_R_5_1_thickness,rh_ITG_R_5_2_thickness,rh_ITG_R_5_3_thickness,rh_ITG_R_5_4_thickness,rh_ITG_R_5_5_thickness,rh_FuG_R_3_1_thickness,rh_FuG_R_3_2_thickness,rh_FuG_R_3_3_thickness,rh_PhG_R_6_1_thickness,rh_PhG_R_6_2_thickness,rh_PhG_R_6_3_thickness,rh_PhG_R_6_4_thickness,rh_PhG_R_6_5_thickness,rh_PhG_R_6_6_thickness,rh_pSTS_R_2_1_thickness,rh_pSTS_R_2_2_thickness,rh_SPL_R_4_1_thickness,rh_SPL_R_4_2_thickness,rh_SPL_R_4_3_thickness,rh_SPL_R_4_4_thickness,rh_IPL_R_6_1_thickness,rh_IPL_R_6_2_thickness,rh_IPL_R_6_3_thickness,rh_IPL_R_6_4_thickness,rh_IPL_R_6_5_thickness,rh_IPL_R_6_6_thickness,rh_PCun_R_4_1_thickness,rh_PCun_R_4_2_thickness,rh_PCun_R_4_3_thickness,rh_PCun_R_4_4_thickness,rh_PoG_R_4_1_thickness,rh_PoG_R_4_2_thickness,rh_PoG_R_4_3_thickness,rh_PoG_R_4_4_thickness,rh_INS_R_6_1_thickness,rh_INS_R_6_2_thickness,rh_INS_R_6_3_thickness,rh_CG_R_5_1_thickness,rh_CG_R_5_2_thickness,rh_CG_R_5_3_thickness,rh_CG_R_5_4_thickness,rh_CG_R_5_5_thickness,rh_MVOcC_R_5_1_thickness,rh_MVOcC_R_5_2_thickness,rh_MVOcC_R_5_3_thickness,rh_MVOcC_R_5_4_thickness,rh_MVOcC_R_5_5_thickness,rh_LOcC_R_4_1_thickness,rh_LOcC_R_4_2_thickness,rh_LOcC_R_4_3_thickness,rh_LOcC_R_4_4_thickness,rh_MeanThickness_thickness
lh_SFG_L_6_1_thickness,1.0,0.5480726246477939,0.6853971956974987,0.6769891217864443,0.9887550686748919,0.1624560818218437,0.07729316059143918,0.6819269706926854,0.010393005010497402,0.0844139928429121,0.853647677309464,0.9476087213241798,0.17369118903189965,0.7526788407795286,0.4918945845092747,0.9942365749177837,0.5129153147652372,0.6078325986951685,0.6566031875962088,0.2613190365888228,0.36500008731221345,0.7048452837911979,0.36104671415368983,0.6658118802490646,0.6236650450367942,0.11033889171409308,0.6864670938739452,0.19043108105589715,0.012793538901932074,0.678262499069225,0.9880279379888653,0.8986291472015865,0.8847184378991932,0.23124040470593096,0.00854150849257717,0.8539875400761878,0.502042211593151,0.5520244276097568,0.8067776463928327,0.35517103791418103,0.4397358096010715,0.5637948431116793,0.8430853351973928,0.7224750823618292,0.8366835121877741,0.4510271069042531,0.42497502147569366,0.9491440011941163,0.9897481559412389,0.7403345990550361,0.7755484561964284,0.47277649320433834,0.6435818859877738,0.5647620721372195,0.7225188017765583,0.8695345186315373,0.17446133336754863,0.10958019487886468,0.09623182849036821,0.6338472018676882,0.8190022920112111,0.6573398739916454,0.501550756129785,0.8080140627655943,0.33609436348321076,0.7595475655193156,0.5763151744303907,0.9523165175197766,0.4798946651069874,0.6380023767766176,0.8495981782593154,0.8781936021581582,0.5397739786684673,0.40840472445816595,0.2716892549252191,0.056847348660431556,0.653649770913668,0.16992455644746335,0.6147262970149217,0.9663489477831301,0.9749196742684516,0.8414674133680895,0.8858121931579063,0.8998884206059197,0.859380548203071,0.26909958416708213,0.9451555033989967,0.4519906981580015,0.5980112659916627,0.7884940104716962,0.5421523382747482,0.5418789959267627,0.36851980864069445,0.4909907361534426,0.48155642150616546,0.99440231629214,0.6837750184921201,0.5993785854852824,0.9472624967098096,0.7762296476548112,0.053788703513575176,0.08316707771862569,0.5418443384812368,0.010607886187933702,0.02122593673236483,0.801885123885815,0.6973754137637812,0.04404843688726099,0.400976671882213,0.247054557452083,0.9321931754900569,0.0467785945670841,0.4899051351192768,0.7931426016415631,0.37093851864657673,0.10993195669955258,0.8326966045019977,0.0027438725696317936,0.5004686519453501,0.8428155468324827,0.00046837387286444284,0.7934459347652725,0.2475435257690375,0.000389226827516438,0.8201133017293352,0.7671741214328618,0.5770792722583089,0.9362335865948848,0.3078247684089592,0.0022786675401665745,0.8278204828998658,0.8414055009228829,0.8412686502005254,0.8408365181596141,0.8392552269096145,0.27495358304473944,0.8412686502005254,0.7944145702175336,0.9474850265839045,0.4972421953786661,0.27000523935536724,0.8397578213391167,0.9583451726971612,0.753250549771995,0.7509972111986745,0.8414674133680895,0.5786144699221745,0.8506586740887552,0.24117997911346667,0.5079026096422812,0.5848228306863175,0.20867234832852158,0.12479065782867554,0.10498138301089499,0.9539907863228783,0.48846848395933185,0.677600584889694,0.8549447691251241,0.8536854957207909,0.2634428194595716,0.5311609576392028,0.8135337058982616,0.7780448280553374,0.5423084533329533,0.7228510109703646,0.5675640602194588,0.5817394942217551,0.6867029855502997,0.11403175441018082,0.12131085802194268,0.0004334353381628768,0.5257718521317734,0.10738661284522029,0.6462034300447212,0.902162597201116,0.9122790764361516,0.8479690878723571,0.4995549318945043,0.5817052436963145,0.9439786991381195,0.6882663102291168,0.8894939446463839,0.8058744808450148,0.6306386020824172,0.6538844622805673,0.6662022484497383,0.5785060794076741,0.5839995335108674,0.5898428455838096,0.42511742730610536
lh_SFG_L_6_2_thickness,0.5480726246477939,1.0,0.9049138523006524,0.8133388690399594,0.5953288805969983,0.620403360646273,0.4892197599399369,0.8717410918555124,0.034224035534653544,0.5466081499701012,0.7858913805541498,0.6304470940959832,0.5982964430809898,0.47328394312512995,0.3508838759683997,0.5075275816672703,0.15868361402589612,0.8832801019644299,0.21574299881579354,0.012914453670610204,0.4257677786598589,0.22171414178381332,0.3189137659435249,0.22087605758917195,0.6069654152151706,0.5012921888487596,0.911510567465096,0.29342813366736714,0.32998510229790023,0.5344239421351602,0.5668033419969772,0.5761209586849728,0.6014880699485959,0.032314563613138544,0.26491624438647554,0.3299799632850591,0.823908984704106,0.2085510362917477,0.38642610749537276,0.5452184673108997,0.8448125305098017,0.6395429491782653,0.7965677054393996,0.7648735141590198,0.5230269627133376,0.8364982189104937,0.7026228803146182,0.5143287111748112,0.6010385102329925,0.8945911042690186,0.2462916323394124,0.48995921510451085,0.5885200675685694,0.18407474061388757,0.49762190720427985,0.5385966668324779,0.5301941816523091,0.24960027852346045,0.32120222985431657,0.8504174049942523,0.7310319572944761,0.26174957299011353,0.7039550693204265,0.41671537382507423,0.03974902934521476,0.502829681756703,0.6270390788598501,0.6695730713204184,0.9840603694895174,0.9689007810359789,0.5291562319165336,0.5530382608158929,0.10317812840653817,0.5874034392166493,0.6983438311935481,0.4817919726110225,0.8816450314210709,0.01060664378997862,0.34843595817108763,0.4392412176330082,0.45748184876913683,0.36403841208212206,0.569997119462819,0.590519522782781,0.3782969985293022,0.0967174777232275,0.5220964366544895,0.21848787377475515,0.9158218182977618,0.44168764042207487,0.45916965658090303,0.07399594982001154,0.5531444954611382,0.39496661446422965,0.5117399559527896,0.5772826264465322,0.924977086766744,0.9715775161285276,0.5320768527953726,0.8621418332254505,0.3242021506234286,0.5274797432348899,0.9777934062368959,0.08483917708675312,0.15200891948725553,0.8382528493478437,0.9174341820016293,0.27043251773715027,0.9363712942437685,0.7978648988252766,0.6340931006414829,0.2828478720145209,0.9637347202758508,0.24439118416629174,0.33039843599625734,0.4072521490118833,0.27412391098667865,0.0231127857807141,0.09310583999532591,0.35170288474122013,0.021805067567524126,0.8214599547250956,0.572006276682366,0.0024731407682248787,0.26037606791265017,0.8705290648392028,0.9581435169742536,0.5351798436139479,0.03513311784911423,0.018507949856273215,0.26874733992312916,0.7985903614513273,0.30454566243644987,0.3111466494047785,0.3203976028378173,0.7973917042937612,0.30454566243644987,0.8449291753829898,0.5172208838036036,0.9834846395457175,0.7749871972319684,0.2902579204072938,0.4962652410987422,0.8804362931369112,0.8851828913336923,0.2805523671818697,0.9571232369436375,0.3268137397991865,0.03258468153317983,0.9811436015897946,0.9528973175937514,0.03178718820472702,0.5716264918103778,0.39851507462820646,0.5321109832771762,0.988639162288511,0.22475655408605388,0.31417630975494154,0.3040503775591373,0.036527215372245465,0.9722049868779276,0.255169202590822,0.8604455170238512,0.966474372653493,0.9095323953295542,0.9509338468188188,0.9409816549094606,0.18862499664776422,0.4445805452058539,0.5429019001193478,0.01557194502740618,0.9746716768153709,0.009518176177633304,0.13424078968309178,0.580709009642307,0.5907429324211941,0.2894659736691464,0.9830892100561699,0.9550390215961548,0.5230931423045313,0.16098148828309095,0.5967182279463078,0.25692724035927955,0.9073848540017715,0.5845105344328703,0.1475442560310563,0.17031981789597836,0.11079565439143947,0.10114109290898077,0.5691349421409156
lh_SFG_L_6_3_thickness,0.6853971956974987,0.9049138523006524,1.0,0.8301659725016726,0.7474855718358815,0.5653991399281405,0.3265478128667912,0.9943726425539183,0.04132845304508645,0.41328787934033506,0.9420409262833016,0.8012710155526028,0.5692377775870366,0.5845814441251287,0.4111174242573067,0.6368997886163985,0.28570288611493777,0.9828817030195206,0.23440985442323667,0.03490812344280936,0.5276330890513433,0.25510219030841047,0.48541632648666444,0.385483156561092,0.6900735291553457,0.42496011585941934,0.9148823221034095,0.14532129586152714,0.1506331346192026,0.663477996484599,0.6997159436046273,0.7310474384910322,0.7597904322986697,0.037333584814876156,0.11070354069288674,0.47093301770618196,0.629414643296935,0.20488590539369003,0.550159947339855,0.3392270241687275,0.8965563922348283,0.6781472254209009,0.9447758415909808,0.8304879015832161,0.6277595691328623,0.9008134729657826,0.5637981991118922,0.6710700652885864,0.757584393382012,0.9702807637259556,0.30230085822392055,0.5003501436151607,0.6872127746127974,0.35991205945526633,0.5540840396273521,0.6557981200575982,0.42198580845803985,0.2506567542673686,0.14634294488993502,0.8129445350899465,0.922943255831753,0.43424500361450996,0.6535748722247047,0.5809580901367911,0.059504696835953816,0.571416826327996,0.6792387114311245,0.8442910493273683,0.8905400473691821,0.9315217915258931,0.6426212330352199,0.6941517509699925,0.14282458882274676,0.7403463467507126,0.7170841986236623,0.3271704601156366,0.9929553854376286,0.018276828745749624,0.5170250480282989,0.5581346541348813,0.5806049516749799,0.5196980125165905,0.7260801682997539,0.755678886115517,0.4190409457360771,0.08538766646394541,0.680483166790046,0.19986389218451356,0.8060051470449949,0.6050201295666069,0.5845160564189069,0.16676439146973862,0.5570342125252514,0.5373122992441235,0.7070550218851647,0.7305195328135967,0.9967987839003329,0.9762292198987019,0.6912417093001129,0.9677656152295769,0.20990065381788212,0.360224214763872,0.9529922180932358,0.05181933128229009,0.09407591221439522,0.9657787562798537,0.9964656745739345,0.1740522237024812,0.8525312454229717,0.6488305829959333,0.798721307961482,0.18289741757018235,0.9285809195903649,0.31854002221431227,0.4849205869102189,0.21343134304652708,0.3838916238644313,0.015564778709900608,0.1248216027474045,0.5042642764306743,0.006025191129678335,0.9258395598210067,0.40935761042515134,0.0027150087235823113,0.3554932002134431,0.9690665190779116,0.9770114573630293,0.6958042131326666,0.051542271452951705,0.01309252857932032,0.35746190992605753,0.9474247398364772,0.43876832093716156,0.4495013099104417,0.4639407618723682,0.6336137148083734,0.43876832093716156,0.9638387807427482,0.6746469909079944,0.9153270929432293,0.6102667510251376,0.4141887761827488,0.6475933576687829,0.9622837146165513,0.9702807637259556,0.38315906059062,0.9778170882371872,0.46792630186616924,0.038843457079542,0.9281771641819019,0.9808786086375428,0.03423502211285519,0.412110767295831,0.2056789939849446,0.690273963746989,0.8872480043719839,0.38763256538549873,0.4455882889560633,0.42806560328642174,0.044209743830256096,0.9510378647737554,0.3454517155566363,0.9674521127102613,0.95982886276693,0.9688419828213872,0.9753693886016043,0.9817419056102803,0.3333328855594174,0.32639011972221055,0.3893363741094318,0.0047642661288369624,0.9463127930490846,0.011244622556460384,0.2115500411037144,0.7419820351304256,0.7527237441803161,0.40096735963003133,0.9182566121005735,0.9793802130813511,0.6817620443318021,0.27470538035196157,0.7559686676411421,0.32960137945689894,0.8435744444604063,0.6883739042805664,0.22346675798383167,0.34045069858683125,0.1667334737555805,0.17903987527346915,0.7340465335958235
lh_SFG_L_6_4_thickness,0.6769891217864443,0.8133388690399594,0.8301659725016726,1.0,0.6576253608672161,0.48656544505077287,0.23758149245759977,0.7839749492099432,0.003935927088045006,0.40236749194742966,0.8549984756473984,0.6211952803704125,0.4976177709471827,0.30462175856080576,0.15303627909153644,0.6858092051326308,0.13822530108088887,0.7529196345804636,0.4678419199517358,0.07530565928792707,0.6459660611075073,0.48320106871155344,0.43714723562842145,0.5326345798480174,0.92689033031758,0.46127546118421764,0.9717598368789551,0.3821740102074413,0.19291060589822037,0.8840297329748572,0.6136382029232973,0.48740709691294987,0.8822449064532529,0.1538569054102189,0.13519543437039452,0.6671112808754546,0.632056066153691,0.4470221849631559,0.7474903189295026,0.6363514371831139,0.6577375345313108,0.9311221522756243,0.8737271929307294,0.992317204684189,0.38731671052570565,0.6583046312266521,0.8615043129137481,0.786014120208556,0.6852792883506759,0.9268831337831057,0.5208049362625642,0.30465876168291295,0.9183861874069228,0.42698716157659067,0.32982775642085055,0.4218626870537976,0.5878933807865476,0.06657759318719222,0.31391647381907306,0.9918535220660412,0.6815445685367447,0.5884580545893946,0.929829502114252,0.7778544083009771,0.17761141075530726,0.3428313586594042,0.9280077428537961,0.7541332653520691,0.7301361255967818,0.9212266489400268,0.3995510194171226,0.44346492841664553,0.3294565979571191,0.5322562323612857,0.5513191715130532,0.3774502632847611,0.7769508841041222,0.0696811202809444,0.6883727565871184,0.6785248639492252,0.6863613855454743,0.7143787068868882,0.471824770284192,0.5099410696437372,0.5621518616764775,0.2997783979546288,0.7951199543525062,0.44638106091546115,0.9452701969749089,0.8044908332049148,0.7860767385558758,0.2577999707985306,0.7805114369065582,0.6915955485225092,0.4816536787442875,0.719605084546546,0.8610776798989657,0.8338663964432496,0.798903667230228,0.9139007908621748,0.12097120506848832,0.2751473852973174,0.7869715819734595,0.020946361624593967,0.04395193577420983,0.8912049411242517,0.8661690785372331,0.0933657061684258,0.6516500141737773,0.45981072449367144,0.8479646257277009,0.09912467378395687,0.7369537896573553,0.5332272592586517,0.5036935877141395,0.3947018580603623,0.5886147155669367,0.003989112987714128,0.30802057880005296,0.6995657601666752,0.005552195247545214,0.9499621102889075,0.6696967454939143,0.00017730565395722786,0.5640903460237205,0.9177679421366886,0.7999125095798842,0.8114780195681359,0.1633145904710575,0.0029521955274853994,0.5659199177739169,0.869873596988996,0.6379944165968302,0.6479704346598845,0.6615649141201254,0.435437391379738,0.6379944165968302,0.904982924857272,0.7896455530881981,0.7496484769461045,0.41036692416331844,0.6155470553794787,0.7625693045276138,0.9346479365988907,0.9236933388774702,0.587863227535733,0.8002082787611384,0.6646229014192285,0.15483308151431058,0.7590893663438021,0.8012134134282188,0.15188190673464594,0.2719254987880482,0.3822729375371482,0.7915222042409993,0.7387794782781335,0.54143570626803,0.6435398609045608,0.6275660194235806,0.1672537764694137,0.7742833074171771,0.5555171002470715,0.9130792269045447,0.7793500772418505,0.9308099682699345,0.7864660738120963,0.7881643639314705,0.4897060149871545,0.17006511232829008,0.24588454720844755,0.003599693166788175,0.7713518789603506,0.06531998553618183,0.394536706343593,0.8616580384947023,0.8582149713620347,0.6033986988490933,0.7518467892929109,0.8007464915631408,0.7969187802150359,0.44578403809991785,0.8771948410896389,0.5427924435623125,0.9723359573301564,0.9170816584519188,0.41630549023984076,0.4137972398769919,0.3477012069730778,0.3305407731541109,0.5220772792085482
lh_SFG_L_6_5_thickness,0.9887550686748919,0.5953288805969983,0.7474855718358815,0.6576253608672161,1.0,0.2024454001703213,0.11013045740399208,0.7521034535288467,0.017798039923986077,0.10714908343927704,0.8871584034596904,0.983994104476357,0.21200662677435728,0.7959959257357947,0.5279076931939213,0.9676462542446785,0.522949980521779,0.684415688437188,0.5742148859833274,0.23024738252256371,0.3572293793074748,0.6230855462182252,0.3841400805314602,0.6248644157117498,0.5850467415132179,0.125161109168792,0.6958339956783124,0.1427472687704456,0.015863250385488057,0.6390431103848471,0.9934769623352881,0.9430100541481172,0.8608623906329241,0.18799283474102105,0.012038379866966854,0.7950271079232367,0.5164756649827403,0.4719346240387663,0.75783606745696,0.2975267554142538,0.5194912305082922,0.5239660854692305,0.8739292309199082,0.702666744467964,0.8716182637780544,0.5312616460102145,0.3763820667390471,0.9164366821434151,0.9985652115117012,0.7717110716184906,0.6967924412123887,0.5112550687908056,0.6050625347408718,0.5456785560817303,0.7515667763496239,0.9047682981353546,0.16019811063650827,0.15231707480682247,0.06960519024544817,0.6137315384701778,0.8844419181319785,0.6194327227583567,0.4583681729734666,0.76126486475827,0.28627951537188656,0.7893701843806198,0.5368624580850698,0.9744140231835208,0.5434861763256544,0.6651243674781779,0.8862036430381823,0.9209684234893767,0.4697159982277719,0.472937478811989,0.3324424163832172,0.06628810038753596,0.7260995084075944,0.14264129147094323,0.5815039088985272,0.920337468033585,0.9333630775741137,0.7881924896604579,0.9325073646488374,0.9472712827716114,0.7978455233997435,0.20912793122244028,0.9135375437492812,0.3796782035762552,0.5881465257996759,0.7440670107689646,0.5101875938121077,0.49807020001938096,0.3390046981060044,0.4695752234498756,0.5441890985132508,0.9885305324183675,0.7387073470718533,0.6584041564381423,0.9177679421366886,0.8080043793588753,0.08011971926470768,0.1169976308359319,0.6070205334246799,0.018082630143761377,0.034303305029076206,0.8367201582109962,0.7505413350973025,0.06688205189346222,0.47351177701860164,0.3118092402432043,0.9235892276571325,0.07064013410070305,0.5610746583354778,0.717039716738421,0.3814713977370673,0.08410159624448617,0.7643431349646989,0.005128873284253074,0.4317486899268327,0.7880110329229949,0.0009467399305703385,0.8053298980109853,0.20844329945906753,0.0008145411854789082,0.7483066355094667,0.798903667230228,0.6441856287674366,0.9061848200157128,0.26060061034142334,0.0043096158744098815,0.7550669774038801,0.8738615750148926,0.7796337940470073,0.7804973112436696,0.7806413760128366,0.34013681789464334,0.7796337940470073,0.8261630097725294,0.9151696527037764,0.5623734979540491,0.3344142910796134,0.775124746986481,0.9230088295476562,0.7802064839108553,0.7825526286555436,0.7718291640877886,0.6457988032108376,0.7916008067479453,0.19728697911164628,0.5738971635358361,0.6523118008717678,0.16703988581807638,0.17065555727872217,0.07993037739107958,0.9252669152025516,0.5491516432658814,0.6345426986448911,0.7929533061305432,0.7895544288616746,0.21675737061144618,0.5988361119373926,0.7406422434831657,0.809824018043249,0.610695653999975,0.7538257005820702,0.6373519711790954,0.6521883379669803,0.6372326026298407,0.15784653262494608,0.16655646538580327,0.0008894694521522095,0.5930814729456716,0.08539891171683225,0.5786368027908187,0.8767006586553622,0.8899239924085969,0.7805103309146754,0.5648786996806787,0.6490433782477752,0.9124356712428581,0.6286434074319375,0.8653752008358476,0.7299247467713088,0.6233456439068776,0.6154426212294211,0.5960408547144821,0.55549783582701,0.5154720120472196,0.530068718374027,0.48931457519163346
lh_SFG_L_6_6_thickness,0.1624560818218437,0.620403360646273,0.5653991399281405,0.48656544505077287,0.2024454001703213,1.0,0.8196351248028584,0.5709485543798919,0.4078096667062353,0.942686016221437,0.4012961942474075,0.2634208871603777,0.9959406605315458,0.29793750352359194,0.37020225034114373,0.14156653661324703,0.5556021542861959,0.6369382507713427,0.018720842170200827,0.006289070430773816,0.41011564001351725,0.025794754192948653,0.6074021214895072,0.15720343157986588,0.41735071605375673,0.6358298330212674,0.5246472018548392,0.1873929615980809,0.4364848270909611,0.35653049915468943,0.1713313848910461,0.26718859785621407,0.2880855997555873,0.002420776688703417,0.4952182883010758,0.1328400401369724,0.3952159058861195,0.010140885529098968,0.2061375887669303,0.3241777128081225,0.7865522761442378,0.45585700457004585,0.41085852187891914,0.44819427546897944,0.22542781965343991,0.7794117917466012,0.4987423254660557,0.19739434769937844,0.2088661146148903,0.5049652728371296,0.04019411036814415,0.16890997708833294,0.3998762967517843,0.1712225670972543,0.19609432575315713,0.22550626235451782,0.4972297072567259,0.48593751654822026,0.2664789017531399,0.5135027144220884,0.4310948551276079,0.19373255107155685,0.4995248480313183,0.22517604103325106,0.007266303725200785,0.2021995164053661,0.44552139361322624,0.28145537652021213,0.6771529409309105,0.5686600416683579,0.23237404820070154,0.2591074065575284,0.01965732492943094,0.8487968204837529,0.9485355999368771,0.6022267958625525,0.5961317027475435,0.002004467274201269,0.27286124479783513,0.11638722374203711,0.12431555959649707,0.16970053134432714,0.27782669211106403,0.28292818414170956,0.047815453074913666,0.0016013541204501695,0.20519393750751444,0.007011994053889563,0.535938781870188,0.2510461354217176,0.3702456136576369,0.04796262157809304,0.4780395044867546,0.35005201857804663,0.7767417551505953,0.1940621075665422,0.5633462817449316,0.6240427574317543,0.2096742534594786,0.47454566002247733,0.6833362664565209,0.8589177784064831,0.6637105420291778,0.45112825389281136,0.5455862153223471,0.45278463711849193,0.5517485649290039,0.6461931033003523,0.7519995540058664,0.8001798620373572,0.27593156741428626,0.654143683327955,0.7042047994622436,0.051838557473622315,0.3441651297569005,0.35144191431208505,0.08522524011784144,0.2876260817284735,0.015376649203022483,0.15942200829658879,0.15215164315686103,0.44260775723782775,0.4753398909076563,0.1306507428357588,0.06990451192712675,0.482491517917111,0.6480334466149069,0.2193955081851237,0.005877697889733828,0.26816767187357127,0.06538655740763953,0.41330622955779567,0.11865669239014182,0.12583594402906956,0.13585653809454432,0.7073501013012928,0.11865669239014182,0.4580818147414073,0.20045788097693792,0.680026620702894,0.683747336857814,0.10302940861372223,0.17817178422987695,0.4911382613484563,0.4962394099924292,0.07889993236923358,0.6471960359623254,0.13263924055519258,0.0027559166616954837,0.6796215078625338,0.6436897085165403,0.0017628577544311953,0.7911523648959906,0.34431124218356574,0.20464723896572012,0.6640200454942689,0.15448228678951306,0.11595805233071706,0.10487609239406441,0.0033406395250266765,0.6744649629202493,0.06525920985937665,0.47293227088169254,0.670349814057762,0.5186340086986853,0.6580451220352022,0.6496727187285116,0.11549366070766529,0.6655143813511786,0.7620974398325018,0.14467780933644234,0.6761063803769976,0.0006325201497590122,0.04360941815730694,0.2667661073115859,0.26590813265620467,0.08879928310612996,0.6800626466281092,0.6454740279207989,0.206666241741081,0.07569320350482234,0.2828045142452279,0.05203122252138588,0.5332739774942697,0.39347097308875983,0.043933044512568985,0.1537175786488284,0.028530989965640127,0.04080343630119585,0.8332898809837438
lh_MFG_L_7_1_thickness,0.07729316059143918,0.4892197599399369,0.3265478128667912,0.23758149245759977,0.11013045740399208,0.8196351248028584,1.0,0.33661360032978316,0.3849801728799902,0.8516900939073367,0.18406513492530716,0.1614596701340949,0.7843224994110143,0.29075202790160254,0.3909984513088322,0.059098475371063205,0.49833212418116113,0.403313060117959,0.007953879381841828,0.0002778944734619758,0.14684025022549774,0.008493668597881024,0.33604501046404833,0.025375004404413214,0.15599813728488737,0.43963564144521444,0.2888731515177923,0.44944861172283873,0.6077938862212361,0.11041566320539922,0.10403362033660953,0.20809563656913838,0.0884167196670256,0.0002825484205213817,0.7079632834478322,0.025648297634235102,0.5955440732500755,0.007432908045226555,0.04383939310217568,0.5072148581918,0.5682133420591928,0.19687494196357386,0.1863806175357967,0.19054607963524448,0.2126451698174536,0.5564799579094452,0.37774723230519164,0.05759680467496832,0.10536773704023786,0.25791794786477007,0.010803460732381389,0.19629701809671107,0.14122198058618,0.02822084481951095,0.20977012142484894,0.2015294041183153,0.35501545632151815,0.6368255592878836,0.4916659723574419,0.290810255426154,0.2548743093765291,0.03549624171346787,0.28180029275318746,0.05074623474750419,0.0005553344243085925,0.21026136579767124,0.18431939184137666,0.13091404330805578,0.5636840100049919,0.36450465200508275,0.2134978734637037,0.21732454360695752,0.002446359579696144,0.6070248768327534,0.7328123689180509,0.5349924733423363,0.36102702039479534,8.739077781184296e-05,0.06398296741714274,0.03941338025759491,0.04365341054129616,0.03433458525855683,0.22050023739284566,0.21109723181533144,0.03008308757065417,0.0016187258555596159,0.05986218675766073,0.008333563149625136,0.38345820923899215,0.05993453668218309,0.11668599005405658,0.004301283542776933,0.2324251378946117,0.10289814117087706,0.5619878117352555,0.08410724580031034,0.323759700730862,0.41081499901178353,0.062438496025610926,0.22990562847915091,0.9426497089136087,0.995659654336089,0.4757699169676484,0.6006437554858163,0.7549495789811752,0.21539734997270027,0.3107356459710307,0.9023616914682876,0.6420639912840898,0.845929209968551,0.09576908147236134,0.9122606606080764,0.5319743908765812,0.01115986476924423,0.09885269029999816,0.4979698551494229,0.015838206613888493,0.3340514826424042,0.0019507727134322576,0.031543900689575716,0.23526783234395812,0.19482663721413573,0.4159003856015111,0.11653976728029865,0.013524907391003302,0.2366225092818162,0.432550737205909,0.0639530332853166,0.0004398731959000911,0.3019796853168901,0.013847049645294613,0.1892121650807846,0.021828028384150426,0.023282563242063202,0.025413492767673802,0.8331879988073991,0.021828028384150426,0.2170620299839438,0.058443111913444395,0.535046086935629,0.8413415155480948,0.018868044346761342,0.052561932387303084,0.24298663038688856,0.24919750703057064,0.01576697388439746,0.43081643631749433,0.02538300553011011,0.0002956720530192243,0.5187070952063486,0.42392358160213517,0.00025851984996642853,0.9788425802087791,0.4989517254510854,0.06216408385702211,0.5581090337116508,0.024847789218219386,0.02218037075853303,0.02009679056354631,0.0003612107428083722,0.4860068305915214,0.012800713831411282,0.2285856955657308,0.4716175411325281,0.2730256118620718,0.44168372012902385,0.4263243716054983,0.0161614130815516,0.9401466414544134,0.9776913690064322,0.20609441631680522,0.4932483721116939,4.3310258542874586e-05,0.005089482873768088,0.08000542885060483,0.08198777068354915,0.017325222472848095,0.5314236214959921,0.4273609566283916,0.060196155831416895,0.00935332755087177,0.0863335478080619,0.012144726283323925,0.3344678271458541,0.1363251982663143,0.005541733645444151,0.023744796957499457,0.0032199510143549933,0.004002215880353314,0.595776350465505
lh_MFG_L_7_2_thickness,0.6819269706926854,0.8717410918555124,0.9943726425539183,0.7839749492099432,0.7521034535288467,0.5709485543798919,0.33661360032978316,1.0,0.05365958099718091,0.40459171342525946,0.9348923388688632,0.8183402847092003,0.5751245608733875,0.6254940951692362,0.45382583796521614,0.6294510726484054,0.335073130727613,0.991706526283579,0.21562217089508096,0.039821588107102485,0.521015836210839,0.23928714382086536,0.5033252184149988,0.3975591409840992,0.6599713921871543,0.40312727812390975,0.8719119855312711,0.11753386243068165,0.13196574191934723,0.6436873110261356,0.7033406209411339,0.7609457860003088,0.7434439036733109,0.03430762020037699,0.10008042243781497,0.4674074000526979,0.5869448425722468,0.18096700336862853,0.5457387881521966,0.2888401287241823,0.9138968458095067,0.6414238715490258,0.9342258696335037,0.791791986232887,0.6544879749189374,0.9198677787396617,0.5082909667044696,0.6611345036597098,0.760181749599252,0.9448295456185547,0.2895659876891907,0.5050555048133201,0.6600704126326837,0.3800991390118461,0.5723635970031663,0.6817797399712546,0.39049147785066507,0.28524851432019105,0.12210434765067188,0.7599399514468028,0.9468320436032718,0.44397241209129096,0.6044399581343193,0.5742774631877552,0.059734235855656764,0.5920741866929714,0.6447144596716555,0.8466131624918911,0.8717270871052989,0.8907015111680987,0.6705947044732925,0.7254376217343819,0.14002686809245915,0.7806137690762345,0.7367652776593714,0.3012041757480384,0.9987825310475609,0.01926274908519868,0.5190665841656151,0.5479181208115862,0.5708554713643322,0.5158273035581619,0.7586735984968085,0.7861782224564454,0.39836136320088106,0.06929254598742855,0.6702281816037643,0.17092275726744738,0.7479785038907987,0.5963055517865663,0.5725213883968654,0.18076678071431676,0.5278237659364353,0.534652548941713,0.7575667085479971,0.7273460882645046,0.9828079882957332,0.9575550456879263,0.6809209417211465,0.9477032253905383,0.2267353596139924,0.36792133359727897,0.9376324606760722,0.061798005674721566,0.10775735578969953,0.9514880137573071,0.982416413287359,0.19115738796826903,0.8483679242431814,0.6553401369746936,0.7870335250207046,0.200206272277464,0.9199245208462468,0.30960311359399756,0.4939222276771516,0.18342915335879156,0.37936582645862504,0.020232314382344584,0.121245309193537,0.5008686890640618,0.006580093277428144,0.8990502021409408,0.3662180731949081,0.003950278724480129,0.3493557312308492,0.9476581966342491,0.9665482802391752,0.6848235866528278,0.05148314897806053,0.0172701021490604,0.34951029171354997,0.9376393457108585,0.4360933755802179,0.4469927334718693,0.461552098674873,0.6378144512735444,0.4360933755802179,0.9464439519862051,0.6645887684176923,0.8983854615061002,0.6157223541783203,0.4108901287984692,0.6382425028296306,0.9361213696802866,0.9464439519862051,0.3768756259754926,0.9675831476212002,0.46465973429644836,0.03615967031913231,0.9125338943538299,0.9715756962155291,0.030479340271393623,0.4265383806259715,0.1764396437775997,0.6803365441702401,0.8653062476308613,0.3987868508167398,0.44172407387890833,0.4237391795594434,0.04140682337003018,0.9384941406973832,0.33880847737213676,0.9476581966342491,0.9488630337737576,0.9407275441377714,0.9681160351757047,0.9766251870925817,0.34439297348640396,0.3491790391681889,0.40561123795598825,0.005556414493553638,0.9330247657513195,0.010452297635592394,0.21398532522253705,0.7276056356508729,0.7388320286884278,0.39559297933113363,0.9015884642171821,0.9696090149064768,0.671431959806894,0.2821190441292232,0.7401460284834369,0.3194471244835832,0.7896089054235698,0.6620633170828073,0.22406317099399303,0.36060887411432774,0.16697954931589257,0.18570359780899992,0.776817585500448
lh_MFG_L_7_3_thickness,0.010393005010497402,0.034224035534653544,0.04132845304508645,0.003935927088045006,0.017798039923986077,0.4078096667062353,0.3849801728799902,0.05365958099718091,1.0,0.4846386652580202,0.019353074654919318,0.03200554440804748,0.42868627971098544,0.09889302233122892,0.17460224693400708,0.0068108906668331685,0.42215032440012734,0.07178896601476094,0.0006232703326779523,6.626038154488502e-07,3.167705410782437e-05,0.0006229193084322477,0.4528287737589651,6.590951582192223e-05,0.0007310666558367431,0.3112243507992027,0.010470098707738552,0.02428211925890587,0.311149207740261,0.0006306880079633632,0.017797968613801948,0.05340911176957651,0.0035797242766233872,8.54525444676038e-06,0.45639291947892263,0.0007398439728847027,0.02579157271670577,0.0006229186606456377,0.0006235369192143929,0.007721288065731178,0.138888494139549,0.0006669150093704875,0.017803937010870925,0.0036051670715611986,0.0588369056776122,0.1388768465390888,0.001148644343067092,0.0035781176704646517,0.015776419924091917,0.01782683835076183,0.0007369859530716899,0.053409058384183514,0.0007256500411318898,8.884112579702588e-06,0.05883690061441435,0.05340906875788417,0.00043832004111333633,0.47587651667826947,0.011627268413989913,0.004257016141135088,0.05341092274142369,7.85972621605796e-05,0.0008871728038112787,0.000737854013468806,1.0602647654468044e-05,0.05883690106438231,0.0006493240062204268,0.017798599469558116,0.05926667504444308,0.017944519948010582,0.05883690832648997,0.058836927100439605,7.80693409703672e-05,0.29099208137412363,0.291093002437421,0.30888280123355416,0.05885964555568341,8.554915849335921e-07,0.00010305024484115572,0.003577791316110655,0.004133434368697443,0.0007372720856344562,0.05883695185333993,0.053409144023431734,0.0035777459652432124,9.669039119075713e-05,0.003596725324409822,0.0007397244637621385,0.007232644021443043,0.0007383619621503115,0.0001456383910834247,1.0114455148552763e-05,0.00016127640605669745,5.0794137567071445e-05,0.2923836164361583,0.010393108248592221,0.03388555586933377,0.041403295189932306,0.0038779959511104373,0.017814814031513682,0.4324529218766561,0.3827413655999306,0.053803202912230313,0.6267736513239809,0.557484443668221,0.019359168666881216,0.032037493111208265,0.46359750021260615,0.09932279243341186,0.176362644086929,0.006812083503271967,0.45489597266962517,0.07195948703624899,0.0006232759306474019,7.599911827306413e-06,0.005160562136031391,0.0006229464339619795,0.7353758809073042,6.566416034285668e-05,0.0007103146642223957,0.5402802650298824,0.010408070395336177,0.0010236740504645878,0.8024033266811984,0.0006229334374645384,0.01781726995019594,0.05349874246511126,0.0035783254457901867,8.545281796923734e-06,0.754321025058806,0.0007397360080050766,0.01857396856204808,0.000623001455145543,0.0006230198515286206,0.000623050621727418,0.14211291280259,0.000623001455145543,0.01781076302626841,0.003578142197926421,0.0591351112202653,0.14310349738924377,0.0006229702385917525,0.0035779903749067494,0.015801569619444674,0.017822568946022632,0.0007370044792362612,0.053496532631274525,0.000710203940623831,8.545255842829381e-06,0.059078716174708334,0.05348819603491139,8.545252366258935e-06,0.29736447183599796,0.005545737212703334,0.004133789441056047,0.0538792711461902,7.829904289843425e-05,0.0007370583213231415,0.0007370368306823174,1.0602604675547253e-05,0.058994518093691266,0.0006136257299332832,0.017814359820611542,0.05896672725430506,0.017835551145773502,0.05892221604423598,0.05890492519467362,7.815444901326662e-05,0.31150752358526845,0.29941959896694514,0.5795203369411092,0.05901042045042285,8.554888758501936e-07,0.00010088955056963749,0.0035791232511853495,0.00413467631944631,0.0007370142839087709,0.05912160998328703,0.053492265980475164,0.0035781960032082727,9.671294790784382e-05,0.003598097335492287,0.0007397300876756108,0.007072285101226993,0.0007509322961268798,0.00013535632242879888,1.0338417576143316e-05,7.80702411830479e-05,4.3245187653314935e-05,0.2923899598743749
lh_MFG_L_7_4_thickness,0.0844139928429121,0.5466081499701012,0.41328787934033506,0.40236749194742966,0.10714908343927704,0.942686016221437,0.8516900939073367,0.40459171342525946,0.4846386652580202,1.0,0.2671200639510009,0.14411540757616043,0.9404520745799874,0.17310758465540727,0.24950802905121394,0.07331292250059418,0.5031165894607192,0.4646736032178407,0.007281293282389967,0.0024702044461583157,0.32438829806244346,0.010735274448649525,0.6305209712682436,0.09480760199547326,0.32790483336793735,0.713867747629135,0.43204117141247134,0.2719325160575516,0.6208322125579039,0.26248904254770533,0.0864169066491743,0.14400518146165336,0.1895425754006424,0.0008417061636236863,0.6993156732625895,0.07552332258072228,0.43840072671770286,0.003412133326472849,0.12958040785024416,0.40678943248838856,0.609458478312598,0.3771794809174414,0.2784332760733786,0.35191186083557713,0.11932636873462045,0.5982781140237585,0.4968002285708876,0.11652763371532188,0.11274291558133137,0.3811494894601376,0.018088821733679206,0.08914527925115105,0.30792622008361825,0.10540867968219982,0.10383067117993051,0.11821068179151124,0.49088912512742183,0.41686534302693085,0.35659517710680866,0.4478438398512428,0.2676617824455457,0.12201664511033418,0.4511545209670958,0.14427303396739594,0.002861214999024025,0.10685822466809686,0.36334396656135864,0.16531458344845343,0.5877172060383422,0.481533621029176,0.12328559941225631,0.13931487760212566,0.008519233249751084,0.6667113755531927,0.8027053471710367,0.7303355480610642,0.42843915838209357,0.000702851095652362,0.18674875769883745,0.060073179808055106,0.06459200706627918,0.10170338962955722,0.1511984874558959,0.15439930792639944,0.019766981517450585,0.0004245282324073137,0.12236650377501578,0.0021215729260398936,0.4985033362779236,0.16545568317159787,0.27930271694775183,0.023881017493743512,0.41629050055849526,0.25928915598577207,0.5943483801043314,0.1061686546670262,0.42301390999025573,0.498790040502601,0.12530160955135025,0.3450782053576414,0.7328167175079616,0.8836274214541371,0.5423454511339699,0.5646530610846382,0.6371120480925587,0.31859757175328673,0.41135727722881077,0.7041119964690703,0.6428089923826494,0.734917262416412,0.17327403601487212,0.7088240086663439,0.5785403027674321,0.02469415674452522,0.25382814038063983,0.43215336624358697,0.04457044317399836,0.41291168227550396,0.006462259113322588,0.09430445995841655,0.26834091684452194,0.32492024680301873,0.5000773563118595,0.22787267088366128,0.03521624921107933,0.3541621202519426,0.5095394202005954,0.1332788395525068,0.0022643566693664186,0.39203194210252174,0.03232514208685001,0.27973274394212,0.06618134814983098,0.07102080000995711,0.07788746465637697,0.6649048587571635,0.06618134814983098,0.3268809611129633,0.1188242938249141,0.5765286880808902,0.6481938376854697,0.055885054185204404,0.10238114439160151,0.36877186941693674,0.37041986849172615,0.040445490850920064,0.5080496045345825,0.07545588068699417,0.0009731569541411739,0.5684323860336176,0.5019941030783733,0.0005894404590191636,0.782358076883122,0.42645870891704396,0.12108415263434741,0.5819600518765241,0.09278408080206932,0.06412005864159256,0.056836459930447926,0.0012012396095705971,0.5486745766760625,0.03247234109629524,0.3432590443909402,0.5385032543932734,0.39874233117247765,0.5144338954935859,0.5005218651254335,0.06564899331095422,0.6594356208924348,0.7568883280837178,0.2554394683504047,0.5534527781479055,0.00019862494935175243,0.02112443156401125,0.17141442388375988,0.16959231306451747,0.046574760054116086,0.574838108031256,0.5050408151739405,0.1235140707430867,0.03997435035708105,0.18495353651866003,0.024618081522513525,0.47304751862763894,0.30070670475352884,0.02121374717317233,0.09259492739697092,0.013036510195076997,0.019740116697690477,0.6504787283562097
lh_MFG_L_7_5_thickness,0.853647677309464,0.7858913805541498,0.9420409262833016,0.8549984756473984,0.8871584034596904,0.4012961942474075,0.18406513492530716,0.9348923388688632,0.019353074654919318,0.2671200639510009,1.0,0.9010241589510573,0.4178782931158369,0.5999428488206664,0.36467010233416897,0.8215675262897516,0.3311950278133103,0.8848907051603212,0.3797449487517677,0.08026279936359952,0.534176497700471,0.41340283144655177,0.5054047115760106,0.5444522443992396,0.757090948369254,0.31809814366877304,0.8996279379031371,0.16287605854350043,0.07815209565981295,0.7683366318245736,0.8403084730476673,0.8007395203776135,0.9113638318709809,0.08345378125959947,0.05192789304342024,0.6726003532744542,0.5826866688870153,0.3259662574096038,0.7309727044830999,0.35463019955296077,0.7361790757636317,0.7151976402627807,0.9991592126469554,0.8849045909441118,0.6746145439044047,0.7464660895803592,0.5426439066209473,0.8597256229593806,0.9021158272126422,0.9630936015322002,0.47927402140407094,0.46623285717890467,0.7661234016997645,0.4874351863259843,0.5670556193785106,0.7157524500690633,0.33915888085651513,0.1615187951839632,0.11453528122742355,0.813018468505283,0.9456671802890084,0.5852722745833145,0.6536383700493253,0.7564433093357497,0.1275673189334028,0.5946021264086282,0.7239343132702618,0.9630936015322002,0.7332548787581344,0.8702316642551372,0.6937790572469059,0.7550844367504865,0.2655178284490797,0.6471219816552662,0.547383202202142,0.2150492771614358,0.9177980622013668,0.04612844631938131,0.6381597728154009,0.758184952722174,0.7783228657226626,0.7141600799170845,0.7894105013073522,0.8253019550630056,0.5845289689546467,0.15286895157791022,0.8666464253833772,0.30224609733534463,0.7718871482304266,0.7692283266151659,0.6550806344743214,0.2914800140635505,0.5394214785861583,0.6011083198025574,0.6587395714615532,0.8949892878153816,0.9400209810391768,0.8711309936321325,0.8750564351004039,0.9818251793347355,0.11152067281460937,0.20721838032806592,0.8179653463205143,0.022837262337591327,0.04463226559461658,0.9924823641260034,0.9484449851670982,0.09019388550658292,0.6654201226850737,0.4487504420248218,0.9470945034846803,0.09553075182333062,0.7703390187574319,0.5037797362378327,0.5133154149056334,0.16001590831882007,0.5825760140124073,0.006089615724369603,0.23697246977336944,0.7008394764909696,0.00188873856961956,0.971692089910561,0.35525697406944545,0.0009208092419952465,0.5498645725161557,0.9777177914740536,0.8584718393760996,0.8771629409163947,0.11272165203438644,0.005057260624389281,0.5514950080514134,0.99935916805691,0.6397046491254874,0.6499686907814345,0.6633074135689663,0.44919198785798586,0.6397046491254874,0.9888228229988087,0.862366861328814,0.7623568680681403,0.4319921421535834,0.6150829176025714,0.8414521690858685,0.9670540795571135,0.969345388167363,0.5819504955831456,0.8600528400097458,0.6691847184036231,0.08675957215297142,0.7786467054890629,0.8662907336973747,0.076461055100494,0.24949698088029276,0.15297915811572993,0.8748732078705397,0.7355470094339827,0.550115630130123,0.6484341827923034,0.6308004694290793,0.0972050404810398,0.8105677235320239,0.5378130000306114,0.98259869119964,0.8242962744862148,0.95155426011886,0.8520801877780084,0.8658280798533267,0.5015341328382232,0.19705364579199558,0.23454369483480084,0.0014917132551901515,0.8035810983977432,0.029293943837230788,0.36550295732141175,0.9037663721653397,0.9134717777428951,0.6019630052871978,0.765987512611489,0.8631893008109407,0.8675031961579537,0.4430750777259008,0.9101004920158328,0.516252386734982,0.8205036845841086,0.7720284227721489,0.3824238189803322,0.4742929581128513,0.30212093879337654,0.3174920434094692,0.6516681493056771
lh_MFG_L_7_6_thickness,0.9476087213241798,0.6304470940959832,0.8012710155526028,0.6211952803704125,0.983994104476357,0.2634208871603777,0.1614596701340949,0.8183402847092003,0.03200554440804748,0.14411540757616043,0.9010241589510573,1.0,0.2704924780663573,0.8363969736361762,0.5732701807342414,0.9112587497406972,0.5419894031515051,0.7632698525323824,0.4776187464964172,0.1980424899456562,0.3595607039459925,0.5265377632435475,0.41387177916963525,0.5844351032453063,0.542060920460623,0.14585365796398453,0.6852068798421491,0.09768886004515691,0.020880020422597456,0.5953458946215345,0.9703783051808033,0.9734743316416719,0.8165283924274723,0.14685966849028456,0.018704676996435868,0.7225161312194737,0.5087014174440647,0.3793477004362107,0.6997206135134534,0.23241839892393956,0.6154510556788512,0.4811692244181589,0.8848904456680694,0.6660390532633893,0.892810205170457,0.6277047927877446,0.3234811363875278,0.8599053508872669,0.9799504321322006,0.7849202017221601,0.6015860392378183,0.539299114896514,0.5619069835370777,0.5296956723288715,0.7675043579982819,0.9246201739999942,0.1553197018246155,0.21378418678962918,0.04856030177369339,0.5760202109044005,0.9424102026246566,0.5830531797152119,0.4107135935343851,0.7047411190747973,0.23681952989700597,0.8056776409615994,0.4944843102294598,0.9725031528096821,0.6043529046657721,0.6740588725226143,0.9091903550340613,0.9509351504483134,0.395998434351497,0.5613447883566196,0.41777097350432857,0.08009398867028047,0.7966046083544558,0.11618325740586684,0.5518193624600312,0.8471158289825751,0.8639351549278569,0.7229512003308917,0.967119881937417,0.9813900296160617,0.707645207312332,0.14966139104081594,0.858374790493426,0.29568901970400374,0.5577390441693574,0.6907958370935405,0.4831978374780579,0.4526855367700058,0.3175603035428224,0.4560371221928542,0.6290469698951947,0.9540957330636765,0.7824085477877499,0.709319118598511,0.8643880116551053,0.8212033075245112,0.1226929886698993,0.1697377218031822,0.6685375561164494,0.03240694209910081,0.05774843304238607,0.8531066589945202,0.7916279125694702,0.10467181130754748,0.5541775668191201,0.3938552020105269,0.8905816544114467,0.10984904457438924,0.6342753800747405,0.6258513728868852,0.3991495985224093,0.06462528185460492,0.6818590957531333,0.01024220523954134,0.36019381126727856,0.7211087071057001,0.0021038667196875077,0.7964948745127759,0.1753315966889078,0.001858782343489328,0.6618498746762813,0.8121795442644613,0.7078078601652208,0.8531909156296196,0.21407267267193453,0.008725448590500173,0.666186183004159,0.8867325608810828,0.705206553567204,0.7076684594120523,0.7099629339074541,0.41782860757569545,0.705206553567204,0.8390515016848845,0.8591547790483064,0.625154007243135,0.4110244281415298,0.6970530368265084,0.863053985946642,0.788179930941747,0.7958405525351812,0.6865126491757766,0.7095048995104111,0.7193113965407965,0.15531970182461569,0.6377290049918898,0.7163418385210887,0.12795151155146067,0.23678147364211746,0.06115486938959803,0.872031317299419,0.6051331005502731,0.5914091126877324,0.7167288637864435,0.7107331179781903,0.17173941943998142,0.6646613448044315,0.6530812751332112,0.8230013766359672,0.6773395545037351,0.7667579370510854,0.7055442677673098,0.7210712371179071,0.5860365484305439,0.22098114255585735,0.23179293389483158,0.001999556700548703,0.6584799040750848,0.06541267591373856,0.5061341115175068,0.8300444621453178,0.8453777729277447,0.6977299325590863,0.6278950394273569,0.7129137847283403,0.8574434450424187,0.5650400253486683,0.8205696197250282,0.6375609052589158,0.5960519959868371,0.5719609627728865,0.5198219865491344,0.5348821544499113,0.4428993681623263,0.4675389259729493,0.5770766293490334
lh_MFG_L_7_7_thickness,0.17369118903189965,0.5982964430809898,0.5692377775870366,0.4976177709471827,0.21200662677435728,0.9959406605315458,0.7843224994110143,0.5751245608733875,0.42868627971098544,0.9404520745799874,0.4178782931158369,0.2704924780663573,1.0,0.2834087517728312,0.34844234277809377,0.15401572877529024,0.5684819880599922,0.6355959911630322,0.021411406761288,0.008308011165726001,0.4336392639046649,0.030120176581630957,0.6613438896129314,0.18082149449102886,0.4394482020297651,0.652127700154714,0.5289734987769912,0.16287318715661184,0.4261316253703865,0.3831084368715931,0.1774459472615544,0.26516720158958307,0.3128439393545666,0.003211556535332633,0.493324395373688,0.1526628244959715,0.3542124052972706,0.010573012902138822,0.23171032691961682,0.2938832936226286,0.7746173130162844,0.4726770659383575,0.4276222448681884,0.4656778811958061,0.21487262440328478,0.7692038724417206,0.48769328536297357,0.21845151215048406,0.2204453504198337,0.5146462594414585,0.04715528684402334,0.14900219522344824,0.42362840866176926,0.19611338981149803,0.17967125788300903,0.21770097712157485,0.4897947045730761,0.46384625745849994,0.23811814121523137,0.5165530641088772,0.4398502890345596,0.21981314479655156,0.503607405218727,0.25145265288631846,0.009469846675379688,0.187148188160713,0.46406079363870145,0.29685526096810433,0.6488376577382301,0.5627593186726316,0.222999815073814,0.2537612329769665,0.024533715919111566,0.85755326323447,0.940190573546692,0.6032005954850872,0.5981244571882484,0.0027329627156514424,0.301579063866351,0.12980218966484638,0.13793935913115243,0.19273837989674303,0.27489415932845196,0.2827024202641222,0.05032494479369308,0.0015242298212392105,0.22674101885992584,0.006033357419218766,0.5248670143210771,0.27820934484970633,0.3967420685069455,0.05870316249151735,0.48977249639117865,0.3777493636484047,0.7889246463042701,0.20841495401276022,0.5664681233774049,0.6158816391251277,0.2311944314020386,0.48757204118384956,0.6575223766371014,0.8242628514275674,0.648122039570301,0.4635975002126064,0.5452119949078917,0.4672606183763263,0.5563322079539282,0.6267736513239816,0.7201226623887503,0.7525675777744059,0.2978604558715558,0.6330040887032875,0.6837680403864689,0.061220400940226016,0.3722257591303723,0.32266659281620047,0.09973221713732179,0.31063435631520686,0.01932092022084451,0.18170538890886706,0.16764570424410172,0.45938989480056003,0.4584433288992566,0.14924968786289528,0.08220988208678214,0.4947656392957041,0.6390839498792685,0.24179847593371975,0.007710060048455338,0.29152818620492665,0.07670833839026431,0.42978557211238194,0.13724843316608556,0.1451914004156454,0.1562165243243115,0.6548381218097805,0.13724843316608556,0.4724383119382914,0.2217199347744766,0.656232161123629,0.6301039739657002,0.11982487360023983,0.1978113179898009,0.5025219579828765,0.5070168778545252,0.09225510505530263,0.638509543894742,0.15250257195387032,0.0036544384979304394,0.6584128475384258,0.6360428539572986,0.002335718611797464,0.7452546259520815,0.3153942188966669,0.2255775995786729,0.6353842433109433,0.17783981518650463,0.1340067626035704,0.12164086699055453,0.004406170860153557,0.6584128475384258,0.07687297083126161,0.4861021856115798,0.6565456636429448,0.5263207675175163,0.6488376577382301,0.6427625710911856,0.13516503325836346,0.6232209426016424,0.7162419908290936,0.16105042048966675,0.6589167473701564,0.0008811205443598816,0.053166758697464865,0.2910925894979667,0.2897049630859571,0.10352424856409509,0.6568414328241989,0.6373098833969374,0.22832605719888846,0.09036135531796753,0.30746496869838696,0.06114571127100956,0.5299470581030676,0.41771838588992793,0.05341406529760637,0.17726951461729587,0.03530876232230281,0.05010518487957459,0.8433185182893814
lh_IFG_L_6_1_thickness,0.7526788407795286,0.47328394312512995,0.5845814441251287,0.30462175856080576,0.7959959257357947,0.29793750352359194,0.29075202790160254,0.6254940951692362,0.09889302233122892,0.17310758465540727,0.5999428488206664,0.8363969736361762,0.2834087517728312,1.0,0.8953152311217089,0.7155974492296464,0.7340314893546149,0.6170861362400857,0.5360158142148305,0.3805677877773919,0.15168907173275484,0.5653863957792609,0.2542650259273983,0.4202664852740187,0.2363760401263375,0.052531333547947194,0.39211140006970874,0.02970319079298451,0.012838156002271409,0.28356464135833526,0.8303967985649808,0.9347513137036643,0.4782616126144341,0.29033955044250614,0.03665587429227649,0.5250985308683934,0.3761459008374129,0.44395810872245084,0.43330725848067364,0.09251638568821169,0.5767391020340471,0.19565851495514422,0.5772174117411963,0.3309822518548101,0.9821639287343218,0.5837442126267908,0.11881676803968759,0.5751595801333736,0.7676828430434712,0.4936477103666888,0.5944562434109492,0.643934827864286,0.25166114744728624,0.38512646136434064,0.9423478863421666,0.971505015001167,0.04146097164457022,0.37465339447508045,0.010541108321810148,0.2827488352216031,0.7547770981787769,0.3820230367513633,0.15785696088235485,0.4214050092025201,0.3996206601121124,0.9628026362758807,0.20423038199984248,0.7069110002953498,0.515982066719131,0.42968788027841287,0.9802855868459484,0.961143661665669,0.49958893207454125,0.5368323939291516,0.44412279688835576,0.028497971956100345,0.6194200649540822,0.271720818147445,0.3034332676585626,0.6663023288232768,0.6734811048182884,0.48281116484409,0.9423478863421666,0.9174929824341882,0.6914064236344881,0.19345980103900648,0.5669602378829043,0.30466561106821316,0.30360242784084546,0.3941363862456829,0.21820639732800973,0.5080572019911889,0.1098707440664137,0.21662879427952278,0.6016835390733382,0.7167977294553164,0.5512632271234992,0.528984780479205,0.5700765586266048,0.5202745922813403,0.2555939257533854,0.2925066267853791,0.5347408610692409,0.0989211783597639,0.15204896346960042,0.5530521527476572,0.5517203213995614,0.230828464850183,0.5336740498576077,0.48274256460981935,0.5663224337289191,0.23843732730843292,0.5451290882153264,0.5888585735214324,0.20240415763457745,0.01391936242000543,0.5671396512876518,0.0401834919388323,0.4792890454687006,0.4925177428386603,0.01063933174148674,0.4662529264711076,0.04890261902139175,0.009899605409238661,0.5800187492947381,0.5133262413169795,0.5539826616592444,0.5506585064704842,0.37828326997513895,0.035334379891886494,0.5916355704743833,0.5819366905634141,0.5321194357329041,0.524054814728631,0.5126745990622286,0.49738079622886244,0.5321194357329041,0.534733971131268,0.5717158574810681,0.5242042779164919,0.49579332319479474,0.5491970453612022,0.5969547508786104,0.48654005612036655,0.5013065011231144,0.5814142172777033,0.554890120594497,0.5231224974894579,0.30305157462720794,0.5294909567174579,0.5585967580751777,0.25984020799896435,0.37840628888622435,0.012999902268425479,0.5827648488085564,0.5076836345585315,0.4262485915937633,0.5438855473860295,0.5559583996274186,0.32235122168172686,0.5416281854561718,0.5824264098224197,0.5216870681150221,0.5477355657334165,0.48152197830901894,0.5622678938485973,0.5708520542897203,0.47063569132752103,0.37555037899525073,0.3774175045407738,0.01033746484657136,0.5387429124087386,0.1774363170797688,0.5335132697527422,0.5000279830148879,0.5164464721198408,0.5723817639471928,0.52533626068205,0.5567280351730809,0.5647672412945545,0.5155921125909905,0.4841340135760491,0.5970081347315719,0.3199933969203733,0.25924064428611354,0.5395073672123057,0.4058938274465469,0.5198496429725898,0.5203891986730271,0.5499751957670149
lh_IFG_L_6_2_thickness,0.4918945845092747,0.3508838759683997,0.4111174242573067,0.15303627909153644,0.5279076931939213,0.37020225034114373,0.3909984513088322,0.45382583796521614,0.17460224693400708,0.24950802905121394,0.36467010233416897,0.5732701807342414,0.34844234277809377,0.8953152311217089,1.0,0.4641571595006735,0.7351983234965976,0.47759455224565656,0.5415215687393916,0.49292079824932644,0.052285277101039564,0.5274277955620087,0.169478090601481,0.23649275604993,0.09582346891688831,0.03640683084589656,0.22991935530824367,0.011912492201437029,0.025201785322611643,0.11926773236168767,0.5768446205814775,0.7089714414073619,0.24487445806764202,0.4443180695944915,0.07450739601516397,0.31309688572411887,0.26875836037537193,0.5274277955620086,0.2224971146826908,0.04427730405385648,0.5196791903272981,0.07701429919438238,0.34708025713905505,0.16181664172856042,0.8321205750660261,0.5223888773723074,0.050307523101174034,0.3234980450107536,0.4964291426254402,0.3047221451817302,0.4965629281974674,0.7325505878064169,0.10312787884469177,0.21175721051693297,0.9065196919212382,0.7916982284717986,0.010281594218162802,0.4596844950239882,0.00324002098548353,0.1471052761730909,0.5290052705452595,0.19830241229516354,0.06449601264103011,0.2106525312132634,0.4987579506684543,0.892715785042677,0.08050446912783166,0.4374879595851695,0.42065387597873155,0.27966867679892937,0.8151196434731695,0.7571928121860647,0.4996557959134274,0.5182724232780603,0.4787054497973202,0.029308098796918956,0.45961347276248216,0.4326446155682606,0.13578026104212482,0.4346369267571427,0.43512706401064244,0.26590562795838096,0.722866747629199,0.6835196907040304,0.5889674688510002,0.33614553962594934,0.315704532796124,0.4242093666827183,0.17709227637576708,0.18958315283901203,0.08393142111870863,0.4160205490884203,0.03498646681916258,0.08436290801333954,0.5538630451323662,0.4472082300248686,0.3790309185097022,0.38861857149896123,0.31743063480851363,0.31704191196929904,0.3599322236576035,0.3913035366983079,0.4168040369933613,0.1746041679311244,0.24522969180615672,0.33855150078323504,0.37443690863387735,0.33502896369844143,0.4779492907477464,0.5022368049561237,0.31226881211115776,0.34286889666593334,0.45004377004762613,0.4598910588554548,0.07948319405274228,0.003927382971225595,0.38617020681553516,0.0828962496844671,0.5066104183943994,0.2767512464594021,0.02640446903529513,0.26215020040611936,0.01581468950182447,0.024800192121640086,0.4177363222115591,0.31372245601279175,0.42310393182574346,0.30113819391577773,0.49236623874278357,0.07434982637480031,0.43433080337400626,0.3519959402281884,0.3281723862402449,0.31732039427529646,0.3029691394584962,0.495550014534251,0.3281723862402449,0.3241874068820737,0.32022962238676106,0.4230453216298837,0.4952508347138074,0.3536311093349,0.34528346815501676,0.2938569750709222,0.30815461511936637,0.4050272195888283,0.4234377981589439,0.31192192186760515,0.45326208926465966,0.4246598898156961,0.4248157885082675,0.42024871069480396,0.4602214828008944,0.003639429589869716,0.3281895903448303,0.408065431475188,0.24118944361838543,0.33827504604599506,0.3564687128748575,0.4653644458477014,0.4285763519989931,0.42749859952978025,0.3177257474202837,0.43065122710511716,0.2994719551511508,0.43585154561932726,0.43909032507496526,0.2943879470767619,0.4597854941777949,0.46005908791316064,0.025752678595032216,0.4276198738530851,0.3411001417541357,0.440411478253933,0.2604762160736276,0.27277159641765647,0.38544917566001763,0.4233861393726483,0.424118210446431,0.31376486222837413,0.3666399624860098,0.24900077737780932,0.46615034798817157,0.18217221432931527,0.10705280711737772,0.44333176915854916,0.23235233026172047,0.47733530788886125,0.44013527350526566,0.5247675535103431
lh_IFG_L_6_3_thickness,0.9942365749177837,0.5075275816672703,0.6368997886163985,0.6858092051326308,0.9676462542446785,0.14156653661324703,0.059098475371063205,0.6294510726484054,0.0068108906668331685,0.07331292250059418,0.8215675262897516,0.9112587497406972,0.15401572877529024,0.7155974492296464,0.4641571595006735,1.0,0.5060618481833239,0.5531455416349724,0.710352565003038,0.28289519475364233,0.3815836428333439,0.7580757712965206,0.3493870750334106,0.7014916857183746,0.655007718484909,0.10340801563444563,0.6717155405411586,0.23061617466677878,0.01145996810005288,0.7103095501491419,0.9698269406594754,0.8580175926933914,0.8957128683916056,0.26516675443911025,0.007015819420692369,0.8942134084683655,0.48020770673431706,0.6049666872179115,0.8430524934151987,0.3967548387688013,0.3881590303359882,0.5965588456356139,0.8129190754657616,0.732136754095724,0.8012887918484914,0.39918491651822985,0.4622838413707788,0.9642224166791951,0.9706796623261851,0.7103021187118737,0.8261393699529663,0.43647903358375867,0.6748022778498283,0.5853103388943001,0.6906255598275335,0.8336710499479528,0.19390979004366818,0.08376682618385398,0.12199231868681434,0.6425249429464239,0.7682805943149469,0.6917564707130464,0.535285669349971,0.8424009744058192,0.3736584212221794,0.7271017122198168,0.6089239631850982,0.9259784492426122,0.43127357288121004,0.6103313808177112,0.8132961311704909,0.8386399666549504,0.5908878285672367,0.37169326129385527,0.23725522030833585,0.05254505064445438,0.6002930159501292,0.19029304462960825,0.6472381930466325,0.9879932294808338,0.9929581157943621,0.8789357092299515,0.8442505075591737,0.857765629169587,0.8893725236532057,0.3158714252016151,0.9596638093311485,0.5002878932539483,0.5967039411992314,0.8218229327289208,0.5744419951104154,0.5754079622024486,0.399910807344506,0.5171030987939929,0.44552532794733923,0.9859796623907928,0.6391841347236605,0.5526326024714063,0.9600062245005966,0.7458735291982743,0.039358113870817286,0.06451889303479788,0.4922200448289476,0.006997245983530404,0.014580017190326094,0.7693688424299987,0.6537722252769689,0.03173292157808025,0.35036043173420806,0.20519368276528638,0.9292935239907895,0.03384086247288956,0.4381699156277241,0.8430955082690947,0.3712832318097799,0.13565350358382852,0.8785488566687525,0.0016877573887806203,0.550883655161448,0.8812227421365288,0.00027711942261865203,0.7771133434695283,0.2837550972484436,0.00022001670587532384,0.8677672446469702,0.7368737021115663,0.5264311997888005,0.9500530724392675,0.34359276491798263,0.0013891312427299466,0.8751055895726572,0.8101664020033468,0.8837054016110371,0.8826267047905395,0.8801902741255005,0.2305822836201484,0.8837054016110371,0.7640018947071499,0.9623765322194808,0.44785642541313303,0.22599124204957236,0.8837054016110371,0.9746879029103402,0.7262100080438356,0.7208401909924731,0.8871330133918294,0.5279244920027562,0.8911511695934761,0.2754173306864154,0.4580829755841235,0.5339682227030723,0.24180790728624002,0.09759218223194983,0.13002895933930614,0.9657208787391629,0.44109312999969214,0.7144820685470822,0.8967017578349752,0.8965217060659758,0.29961449995836287,0.4804837615038875,0.8618335365848249,0.7476797133702988,0.4912616074041948,0.6930731461283671,0.5157748004680787,0.5295900304799317,0.7267440982812229,0.08775306000510141,0.09439310018111778,0.0002514871783098047,0.4752828212885256,0.12509243326753083,0.6957529205986919,0.9138701860875786,0.9210485119311836,0.8925055002982658,0.4500727742937061,0.53093233823287,0.9585031714212369,0.7335763156868373,0.9005480736375633,0.8548814536054903,0.6280342909437386,0.6848403060130737,0.7170292571908187,0.6014098559298695,0.6341399707719994,0.6346864810102724,0.3885526499648988
lh_IFG_L_6_4_thickness,0.5129153147652372,0.15868361402589612,0.28570288611493777,0.13822530108088887,0.522949980521779,0.5556021542861959,0.49833212418116113,0.335073130727613,0.42215032440012734,0.5031165894607192,0.3311950278133103,0.5419894031515051,0.5684819880599922,0.7340314893546149,0.7351983234965976,0.5060618481833239,1.0,0.3427994683274047,0.42199639072581135,0.342374658214401,0.17273080070461022,0.45865052266584816,0.5453596355205104,0.427075225177798,0.17601282581406605,0.2039233144708048,0.14969195788845246,0.0018727318029908538,0.14736964477321002,0.23377015792974776,0.5496173544888188,0.6340270539537727,0.3322683578609098,0.24510843521806835,0.2800067995202027,0.4605242513700432,0.07465353246089045,0.3215124820934833,0.3851421136904981,0.009381339322686217,0.40623785841647364,0.1362955898333429,0.3125257409467317,0.17521055651196185,0.6629281149523489,0.41441682806110824,0.04411971640271037,0.4256263989387543,0.5044524983428673,0.2210839102864217,0.49224776606765724,0.29279382188484016,0.19297200970141865,0.411595312314926,0.599037533551589,0.6543449917723815,0.04488190802319583,0.4500798553909851,0.0030101499199084968,0.10676288073590293,0.47145044785794843,0.38983375822142113,0.08322320021596956,0.36690909715832004,0.35493401533004704,0.6255641876108755,0.1468304859658969,0.443164772785014,0.2102960406610473,0.14657225115046335,0.6652001782340311,0.6585126109522499,0.4475862392578655,0.6444708814624018,0.5386074534128229,0.17144620100989813,0.33212764021185504,0.2328151247561674,0.30894331554704757,0.5016700050006626,0.49998591546294796,0.42416374470187956,0.6460189375445892,0.620903335930146,0.4903833832774379,0.13278485320763217,0.4177599304194326,0.17920682906592697,0.08293356586058487,0.34027267225438246,0.21362043469279918,0.4986078023629538,0.10282176897771922,0.2315273605275617,0.7162924001102261,0.483293420286916,0.2513760856942722,0.22145103231223948,0.415719318636469,0.25086375767756486,0.5002407946499158,0.5007939615207817,0.2303017403221699,0.4221991069249257,0.47446281745827623,0.28111974233801673,0.25367064640331616,0.5004694611551341,0.2827594781365419,0.36016062194748794,0.37222098198050935,0.5007151212345737,0.25849177590526173,0.5023956978408133,0.23627644412129176,0.006993798641996235,0.49689839685858384,0.29507868044776275,0.425625894061461,0.43422319566152595,0.1488976614325912,0.233934887766054,0.027961828632078717,0.14300306170350036,0.5033273960852467,0.24315398133452432,0.2531822051950799,0.40289429125251525,0.3334964722742061,0.27798314340351876,0.5049576739421069,0.3147762597882464,0.47200023754770604,0.46557600585101333,0.4562349767844796,0.30781541272331286,0.47200023754770604,0.2667744140434421,0.4224728623692537,0.22055774053737914,0.3056282657206029,0.48491065214693774,0.4452330477510643,0.22222130207121743,0.2297156889183255,0.5011296329706916,0.25425435060330204,0.46035216097147125,0.2574903732127176,0.2270815493590003,0.2586229414684105,0.21586983122930678,0.45559904501308546,0.006513977261937476,0.4232271845460217,0.19681324347500812,0.430046662451458,0.4756867617379339,0.48475895467853036,0.2754506517445515,0.24186958343313708,0.5041353700711304,0.25242587537622685,0.2492216826807359,0.207302912096878,0.2665048087845011,0.2765868337196833,0.4673024758937689,0.45147037713733446,0.45419382292787625,0.14652213981016515,0.23837636480343524,0.14521007405757802,0.4965985905242618,0.3539934029005624,0.35993062190450775,0.49594747263598243,0.2219592136774473,0.25642262901409635,0.4160671519033359,0.4961633253242858,0.33779836892064996,0.5028013280726795,0.10309374454094439,0.1994933646995793,0.4968677837698867,0.4294211619398162,0.47608245581902897,0.49440056000450544,0.6612132282496651
lh_IFG_L_6_5_thickness,0.6078325986951685,0.8832801019644299,0.9828817030195206,0.7529196345804636,0.684415688437188,0.6369382507713427,0.403313060117959,0.991706526283579,0.07178896601476094,0.4646736032178407,0.8848907051603212,0.7632698525323824,0.6355959911630322,0.6170861362400857,0.47759455224565656,0.5531455416349724,0.3427994683274047,1.0,0.17089212740232454,0.029902188226631217,0.5129334072951659,0.1908320326202868,0.4946144382727179,0.3489342723473839,0.6264614359915536,0.4344032240596548,0.8471344376477092,0.11746277174497013,0.15961567824434683,0.5993568504352061,0.6370218834425214,0.7224390927045026,0.6748812402681935,0.024347977807145788,0.12670593700746405,0.4002960296866468,0.5808334405399467,0.1426580754083175,0.48234440356757746,0.2841738512793581,0.9566988100927337,0.6184987756154857,0.8851055597721622,0.7512827624050196,0.6269002701608138,0.9604799815106195,0.5096018253918138,0.584750103868349,0.6904876759165846,0.9144956905313677,0.23443429225910548,0.498356871719758,0.6228201731141315,0.34050992324050394,0.5554532685446237,0.6483577659428789,0.41620440951441146,0.3300279013627857,0.1380845995870063,0.7376342503495268,0.9153690080235906,0.3959141589125341,0.5946016182995587,0.5108914302456582,0.04428650526762868,0.5721731294486927,0.6192457963911573,0.7815467806862257,0.9012557819245747,0.8800046867236748,0.641418478318528,0.6919970149010802,0.10830674059147483,0.817480565156344,0.7998215896926867,0.33792612248476334,0.9966896795833035,0.013673079873213196,0.4769338141832432,0.47218396392782297,0.4944507320525645,0.44907769896509525,0.7235156208277231,0.7468546330895032,0.33601491273954237,0.05122466387639938,0.5942120322600999,0.13602118622269907,0.7354183689983476,0.5354125824226572,0.5436261916879714,0.14829619378868739,0.5286739953090874,0.50920378106576,0.781521301583715,0.652759894920772,0.9696816545205573,0.9626988466034492,0.6049052277530467,0.9105484310049199,0.2790792761510223,0.4375819636724989,0.9561074071979357,0.08299931151756876,0.13974580075938972,0.910445033137194,0.9661048581940279,0.23811990194286586,0.8964839191440044,0.7248008322799615,0.7156215136422341,0.2485192442170289,0.9505916414392787,0.25243212107884605,0.4780228154135815,0.20590782183421805,0.31653568178688496,0.02890016743059335,0.09276927368488275,0.43416566806583645,0.009897157181157402,0.8537162764476398,0.38524230724346586,0.0060968899104904975,0.2886106728302689,0.9122042632594028,0.9784220511478592,0.6096844967770296,0.03783481130801693,0.02486369961450459,0.2882239294573932,0.8892461053587959,0.3708054366816564,0.38146804882529484,0.3958387748874576,0.6980781400285894,0.3708054366816564,0.9059236448328398,0.5883486592305589,0.9254548261094544,0.6744353760613017,0.3464472770354797,0.561187835129773,0.9021690759694867,0.9140635584904564,0.31350161574426116,0.9791631175663723,0.39789226275878276,0.02577557483170255,0.9379105709062164,0.9819632137233553,0.02142385526064259,0.49708287797760425,0.19871453414483758,0.6038769581011025,0.8920618689128539,0.3490635882077916,0.375163599013428,0.35780309511474173,0.02973489770519068,0.9598556989386405,0.278968217265659,0.9101643515921208,0.9681904119394348,0.9137756779736297,0.9826760454545951,0.9884511228374834,0.2949324779315835,0.40914336798734463,0.4738339800357169,0.008450423837327341,0.9553478888632302,0.007061225241279856,0.17209636381495388,0.6566110502214405,0.6671735207426164,0.3310375749239035,0.9283005707168284,0.9805961504670071,0.5955138996866383,0.23445794770595724,0.670926762216292,0.26097621346926714,0.7717630128190062,0.6231536421097584,0.18016739968808226,0.3200005464778646,0.1314232291477786,0.1493666928850185,0.8104767357936655
lh_IFG_L_6_6_thickness,0.6566031875962088,0.21574299881579354,0.23440985442323667,0.4678419199517358,0.5742148859833274,0.018720842170200827,0.007953879381841828,0.21562217089508096,0.0006232703326779523,0.007281293282389967,0.3797449487517677,0.4776187464964172,0.021411406761288,0.5360158142148305,0.5415215687393916,0.710352565003038,0.42199639072581135,0.17089212740232454,1.0,0.6335410212622661,0.37265187480513473,0.9934769563885661,0.10327557287496594,0.6786598361451484,0.5589992748198988,0.013035724856194083,0.37183953418737764,0.4346727473745189,0.0005841818283159679,0.5905375593031187,0.6231320667419391,0.48923143566202476,0.5847097427887449,0.7137466372368987,0.0003184320276543837,0.7928906285572093,0.27646838825794806,0.96961006615368,0.7041406423134338,0.500669886195717,0.09221086178720278,0.5413392466464572,0.3806693033243115,0.4904511832818913,0.5832577339984499,0.09547932282322158,0.5085873165501511,0.6692149025625568,0.5700798325508716,0.3317592310066502,0.9660179770731723,0.45479052206916126,0.5675153570348027,0.5309336931875979,0.6405214755820059,0.5683156496374236,0.30467138380075626,0.016302645358260023,0.30593037960651187,0.4505372540718596,0.3015883012193801,0.6469701827191867,0.5199980307022529,0.685935733514017,0.7958595692925932,0.6324716856435189,0.5459602818437076,0.48001587404045276,0.15161270427327342,0.30161171895717404,0.5680365301124211,0.5138256490046761,0.9306016112090734,0.08745220594432244,0.040505797924707224,0.004797648627443313,0.19875598342567768,0.5716402922481504,0.5906088077474815,0.7822898643094136,0.7625728787064944,0.7444668893657596,0.4803904634750449,0.46388977252794006,0.9217604859796567,0.7394099868619437,0.660286083869092,0.8471591569043833,0.3948939467254605,0.6631212852883691,0.5431553588150955,0.7418508328938703,0.46379680019719016,0.4914293715035653,0.12881806584014205,0.6112346487708206,0.25005267352149263,0.20747556961076874,0.6513749239416035,0.3461965000899482,0.0053771679466472905,0.008373732150012081,0.1713772315208583,0.0006263592360394472,0.0015558509585968767,0.3500238532013277,0.2597273519813814,0.004134436445937303,0.09918530546156709,0.046875610291546584,0.5522790224297166,0.00448615279728393,0.13762139543170393,0.9389825903674206,0.24607052415063033,0.3135796376375533,0.8704963422414543,0.00011093949676533902,0.9246090161124068,0.7570592939455874,1.1355160677996555e-05,0.4099774090198386,0.43989723816562953,9.735890563754788e-06,0.900479418385649,0.3423261824468231,0.18025291485787454,0.6455721385952692,0.7726512671639154,8.779659116294489e-05,0.9109298206144825,0.3757133269474463,0.8134617220462044,0.80254392260445,0.7879944541041749,0.061996032694255666,0.8134617220462044,0.35448300830964097,0.6657775275363005,0.1546348669365897,0.061589782478217,0.838780345298983,0.6919654822913691,0.34910511812620754,0.3358023736252021,0.8835563010246037,0.18065892114843343,0.7931250409905227,0.723962315747612,0.15665898224265887,0.18233182349347046,0.6870433703233318,0.017064904043803883,0.3064862501368846,0.6533121770783342,0.16159682688541974,0.6919380651805223,0.8183809893174268,0.8364534817841072,0.7516599622990844,0.1615246616923207,0.9099343098606674,0.3469921303567917,0.164080848339797,0.32554067374887025,0.17043329356607584,0.1743557705087116,0.7462010564701358,0.016451936834088278,0.01683928059959705,1.0636812287847653e-05,0.16034156943463507,0.4748997773219892,0.8962374059848714,0.6017924273575963,0.5939894277555386,0.8647759444648586,0.1550631401024504,0.18148551625499437,0.6589599285505983,0.8266901330545893,0.5885079268145643,0.9397657152748489,0.40124675458211423,0.5706190981090268,0.9103712789885775,0.5629602550938413,0.9150524968745425,0.8529164887959934,0.09576244315132573
lh_OrG_L_6_1_thickness,0.2613190365888228,0.012914453670610204,0.03490812344280936,0.07530565928792707,0.23024738252256371,0.006289070430773816,0.0002778944734619758,0.039821588107102485,6.626038154488502e-07,0.0024702044461583157,0.08026279936359952,0.1980424899456562,0.008308011165726001,0.3805677877773919,0.49292079824932644,0.28289519475364233,0.342374658214401,0.029902188226631217,0.6335410212622661,1.0,0.45670308084384476,0.6069097509681741,0.06155729041682259,0.4896161632237549,0.17594537306615557,0.006054630492019769,0.04232205845950554,0.2984921455638942,0.00020502436202470714,0.20446914196892246,0.2771109361065145,0.25985473657315256,0.15253417447343387,0.911822797457041,7.721671688933047e-05,0.354735559978297,0.015716335876497352,0.6497250404728128,0.2885993097599981,0.1517290775883696,0.017047778021596086,0.17329443997383306,0.07548426150692922,0.08838386574086969,0.37589871648331924,0.018924602461876175,0.15532056733392807,0.21925282021935197,0.21585530418928184,0.04376921515378534,0.5477024851381384,0.38666343284284,0.18132017770824724,0.601061419921817,0.47622082320211273,0.3448265239284786,0.44193947145576296,8.675549828181393e-05,0.42918577354875487,0.0658895873648669,0.09887273310391109,0.4422844158879419,0.1508853081113011,0.26391054238522826,0.9261679659538204,0.45303466315177804,0.1770156533616814,0.14933994498575043,0.008213876890226195,0.02633584968856848,0.3567181469009358,0.2953110922774535,0.7607216365080544,0.04032954337588189,0.012091743019072572,0.00202563808522,0.03507553777890167,0.9669756311331001,0.36932910563296034,0.3227060020798537,0.3082880376428614,0.31196587021069705,0.26106336742832004,0.2353284878010299,0.4948691769584977,0.6568236839210175,0.21191255479847715,0.562699837977414,0.04299412798334642,0.2462638440363245,0.304844361502655,0.7943724313180601,0.31326688303291583,0.3940162636437223,0.0682635960597035,0.2195951193938837,0.03206194211270458,0.01910969681332324,0.20620219461833283,0.052752601897441236,4.983234359448029e-05,0.00044466657796267975,0.013736172449917095,1.4559039202786795e-06,6.0164705741334925e-06,0.06020042351703696,0.03446602758811289,2.8551336493294943e-05,0.006062629180657435,0.0016812186041888911,0.14666280050781386,3.252491546343279e-05,0.010849760839209367,0.520222972117522,0.5557307575824568,0.4238625594816303,0.4412979741974517,9.111155245729217e-08,0.7889086152398083,0.32498051195196326,9.11411065472071e-08,0.06543088937408172,0.30073685072749684,2.260526110415465e-09,0.47402780600033134,0.05031031758439478,0.01837153760462713,0.1997469589862594,0.9371836548228487,6.058753213828883e-08,0.47583904340059313,0.07480029829685488,0.3842879046333632,0.3740044478539286,0.3605740243589906,0.0013893140160653264,0.3842879046333632,0.0580603539672494,0.21637546475440414,0.009737807614736351,0.00122177850890528,0.408867449387776,0.2386615615014651,0.0478872457491851,0.04624932288776191,0.4452469182804603,0.01859944742583813,0.35728300439706656,0.9179033936878774,0.010781549134684664,0.01954296754850997,0.8940059197972623,0.00036471479576325984,0.42939974738458264,0.2094387616497657,0.008461200708500559,0.48023628415789765,0.3788861683924769,0.39648408569274757,0.9144295822116051,0.013354790167032638,0.48583815668630953,0.053257623894864076,0.01473867802761487,0.04001281937206172,0.018260323975118422,0.020487504427895983,0.5295306078459756,0.0001353322717570694,0.0002774566257688947,4.167772831550979e-08,0.012721412411289795,0.8901225927412864,0.6605183205199977,0.16535266607938268,0.16209191752356975,0.42524801101596144,0.009957202981971322,0.019064762987970156,0.21071056724238763,0.5836181597425874,0.15542824761148755,0.5111486185561904,0.04629280481101308,0.18112571970616453,0.6389996992840403,0.6108459236584532,0.7277490109835076,0.7277803316557041,0.045851144970657454
lh_OrG_L_6_2_thickness,0.36500008731221345,0.4257677786598589,0.5276330890513433,0.6459660611075073,0.3572293793074748,0.41011564001351725,0.14684025022549774,0.521015836210839,3.167705410782437e-05,0.32438829806244346,0.534176497700471,0.3595607039459925,0.4336392639046649,0.15168907173275484,0.052285277101039564,0.3815836428333439,0.17273080070461022,0.5129334072951659,0.37265187480513473,0.45670308084384476,1.0,0.39539116214818587,0.48049591870732417,0.7970347934545143,0.8017201741282273,0.4068198460743385,0.5686004210911869,0.5170414235840475,0.13448011045500377,0.8017272716699338,0.308721337487487,0.27340426750919766,0.6094129436240255,0.5139383214103127,0.08854501119584036,0.5935642714308457,0.20237806352516965,0.3398484549094963,0.6983984829933434,0.4564686936333101,0.48481714747076965,0.8051221288640895,0.5448281015999086,0.6653620471243465,0.166940410186271,0.4902305880453335,0.6779470695628729,0.524771363462186,0.38149846210661464,0.5604448908811565,0.41918193881533583,0.02596577759779989,0.8008293110128906,0.8521618925630674,0.08764215284426832,0.19545604829381422,0.8798530063280325,0.0050934685940072656,0.6074957971163295,0.6130031802517115,0.46167200278010767,0.8312970469822323,0.7467099525985188,0.7022775904183043,0.5365472140091634,0.10654746460333561,0.8099293952050133,0.45269589289054135,0.39971448237201135,0.5113162099110243,0.18264104706239076,0.23642969585649218,0.531194984678445,0.49904468984717654,0.461966884160236,0.3061844691785276,0.5188443132868922,0.44842127836483675,0.8878060763779523,0.41144893349736783,0.4090705413938558,0.6427614405171482,0.26927263246468947,0.29847473472561725,0.2652788904697146,0.44743594432682293,0.5330868969048168,0.3055232393418765,0.5153139277517527,0.725037775800115,0.9186746808952398,0.6534226357189288,0.9283715305883748,0.9663536687839362,0.4738816722072612,0.4103991340059226,0.530696266572636,0.4950822963244445,0.5306676057061779,0.5615235877016539,0.06173400951693105,0.17896031253709163,0.4655057609218343,0.008896931330372067,0.01995028491173657,0.5532053070191851,0.5344239564352172,0.045491221508638754,0.3899451562465773,0.2659621063665016,0.5408967464733155,0.048566542715986025,0.4468132592846238,0.46333206620803435,0.9099824912588637,0.6695827594131641,0.5317679200753069,0.0014082604456753132,0.5257059686749215,0.6333127066108217,0.002566123149896544,0.5903981476812341,0.771053956765757,2.606699767357165e-05,0.5022638225846446,0.5619287005420142,0.49292773470665047,0.5488607496667476,0.5300784978415682,0.0009875743291243141,0.47698964198163973,0.5427714422137537,0.5879573339944829,0.5988190443884569,0.6133634714795645,0.21257644890001282,0.5879573339944829,0.5593685232893462,0.528273881708197,0.42580817048486475,0.1900424761692255,0.5629239957886818,0.5016374568042594,0.5674606306936827,0.561523587701654,0.504394985590906,0.4938886247913252,0.5969938336931369,0.5156702462578708,0.4395560625601832,0.49758020119589774,0.5103669653201323,0.15295085427349878,0.6635188623018486,0.5188124676777939,0.39528021221710397,0.7855410331627846,0.5685223490981901,0.5506646441290357,0.5192740432718999,0.4645435298577362,0.49411769293160474,0.5613886230472239,0.4744108907148286,0.5572227556846454,0.49247183431274,0.500288651702609,0.7310812608332756,0.07280443370827305,0.13139808600557987,0.0015908343681878575,0.4593094228970056,0.4402404425535206,0.5820917949037846,0.5928771016547614,0.5787622639934551,0.5228305473364325,0.4289272631394484,0.49576500448071653,0.5352224978947108,0.6523148732576465,0.6050274038420436,0.4476413262919906,0.5556858663924724,0.7968491367224074,0.5653911839261294,0.8314497424114817,0.5571222864932381,0.6136834036866238,0.49577277109629186
lh_OrG_L_6_3_thickness,0.7048452837911979,0.22171414178381332,0.25510219030841047,0.48320106871155344,0.6230855462182252,0.025794754192948653,0.008493668597881024,0.23928714382086536,0.0006229193084322477,0.010735274448649525,0.41340283144655177,0.5265377632435475,0.030120176581630957,0.5653863957792609,0.5274277955620087,0.7580757712965206,0.45865052266584816,0.1908320326202868,0.9934769563885661,0.6069097509681741,0.39539116214818587,1.0,0.13590283888652147,0.7274154610970096,0.5814895130763057,0.01992551177778472,0.38546210039092915,0.43481347185840463,0.0010389534085135858,0.6205705808983021,0.6698030504550937,0.5362980462922693,0.624572142230643,0.6703528088891397,0.0005174323205241921,0.8418041719970473,0.27693403427892677,0.9376324606760722,0.7502842310505956,0.5011920886554673,0.10631827767586241,0.5585884736013954,0.4126019877951033,0.510957095029901,0.6141130664785495,0.11069300739170848,0.5134530278731106,0.7170367858703967,0.6190680899388574,0.35187288916329595,0.9885525882835499,0.4060360854898076,0.592238975182888,0.5790808222737636,0.6392749889877911,0.6052436526229924,0.31024914973821266,0.016297209535376552,0.3062680617187491,0.4614953998836811,0.341834442754296,0.6937554218555916,0.5299809579494156,0.7305402022049594,0.7721027452889644,0.6413503035337487,0.5646349200340699,0.5257206804200285,0.15710904539746312,0.3116740031657943,0.602735396102853,0.5576444791038542,0.9342692337925453,0.11300302862103759,0.051890321216125676,0.007754781504757796,0.2206201829138391,0.5268619001212168,0.6299519497767921,0.8288362147800097,0.8097592411066344,0.7929110161169745,0.5273341412396774,0.5122845511296752,0.9358046143600687,0.6909951934405107,0.7076450738479507,0.7983447237033912,0.40120362963453704,0.705248709025574,0.5710667766185493,0.7742313220391743,0.4770526186667088,0.521719647202408,0.16324838030538008,0.6601900066025446,0.2685032585831794,0.21950859613828808,0.698528531092647,0.37025929676522146,0.005475299809578453,0.009197252743903468,0.18096700336862853,0.0006296616859476304,0.0015689017097559094,0.37743417407704194,0.2790944840465551,0.004190306265063378,0.10469079829360202,0.04886365329889624,0.5948933110611797,0.004549062805585589,0.1461910368869493,0.9706008565694084,0.2770043229844833,0.31436497037077693,0.9145503685601569,0.00011107357942501201,0.9205311868819268,0.8058607353080898,1.1860197696318327e-05,0.4348646940743941,0.4431806961856195,9.729510043022e-06,0.9403210214829119,0.3653735263473595,0.19299856492432937,0.6919307489387678,0.7440670107689646,8.785969948190886e-05,0.9487925399169581,0.40764613287786033,0.8618231979365167,0.851265136023922,0.8369848421440349,0.06312675227637111,0.8618231979365167,0.3806227828005977,0.7134226176130944,0.16148997244740101,0.062461271077962066,0.8857587182552573,0.7406489769078697,0.3701761683952062,0.3570676959972463,0.925891499234783,0.19354963750091653,0.8420394543437639,0.6821386147178993,0.16438423901779728,0.19581368182382236,0.6406494408279539,0.01764532166051584,0.30721759887130284,0.7008624781952126,0.16678752917487252,0.7407777701769562,0.8665071647818958,0.8835527427362339,0.7124106923249952,0.1712350151435486,0.9480943659191956,0.37125999594418163,0.1747826308871514,0.3438063468735344,0.18347168403938863,0.18875836284035455,0.7946675399106841,0.016579879598281395,0.01726107269683552,1.0875445315259958e-05,0.1695817443243051,0.4260287372246365,0.9252847893742315,0.6438886760305698,0.6364359379031188,0.9094039430770566,0.16210481404660124,0.19466962988569986,0.7062182250503148,0.8695143668964928,0.6289462760112198,0.9710178098826177,0.4102497111552888,0.5961729401039672,0.9394145579013091,0.6118112336816426,0.931003599863796,0.8804190659454922,0.12335526574763672
lh_OrG_L_6_4_thickness,0.36104671415368983,0.3189137659435249,0.48541632648666444,0.43714723562842145,0.3841400805314602,0.6074021214895072,0.33604501046404833,0.5033252184149988,0.4528287737589651,0.6305209712682436,0.5054047115760106,0.41387177916963525,0.6613438896129314,0.2542650259273983,0.169478090601481,0.3493870750334106,0.5453596355205104,0.4946144382727179,0.10327557287496594,0.06155729041682259,0.48049591870732417,0.13590283888652147,1.0,0.4145594216956512,0.47980131138808796,0.7607563834612762,0.42329369560927355,0.034157186986917804,0.5103895925265098,0.49881542437783466,0.3366877505104132,0.355848752760428,0.48988701186773514,0.030086190988072848,0.5495406985386816,0.3791701397898923,0.09292326876145468,0.051758270620024444,0.45434521364065045,0.0886547611355802,0.48661696614601696,0.45070236514666173,0.5050231700709784,0.4714003674520181,0.24203367078257526,0.49653751822734526,0.28085212626653683,0.434312720357244,0.4000715929117149,0.4737087095982248,0.1866008190722844,0.02938149120988086,0.4879487334235699,0.4292944850033813,0.1369658164489001,0.2709171968283948,0.29708490066944243,0.16754195491878648,0.06308507132181114,0.3916740612798238,0.5066843881086021,0.4481095569962886,0.3774732647757176,0.4666830626314399,0.0670272870454688,0.16368352038537134,0.46014873971746667,0.46286256419240873,0.3182974635981269,0.38414008053146065,0.26095968271127207,0.32193723068275426,0.1280491708115762,0.6561039167157483,0.5614561540680274,0.654727975109448,0.4983271607038952,0.027208768291411622,0.49087613402993757,0.33057813674085434,0.33972324610221694,0.4221812928077389,0.3564002969738553,0.3806871085529097,0.15863839588779008,0.009685501931422907,0.4411252590684147,0.015915254266205412,0.31697463473103693,0.4806283446126966,0.4956798246903311,0.22763890096961895,0.4160800184342379,0.4989170713611097,0.6663206390846546,0.4032054587955549,0.4698153396232359,0.4175058055784801,0.44383872996040047,0.4908990283419887,0.3108306975872714,0.36007523819773746,0.39117898450146404,0.45665655791824933,0.4001250458656776,0.500468732563187,0.4746418156801836,0.32652098209929104,0.33726567597396606,0.2662324305015406,0.479655087328057,0.32037203876479103,0.3835931195304387,0.22432998320598055,0.4994239557680491,0.10763087975574524,0.302654652258555,0.5005141591208657,0.10877490861535331,0.4116133827539062,0.43557997425022754,0.49118841473963504,0.23281160528072806,0.428583555257747,0.2700217148885393,0.48719408802025754,0.4303490374389388,0.4526184489877864,0.057864680133911266,0.4995514473474485,0.25751447173125164,0.5052831508907084,0.3601848899293207,0.3706070718955594,0.38419838509191495,0.198751927471832,0.3601848899293207,0.4970634551469951,0.43707027045625324,0.3473765337138057,0.18099385367530346,0.3352974967399621,0.4153498734960443,0.47791562102842966,0.4795182479360037,0.2881281852492364,0.4318862546402601,0.3791641117103381,0.033208168915323126,0.3635766394651608,0.4379417560964692,0.023498733189457267,0.2604361154422345,0.10316593423100198,0.43857535553258403,0.30867462314640587,0.4114960891373492,0.3549346580402314,0.33711856734237444,0.03812168012369171,0.3951427548611844,0.2592709184036684,0.49159084307023304,0.4086366113340059,0.462862564192409,0.43576389250143355,0.4490788006274264,0.3618341602513204,0.2055204329562254,0.24486150921551494,0.43279805220733863,0.38825560737147014,0.011427328424076786,0.21242686587475954,0.4812941243502445,0.4797785396606572,0.3081381045572143,0.3509921557462436,0.4349329667358272,0.4424471267049973,0.29164180404184376,0.4879661044313568,0.22265147019740425,0.36526273159050043,0.4904208926279921,0.21243247561324302,0.4114862819651633,0.16366360796310078,0.20578933568231517,0.6620804314411235
lh_OrG_L_6_5_thickness,0.6658118802490646,0.22087605758917195,0.385483156561092,0.5326345798480174,0.6248644157117498,0.15720343157986588,0.025375004404413214,0.3975591409840992,6.590951582192223e-05,0.09480760199547326,0.5444522443992396,0.5844351032453063,0.18082149449102886,0.4202664852740187,0.23649275604993,0.7014916857183746,0.427075225177798,0.3489342723473839,0.6786598361451484,0.4896161632237549,0.7970347934545143,0.7274154610970096,0.4145594216956512,1.0,0.749352193206789,0.15355708163070148,0.4193597441065518,0.5064309043388899,0.02116074512200535,0.8205109373277695,0.6080404061798064,0.5349419931792483,0.7387834628029737,0.5568096908313386,0.01124697952008572,0.908754883332031,0.14888896637544388,0.5827104234977404,0.9173538966718411,0.44836930472270325,0.26438038398156466,0.7074241612013814,0.5391436231010154,0.5929030196910856,0.44907308233781196,0.2768085886361303,0.5454421134441398,0.7761036540984678,0.6379790990912306,0.4408479403856114,0.7786648687811537,0.10144320488537517,0.7690008736179161,0.9494084819167525,0.32210696098908637,0.48150701957688324,0.5821879088575157,0.0032925314929086297,0.472536961601187,0.4744976707688079,0.5170000283559726,0.9944162022947312,0.6109852145555925,0.8991523675458729,0.64907514814007,0.36023683701539155,0.7229502034833655,0.6200663347898399,0.18047321510620318,0.32845168419805865,0.46617192087486353,0.5108598075207771,0.7912052133276964,0.36318467378663505,0.2188701533016236,0.08465172367315238,0.3765654042328037,0.424680472419646,0.955122324924057,0.7556059650916335,0.7458407633520153,0.9131324445056959,0.5290882774197981,0.5445033163049122,0.609207015442471,0.5426354791448332,0.7742184190969539,0.47852277786783515,0.3597864289159966,0.8868409968550135,0.8714645156573295,0.864307860658639,0.7375807530833356,0.8948809063212992,0.43009696015139853,0.6753870700492602,0.37636528955358356,0.29260589661958775,0.766310342053639,0.47691922448810764,0.007415829142124962,0.0343781618578049,0.24621574173140576,0.0005358766372462185,0.0015665244739062278,0.4980419583538099,0.3892404442239749,0.00487602056775342,0.15813533485420797,0.07442463289849725,0.6919261020275709,0.005349094426062673,0.21780027769517468,0.8285003680643485,0.7130030537199346,0.4923638970196491,0.8882298180110773,5.3049505834907116e-05,0.762734463969428,0.9159298804997484,9.492501482215777e-05,0.5309170221735546,0.5901148660080668,9.076219295968277e-07,0.866519154314948,0.46798511262136594,0.2864423858566574,0.7711004520198288,0.621391505900083,3.510028708542625e-05,0.8452128597907731,0.5356766797028542,0.9151586999754904,0.9183484948811259,0.921630624749914,0.058320990419858804,0.9151586999754904,0.49451206620044763,0.7756010596689655,0.20215007707081828,0.0509684803713686,0.905366151960195,0.7776234896845406,0.46000149232503057,0.45174530570855326,0.8675920538896349,0.2881723434330934,0.9116255607610526,0.564876144740283,0.21519698008706417,0.2951346680566973,0.5388523891849503,0.028780338820585876,0.486311272924604,0.7614504660876118,0.18041539421471434,0.999541274833011,0.9018199442328181,0.8946578142448824,0.5862247416174926,0.24300112348321679,0.859379479247872,0.4786963472913086,0.2560260148914107,0.42265069614093326,0.28485855943621613,0.30064694421744265,0.9904388741724053,0.011408296375387414,0.02333050516994962,5.2000172980025035e-05,0.236635996036123,0.376842545510207,0.8897385640506403,0.7511069225831868,0.7390802174426012,0.8799069013894676,0.20499758464941936,0.2916451952158425,0.774382581888617,0.9544609021377604,0.7415643938059707,0.8151721428831611,0.39948922080384425,0.7734317301783049,0.884803238444861,0.9574520656626526,0.8383576520039314,0.8833791025412041,0.37984338199170237
lh_OrG_L_6_6_thickness,0.6236650450367942,0.6069654152151706,0.6900735291553457,0.92689033031758,0.5850467415132179,0.41735071605375673,0.15599813728488737,0.6599713921871543,0.0007310666558367431,0.32790483336793735,0.757090948369254,0.542060920460623,0.4394482020297651,0.2363760401263375,0.09582346891688831,0.655007718484909,0.17601282581406605,0.6264614359915536,0.5589992748198988,0.17594537306615557,0.8017201741282273,0.5814895130763057,0.47980131138808796,0.749352193206789,1.0,0.40839663634150963,0.8299364488253964,0.4899721323641032,0.13580361161705348,0.9881387190963307,0.5365990564736332,0.4110774013972721,0.8876445654839334,0.2984031000265892,0.08963861032703718,0.7934139556379309,0.4304514733085565,0.5264933238501442,0.8837640002044117,0.6448719310872147,0.5454417870333869,0.9926646316418977,0.77369067001572,0.9450970738748223,0.2963777237072377,0.5507419712085354,0.8667184222500737,0.8025598297876693,0.6172700162033834,0.7903055074183969,0.6193275451184821,0.1653238675289193,0.9989113633526662,0.6350910917833765,0.2176440134373442,0.3333837759899544,0.6662360216545213,0.022259261874937153,0.40348138280502865,0.8946782634362573,0.599775760714097,0.8017514656750871,0.9493250542662466,0.9020504847096713,0.3339210918903404,0.2363896891842529,0.9960083893193858,0.6806814265086982,0.5322178285228589,0.7421924481872237,0.3119959603250729,0.36556740836471796,0.5024594494140222,0.5158702350021309,0.4801588145330422,0.308016723723857,0.6497267079462873,0.1676599464173967,0.885958840443473,0.6892405984897128,0.6878255966096736,0.842336686346336,0.39832640116746054,0.4361107396030732,0.543760989197778,0.44223545529994795,0.8109529831285232,0.5070663902993597,0.7918567141972652,0.9249506575891958,0.9494134173650517,0.44685947055686537,0.9014435014694773,0.8779882866234996,0.4898159929045679,0.6690504227792065,0.7106345703975495,0.6583867532528733,0.8091755261228608,0.7910247033279398,0.06818261034950324,0.18827815998818984,0.6058506605269977,0.009748317134196665,0.021961821200660443,0.7766005325473984,0.7190333925597425,0.05051539689008795,0.477667286698375,0.31192192186760476,0.8146285364367644,0.05398730637470251,0.5614944869989834,0.6490208139266408,0.6289945183762895,0.472812334996221,0.7171176332622786,0.0015644343337261294,0.47904982260415696,0.8297786318049674,0.0026294461131689904,0.8506586740887552,0.7450265337884716,3.819879419932251e-05,0.6877186768505624,0.7915197520664409,0.6333308138408058,0.8267230246727408,0.31434183235716784,0.001109449764479535,0.6771228465998324,0.7687124076811074,0.7731896418035258,0.7840416337684741,0.7985800060501083,0.2740339303105814,0.7731896418035258,0.7886911010507465,0.806071109936761,0.5581914565639031,0.25141426149297497,0.7481949773595487,0.7793832304966487,0.8051856984278573,0.7912766668517444,0.7041142190826075,0.6342766032453224,0.7934459347652725,0.3001117399698325,0.5718553302371915,0.6379068071092951,0.29488145407908567,0.17144908408308346,0.4598398948033475,0.7975955083341884,0.5364304519106462,0.7558928159160844,0.768086747516069,0.7502578018730475,0.31685352944839595,0.5966408634249885,0.678288186535376,0.7908717874655433,0.6064049081515337,0.7872604610840344,0.6242217858113124,0.6318976258955662,0.7014317533675138,0.09074471169090922,0.14977222211846833,0.0016357891654887012,0.5914553843969017,0.1596004983002524,0.580179132875664,0.8709740304815672,0.857819878007071,0.7224907570089415,0.5612928894503371,0.6361224877050367,0.8130390271450172,0.6455374052426679,0.8832781389798088,0.6479200296448356,0.8319653933885482,0.9979511408068767,0.5952405179106841,0.624494159130137,0.528182814628168,0.5246478529303232,0.5122284062197825
lh_PrG_L_6_1_thickness,0.11033889171409308,0.5012921888487596,0.42496011585941934,0.46127546118421764,0.125161109168792,0.6358298330212674,0.43963564144521444,0.40312727812390975,0.3112243507992027,0.713867747629135,0.31809814366877304,0.14585365796398453,0.652127700154714,0.052531333547947194,0.03640683084589656,0.10340801563444563,0.2039233144708048,0.4344032240596548,0.013035724856194083,0.006054630492019769,0.4068198460743385,0.01992551177778472,0.7607563834612762,0.15355708163070148,0.40839663634150963,1.0,0.4729663685735355,0.18962487780173506,0.8096588586014348,0.3477254254272502,0.09447969672064489,0.10093429551201441,0.26283838652022723,0.0021930926727883045,0.685092087024896,0.12428208169973184,0.3216734285794965,0.00471124944614943,0.197638612914029,0.3225515066476962,0.48774147562346376,0.4481095569962886,0.3324761853293707,0.42362134573246873,0.049055194073809046,0.4803975530383977,0.49441327860694373,0.1726945281940768,0.13786841728822627,0.4273190774545213,0.03322077588699245,0.004752162463786461,0.39074410882871025,0.16808952239891004,0.020404373021112514,0.059957194342206165,0.497699621203073,0.09092105279275964,0.26991105880800503,0.48794607827475756,0.26338848492659445,0.1896248778017351,0.4924959321102645,0.21577321372118732,0.006853675229777422,0.026352373706790503,0.4376432160373278,0.2033961502190471,0.5025703166114405,0.49285188996595247,0.05586103039666469,0.0821082278816602,0.01816342860583497,0.4497120798824157,0.5514192220873895,0.9705744333385823,0.4178930946319365,0.0019078064131576393,0.26811430195865027,0.09266655891380743,0.09788964626550313,0.1607446315649563,0.1005303866527755,0.1164493399102744,0.025400556845674976,0.00047128048575581895,0.18033666029872208,0.0009198148657605243,0.4999228848844329,0.24150649315022532,0.36530892408536214,0.046570810803380956,0.475330137313537,0.34593431019269955,0.3771176817044347,0.14154754440243553,0.44117464905618103,0.4850024115177942,0.18345175452230525,0.3965320643533717,0.32233295282042823,0.47877993649747186,0.4982016872779737,0.35569786236353085,0.3169460895825077,0.3697735084309006,0.4341423598635918,0.3057764349838752,0.5083346384963496,0.469366498654308,0.23650813797683706,0.3067287830155607,0.5039417441956215,0.04537614317427475,0.3405731595659733,0.3548010098454599,0.07814826330897015,0.4449367834754449,0.014118833222178731,0.15075197153736022,0.5168043247199127,0.38950934484015876,0.47623003985387846,0.5002015270987026,0.0630948784939971,0.4045588920727107,0.48220891216684203,0.19451138802857507,0.0055356842281613725,0.45483296430258524,0.057877351223699615,0.3325298604331754,0.11107347790425527,0.11815634954115531,0.12804917081157655,0.41377080830499324,0.11107347790425527,0.3799285153504177,0.17573041266427922,0.5048707506080694,0.3903469402983978,0.0956705983595098,0.1536603416161766,0.4198342146757436,0.418470922440863,0.07116402645321601,0.4813400735223682,0.12428139200274992,0.002516526162541696,0.5041417313256674,0.4777098696583954,0.0015587355742527587,0.3990107052797093,0.3477145307392957,0.1772804265097223,0.5006366629347988,0.1507398490871385,0.10764314844703926,0.09672142673652626,0.003053679204639789,0.49834771294335767,0.05859922896265104,0.3949033670920133,0.4939582575399174,0.44121368105435216,0.4810999705067714,0.47245495542319516,0.11222372310570167,0.27305677538385353,0.36998862071097693,0.5114008211265272,0.5001287798254854,0.0005872667869221086,0.04134037785821216,0.24159684771676337,0.2381290531076578,0.08089624249226401,0.5048347246828542,0.4795557541181097,0.1818847197159787,0.0728531143967537,0.2574848165435795,0.044785354633195426,0.4962907585295221,0.38410122936879304,0.041340871853754735,0.15073909675881078,0.02681780498544091,0.039170576914660866,0.43385194340931543
lh_PrG_L_6_2_thickness,0.6864670938739452,0.911510567465096,0.9148823221034095,0.9717598368789551,0.6958339956783124,0.5246472018548392,0.2888731515177923,0.8719119855312711,0.010470098707738552,0.43204117141247134,0.8996279379031371,0.6852068798421491,0.5289734987769912,0.39211140006970874,0.22991935530824367,0.6717155405411586,0.14969195788845246,0.8471344376477092,0.37183953418737764,0.04232205845950554,0.5686004210911869,0.38546210039092915,0.42329369560927355,0.4193597441065518,0.8299364488253964,0.4729663685735355,1.0,0.29896191462604005,0.21113588933164487,0.7789101176012618,0.6537030136527378,0.568013913730343,0.8322170086457674,0.08817272027852835,0.15160919291997957,0.5610664670796084,0.7091906805712296,0.3536820771800441,0.636542309765435,0.5637948431116793,0.7484425615751418,0.8369373112612786,0.9150274547711844,0.9544441853692647,0.474891091933221,0.7476237464166454,0.7855424621855136,0.7349671239494479,0.7166056877916395,0.9772122348502943,0.42363454648051385,0.4016496521638258,0.8195381782334293,0.3428455401987744,0.4229271800913324,0.5064257856057203,0.5373211863052751,0.1200186378214258,0.26327099610697513,0.9727674031198617,0.7599986127530727,0.4729182911258857,0.8484577573856273,0.6702603250568842,0.10667462948035308,0.4345149685999138,0.8320095033941275,0.7907740747459189,0.842754518044714,0.9839986883346417,0.48616023544201337,0.5271074496198129,0.22752719149210682,0.5728593426931774,0.607200623231309,0.3960518578951477,0.8678266481583365,0.03568476460008904,0.5720129843154069,0.6308375794770402,0.6455910703289496,0.6070340812623412,0.5539353508256024,0.5895485043776936,0.5229922366114917,0.20200451311145848,0.7442438527566916,0.3581102732970185,0.9613958243363792,0.6973439105742234,0.6738316300366715,0.1791906564163223,0.6866579567940105,0.5884811504281036,0.5163483590710558,0.7276377458270011,0.9417267820757631,0.9287071894247847,0.7517802110399878,0.9606512305205709,0.1601433453060057,0.3274718807187437,0.8913335724316538,0.03061292253277202,0.06189529718310492,0.939638861594525,0.943827549906294,0.12646272758415594,0.7638365248199395,0.5605162377007958,0.8315455569580201,0.13384769599037588,0.8458005784732501,0.4308605236605443,0.4589060668412938,0.34531248491063815,0.48239647624821924,0.0065593401296728734,0.20886174761103413,0.5917001321882999,0.00704504928564369,0.9665493374331005,0.5919862446104315,0.000485751973730628,0.4594230441515411,0.9653796853628009,0.8996003066349341,0.7602772943492292,0.09624477748260608,0.0050407935274925835,0.4651930060404233,0.9133476204966745,0.5293199949558721,0.5389053075244152,0.5520244276097572,0.5456075559134967,0.5293199949558721,0.9500902374850837,0.7385603729609153,0.8598696722381085,0.5202346878751368,0.5078809790068128,0.7118930365546485,0.9777092058755076,0.9729137431371196,0.4855719700141161,0.8996993270804635,0.5577376010921757,0.08899706643124167,0.8678266481583365,0.8999154398064708,0.08651349330514443,0.34230170019386225,0.3344011170137527,0.7477193825342761,0.8505160879704134,0.42648517024551114,0.5383170615068599,0.5230702622495474,0.09777921890681106,0.8798143928699824,0.4511127885890669,0.9596604401048427,0.8833757624928673,0.9830386608264583,0.8871879406167775,0.8871069092933077,0.3763630693220735,0.23501811854498184,0.31528468490181005,0.004699010665420505,0.8776191961736317,0.03205693848224541,0.28599256760247593,0.8110124973036432,0.8147886621614906,0.5001763873176742,0.8617460519274998,0.8998433918496305,0.7457731352081804,0.33362168481037746,0.8272469631908008,0.4438268768339333,0.9839339938351266,0.8183390805155788,0.30599138600749287,0.32739066476349127,0.24388488267185288,0.23125514483715653,0.560841567084747
lh_PrG_L_6_3_thickness,0.19043108105589715,0.29342813366736714,0.14532129586152714,0.3821740102074413,0.1427472687704456,0.1873929615980809,0.44944861172283873,0.11753386243068165,0.02428211925890587,0.2719325160575516,0.16287605854350043,0.09768886004515691,0.16287318715661184,0.02970319079298451,0.011912492201437029,0.23061617466677878,0.0018727318029908538,0.11746277174497013,0.4346727473745189,0.2984921455638942,0.5170414235840475,0.43481347185840463,0.034157186986917804,0.5064309043388899,0.4899721323641032,0.18962487780173506,0.29896191462604005,1.0,0.4589066708747255,0.4748363773275434,0.14090578077874494,0.06140092284782967,0.31057370466995077,0.441548512558127,0.4924907867208275,0.42798515898327383,0.5863359004405516,0.434618689560007,0.4458334136387637,0.8851850151280247,0.12642245882458872,0.5231374111169432,0.17372762381719478,0.3620418362742396,0.05384132077777506,0.11863709399899859,0.6656684945420038,0.2986316361046427,0.1541504481429232,0.2118465295614274,0.4241130390861148,0.058463513882348724,0.48184494169357395,0.44969632030096707,0.053211691378137076,0.05960566180253621,0.657299703253905,0.2915376673946279,0.929739037364117,0.41186804150871703,0.0783769152157769,0.5103434097866982,0.5701912695245445,0.4370743363182092,0.4514068719981839,0.05330905199620735,0.5164198628841971,0.14994227326384624,0.26882114775634247,0.2833280647371764,0.054048102580897116,0.05504714441955787,0.5001909168886841,0.056525087645213724,0.1354227644444929,0.2898114900626537,0.11928468115815313,0.31342542802709167,0.5205310522917721,0.2927644344604462,0.2790715103182269,0.4311012925599544,0.055944013990298073,0.06229567141928471,0.2903638999523991,0.49934067435631985,0.29889660973548027,0.42337280159810414,0.4254383000307394,0.44069013989871864,0.5415248844097116,0.4500942974206481,0.6157522925076241,0.5349099664226923,0.03382635543430584,0.1925810740644822,0.16945768024992097,0.19968789870961645,0.291945268560234,0.19599619159116097,0.5008898417989204,0.4189282799107765,0.20895272296799525,0.36190126674608336,0.4405424659219728,0.17822072450598136,0.16887170941199459,0.49463330978953207,0.24474771529533698,0.3452216052030437,0.24360598591160676,0.4967968722095567,0.20653183736787864,0.43537203191056606,0.33657594991418177,0.8803839252879352,0.4366190093479282,0.1896350201613619,0.49970712775875326,0.43273050831735455,0.23974697872517267,0.241772433882662,0.778931737513699,0.027605840077643808,0.43600033484145484,0.19968970369860978,0.17781634004882618,0.30091790839260246,0.4415722019079211,0.1636610682431211,0.4245875572671375,0.17011210773600566,0.43835546634310035,0.4388012074494745,0.43946889608707784,0.4067372231054821,0.43835546634310035,0.18912275225843675,0.2989299918552711,0.24268555986597481,0.4291417301672749,0.43747588565962814,0.2968979171884332,0.21809341977094915,0.20678622390001605,0.4253465140777894,0.1766077529791475,0.43072898041172114,0.44155034410600985,0.22868799213289634,0.1718536950121703,0.4415452708713072,0.44650546719607564,0.8813620487445908,0.2851141590328849,0.2809795519392856,0.5066163242062376,0.4271768332873552,0.42655986554013225,0.45137644601979365,0.20240320972080697,0.4367799728570599,0.19527834366617947,0.1915013254072108,0.2208838698799413,0.17000632714390992,0.15956284109400154,0.5038333056664888,0.5024545706963968,0.4658093568590667,0.1992477003550388,0.20803792660839068,0.3134198279360684,0.4997491697672032,0.30711314506138965,0.2926192472173343,0.4257713573702442,0.23952859589336153,0.17421465826042004,0.29955404929793744,0.5011359315569894,0.30915938524681363,0.4241671787131617,0.38403026816024455,0.4766031887465817,0.49625979127546893,0.45586074215599726,0.5003503122330077,0.49584750727787896,0.050264034235535014
lh_PrG_L_6_4_thickness,0.012793538901932074,0.32998510229790023,0.1506331346192026,0.19291060589822037,0.015863250385488057,0.4364848270909611,0.6077938862212361,0.13196574191934723,0.311149207740261,0.6208322125579039,0.07815209565981295,0.020880020422597456,0.4261316253703865,0.012838156002271409,0.025201785322611643,0.01145996810005288,0.14736964477321002,0.15961567824434683,0.0005841818283159679,0.00020502436202470714,0.13448011045500377,0.0010389534085135858,0.5103895925265098,0.02116074512200535,0.13580361161705348,0.8096588586014348,0.21113588933164487,0.4589066708747255,1.0,0.09359676571513316,0.010485990831218324,0.01407421673691735,0.053752472871808676,5.412806863824875e-05,0.9273348611064844,0.015060982614001728,0.500539573865136,0.00015632809968697028,0.032299089019910014,0.49956858980035335,0.22274787826013834,0.17563621867940887,0.08546547602518743,0.1494351611924511,0.007675441386532446,0.21137171606404223,0.35481066140782075,0.025763284746949187,0.01829771889661234,0.1529583236038644,0.0021198824213566926,0.003911156125393672,0.12180669710918826,0.024563831166705158,0.005233549800226455,0.008350430378997298,0.3387803989552134,0.2333740280822374,0.495659712840566,0.24335673706692731,0.05621386153322197,0.030085947811620276,0.25739224303119945,0.037616224184434846,0.00024187792148227903,0.005646032209745482,0.16366218954314413,0.03448843022977657,0.34328308740571034,0.2564157499975491,0.008408462121559684,0.01172635691128145,0.0009069005995195725,0.17923569906340114,0.3002943262640169,0.9098793980403979,0.14427815703583907,4.515472693119969e-05,0.055731744267924134,0.009603189181228624,0.010456492078736088,0.02282087134423949,0.014505328203938891,0.01671752571664566,0.0015296318934261643,8.488837581229989e-06,0.027699214834673625,2.947235298494909e-05,0.32095047000580934,0.04597688901925705,0.10427036544094191,0.003423595079394206,0.21576036357306544,0.09256298241136374,0.13709868811594822,0.018834291018062166,0.16713772354871526,0.23203525104419262,0.02851625018124319,0.12633144168921293,0.5868975761264936,0.5999418530804461,0.2666619973920028,0.5411357982887104,0.5547932512646937,0.10741595746080723,0.15969741125384485,0.5739849587087094,0.34867995015294284,0.46906499720410066,0.044404371615775116,0.5751206787108102,0.28499099669266803,0.0033057085225260945,0.08953686827583655,0.49440238294811084,0.007360545877613067,0.5263404637530384,0.0006418039603848991,0.02054088750009631,0.6330106926316554,0.12095969954537948,0.4004801421685103,0.5093502333674303,0.005349089271373154,0.1326939374729313,0.22472260680192874,0.031485811561979084,0.00018207163771948528,0.5224227320249817,0.004712399732028314,0.08551480941435544,0.012618026958117633,0.013903109554920216,0.0157906988212193,0.4957998953904117,0.012618026958117633,0.11420570963154307,0.026523420279153876,0.31432675420325423,0.5060517575181142,0.010012320609862459,0.021253619177997656,0.14588481364478006,0.14464330926739272,0.006398394623773109,0.2230306152978506,0.015060366451234193,6.470805306842371e-05,0.2979486709252773,0.21631476521963122,3.4832896316873845e-05,0.5607710383528346,0.4960437922533651,0.026930067322302173,0.349836373463414,0.020530108898320416,0.012017258592850077,0.010183812087149979,8.32695970425037e-05,0.2654495793542393,0.00479673313436747,0.12508282996952066,0.2512593471802628,0.16741770245379195,0.22194403060240359,0.20700622680761202,0.012815783592155168,0.532891736455038,0.5622098192574031,0.6042094792864083,0.2726159128536224,1.000652004564225e-05,0.002883498656348997,0.04605828719945546,0.044884804822853064,0.007756384913661043,0.3106871326482152,0.21966210569755595,0.028099774830945796,0.0066172601892061905,0.05174163950581064,0.0032459226450700673,0.2719344477200485,0.116956880435356,0.0028839344404588303,0.02052944956665815,0.0015593982106900687,0.0026682033748276464,0.16863113452685063
lh_PrG_L_6_5_thickness,0.678262499069225,0.5344239421351602,0.663477996484599,0.8840297329748572,0.6390431103848471,0.35653049915468943,0.11041566320539922,0.6436873110261356,0.0006306880079633632,0.26248904254770533,0.7683366318245736,0.5953458946215345,0.3831084368715931,0.28356464135833526,0.11926773236168767,0.7103095501491419,0.23377015792974776,0.5993568504352061,0.5905375593031187,0.20446914196892246,0.8017272716699338,0.6205705808983021,0.49881542437783466,0.8205109373277695,0.9881387190963307,0.3477254254272502,0.7789101176012618,0.4748363773275434,0.09359676571513316,1.0,0.5905464487375904,0.4674899149142823,0.9185996677710551,0.32001216162004553,0.05867613113125447,0.8577617361636691,0.37566692788335454,0.5441844434657396,0.9389825903674205,0.6009804906542692,0.5020010657365777,0.964436269011818,0.779993411411939,0.9194052986452129,0.3424476486205833,0.5109450854067461,0.802543928551172,0.8541741044761318,0.6703528088891398,0.760395486151068,0.6675545485509101,0.16079770740461063,0.9940786551120198,0.7062006541477154,0.24364405350147098,0.3832855057609953,0.6136278770025243,0.018488207341858815,0.37847888386663586,0.8372880369369214,0.631046029711883,0.8667110044835777,0.8967256033870541,0.9524983490669572,0.3666081789450445,0.26834907430840155,0.9725334147318401,0.7236846905466865,0.4604877726617747,0.6795963418704782,0.3607035783216409,0.4205071604981191,0.5479847029481206,0.5123389036176605,0.4308455384289293,0.24325410667684821,0.62806204130217,0.1861030892885857,0.931034527744292,0.7461094277155729,0.7444456245724704,0.9031313138529723,0.4550371509773469,0.492783541888444,0.5792238676797273,0.4538765031426659,0.8612515058484644,0.512465811180413,0.7200258631279135,0.9690751534521043,0.9614010512986892,0.5130591940794029,0.868106589110103,0.8999154398064708,0.512357336935493,0.7220037378831071,0.6762220637396477,0.603435700826224,0.8586372068060395,0.773710723516359,0.044435543355513245,0.13656160485452484,0.5441026591981327,0.005410107878550242,0.012969449657547032,0.7696375356729082,0.6874874531357046,0.03207890243250089,0.4080695255579136,0.24631058193925737,0.8506958778097131,0.03450126270806163,0.4978607452084388,0.7041406423134338,0.6513431735402377,0.4344349654093592,0.7807414025591537,0.0007806158498220345,0.5205311685905437,0.8920509173863894,0.0012798289710206487,0.8361165584616945,0.6884190742708162,1.9732094888508516e-05,0.7485186385396688,0.7710095981239935,0.581503908898527,0.8743758138770639,0.3444108881337177,0.000547442227546724,0.7357059579039384,0.7750375564946961,0.8387803512457055,0.8494915859156482,0.8635676268660087,0.21390986303284515,0.8387803512457055,0.7778127249971423,0.8571828938367738,0.4892898860968665,0.19483348776650047,0.8134617279929268,0.8337444531386294,0.7783362315955273,0.765084201383212,0.7657828235213913,0.5829214062012612,0.8579970185103859,0.3227218486650547,0.5051430498504283,0.5884811504281033,0.3143285362039333,0.12392475033155063,0.42257166231792637,0.8479168363576566,0.4638535639176877,0.826967952255256,0.8328513681335274,0.8147446113582468,0.34103382027770623,0.5355861305049927,0.7379992235628204,0.7741993930296291,0.5483951920551906,0.7513232932104715,0.5736930537792511,0.5858402282447437,0.7751665306694528,0.06286591304530444,0.10683273511861303,0.0007736084703955003,0.5289985103771493,0.17264450662263883,0.6409778359590339,0.9077151204570999,0.8949333800266929,0.7856443610020727,0.492840559008342,0.585723600329094,0.8630821351234417,0.7159079348959799,0.9157165580738875,0.7019445471207699,0.76712868236841,0.9955088151005902,0.6551076044861113,0.6980014157599422,0.5811633347681923,0.5863915404050801,0.5149440349165872
lh_PrG_L_6_6_thickness,0.9880279379888653,0.5668033419969772,0.6997159436046273,0.6136382029232973,0.9934769623352881,0.1713313848910461,0.10403362033660953,0.7033406209411339,0.017797968613801948,0.0864169066491743,0.8403084730476673,0.9703783051808033,0.1774459472615544,0.8303967985649808,0.5768446205814775,0.9698269406594754,0.5496173544888188,0.6370218834425214,0.6231320667419391,0.2771109361065145,0.308721337487487,0.6698030504550937,0.3366877505104132,0.6080404061798064,0.5365990564736332,0.09447969672064489,0.6537030136527378,0.14090578077874494,0.010485990831218324,0.5905464487375904,1.0,0.9480900979301079,0.8197237537780768,0.2259001368108808,0.009081239503688516,0.7885040702585249,0.5106266430331439,0.5169873321251159,0.7288210253758263,0.29159602547917396,0.47683392702293304,0.47835008129356665,0.8261630097725294,0.6549869210385687,0.9046543857897978,0.48743448321476474,0.35103325768356725,0.8938985126446678,0.9872855588439111,0.724219189419399,0.7363631490942797,0.5347530791680732,0.5561256073533156,0.5244270547679535,0.7999282462932141,0.9310345277442915,0.13295428366171763,0.15226446526686757,0.06570393385819791,0.5752170964492564,0.8438105573935442,0.5923669624031092,0.4214891786491509,0.7282287427465266,0.3338667469511132,0.83536557039205,0.4902290410493003,0.944264805260324,0.5162423493508639,0.6280382084967727,0.9152186851193163,0.9355088451788143,0.5171683282488189,0.4239214565262281,0.2933292042307672,0.04743129469217493,0.6778512071266937,0.17910390545428684,0.5396334723004674,0.927340168486903,0.937960960229496,0.7691295505086906,0.9380690224314823,0.9455749494337292,0.841899543771724,0.2316209368842176,0.8889027132782084,0.4084184371826109,0.558760763864424,0.7062006541477155,0.4612423494008716,0.5296884721680909,0.29741375457876784,0.42114423623788855,0.49780860250875036,0.9758451715939462,0.6921927401380248,0.6183138271796373,0.8923121244864038,0.7591620481668456,0.07833960617281228,0.10882525951164006,0.5707670776336146,0.017948109772973213,0.033915886361901834,0.7877297761178581,0.7034578289343308,0.06571135773025369,0.446267950043811,0.29705694244615855,0.8866250160613116,0.06936024190587485,0.5267276004065572,0.7493734360637966,0.3332605422731836,0.07654187073436451,0.7784219966977122,0.005116045024491857,0.48046989739958273,0.7720954261623026,0.0009193619277245232,0.7563681101741297,0.1884720358940823,0.0008144458001882461,0.7704182216117433,0.7502842310505956,0.6031475772005868,0.8779408166508458,0.30687026887955315,0.004301392373691986,0.7801136039545276,0.8260953538675139,0.7784219966977122,0.7763820850304302,0.7726816610888532,0.32990462551066185,0.7784219966977122,0.7771237534284218,0.8917854442233855,0.5316920855059021,0.32581329127734504,0.7806864047691258,0.9061848200157128,0.7322657243176263,0.7345306005423606,0.7895544288616746,0.6045750792555908,0.7850777690832335,0.23659777983273078,0.5412698274450816,0.6103593503088935,0.2013869437469969,0.16421558818972534,0.07275928751518092,0.9014633338219371,0.5227547326370008,0.6186270918841988,0.7931956917390968,0.7946344726436652,0.25798109456669294,0.562373497954049,0.7652770739542385,0.7609468431942341,0.5725850921557303,0.7074323568859702,0.5959439393086005,0.609188202500027,0.6355362692919584,0.15563392148265479,0.16140346000291542,0.0008745003666791927,0.5574590226527277,0.10991899229641862,0.6133703580261705,0.8388343020341129,0.852655416916855,0.7931956917390968,0.5337646844014035,0.6074524347205387,0.8873890446922106,0.645467416963881,0.825003262195128,0.7626113127383622,0.5881465257996759,0.5664265989436602,0.6307744099498338,0.5395822290663177,0.5587001336159306,0.5660982027516799,0.44033768846620636
lh_PCL_L_2_1_thickness,0.8986291472015865,0.5761209586849728,0.7310474384910322,0.48740709691294987,0.9430100541481172,0.26718859785621407,0.20809563656913838,0.7609457860003088,0.05340911176957651,0.14400518146165336,0.8007395203776135,0.9734743316416719,0.26516720158958307,0.9347513137036643,0.7089714414073619,0.8580175926933914,0.6340270539537727,0.7224390927045026,0.48923143566202476,0.25985473657315256,0.27340426750919766,0.5362980462922693,0.355848752760428,0.5349419931792483,0.4110774013972721,0.10093429551201441,0.568013913730343,0.06140092284782967,0.01407421673691735,0.4674899149142823,0.9480900979301079,1.0,0.6919760493605218,0.18497616395521488,0.02135173187601768,0.6583844639467008,0.46281268429963274,0.38328550576099485,0.6040293289596368,0.1636376352118128,0.6106956539999753,0.3547138755553442,0.7797546783695427,0.5275161702910935,0.9628233668169415,0.6214413148132183,0.22506243158094086,0.7643255994255715,0.9278008392740997,0.6775252778087796,0.6009267339312807,0.5836973645505041,0.43070416152783264,0.49091048536772103,0.856027967424548,0.9804946194143573,0.09925551638159456,0.28078082761141226,0.027115496467044118,0.44986327914675434,0.900479424332371,0.5162207051927218,0.2938854482189851,0.6009267339312807,0.28878429802614625,0.8918396599182116,0.36700631076462864,0.8962697472930972,0.5803477558597049,0.5800507097123746,0.9738791045352226,0.9958753075267516,0.43239159667270405,0.5578461841227624,0.42591802296167597,0.05252040991032471,0.7444633310773895,0.16135142133723443,0.4586815576173842,0.7945714391979677,0.8087354530990608,0.6404079100178275,0.9994560746270378,0.9982377788053736,0.7046543890505239,0.14399192754844886,0.7596503335813007,0.2734557290448828,0.45003620206534745,0.5793633293746427,0.37349923550685094,0.48772466272640247,0.2221150114010929,0.36052712725698693,0.6313362303513107,0.8877449240233442,0.7036223217387947,0.6486607811803673,0.7647748622731035,0.7126959532169826,0.171187825049462,0.2130901604950464,0.6267725941300559,0.05357051840548173,0.08948591817537198,0.7482515416401019,0.7095048995104114,0.1499827737423752,0.5567280351730809,0.43607379697795895,0.7789093937356815,0.15630036712393383,0.6105536393851254,0.6177465829856325,0.3267939112806645,0.036640581897933386,0.6489694771118137,0.018876753228409066,0.39957565639351733,0.6436565454793557,0.004255354696258668,0.6716355181496256,0.11077376732538821,0.0039025323579350273,0.6400308623999467,0.7037725222369924,0.6592812821089263,0.7489500172584369,0.2651294528938493,0.01630316167081881,0.6464089375428751,0.7831561701075458,0.6506905493216645,0.6489694771118137,0.6456873472430256,0.4602419181339545,0.6506905493216645,0.730723781267156,0.7622997321402949,0.5961729401039672,0.4559887776005009,0.6522013781830733,0.7760157776136845,0.6761085006818068,0.6879173113816086,0.6567712355904967,0.6607310635806952,0.6556320718831814,0.19552766760076556,0.6059664204262872,0.666603322081623,0.1608428383176867,0.2933307290865299,0.03448653838934253,0.7752937972568253,0.5772374772735908,0.5413257408854751,0.6623944034152076,0.6632942732552085,0.21347780467995023,0.6275032898484745,0.6348673692980602,0.7144888947813013,0.6379049047394962,0.6605834578706138,0.6616532790489831,0.6750915714651821,0.5567001445581694,0.28434564998926337,0.2903940411533904,0.004109207723487842,0.6224929076695628,0.0934915321214528,0.524065318490801,0.7107845834446035,0.7278223053038011,0.6609938392585796,0.5982932880497362,0.663652645648297,0.7580738127904088,0.5593494839111697,0.6972909784567017,0.627981831422014,0.48006921771380867,0.44041802668362995,0.5341736352899262,0.503003833043956,0.4745314218722302,0.4964639456113391,0.573991710578946
lh_PCL_L_2_2_thickness,0.8847184378991932,0.6014880699485959,0.7597904322986697,0.8822449064532529,0.8608623906329241,0.2880855997555873,0.0884167196670256,0.7434439036733109,0.0035797242766233872,0.1895425754006424,0.9113638318709809,0.8165283924274723,0.3128439393545666,0.4782616126144341,0.24487445806764202,0.8957128683916056,0.3322683578609098,0.6748812402681935,0.5847097427887449,0.15253417447343387,0.6094129436240255,0.624572142230643,0.48988701186773514,0.7387834628029737,0.8876445654839334,0.26283838652022723,0.8322170086457674,0.31057370466995077,0.053752472871808676,0.9185996677710551,0.8197237537780768,0.6919760493605218,1.0,0.20063673256239115,0.032043980377682316,0.881899763841014,0.4812340818039889,0.5171498082861168,0.9252669152025514,0.49669352195809313,0.5209821990307678,0.8385844726890688,0.9145110420574211,0.9278652766861502,0.5632750593498843,0.532936465865655,0.6572332036939186,0.9744140231835207,0.8849381491538945,0.8523262619783112,0.6931694023373001,0.3131606996961539,0.901419433015558,0.6237871383171923,0.4429106283916218,0.6099950573317141,0.38674098545009805,0.055648822845944995,0.2010361739854738,0.829243713156669,0.794679501399954,0.7736650178781274,0.7634506826181571,0.9416481149469007,0.2631946253614654,0.4751298961721169,0.8501983485679654,0.9164366821434151,0.515253031236701,0.74444562457247,0.5832663592455126,0.644290057560349,0.4671991393349434,0.5148568521481943,0.3900037557001302,0.16670293106914,0.7183548913704129,0.1104914225166146,0.8086634051422209,0.890731166423312,0.8983389925278396,0.914720490044713,0.6763618354762724,0.7137933728052455,0.7124123052590015,0.3226956686470532,0.9788349681997759,0.4752035334499214,0.7405325137978309,0.946875853282064,0.8020427395441609,0.4506038828766895,0.6483649932982753,0.7298238665451615,0.54796272609361,0.9192410232190373,0.7679749470454539,0.6746469909079944,0.9803294599725431,0.8791681192634664,0.04168240704887949,0.10649518293212973,0.6039164382727649,0.005524113361013682,0.012818340242708146,0.8890146735768711,0.7825729701922934,0.0312509643775418,0.4374746439003976,0.2525332488240674,0.9868706693052596,0.03361802590818112,0.5448097518517965,0.7243190613596697,0.5435922423807833,0.23930273044488376,0.8034123531814845,0.001030223188494496,0.431179908749918,0.9049028967534095,0.0005637072484867029,0.9252465273035013,0.46567080372124964,9.604141052099995e-05,0.7714913351385231,0.8729043036552095,0.6477504945181217,0.9857948035895057,0.23976944809697953,0.0008054838522200284,0.7691136423239084,0.9105322295285233,0.8556833112261206,0.864531466239779,0.8757375090327701,0.24787002095244348,0.8556833112261206,0.8907074606768066,0.9762292198987019,0.5434568946637688,0.2340235591641633,0.8337444531386294,0.961159973118433,0.8702226791515284,0.8608623906329241,0.7994362886355348,0.6495164601670612,0.8795101591361802,0.20519226520922088,0.5596541682080396,0.6565387252616859,0.19085283823535698,0.11790089884674448,0.23027177100316218,0.976578718114321,0.5223532731521705,0.7489502666463559,0.8611934966354796,0.845431674646965,0.22335311098427096,0.5923656097042909,0.7597165488769907,0.8803824429268221,0.6068854404668698,0.8372880369369218,0.6372853167671868,0.6529379674696767,0.7091221590878457,0.07902103311689082,0.10646452958019267,0.0003651325145141918,0.5850866329074336,0.08622152851385599,0.5822577628073708,0.9987047006704515,0.9977028601570754,0.818667500799789,0.5470401728640295,0.653036207015675,0.979673055456727,0.6604277700353254,0.9999182687141259,0.7327518433682509,0.7892029343273071,0.9082110220922558,0.6039792891183517,0.619699123385263,0.5091724689449905,0.514841358426335,0.5245612257206795
lh_STG_L_6_1_thickness,0.23124040470593096,0.032314563613138544,0.037333584814876156,0.1538569054102189,0.18799283474102105,0.002420776688703417,0.0002825484205213817,0.03430762020037699,8.54525444676038e-06,0.0008417061636236863,0.08345378125959947,0.14685966849028456,0.003211556535332633,0.29033955044250614,0.4443180695944915,0.26516675443911025,0.24510843521806835,0.024347977807145788,0.7137466372368987,0.911822797457041,0.5139383214103127,0.6703528088891397,0.030086190988072848,0.5568096908313386,0.2984031000265892,0.0021930926727883045,0.08817272027852835,0.441548512558127,5.412806863824875e-05,0.32001216162004553,0.2259001368108808,0.18497616395521488,0.20063673256239115,1.0,1.9550522168156818e-05,0.41358817240381507,0.05300907884749531,0.7805103309146755,0.37195300459876046,0.2947801876687298,0.010910374470405715,0.30390860242034745,0.08364016400428732,0.16461480516259225,0.2916127391251692,0.011774034379024023,0.2960380690205941,0.24477302127074618,0.18092402486576975,0.06682218594953902,0.5941841586872678,0.47841271135423485,0.301162832776854,0.5956596360447061,0.41837208375599183,0.2616164966484811,0.5015907616778702,0.0006516577109672513,0.4997068295303078,0.14602339340278755,0.0680682026821397,0.5233532317734046,0.28455573636082976,0.34855868150389346,0.9670492861668276,0.38333725329896623,0.3064795308259716,0.12940056269293967,0.017885931546642607,0.058722708629105724,0.2718965394941528,0.21392282046799801,0.8272987757722364,0.01909679467774859,0.005351909438109645,0.0006554654928581792,0.030188550857763837,0.947730013846037,0.47391991838809927,0.3248009905510157,0.3066997904625979,0.38170292134861034,0.18438463706798044,0.1649428029530376,0.49992484802018455,0.884030316005386,0.23938353362243642,0.764033024600703,0.10853065418625847,0.3371573262415564,0.43122832020307456,0.767789515513497,0.44748756031601844,0.4943192130356477,0.03451242945209232,0.19884352212903422,0.0408617313352084,0.029874595475848212,0.23185836909453794,0.07136030355530716,0.00014740475597115654,0.00033224865207344076,0.021899160370251393,8.686238156077312e-06,2.8252276130757125e-05,0.07232458649255515,0.04353191545677203,0.00010293259032140745,0.009377683464832776,0.0030542187331162813,0.16591633708860268,0.0001148311658954242,0.015591784568667128,0.5663798633753132,0.46422575930378446,0.49922846987124503,0.4907300034809938,9.657010738745781e-07,0.8617934785792991,0.3925918112393133,6.898722339378463e-08,0.09950719452370754,0.44228688100582403,4.771538273560203e-08,0.5206415987295885,0.07010658326828882,0.02400898959080019,0.23125514483715703,0.9788356448041455,7.20344120438886e-07,0.518415772655455,0.08176922261537638,0.44266753609734677,0.43449094820100337,0.4240262480626791,0.004476074192379438,0.44266753609734677,0.07413232091544822,0.2427479501575785,0.018488207341858815,0.004423877264695178,0.4628049945243776,0.258711723982323,0.07337819867471762,0.06805438048611276,0.4898091933858927,0.024111126809400724,0.4170018078329239,0.9995588612344246,0.018911673576543185,0.02453630234548821,0.9974037968221168,0.0007268782401499456,0.499768285248532,0.23111228905530037,0.0198387914420895,0.550305912996838,0.4328663739260368,0.4473257527759642,0.9968688781738189,0.019987239449154648,0.5322268516632591,0.07162130738746394,0.020581727420976626,0.06498873944383891,0.022137232457739693,0.02314877344943609,0.5881100185964246,0.0006631193866033011,0.0007016889409187035,5.7908530544753724e-08,0.019718706443689667,0.9136711420792551,0.7117144701601614,0.20864528045495315,0.19943914210573957,0.47193462403876657,0.018576533603551108,0.02432034467263135,0.23879231146419883,0.6355794537459907,0.20216403385743537,0.5539256233139911,0.10988025852492074,0.29916760306532564,0.6937864368452751,0.6084421942997391,0.7821132144976852,0.7602772943492297,0.02201580907385747
lh_STG_L_6_2_thickness,0.00854150849257717,0.26491624438647554,0.11070354069288674,0.13519543437039452,0.012038379866966854,0.4952182883010758,0.7079632834478322,0.10008042243781497,0.45639291947892263,0.6993156732625895,0.05192789304342024,0.018704676996435868,0.493324395373688,0.03665587429227649,0.07450739601516397,0.007015819420692369,0.2800067995202027,0.12670593700746405,0.0003184320276543837,7.721671688933047e-05,0.08854501119584036,0.0005174323205241921,0.5495406985386816,0.01124697952008572,0.08963861032703718,0.685092087024896,0.15160919291997957,0.4924907867208275,0.9273348611064844,0.05867613113125447,0.009081239503688516,0.02135173187601768,0.032043980377682316,1.9550522168156818e-05,1.0,0.007850924035598904,0.48581721591196125,0.00014173788898919654,0.017971386773662345,0.48058227694421635,0.20001257493488592,0.12065823842816105,0.05660545183676041,0.10055197441302036,0.019809020275957014,0.1906090978466894,0.2826402861854025,0.014545003295755336,0.012912015031351991,0.10636268078121888,0.0010318455146421804,0.01629791549986864,0.0791465041855761,0.013238115654700698,0.018671052840078847,0.018361529853442086,0.2663184600058281,0.3884752863385129,0.49709115890369615,0.17792532887425744,0.04681104646648602,0.016551743482580022,0.1897302025227925,0.021266310363170844,9.285800980222684e-05,0.018853701887802315,0.111148685723302,0.023025507469463476,0.2846905840432805,0.19233638829485036,0.020169083938220013,0.021861811332996667,0.0003835608313199732,0.22767102597777378,0.32480099055101497,0.7872592752145119,0.11093547823659988,1.5622439064020723e-05,0.032756884627953856,0.005351909438109623,0.005919812200244404,0.012309543872298417,0.023338148463697254,0.02279560167829545,0.0012653175824633004,1.3071742173651648e-05,0.015704410566322366,0.00011227647393749341,0.24991717671416433,0.026536111464327043,0.06623879397547652,0.0015595449754458467,0.1535648416602016,0.05786807042282224,0.19841398182934983,0.011939095677638494,0.12153777791162054,0.17699970147303046,0.016249012984404832,0.08610722452059383,0.7521066353355237,0.685724784167429,0.21079052336508702,0.750683315109129,0.7722236326842541,0.07258120399703807,0.11520342402708725,0.7593754713863645,0.3016510747665409,0.45843743955978267,0.02667630599835969,0.7559636392681139,0.23262792061063145,0.001583997741188705,0.05573080051912745,0.46335925923288274,0.003643182372115782,0.6457710961938864,0.0002663407508112528,0.01097533904098988,0.6383008280442121,0.08040478621275537,0.3315919483527545,0.4594237867607821,0.0026041284926989587,0.0908759768206291,0.17413406082067506,0.017988499324163836,6.874277703478409e-05,0.6242684495973516,0.0022996319058865913,0.056828367196038294,0.006473996842769942,0.007186026956560513,0.008243920313847491,0.4883301980889077,0.006473996842769942,0.07714609693737139,0.014997702784829649,0.256376294198701,0.50663592671945,0.0050529641199648255,0.011891662256781309,0.10042679868843932,0.09995368630887397,0.0031597522317599537,0.1726990965127509,0.007846073858955707,2.3463138044577013e-05,0.24089002806008095,0.16703419900073435,1.2538108148232539e-05,0.6275397022660975,0.46758506941602046,0.01534764741421859,0.2898084728524179,0.010882017379657034,0.006160772582986932,0.0051627066834792155,3.060602835963072e-05,0.21117952522101285,0.002322975089974376,0.08517672477217107,0.19860487334907126,0.11768537952354224,0.1733492664625657,0.1608428383176867,0.006508854404347223,0.6493006792105384,0.6400308623999462,0.5998725842796021,0.21761976469598948,3.2380725532830753e-06,0.001306675891481995,0.027081589094857087,0.026440334402971943,0.0038682373305879087,0.252903442415952,0.1698515889341498,0.015941222907501492,0.0031834094344788035,0.030740770528484344,0.0015725440012980488,0.20390202882210265,0.07556678574627046,0.0013110643796398064,0.010874459385727876,0.0006783147372631028,0.0011964399569700315,0.2205914343559751
lh_STG_L_6_3_thickness,0.8539875400761878,0.3299799632850591,0.47093301770618196,0.6671112808754546,0.7950271079232367,0.1328400401369724,0.025648297634235102,0.4674074000526979,0.0007398439728847027,0.07552332258072228,0.6726003532744542,0.7225161312194737,0.1526628244959715,0.5250985308683934,0.31309688572411887,0.8942134084683655,0.4605242513700432,0.4002960296866468,0.7928906285572093,0.354735559978297,0.5935642714308457,0.8418041719970473,0.3791701397898923,0.908754883332031,0.7934139556379309,0.12428208169973184,0.5610664670796084,0.42798515898327383,0.015060982614001728,0.8577617361636691,0.7885040702585249,0.6583844639467008,0.881899763841014,0.41358817240381507,0.007850924035598904,1.0,0.30658763449552506,0.6906532498175884,0.976554693235782,0.5162453811930758,0.27719090067929786,0.7426847112480526,0.668956338843145,0.7237041176760539,0.5859650853258411,0.28896131618122023,0.5951006925178691,0.937474055351505,0.8081562989997675,0.5667381795417274,0.9020766495885282,0.22662947858938912,0.8134297488655848,0.7712738937445243,0.46591359789741066,0.6201427079339381,0.3857934482993023,0.01852814545576794,0.3018070378215461,0.6139629492266829,0.5998163279305619,0.904670612971185,0.663652381349606,0.9665490731344095,0.5203300359518224,0.5037170059284066,0.7567198772126981,0.7694411311067575,0.2578329978734412,0.4601514754014147,0.6005504645859691,0.6353152450371634,0.7549538884406001,0.3391485494609345,0.19865348703216265,0.06544055257659107,0.44044632995538113,0.276237571361446,0.8671668208418278,0.9413748412416749,0.9335944883306189,0.9934766980365973,0.6468541861966242,0.662645692570195,0.8188828966078334,0.4948573569708425,0.9338365410254679,0.5846510956530184,0.5129992211769718,0.9493512191451041,0.7937895607099701,0.7302720475954789,0.6242425883188326,0.7471215024771827,0.41126619888020544,0.8537630038196635,0.47335842975991405,0.38185160230844273,0.927253862144927,0.6030314872821121,0.010514359231358772,0.03251547106617492,0.32232447994853103,0.001024434192660004,0.0026775441705214576,0.62216210802576,0.4890633618404191,0.0075382496150764415,0.20261438215120034,0.09699843277340184,0.8501563818808193,0.00821440494896725,0.27695499958493647,0.9357154593123029,0.5059595751928005,0.32043648836785704,0.9830617607435208,0.00015893254268517916,0.7156391575471139,0.996378247047708,6.771246151019398e-05,0.6705623694122813,0.4936811896718957,1.2273413992578775e-05,0.9670252612882888,0.5939307751534648,0.35956003856602003,0.9272221932238026,0.48619594800421734,0.000122160043041932,0.9600398694806432,0.6639735445276773,0.9983524198258292,0.9992159370224916,0.9993600017916586,0.09783648806564904,0.9983524198258292,0.6211901176957662,0.9362070259118662,0.27672031950183584,0.0921139612506191,0.9938433727653031,0.9440462027557461,0.5897975713989216,0.5775797365787805,0.977113372463928,0.3611732130094211,0.9999680208726585,0.4228823167744403,0.2882439850836228,0.3676862106703513,0.39263522348087043,0.03686662792766762,0.3121322249671775,0.9254983259590568,0.26452605306446497,0.9197805888577193,0.9982375145066826,0.9948386372378141,0.45080789119138204,0.3131829334851794,0.960499662610794,0.6048511259664858,0.32504247554776183,0.548852808505307,0.35169879272688204,0.366535159514767,0.9224704928426688,0.024057603273891528,0.03276753603474873,4.192164120730209e-05,0.3074282944934583,0.218995191607335,0.8642997147341194,0.897738031863452,0.8901554031651021,0.9857945392908148,0.27922552122846545,0.3644177880463587,0.9334730444509478,0.9143728331803397,0.8856741981120344,0.9348976388480721,0.5481983392841736,0.8207268296055605,0.8796428216123446,0.7876996834031078,0.8007099022600478,0.807614997401334,0.3563916755585881
lh_STG_L_6_4_thickness,0.502042211593151,0.823908984704106,0.629414643296935,0.632056066153691,0.5164756649827403,0.3952159058861195,0.5955440732500755,0.5869448425722468,0.02579157271670577,0.43840072671770286,0.5826866688870153,0.5087014174440647,0.3542124052972706,0.3761459008374129,0.26875836037537193,0.48020770673431706,0.07465353246089045,0.5808334405399467,0.27646838825794806,0.015716335876497352,0.20237806352516965,0.27693403427892677,0.09292326876145468,0.14888896637544388,0.4304514733085565,0.3216734285794965,0.7091906805712296,0.5863359004405516,0.500539573865136,0.37566692788335454,0.5106266430331439,0.46281268429963274,0.4812340818039889,0.05300907884749531,0.48581721591196125,0.30658763449552506,1.0,0.2759359851113911,0.31087331070657037,0.7757575690524339,0.5294895891987736,0.46066495993228074,0.590469909344825,0.5812092536345721,0.4453218019640326,0.5178705917220028,0.6410738806018845,0.4513766840225545,0.5183328491104562,0.6606634076756797,0.2921059998915835,0.4515829309386465,0.4159332651508423,0.07976302630890468,0.44259811730016985,0.45653795093972105,0.40243762719428816,0.31828885450920047,0.5500929992929824,0.6881822923432922,0.5080075398968307,0.16726261466802425,0.5578462711623923,0.33052127448536706,0.05861610319148149,0.44306172666467597,0.44712033935512796,0.5365208530801449,0.7912578630374238,0.7662500862646734,0.4461328739790071,0.44978313889843646,0.13554618123123718,0.28036910640927065,0.40461929535158747,0.419990295789715,0.5897182858939533,0.01766242002611852,0.2084357399318747,0.43388794327615726,0.44578384206529736,0.314661059368705,0.45282177544140756,0.4656908150064701,0.4249938074831759,0.14601903494828067,0.45385696222493194,0.29006473757900647,0.8000592831496027,0.339428455277323,0.27660075260508554,0.06093801213745333,0.3604430277930713,0.20521992663401,0.2345754097925353,0.5085905313351827,0.6592337004550194,0.7127568754229527,0.4605041479775375,0.633108196168454,0.5274709399690118,0.5900274442237199,0.7246660303767539,0.24620569779243107,0.3518309435773352,0.6133266007362895,0.6544619717865685,0.4822870013658081,0.7223415137875103,0.7201175197295837,0.5156047484741046,0.4932954332442288,0.7084559553726779,0.2795050444215719,0.11113976574691255,0.5566671592851508,0.2839228385610864,0.0969103559950398,0.12646863161772076,0.30909328052379,0.12646339599228917,0.616408742226703,0.544455818114007,0.009305180205194927,0.2817140785761378,0.6397077649708183,0.6826477652028728,0.4575165873547834,0.05315597795745127,0.07997760669348251,0.2952878819509508,0.5905375652498406,0.2896599567660895,0.29105617637783565,0.293103452794498,0.7973506477322051,0.2896599567660895,0.6205029249932863,0.4521935440194054,0.7624933710260274,0.8062123075878507,0.28682207409672966,0.4465215110806138,0.6525739299279367,0.6520762873266799,0.2968314638954764,0.6809267695467826,0.30316586530108863,0.053021297212026273,0.7461304793348689,0.6740898305361052,0.05298673713238887,0.6556595180463436,0.5550822764553894,0.463595514498227,0.8081355304224614,0.15698769249910965,0.3029704922873365,0.3009731344187924,0.058434561459456094,0.7134773487402666,0.27986909441729463,0.6318119011957468,0.6991464648421131,0.6755588342084645,0.6694040229487772,0.6541785823807775,0.14863512704550708,0.620536925823737,0.6553716375295169,0.09867649579259352,0.720698014635475,0.017621530483399022,0.15161071224719985,0.4730657234912174,0.48278293941587536,0.2983204169656482,0.7588627264826788,0.6774987157540343,0.4538862392803831,0.15336090841737113,0.4795024898319078,0.2936675329026915,0.751028386047216,0.4140015440661267,0.16877204706002175,0.07957544258142182,0.13627735366593816,0.10938730392462419,0.2676084113078524
lh_STG_L_6_5_thickness,0.5520244276097568,0.2085510362917477,0.20488590539369003,0.4470221849631559,0.4719346240387663,0.010140885529098968,0.007432908045226555,0.18096700336862853,0.0006229186606456377,0.003412133326472849,0.3259662574096038,0.3793477004362107,0.010573012902138822,0.44395810872245084,0.5274277955620086,0.6049666872179115,0.3215124820934833,0.1426580754083175,0.96961006615368,0.6497250404728128,0.3398484549094963,0.9376324606760722,0.051758270620024444,0.5827104234977404,0.5264933238501442,0.00471124944614943,0.3536820771800441,0.434618689560007,0.00015632809968697028,0.5441844434657396,0.5169873321251159,0.38328550576099485,0.5171498082861168,0.7805103309146755,0.00014173788898919654,0.6906532498175884,0.2759359851113911,1.0,0.6193539742960302,0.5001735201966448,0.0733781986747176,0.5176084975191672,0.33041779150288897,0.461256196754642,0.48928988609686647,0.07493058823460279,0.5029385570950338,0.5778804692325314,0.4703420174386497,0.3031931668047983,0.8835527427362337,0.5574576180426543,0.5310686968907982,0.4385444562203933,0.599333762424346,0.4674899149142819,0.29820449678457467,0.01629530628214565,0.3057121529838906,0.4363874079148736,0.23309305941574035,0.5601104350057903,0.5073446407795447,0.6059664204262869,0.8047881935726131,0.5722864442779438,0.5199103207006917,0.3964747232019649,0.14506439244382513,0.28873929247100155,0.4695471692117829,0.4078931651541089,0.8801485021323887,0.04950237777150375,0.02580490555894029,0.0015376429437113097,0.16724525424030848,0.6437888926695658,0.5245164179145176,0.6761085006818071,0.6567033004087339,0.6502041104836639,0.3743760659503439,0.35964274179370725,0.8526554169168545,0.8432574657501758,0.5709099347402641,0.9410886782422734,0.38724885474460674,0.5900026466015426,0.5009433744663093,0.6461999941741388,0.446403174482751,0.44469616906195014,0.07354542121183413,0.5123608110685192,0.2242583192089569,0.19173154300352277,0.5628019638867346,0.31080766066982213,0.005289361049868282,0.007556067435697813,0.1592080647464794,0.000623430701841374,0.0015445668876937733,0.3085370038760292,0.23241839892393956,0.004085073909614894,0.09264614533996403,0.04473279213005921,0.47773357752581674,0.0044303700808488436,0.12690754494397155,0.8441500766533923,0.19805800484397135,0.31290528826508324,0.76452480060537,0.00011074331876653227,0.8893078015576559,0.660407402400575,1.1017546256062314e-05,0.37311593081864314,0.4363185793214372,9.728597277396049e-06,0.7970839396568501,0.30872875203422606,0.16345042485775477,0.5599002490279708,0.7939865080427675,8.766828063533511e-05,0.809265074516412,0.325461936585646,0.7090867626915514,0.6992469228223974,0.6864670938739449,0.06081322866515526,0.7090867626915514,0.31534620355731313,0.5752170964492564,0.14627571011576573,0.060688064858776695,0.7328006429659238,0.5959439393086003,0.31891957777450936,0.305286214151538,0.7783968188654006,0.16363763521181277,0.690888532164305,0.7850026947548222,0.14711105201287952,0.16441378410380192,0.7662922807346242,0.016495385337470046,0.30586865311436295,0.5631412903907056,0.15544419495212483,0.5953244372694415,0.7135483709619849,0.7305402022049594,0.8040024890411409,0.14918656937720154,0.8080001505965855,0.3112383072920547,0.15031080699384725,0.300037768942238,0.15319258321416607,0.15502845085753067,0.6420257305747162,0.01632905274532932,0.01643147712912345,1.0476088313925035e-05,0.14867379241112136,0.5763166172790756,0.8047340386844586,0.5286426136065383,0.5199118115745754,0.7586271295185472,0.14645094538275155,0.1640201857017421,0.56998460545746,0.7213145129712196,0.5195472569232202,0.8453749699759473,0.38989462456454227,0.5326722892544333,0.8188638072115362,0.46635790077412786,0.8429770676248577,0.7634920733971433,0.0540483510358803
lh_STG_L_6_6_thickness,0.8067776463928327,0.38642610749537276,0.550159947339855,0.7474903189295026,0.75783606745696,0.2061375887669303,0.04383939310217568,0.5457387881521966,0.0006235369192143929,0.12958040785024416,0.7309727044830999,0.6997206135134534,0.23171032691961682,0.43330725848067364,0.2224971146826908,0.8430524934151987,0.3851421136904981,0.48234440356757746,0.7041406423134338,0.2885993097599981,0.6983984829933434,0.7502842310505956,0.45434521364065045,0.9173538966718411,0.8837640002044117,0.197638612914029,0.636542309765435,0.4458334136387637,0.032299089019910014,0.9389825903674205,0.7288210253758263,0.6040293289596368,0.9252669152025514,0.37195300459876046,0.017971386773662345,0.976554693235782,0.31087331070657037,0.6193539742960302,1.0,0.5355951513473532,0.36107715070894575,0.835186773032579,0.7313140721336194,0.8051471317868916,0.4928405590083425,0.37381517196039415,0.6592812821089263,0.9358046143600687,0.7798020233564604,0.6442900575603494,0.8129268093446285,0.18449974536171873,0.9017532527070989,0.7914746195292459,0.3640926091709097,0.5346204508028051,0.46730613296844725,0.016653582213390684,0.32912460937029814,0.6882960184058009,0.6406727651841881,0.9343682542380749,0.7462216923719592,0.9983764447043681,0.45531442090317087,0.4007374711512657,0.8494873571533585,0.7806413760128366,0.3141660286276977,0.5292410692340095,0.5120717711725964,0.5665525097511641,0.6743395324587425,0.4246788638048838,0.28261291203846123,0.11576274440958295,0.5206112787633974,0.2344447317241634,0.9332576486429033,0.8849381491538948,0.8803824429268224,0.994303982888207,0.5921670644236987,0.6197945897228632,0.7170367858703967,0.4760821736903043,0.9366454460194606,0.5448062294984937,0.5710833590145608,0.9934134016819032,0.8872780079054341,0.6639475168839387,0.7244040862187587,0.8402454680140468,0.4799116616416632,0.8284395237710435,0.5523597734426398,0.45670570247322095,0.9314817696405562,0.6779829527296936,0.016138957915600393,0.05630851882098135,0.3932210057975878,0.0015099629007792063,0.0040099640010603545,0.6929804026118564,0.5678211193098487,0.011296201843891997,0.2617477815238366,0.13334395736253113,0.8794045695940285,0.012295592160423224,0.3464472770354796,0.8548009268951703,0.595752066927763,0.3580049377634167,0.9264264178830813,0.00020267013603526173,0.6372838378048391,0.991095286396688,0.00020187920348782682,0.74494388942646,0.5576212000066072,1.0546884357006114e-05,0.8988739111761377,0.6698030504550937,0.4365756798563314,0.9380690224314825,0.4253067022889464,0.00014756423190841206,0.8868641438658927,0.7263582172163765,0.9665493374331007,0.9725376434941296,0.9796730554567272,0.12191067519623597,0.9665493374331007,0.6937447747182082,0.9363428271620712,0.3392030735836453,0.1120009908801092,0.9505916414392787,0.930587412482701,0.6669310641005055,0.6546516616142493,0.9140154499118593,0.43838966455810774,0.9767899755824988,0.3784128918756737,0.3539877282434215,0.4456563196730095,0.3577994435043629,0.05493762319639167,0.3486550810139593,0.9258293396254943,0.3188137069893604,0.9260123212655544,0.9628233668169415,0.9512840254036012,0.40233149697292947,0.3848190777593091,0.8890763909984636,0.6795963418704782,0.39895561070475677,0.6266563441971253,0.429569883035317,0.4459396251975129,0.902177578503872,0.029748197741883024,0.04724674234022572,0.00011714180104403073,0.377840324415195,0.1979180461181806,0.7905342681354968,0.9320533686868989,0.9221880767480721,0.9301761026452261,0.34244764862058286,0.4420210974377498,0.9372051785166968,0.8635752065842462,0.9268215895986422,0.8524760236661155,0.6158416639498026,0.9078487752878134,0.8046640366625744,0.7970457847702408,0.7207726533391171,0.735111219563714,0.43913238357785317
lh_MTG_L_4_1_thickness,0.35517103791418103,0.5452184673108997,0.3392270241687275,0.6363514371831139,0.2975267554142538,0.3241777128081225,0.5072148581918,0.2888401287241823,0.007721288065731178,0.40678943248838856,0.35463019955296077,0.23241839892393956,0.2938832936226286,0.09251638568821169,0.04427730405385648,0.3967548387688013,0.009381339322686217,0.2841738512793581,0.500669886195717,0.1517290775883696,0.4564686936333101,0.5011920886554673,0.0886547611355802,0.44836930472270325,0.6448719310872147,0.3225515066476962,0.5637948431116793,0.8851850151280247,0.49956858980035335,0.6009804906542692,0.29159602547917396,0.1636376352118128,0.49669352195809313,0.2947801876687298,0.48058227694421635,0.5162453811930758,0.7757575690524339,0.5001735201966448,0.5355951513473532,1.0,0.27779473840986646,0.6864670938739453,0.3722685811171683,0.597386330465624,0.14519864227934237,0.2661370716413397,0.867042083430194,0.4665173759871417,0.31432853620393336,0.4429106283916223,0.5018849952108067,0.15222096218523706,0.6302675137836566,0.3219242174965799,0.14242530245530843,0.15726694691498275,0.645980663349092,0.1770262334494679,0.798109201319436,0.6829505448369477,0.20935625610407538,0.4678005815914778,0.7693760725328587,0.5408043339448813,0.3090291695532339,0.14289796467984456,0.6741008382343292,0.3178159616769244,0.49284055900834245,0.5488356073879583,0.14602339340278764,0.1497316857684084,0.4356445395350767,0.14181223118581662,0.26657940091936805,0.42057811304804854,0.29091713068581077,0.16334835361433853,0.5089756669051353,0.44879934729485704,0.43896633544131325,0.5247617156465778,0.15281546293443746,0.16655646538580315,0.4397617880847713,0.44600614195803334,0.4682499592645083,0.4994620386981097,0.7164273077657042,0.5498046447759428,0.5745238242892152,0.3095325631549871,0.6622311195157479,0.4998247986373916,0.09659305557308667,0.3618070479873708,0.3802718004436737,0.4228810583827892,0.4636031469938766,0.41520247449337383,0.45336395781225264,0.5020897856535202,0.4270456498880204,0.22654899004344878,0.31682172936001607,0.3855006279859864,0.3793477004362108,0.418622949652773,0.44042231190448133,0.4968403590069062,0.4325728880312659,0.4264636003419804,0.41214911820053096,0.503762086707632,0.2481951204197047,0.8097300590408872,0.5082977888106901,0.09064828895722339,0.425618356034683,0.5224851548532571,0.12427941191215536,0.4705883776626991,0.8460785005112921,0.008307517376618863,0.506054627906753,0.42184125001737083,0.3850110278736617,0.4727288212196698,0.2949304885855836,0.07467123755524738,0.5047804171786074,0.36731272619992533,0.5141181706568547,0.5155336224130431,0.5176084975191673,0.5447152146563387,0.5141181706568547,0.4025176313656142,0.4673439710937027,0.4641159673173125,0.5533417367894855,0.5112400399500174,0.4616028205335632,0.4496919519141441,0.43427884975971853,0.5066887021029782,0.3832855057609953,0.5164806635397926,0.2947927011053884,0.44775981947263005,0.3764295743271364,0.2947572963855211,0.5159710299725715,0.8038646159988061,0.45700876737069585,0.5105310645982435,0.4574021897221236,0.5129181092248126,0.5108923316557774,0.30884352009060323,0.415088725968066,0.5054324784194713,0.4138982827678109,0.4007374711512657,0.457877256421515,0.3709295481815873,0.35565871259470333,0.4489394541668121,0.4796534553340116,0.5153953000287715,0.09671831065422426,0.4223168255435738,0.16330642536676454,0.45146712557716306,0.48844461178093845,0.47640680991553325,0.5082004653611292,0.4604877726617751,0.37984813073473894,0.4690566208281509,0.45347692782967913,0.49416897821400996,0.5031331260535453,0.667406315932473,0.6249821426687462,0.46559689410424054,0.3284356532268099,0.43638961575337476,0.40297805408666093,0.12987756671447348
lh_MTG_L_4_2_thickness,0.4397358096010715,0.8448125305098017,0.8965563922348283,0.6577375345313108,0.5194912305082922,0.7865522761442378,0.5682133420591928,0.9138968458095067,0.138888494139549,0.609458478312598,0.7361790757636317,0.6154510556788512,0.7746173130162844,0.5767391020340471,0.5196791903272981,0.3881590303359882,0.40623785841647364,0.9566988100927337,0.09221086178720278,0.017047778021596086,0.48481714747076965,0.10631827767586241,0.48661696614601696,0.26438038398156466,0.5454417870333869,0.48774147562346376,0.7484425615751418,0.12642245882458872,0.22274787826013834,0.5020010657365777,0.47683392702293304,0.6106956539999753,0.5209821990307678,0.010910374470405715,0.20001257493488592,0.27719090067929786,0.5294895891987736,0.0733781986747176,0.36107715070894575,0.27779473840986646,1.0,0.557112536171544,0.7380379838145144,0.6400308623999464,0.5387087178614531,0.9995588612344246,0.5006744654503799,0.4239214565262276,0.5223532731521707,0.7978319667555727,0.1374574375198298,0.43993779904152824,0.5355480301351602,0.270611792433857,0.4852646835941958,0.5480152149913845,0.4561129943160675,0.4373517672555009,0.1758782243631448,0.6589539275912978,0.8034123531814841,0.30928451591419964,0.5582662094453872,0.3870340729551265,0.023110103343914414,0.4972287873155786,0.5533216097448682,0.6149288563119348,0.8999900966635119,0.8012268239497282,0.5502397831286633,0.5920000815068363,0.06011584832269192,0.8938985126446676,0.9241082674156436,0.4083877697680414,0.9310345277442917,0.006751186634416387,0.3946003522524373,0.3188137069893604,0.33739934025182716,0.32368716677121173,0.6192543067549421,0.6325125138344736,0.2086452804549527,0.021797197639350466,0.4333382698850614,0.06943971398337909,0.6708245950248208,0.4140214421633215,0.47895354275229773,0.09941443637595387,0.5173324634485286,0.45253440064882466,0.8386158535197399,0.48132425922257016,0.8798548978014167,0.9076323041943479,0.4426789328999102,0.7822278927223709,0.4214768618093687,0.6065552433847391,0.928854695880799,0.15813227808493655,0.24234239291195683,0.7751979584179511,0.8706051018248843,0.3713439912414197,0.9419761195294856,0.8438741419480701,0.5487413486946928,0.38405392949307576,0.9513647898642026,0.1529352242567574,0.43703275933158386,0.25366273055371147,0.2055490362348026,0.06526309867419526,0.050007970114010175,0.3099454173447172,0.024405426797049476,0.7181336883570483,0.41813602767710056,0.0170539346673929,0.18214864463874086,0.7867269352308177,0.9373760290742956,0.44929432456458757,0.01934292027748727,0.05743348637532177,0.1798354592541047,0.7430234674526369,0.2531601273148889,0.26285693461507453,0.27611308970439397,0.7916279125694705,0.2531601273148889,0.7721027452889642,0.42752795416413386,0.9177812247120148,0.7663177421696892,0.23143659811079728,0.40072902344740585,0.7805103309146753,0.7938309558550156,0.2007870228499078,0.9375289449366923,0.27569393830359695,0.011774034379023995,0.9261536280187055,0.937960960229496,0.00916957266249967,0.6549869210385687,0.2462879953857799,0.44041802668363017,0.8849381491538948,0.26265485307041697,0.25434931708155717,0.23889758469415268,0.013833172940757473,0.9390327260257916,0.17441244039310977,0.7812821033178543,0.9430100541481174,0.8031467761158648,0.9477300138460372,0.9481351266863973,0.2120640688225054,0.5491443758828403,0.6282214008477305,0.021710862106872474,0.9366335328880633,0.0029347597046309316,0.10628373140962945,0.4999248480201839,0.507444355855323,0.21564868675226534,0.9197479060210672,0.9377809084604967,0.4347630135632806,0.1572525060038356,0.5161644941919165,0.15799028041755758,0.6946281764054352,0.5328563164839754,0.1103316628961307,0.2497933199455027,0.07697677193937788,0.09402655342233858,0.8820496361923963
lh_MTG_L_4_3_thickness,0.5637948431116793,0.6395429491782653,0.6781472254209009,0.9311221522756243,0.5239660854692305,0.45585700457004585,0.19687494196357386,0.6414238715490258,0.0006669150093704875,0.3771794809174414,0.7151976402627807,0.4811692244181589,0.4726770659383575,0.19565851495514422,0.07701429919438238,0.5965588456356139,0.1362955898333429,0.6184987756154857,0.5413392466464572,0.17329443997383306,0.8051221288640895,0.5585884736013954,0.45070236514666173,0.7074241612013814,0.9926646316418977,0.4481095569962886,0.8369373112612786,0.5231374111169432,0.17563621867940887,0.964436269011818,0.47835008129356665,0.3547138755553442,0.8385844726890688,0.30390860242034745,0.12065823842816105,0.7426847112480526,0.46066495993228074,0.5176084975191672,0.835186773032579,0.6864670938739453,0.557112536171544,1.0,0.7349569206276088,0.9351953426594988,0.25263793857387157,0.5590581446379193,0.9130223440238672,0.7442894448449076,0.5556623705194037,0.7784219966977122,0.5880091187798989,0.15487824223420962,0.98616295713763,0.595439234066648,0.18937688497906213,0.28538623698120724,0.7211419452082506,0.023518790620048663,0.4494557660886564,0.9124356712428578,0.5494709069430899,0.7607563834612758,0.9783007261558474,0.8542660141935943,0.33294851027306466,0.20389244410271196,0.9994196678177052,0.6212955876750477,0.568001840867501,0.760395486151068,0.2658438725817717,0.31265857712774964,0.488936228520479,0.4999158741391302,0.5034570367146263,0.3583311315924648,0.63597773927656,0.1714505360391968,0.8534183857465295,0.6341195245125218,0.631489823471723,0.7910929939211722,0.3424476486205833,0.37813645631215625,0.5092555068256526,0.44841685757392796,0.7530136126733394,0.5037276140253673,0.8233620424667905,0.8801911623096195,0.9367149443222107,0.42137912970105673,0.9289956899808862,0.8632827319963744,0.45585920671821295,0.6075953990948784,0.7042041715646179,0.6716753006464771,0.7511231386003132,0.7691848109707918,0.09184728968722863,0.2331769555214342,0.6279573005303255,0.014968999117095623,0.03205807595118534,0.7471620549011586,0.7099629339074541,0.06950012996450908,0.5155835937636399,0.35908662129819546,0.7597838219405826,0.073894633389066,0.5881054104461865,0.6133913233126523,0.6115271311480828,0.5283994104750123,0.672590605643278,0.0026271946702228622,0.4690559760115773,0.7786080763335788,0.004458932733171345,0.8270724605146953,0.8033651878117768,6.521310694465272e-05,0.646569961079446,0.7721413782711493,0.6451986777297553,0.769688574114628,0.3149355249304219,0.0018838995944875797,0.6365531045657218,0.7300010657103657,0.7242191894193989,0.7345306005423606,0.7485186385396688,0.3177336316878048,0.7242191894193989,0.7620226809828563,0.7479290663999467,0.589674017665905,0.29315408693339196,0.7008722256361632,0.7206576770122413,0.7907592610740579,0.7763820850304302,0.6601961449323974,0.6456873472430256,0.7429199935947693,0.3050589371118679,0.6004813760230063,0.6474684141251534,0.30156913090583326,0.2123096460245967,0.5147135998849843,0.7389923542215178,0.5727780460538265,0.7135251112024453,0.7185932366889228,0.7019685719993087,0.32094785901978945,0.6186890597470388,0.6384355946255051,0.7685429081865502,0.6251961272547777,0.7803982907981402,0.6355237433146212,0.6389792198065369,0.6605194450931652,0.11619552197502882,0.18737832401210208,0.00283788579324123,0.6150588558830661,0.16623283035024222,0.5535522805805697,0.8188311293146152,0.8046887147889452,0.6766199070788759,0.5921670644236985,0.6466127011998772,0.7552014977176005,0.6096495893631206,0.8333734874487263,0.6116639596236882,0.854617774393333,0.9830857856220598,0.5676820491076471,0.5845585747071316,0.5091769537141349,0.500904937185404,0.49172688429508016
lh_MTG_L_4_4_thickness,0.8430853351973928,0.7965677054393996,0.9447758415909808,0.8737271929307294,0.8739292309199082,0.41085852187891914,0.1863806175357967,0.9342258696335037,0.017803937010870925,0.2784332760733786,0.9991592126469554,0.8848904456680694,0.4276222448681884,0.5772174117411963,0.34708025713905505,0.8129190754657616,0.3125257409467317,0.8851055597721622,0.3806693033243115,0.07548426150692922,0.5448281015999086,0.4126019877951033,0.5050231700709784,0.5391436231010154,0.77369067001572,0.3324761853293707,0.9150274547711844,0.17372762381719478,0.08546547602518743,0.779993411411939,0.8261630097725294,0.7797546783695427,0.9145110420574211,0.08364016400428732,0.05660545183676041,0.668956338843145,0.590469909344825,0.33041779150288897,0.7313140721336194,0.3722685811171683,0.7380379838145144,0.7349569206276088,1.0,0.9008326081102134,0.6538646940936237,0.7477270501911455,0.5669017103447118,0.8566426992023567,0.890196247775014,0.9715767534094546,0.4764963244903492,0.458173744655546,0.7812965976653476,0.47979406943429526,0.5503279515072226,0.6949277636318699,0.3573609112187232,0.15404313559256813,0.12451515852385356,0.8337444531386291,0.933965956201118,0.5823972777301654,0.6771255932202369,0.7580738127904092,0.1249925927638269,0.576544871744492,0.7428405558299722,0.9542344899332676,0.7406489769078695,0.8840876613845319,0.6726356488990577,0.7333697011969429,0.2624009220671931,0.6441696153022496,0.5526898092401087,0.2284982973426439,0.9177781038134245,0.04442043736260685,0.6412978918395856,0.7517017378252551,0.7714913351385231,0.7122937901945923,0.7678836801616649,0.8047340386844584,0.5809055942769445,0.15900083772296975,0.8640135056801416,0.3100759779365559,0.7919287945794337,0.7726980027322625,0.6663735290354774,0.28160479583845005,0.5587001336159306,0.6089249538079324,0.6499531936298768,0.8856897727863717,0.9453721269618094,0.8787455123435715,0.8723887618152382,0.9878204774922092,0.1102955217093123,0.21093896761294378,0.8250787908931316,0.02185217917639543,0.043270912642700485,0.995779049815849,0.9536007393070578,0.0886184014593771,0.6706745776008165,0.4514252306192331,0.945885277300238,0.09395745800913748,0.7763278951925489,0.49989710655527575,0.5159389734616094,0.17302724205668088,0.5778063703511915,0.005653810682635908,0.23458588934461777,0.6984205758187163,0.0019438254177706758,0.9803375354340931,0.37613592479495095,0.0008221497411024664,0.5452472312997114,0.984361770688871,0.8642402087310466,0.8754477698930521,0.11054774025000816,0.004669188500663966,0.5470803941352387,0.9999323440949844,0.6355233635362334,0.6460297355191279,0.6597582864733189,0.44986327914675467,0.6355233635362334,0.9934769623352881,0.8594668060063981,0.7696885741146278,0.431772286141586,0.6105010624993084,0.8372880369369218,0.9756943012504039,0.977113636762619,0.5772681559807133,0.865749415481035,0.6655300376678535,0.0866552565610048,0.7858195114691443,0.871688575793282,0.0772877187780085,0.24997443039069234,0.1655889487265457,0.8716182637780546,0.7434358054518577,0.5449522415406125,0.6442071132408175,0.6262990530831001,0.09694195295262803,0.8171409041356748,0.5333079709468029,0.9884623802764507,0.8304796269232066,0.961159973118433,0.8571828938367736,0.8702226791515284,0.49469535854268754,0.19354963750091664,0.23402355916416345,0.0014878717204903837,0.8103205851320334,0.02924643665842451,0.3596427417937076,0.9053316506186599,0.9143342682553997,0.5972594558763415,0.7732918213892765,0.8687388137577015,0.8649816358876394,0.43598704227816265,0.9128292361910663,0.5124684023656352,0.8399735147982126,0.7866747577196818,0.37704679371737093,0.4659073787227313,0.29741375457876784,0.31037328286410076,0.6474176805074809
lh_ITG_L_5_1_thickness,0.7224750823618292,0.7648735141590198,0.8304879015832161,0.992317204684189,0.702666744467964,0.44819427546897944,0.19054607963524448,0.791791986232887,0.0036051670715611986,0.35191186083557713,0.8849045909441118,0.6660390532633893,0.4656778811958061,0.3309822518548101,0.16181664172856042,0.732136754095724,0.17521055651196185,0.7512827624050196,0.4904511832818913,0.08838386574086969,0.6653620471243465,0.510957095029901,0.4714003674520181,0.5929030196910856,0.9450970738748223,0.42362134573246873,0.9544441853692647,0.3620418362742396,0.1494351611924511,0.9194052986452129,0.6549869210385687,0.5275161702910935,0.9278652766861502,0.16461480516259225,0.10055197441302036,0.7237041176760539,0.5812092536345721,0.461256196754642,0.8051471317868916,0.597386330465624,0.6400308623999464,0.9351953426594988,0.9008326081102134,1.0,0.4138982827678105,0.6441696153022496,0.8221927097412296,0.8387803512457052,0.73155098312197,0.927313149286352,0.5558007330743908,0.29847761997952327,0.9420406774637115,0.4855966716895632,0.34078126842340295,0.4525544182770722,0.551084296083875,0.06006055101073275,0.28136375124497853,0.969075153452104,0.7196926140919133,0.6483649932982756,0.9093311257300454,0.8339298708668703,0.1946866313261272,0.3579599079679316,0.9362761347040974,0.7995647119869036,0.679596341870478,0.8896153247269034,0.42867443946651784,0.47996935351673853,0.3578805644173221,0.5492192989596911,0.5273546261616805,0.32626261876004614,0.7802812919287653,0.07736247737050661,0.7408620906185567,0.7259260714044189,0.7339956818940626,0.7725237152253004,0.5117975515475985,0.5520957150455064,0.5875590631892418,0.3090503737683504,0.8477137865080772,0.45433405121869674,0.903029596145986,0.8581100143369671,0.8189283664111571,0.2992329937344713,0.7736650178781272,0.7290182356710035,0.5160889409604559,0.767553049009987,0.8554011835755746,0.8076105450704989,0.8510999765821081,0.9244394695143683,0.09207868457512465,0.22437235809378758,0.7518507596694418,0.014272043672284886,0.0312595504123283,0.9091003923938711,0.8631709848160164,0.06989068808691362,0.6018179545341746,0.4019100254061411,0.8941403324557515,0.07453738745044028,0.6981969178837211,0.5739318968884376,0.5379540135175186,0.3529177776456256,0.6389772739928609,0.002559902213173146,0.3333542472669976,0.7576401227247739,0.003276627777326368,0.9643090361158481,0.6270291557518046,0.00012823867786939983,0.6106956539999757,0.9258293396254943,0.7760157776136845,0.8635676268660084,0.17864035169583098,0.0018944067876296802,0.6105747461169383,0.8968537955813156,0.6937064179820781,0.7044227905263869,0.7188464509158514,0.3781364563121563,0.6937064179820781,0.920337468033585,0.8423631155238842,0.7042398538760102,0.35471387555534417,0.6691801692099555,0.815279530006545,0.938023993675193,0.9272050870843656,0.636213490642295,0.7768053905929437,0.7213145129712201,0.16610376589672915,0.7169931962147068,0.77980202335646,0.16156061827516807,0.22290644986675928,0.3410252018221564,0.8436151639518167,0.6870901058916785,0.6016874926177203,0.6984553836622082,0.6809717955775368,0.17958005746558717,0.7396283837329267,0.6008286501923956,0.9241082674156436,0.7483066355094661,0.9260538758820187,0.76358580582702,0.7698099376261884,0.5474245013281066,0.1366301569239768,0.20001257493488606,0.002085251387658632,0.7349569206276081,0.07043738599412531,0.43551811114770655,0.9099388617253545,0.906284850422473,0.6539547802854846,0.7071488485774217,0.7783362315955269,0.8494915859156478,0.4968390305378587,0.9235167465773002,0.5828665922186897,0.9402981716377281,0.9425734689037526,0.45723963745868745,0.47243634935662737,0.3815904640305968,0.3703188169279194,0.5435757877196302
lh_ITG_L_5_2_thickness,0.8366835121877741,0.5230269627133376,0.6277595691328623,0.38731671052570565,0.8716182637780544,0.22542781965343991,0.2126451698174536,0.6544879749189374,0.0588369056776122,0.11932636873462045,0.6746145439044047,0.892810205170457,0.21487262440328478,0.9821639287343218,0.8321205750660261,0.8012887918484914,0.6629281149523489,0.6269002701608138,0.5832577339984499,0.37589871648331924,0.166940410186271,0.6141130664785495,0.24203367078257526,0.44907308233781196,0.2963777237072377,0.049055194073809046,0.474891091933221,0.05384132077777506,0.007675441386532446,0.3424476486205833,0.9046543857897978,0.9628233668169415,0.5632750593498843,0.2916127391251692,0.019809020275957014,0.5859650853258411,0.4453218019640326,0.48928988609686647,0.4928405590083425,0.14519864227934237,0.5387087178614531,0.25263793857387157,0.6538646940936237,0.4138982827678105,1.0,0.5459351980945674,0.17296778105533853,0.6597582864733185,0.8464270206916433,0.5686962233204743,0.6482541186566255,0.6616532790489831,0.311995960325073,0.4003828312533043,0.9554224893007348,0.9965553756545031,0.051890321216125676,0.2947258139142008,0.019959025002375713,0.3650263543143957,0.7856443610020727,0.41313566824135395,0.21606833316072366,0.4837939106656678,0.4024605032581235,0.977113636762619,0.26122285126631595,0.7840389618594817,0.5355951513473532,0.5027441971530567,0.9989113633526662,0.9820898632677747,0.5196108394525166,0.4628049945243778,0.3675675739983731,0.024035779218273885,0.6424699964440951,0.26702851423359614,0.3374771973958891,0.7483066355094663,0.7569816768405059,0.544584963474247,0.9644362690118181,0.9462981821488992,0.7665172342838463,0.2140640342409345,0.6517150505753735,0.35332409554064703,0.3866560043601206,0.45657458712083065,0.2546842257502776,0.5177485768905045,0.13771259767243468,0.24166960820366643,0.5285721276405033,0.8018823973041365,0.6037384836817486,0.5705170026074203,0.6555305872578654,0.5959439393086005,0.18080947011695456,0.21451922488030817,0.5610687815587312,0.05886820745146831,0.09696771249264462,0.6270412158724173,0.6068421396649555,0.15958143654855014,0.5179031682088766,0.4262801274045115,0.6545156643679981,0.16601604877124831,0.5526229718304515,0.6415740863041245,0.21111553659395318,0.024044963421339122,0.6228756732729352,0.021215503483774135,0.4966922526869257,0.5534739951290621,0.0048755323848025355,0.5509846743922765,0.07422166770635319,0.004502743672045339,0.6345637158064379,0.5888440774886594,0.5812782556081278,0.635523363536233,0.3798627967347808,0.018374025642384606,0.6484956036533724,0.6575259228587023,0.589674017665905,0.5818964444673319,0.5708689469752095,0.4559154822144113,0.589674017665905,0.6106956539999755,0.6563597122583109,0.5441844434657396,0.4542257805183656,0.6060116919962382,0.6812018550267118,0.564461223304126,0.5765448717444921,0.6393722517535914,0.5822164787618017,0.5833209780491486,0.3042896299196693,0.5496953608085481,0.586047007908163,0.26129341959445984,0.2987697860873127,0.02259295214905169,0.6686447582450779,0.5331391312093097,0.4567277345206866,0.6040293289596368,0.6155686703729769,0.3245572383618015,0.5623170211182917,0.6363119247041029,0.5973863304656237,0.5686537514301745,0.556250435583049,0.5836973645505041,0.5925626363630083,0.49989460281661335,0.2957021278866505,0.29771111131381817,0.00472280850459905,0.5593201685946484,0.1738768096773319,0.5601283245167963,0.5850866329074339,0.602719906684045,0.631046029711883,0.5453651730253306,0.5841161770047204,0.6494942448173715,0.5448824132414661,0.5692131624380941,0.65244286317982,0.4037315434648481,0.32029985210694556,0.5695607221444232,0.42155889751897635,0.541523882295867,0.5384370982736576,0.47613586826681753
lh_ITG_L_5_3_thickness,0.4510271069042531,0.8364982189104937,0.9008134729657826,0.6583046312266521,0.5312616460102145,0.7794117917466012,0.5564799579094452,0.9198677787396617,0.1388768465390888,0.5982781140237585,0.7464660895803592,0.6277047927877446,0.7692038724417206,0.5837442126267908,0.5223888773723074,0.39918491651822985,0.41441682806110824,0.9604799815106195,0.09547932282322158,0.018924602461876175,0.4902305880453335,0.11069300739170848,0.49653751822734526,0.2768085886361303,0.5507419712085354,0.4803975530383977,0.7476237464166454,0.11863709399899859,0.21137171606404223,0.5109450854067461,0.48743448321476474,0.6214413148132183,0.532936465865655,0.011774034379024023,0.1906090978466894,0.28896131618122023,0.5178705917220028,0.07493058823460279,0.37381517196039415,0.2661370716413397,0.9995588612344246,0.5590581446379193,0.7477270501911455,0.6441696153022496,0.5459351980945674,1.0,0.4910644652609918,0.4365756798563314,0.5344616860951659,0.8017327526457427,0.14354445632446575,0.440212875467192,0.5420608043816487,0.28322578777786717,0.4889593326282045,0.5562504355830492,0.44725631011651334,0.4362348534590687,0.16552613380051043,0.655776637381212,0.8154445879340757,0.32202080555782264,0.554127456543084,0.3996932658327005,0.025167492298508218,0.5018301719923606,0.5562548735846297,0.6276568095010799,0.8911334124639577,0.7972068401001757,0.5580813192462994,0.60172757167699,0.06422734652126164,0.9008326081102134,0.9212974955417684,0.3966924591237068,0.9359916301038218,0.007525448251686674,0.40642983958778683,0.32936521063491137,0.3481926574103916,0.33621797023203126,0.6299519497767925,0.6438886760305698,0.2137676161365057,0.02204826082189267,0.4460428020911805,0.06986766656964785,0.662888798860316,0.42638114527281273,0.4869852023343666,0.10686370073686619,0.5161367677586566,0.46156486260970786,0.8491393464945265,0.4935218659823337,0.8826656696752917,0.9054382591378626,0.4553975776081668,0.7884175152804519,0.4138037294328177,0.5941498062381511,0.9243623320406522,0.1561538168544395,0.2387277718044268,0.783037081906027,0.8740250557845812,0.36499145805503036,0.9331194353299314,0.8313673981764572,0.561179166012701,0.37743187992368854,0.9458386639794769,0.1602729400000058,0.4463171222548604,0.2414089934448179,0.21532986855644212,0.06481258460580017,0.05346591431546875,0.32232735533936685,0.023667032551520917,0.7247528361553481,0.4067372231054821,0.017039506519652293,0.19094461893124454,0.7923651640940828,0.9358046143600687,0.4620344029509864,0.021098374984080896,0.0570983464023297,0.18823933066600373,0.752712533829268,0.26449409222762343,0.274436733577751,0.28799118979446925,0.778931737513699,0.26449409222762343,0.7793453223398554,0.4402048449586344,0.9104373021269487,0.7538257005820701,0.2421342411326476,0.4131572281019715,0.7850026947548222,0.7984402507411272,0.21013590794609904,0.9360826183411226,0.2874643538055194,0.012735516708026088,0.9197479060210672,0.9370164117093638,0.009829679292627624,0.6431088209484934,0.23414919541698243,0.4531049857852215,0.8757375090327699,0.27503679106506657,0.2655539018732728,0.24964324550739558,0.014950086737189627,0.9346577709293626,0.18287247372744123,0.7875801046278704,0.9395901001884206,0.805834754126526,0.9464089314169861,0.9479460331609411,0.2234402310186015,0.5407405044709412,0.6169732330581258,0.02121212818698606,0.9317918568819702,0.003235850375104823,0.11323375769553734,0.5122845511296752,0.5198571593280548,0.22558826115980135,0.9126074216234306,0.9365852127706247,0.4474750377479828,0.16671041899072278,0.5282341488898782,0.1652723366927648,0.6895561728273558,0.5397904119495212,0.11728168918203859,0.2621752579401523,0.08229575214108877,0.1007574165941098,0.8899536194246853
lh_ITG_L_5_4_thickness,0.42497502147569366,0.7026228803146182,0.5637981991118922,0.8615043129137481,0.3763820667390471,0.4987423254660557,0.37774723230519164,0.5082909667044696,0.001148644343067092,0.4968002285708876,0.5426439066209473,0.3234811363875278,0.48769328536297357,0.11881676803968759,0.050307523101174034,0.4622838413707788,0.04411971640271037,0.5096018253918138,0.5085873165501511,0.15532056733392807,0.6779470695628729,0.5134530278731106,0.28085212626653683,0.5454421134441398,0.8667184222500737,0.49441327860694373,0.7855424621855136,0.6656684945420038,0.35481066140782075,0.802543928551172,0.35103325768356725,0.22506243158094086,0.6572332036939186,0.2960380690205941,0.2826402861854025,0.5951006925178691,0.6410738806018845,0.5029385570950338,0.6592812821089263,0.867042083430194,0.5006744654503799,0.9130223440238672,0.5669017103447118,0.8221927097412296,0.17296778105533853,0.4910644652609918,1.0,0.5752170964492564,0.40121686639975496,0.6681455180870708,0.5226162297496464,0.15250859587422466,0.8473908019323267,0.4278913793986394,0.15191883277111834,0.1924533885465346,0.7939865080427675,0.05238423243137229,0.620906367199977,0.8938985126446678,0.36797003064466366,0.5867373169204421,0.9738791045352229,0.6750915714651824,0.31311105668095607,0.15615256725155519,0.9004751955700818,0.4443750763426384,0.6408464037020181,0.7542058635929872,0.17816393196958044,0.198721294180758,0.4467967728848109,0.35686832684947895,0.4796534553340119,0.4902976193316116,0.5137909597597564,0.16443756930494877,0.6723903420310116,0.5075836490131831,0.5010632323031533,0.6262387326756832,0.2135729456508903,0.23782299498483797,0.4554419253740976,0.4462624672418204,0.5815630115620186,0.4999667821772003,0.8798001131879549,0.6987120041740998,0.7830280150429416,0.3388340450961641,0.8826919683702315,0.7006481532726133,0.2816632895051554,0.4511878235598765,0.6067222242174126,0.6391464726567507,0.5787807500024041,0.6337573978872935,0.23290310895776897,0.41407065318778624,0.6288417173942425,0.06218014986779816,0.11030805483333064,0.5952853976161445,0.6052689407575756,0.19211491912329826,0.588428156598157,0.5153838447011053,0.5785540058543888,0.2004305088884048,0.6048829763199317,0.5322893545072593,0.4467519145076852,0.7099002867734385,0.5578637191213196,0.015644346120426096,0.43422176591326805,0.6178217260462314,0.024574745772000698,0.6872115704279739,0.9280703360240344,0.000650953091245251,0.5459648337083949,0.6425456286308582,0.6040293289596368,0.5945089750006762,0.29820449678457467,0.011897458323863838,0.5413373175281316,0.5619458554274688,0.5846510956530186,0.5905375652498408,0.5988282066980345,0.49386665938882457,0.5846510956530186,0.6159092037269202,0.5778804692325314,0.63597773927656,0.47337578799133473,0.5719975226664702,0.5586756292549998,0.6737513831041475,0.6580619702717192,0.5517764829242944,0.6028020263470161,0.5953359748645859,0.29624271836692184,0.6312712139018224,0.5977655133513802,0.29564122816357785,0.3936347094461505,0.6963580036167447,0.568467994534597,0.6519852654570659,0.5527387609150979,0.5812782556081278,0.5723171280249054,0.31061439379672606,0.6178046428831222,0.5424550162156733,0.6319875667182635,0.610179907830162,0.6843886631956114,0.590926906428215,0.5792078836604926,0.5202059837658469,0.2665794009193676,0.36578675578442027,0.017079283355579192,0.6212484784411473,0.1636288941465175,0.4774100753486176,0.6373519711790956,0.6233636513673915,0.5595239190807643,0.6350523853197083,0.6003089795892226,0.5833006406240326,0.4996559630955713,0.6518173722770778,0.5312793303666167,0.864341271272394,0.8400382383324085,0.4915398438756951,0.4237722244197842,0.453038546059731,0.4275295687726394,0.3392375684017469
lh_ITG_L_5_5_thickness,0.9491440011941163,0.5143287111748112,0.6710700652885864,0.786014120208556,0.9164366821434151,0.19739434769937844,0.05759680467496832,0.6611345036597098,0.0035781176704646517,0.11652763371532188,0.8597256229593806,0.8599053508872669,0.21845151215048406,0.5751595801333736,0.3234980450107536,0.9642224166791951,0.4256263989387543,0.584750103868349,0.6692149025625568,0.21925282021935197,0.524771363462186,0.7170367858703967,0.434312720357244,0.7761036540984678,0.8025598297876693,0.1726945281940768,0.7349671239494479,0.2986316361046427,0.025763284746949187,0.8541741044761318,0.8938985126446678,0.7643255994255715,0.9744140231835207,0.24477302127074618,0.014545003295755336,0.937474055351505,0.4513766840225545,0.5778804692325314,0.9358046143600687,0.4665173759871417,0.4239214565262276,0.7442894448449076,0.8566426992023567,0.8387803512457052,0.6597582864733185,0.4365756798563314,0.5752170964492564,1.0,0.9325073646488373,0.7625359482441463,0.7905342681354968,0.33495853096396644,0.8216342252787929,0.6521293302262333,0.5310066617449363,0.703099221261281,0.3015520926091281,0.055064532644342225,0.17923834271766131,0.7322657243176258,0.7709447472238712,0.7889556769604357,0.6672993079488331,0.9416481149469007,0.3328770326683729,0.568716890745238,0.7579030984483497,0.9241082674156434,0.430064138395731,0.6481693220528661,0.6779829527296932,0.7275555314915377,0.5581574903013866,0.4372270485626184,0.2928204349926605,0.09786365447047157,0.6319875667182626,0.1519195891279756,0.7803212132331798,0.965499989467643,0.9700659438678327,0.9475950491916072,0.7493269155400826,0.776805390592944,0.8080043793588751,0.34323100606700563,0.9997742039449589,0.504117306002114,0.652131873234126,0.9325329233004835,0.7309454104670774,0.5465518886019345,0.5509911568020032,0.6661018791260689,0.4990939190040461,0.9643090361158481,0.675402169900263,0.5772535193281374,0.9993937017926102,0.7978455233997435,0.030065646396588534,0.06806156560809315,0.5081757098397988,0.004205064938973109,0.009558020300091254,0.8166651235118213,0.6914668709395801,0.023015993696081784,0.35228575105942767,0.1939409767759861,0.9753797176385846,0.024754132667023067,0.45061073990892175,0.8205498476043666,0.4820191057198251,0.20303919275684074,0.8862036430381828,0.0008609582426331164,0.5173696484545368,0.9439745136992481,0.0002337495513261497,0.845988921357137,0.3943132565791344,9.394965453735845e-05,0.8616224715383676,0.7891723731480839,0.5503168969505494,0.9982377788053736,0.30435432813943347,0.0006912711002222512,0.8614088924435241,0.8526638866734589,0.919405298645213,0.9238998519462035,0.9289666217708769,0.2025499483319782,0.919405298645213,0.8147722626042968,0.9999639740747848,0.4533130363376183,0.194106645962706,0.9067095332024396,0.9984801644139272,0.7822551309568117,0.7732830887143515,0.885803613287685,0.5520957150455059,0.9350844506466711,0.25211073701399433,0.4671895245682859,0.5592403279305391,0.22855565021064295,0.08576855513900444,0.19541694320964886,0.9993840266701975,0.438544456220393,0.7880218835921945,0.9270067974157581,0.9177812247120148,0.2743567888446602,0.49648207643126646,0.8517263731042556,0.7995647119869032,0.5100765558915075,0.74444562457247,0.5398844788611858,0.556039999950737,0.7721341768755442,0.06516039245424937,0.0793807661247481,0.00017116329002648357,0.48980919338589196,0.10933522287140168,0.6792408080119017,0.984361770688871,0.9852598849412078,0.8999900966635119,0.45634892080782063,0.5556623705194029,0.999675860103799,0.7459478586763453,0.9771129601582491,0.8291126293775746,0.6942628552597008,0.8305812185066799,0.7009623343228826,0.6587707403311016,0.6053238436143145,0.6120912431226546,0.4526280381111846
lh_FuG_L_3_1_thickness,0.9897481559412389,0.6010385102329925,0.757584393382012,0.6852792883506759,0.9985652115117012,0.2088661146148903,0.10536773704023786,0.760181749599252,0.015776419924091917,0.11274291558133137,0.9021158272126422,0.9799504321322006,0.2204453504198337,0.7676828430434712,0.4964291426254402,0.9706796623261851,0.5044524983428673,0.6904876759165846,0.5700798325508716,0.21585530418928184,0.38149846210661464,0.6190680899388574,0.4000715929117149,0.6379790990912306,0.6172700162033834,0.13786841728822627,0.7166056877916395,0.1541504481429232,0.01829771889661234,0.6703528088891398,0.9872855588439111,0.9278008392740997,0.8849381491538945,0.18092402486576975,0.012912015031351991,0.8081562989997675,0.5183328491104562,0.4703420174386497,0.7798020233564604,0.31432853620393336,0.5223532731521707,0.5556623705194037,0.890196247775014,0.73155098312197,0.8464270206916433,0.5344616860951659,0.40121686639975496,0.9325073646488373,1.0,0.7892757938817148,0.6945031780789823,0.4938358059391543,0.637210362951363,0.5560130983035567,0.7226138280518126,0.8823698536170214,0.17729826909196134,0.1417117302447711,0.07735158787388419,0.6393833459560379,0.8874565318004924,0.6370771993909146,0.48743448321476446,0.7849736797224269,0.27539374174242665,0.7607354619933926,0.5687869587844085,0.9823284564843813,0.5442940003360608,0.6796971128271816,0.8622468140596391,0.9017631983950878,0.46207654710739016,0.4803557742301252,0.3375898991402443,0.07444287364943737,0.7335335716997772,0.13289402448305418,0.6062565331075539,0.9252669152025512,0.9384583200412652,0.8061482566458418,0.9164366821434151,0.9345152745317471,0.7911400155496497,0.213104571919269,0.9304343721235204,0.38451680990980486,0.6075700173120092,0.769904432942158,0.5396822547679887,0.4899242543857737,0.3660561135568621,0.4959092837879043,0.5495750726197024,0.9940074469236453,0.7502833636192863,0.666460388801922,0.9346479365988907,0.8256280911242315,0.07443005444450092,0.11315406077487074,0.6117462722629781,0.01613466609280232,0.031065054082166785,0.8532505275532641,0.7627281802384158,0.061680689297469816,0.4716053241440979,0.3047059540123297,0.9421276385159854,0.06525233114487622,0.5632242794463831,0.7168098309038746,0.40063771948512383,0.09370656536957665,0.7700448446835302,0.004464332520725851,0.423639693369373,0.8047269673534319,0.0008261377599631302,0.8274747883869753,0.22765957904388284,0.0006894442612917129,0.7513126728489119,0.8165615307126048,0.650517353615699,0.9245916666744476,0.24997750181402625,0.0037393639074114722,0.7571547635212532,0.8897486772858714,0.7907592610740579,0.7926930973095946,0.7942743885595942,0.33080458988776945,0.7907592610740579,0.8436151639518167,0.9315820106919857,0.564461223304126,0.3243751194842982,0.7838030342570176,0.936809749027149,0.7989036672302281,0.8001887880931804,0.7763286646388506,0.6521883379669804,0.8047269673534319,0.18966416470497718,0.5766908829129579,0.6589251951979964,0.16133393462173679,0.16305704608314112,0.08915121806836948,0.9411594454336304,0.5503279515072226,0.6477149492744629,0.8035833613602299,0.7984402507411272,0.20877697549497004,0.6029756653250473,0.7428208729718067,0.8274368275790649,0.6153915132422494,0.7711761529701926,0.6431088209484934,0.6584242960648247,0.6450250452895133,0.14830946315199103,0.15837974770433277,0.0007664472893725614,0.596931934624731,0.07999128992717744,0.5747794000777542,0.8992650214751304,0.911529438076852,0.7867269352308177,0.567124596087401,0.6555463427990958,0.9295239959335055,0.630403242447079,0.8890667831682868,0.7296238299858575,0.6448626186561226,0.64752481106943,0.592846701900028,0.5640472977790288,0.5086889853364014,0.5238169773454427,0.49651902732796355
lh_FuG_L_3_2_thickness,0.7403345990550361,0.8945911042690186,0.9702807637259556,0.9268831337831057,0.7717110716184906,0.5049652728371296,0.25791794786477007,0.9448295456185547,0.01782683835076183,0.3811494894601376,0.9630936015322002,0.7849202017221601,0.5146462594414585,0.4936477103666888,0.3047221451817302,0.7103021187118737,0.2210839102864217,0.9144956905313677,0.3317592310066502,0.04376921515378534,0.5604448908811565,0.35187288916329595,0.4737087095982248,0.4408479403856114,0.7903055074183969,0.4273190774545213,0.9772122348502943,0.2118465295614274,0.1529583236038644,0.760395486151068,0.724219189419399,0.6775252778087796,0.8523262619783112,0.06682218594953902,0.10636268078121888,0.5667381795417274,0.6606634076756797,0.3031931668047983,0.6442900575603494,0.4429106283916223,0.7978319667555727,0.7784219966977122,0.9715767534094546,0.927313149286352,0.5686962233204743,0.8017327526457427,0.6681455180870708,0.7625359482441463,0.7892757938817148,1.0,0.4000966552941267,0.45179437190653465,0.7868588359653613,0.3845956144725186,0.49669352195809285,0.6031475772005868,0.45689389655477036,0.1576470920894981,0.18211543596982122,0.9096818017661521,0.8702187202210121,0.49293340531173385,0.758073812790409,0.6771255932202374,0.0908693205651814,0.5135656894267342,0.7789061669447273,0.8687718141230307,0.8401819622439166,0.9644362690118181,0.5833006406240324,0.6341195245125217,0.20435565160857833,0.6456873472430258,0.6266244080912582,0.33063918332060976,0.9373760290742954,0.029067140811751012,0.5815039088985275,0.6498663613980569,0.6691801692099555,0.6154426212294211,0.665742794183699,0.7019968531936825,0.5129617852886678,0.15310373559334237,0.7718928227598901,0.3007653928590459,0.8887799635446049,0.7015352963959406,0.6567763036772549,0.19487972483109903,0.6232189685011322,0.5883367020320834,0.6106917504626249,0.7853150208446859,0.9823769581640711,0.9491974632116055,0.7811206345602645,0.9964102261750496,0.1476692715128103,0.29204050320899,0.9077791207963968,0.02885341873388398,0.0576390767970308,0.9881976963434116,0.9858724463647306,0.11771363738292813,0.7702075629368637,0.5495621722389212,0.8726328738290969,0.12467336241738222,0.8638561806998268,0.41394480329152467,0.492393312810983,0.25158878431378795,0.4783500812935667,0.006936975437313426,0.18354761620739346,0.5996051861068206,0.00418863253699076,0.9848892695409454,0.4787056294505477,0.0008510389433450231,0.4503051901075052,0.9979775699844249,0.9310345277442915,0.7874233414335049,0.08048681392343975,0.005589499807068144,0.4543083900321631,0.9715090975044391,0.5327757169063433,0.5434568946637695,0.5578461841227629,0.538098585020892,0.5327757169063433,0.9919592303945122,0.7661295264572723,0.8645314662397785,0.5145280874975968,0.5083601765213426,0.7389923542215178,0.9992399619010306,0.999675860103799,0.4796139114803526,0.93179185688197,0.5633118783664359,0.06827001054066188,0.877087638724118,0.9346577709293624,0.06385521537085773,0.32329353905106717,0.24242387610848104,0.7786782053374042,0.8438105573935437,0.44613685182871676,0.5414721383454273,0.5240696525223368,0.07613441422275818,0.8992650214751301,0.4402133339454282,0.9960437337488882,0.9077151204570995,0.9991001301599991,0.9224668190455684,0.92839221578635,0.3919581730519117,0.23590774945824144,0.3001623936799148,0.002926911500312485,0.8947021938804394,0.02235221295419788,0.2764788345050894,0.8341689442823381,0.841771280857968,0.49721901797277646,0.8673985723474869,0.933257648642903,0.7732830887143515,0.3378501006584745,0.8483104013058649,0.4269066650239991,0.9254361906084496,0.7881924896604579,0.29388288642875277,0.3670919890108356,0.2276693385407219,0.22885503152396813,0.6391606059741748
lh_FuG_L_3_3_thickness,0.7755484561964284,0.2462916323394124,0.30230085822392055,0.5208049362625642,0.6967924412123887,0.04019411036814415,0.010803460732381389,0.2895659876891907,0.0007369859530716899,0.018088821733679206,0.47927402140407094,0.6015860392378183,0.04715528684402334,0.5944562434109492,0.4965629281974674,0.8261393699529663,0.49224776606765724,0.23443429225910548,0.9660179770731723,0.5477024851381384,0.41918193881533583,0.9885525882835499,0.1866008190722844,0.7786648687811537,0.6193275451184821,0.03322077588699245,0.42363454648051385,0.4241130390861148,0.0021198824213566926,0.6675545485509101,0.7363631490942797,0.6009267339312807,0.6931694023373001,0.5941841586872678,0.0010318455146421804,0.9020766495885282,0.2921059998915835,0.8835527427362337,0.8129268093446285,0.5018849952108067,0.1374574375198298,0.5880091187798989,0.4764963244903492,0.5558007330743908,0.6482541186566255,0.14354445632446575,0.5226162297496464,0.7905342681354968,0.6945031780789823,0.4000966552941267,1.0,0.3577017387329846,0.6331494228959214,0.6284368938067875,0.6293240216703564,0.6497808915729585,0.30715239748243417,0.018378523914728953,0.2929509585396887,0.49244790318842996,0.411812911794877,0.7461618527779906,0.549057634703966,0.7934459347652721,0.7122937901945925,0.6441696153022496,0.5960736799508735,0.6027199066840445,0.1786403516958306,0.3444108881337176,0.6430719583219164,0.6144765344230736,0.9087078044763894,0.156812665261386,0.07480773742080693,0.013906323394389615,0.2679626774153613,0.4529340916492158,0.6778512071266936,0.8911334124639577,0.8743758138770633,0.856562886072846,0.5911929752751577,0.5808725361246312,0.9449302448156889,0.6222394042716168,0.7812120365466482,0.7362646371320845,0.4262921397251136,0.766317742169689,0.606979186643507,0.7860031230400852,0.48984448758383525,0.5569147881571429,0.21808424487839673,0.7357068760082568,0.3131280870473822,0.2535938404731236,0.7724462670733651,0.4240262480626792,0.006518098458235727,0.01212029543603037,0.20997527622114387,0.0007548215515381344,0.0018693600271599527,0.43560558505825697,0.3252269903147093,0.00496782244629877,0.12348241337692545,0.05781456688341258,0.6685569175806669,0.005391082540485889,0.1720616103427092,0.9947266688574877,0.31498778306398567,0.3020348944919512,0.9606250544701347,0.0001347724933739442,0.8849343173658218,0.8687453849454823,1.6155903721344842e-05,0.4894608388493721,0.4389109090458361,1.2058808162863015e-05,0.9783007261558474,0.4177433536430305,0.2271522215081947,0.7652676019725154,0.6795963418704787,0.00010676295641843373,0.98436150639018,0.47151389163395463,0.9185429268317779,0.9094039430770563,0.8967256033870542,0.07164633975631937,0.9185429268317779,0.4371855237692648,0.7869515038573177,0.1854175928104688,0.0704373859941253,0.9384476717191224,0.8134784574363991,0.41980697541317624,0.4069384304756948,0.9696100721004021,0.22793342205156758,0.9020504847096709,0.6068854404668704,0.18981455378130993,0.2311305240647608,0.5632750593498845,0.021092962726268302,0.29477351197447255,0.7750898905007324,0.18822223815513842,0.792393122568129,0.9235174231816696,0.9376324606760722,0.6388656099252842,0.2000118469023794,0.982986525468966,0.42530670228894624,0.20519226520922046,0.38933489348130834,0.21763793377963062,0.22506243158094066,0.8411995713145213,0.019000162078439256,0.02035848427373326,1.4200669856301856e-05,0.19757555793306794,0.35471387555534417,0.9358046143600687,0.7144888947813015,0.7080160395378536,0.9577583394399258,0.1863566095798514,0.22951745239394522,0.779754678369543,0.903356515212797,0.6981099808154183,0.9956593900373982,0.4399607065931394,0.6384398233877944,0.9511223335815007,0.6603726208709757,0.9215988784295235,0.8860367294144307,0.16983490957488714
lh_PhG_L_6_1_thickness,0.47277649320433834,0.48995921510451085,0.5003501436151607,0.30465876168291295,0.5112550687908056,0.16890997708833294,0.19629701809671107,0.5050555048133201,0.053409058384183514,0.08914527925115105,0.46623285717890467,0.539299114896514,0.14900219522344824,0.643934827864286,0.7325505878064169,0.43647903358375867,0.29279382188484016,0.498356871719758,0.45479052206916126,0.38666343284284,0.02596577759779989,0.4060360854898076,0.02938149120988086,0.10144320488537517,0.1653238675289193,0.004752162463786461,0.4016496521638258,0.058463513882348724,0.003911156125393672,0.16079770740461063,0.5347530791680732,0.5836973645505041,0.3131606996961539,0.47841271135423485,0.01629791549986864,0.22662947858938912,0.4515829309386465,0.5574576180426543,0.18449974536171873,0.15222096218523706,0.43993779904152824,0.15487824223420962,0.458173744655546,0.29847761997952327,0.6616532790489831,0.440212875467192,0.15250859587422466,0.33495853096396644,0.4938358059391543,0.45179437190653465,0.3577017387329846,1.0,0.1663287993751359,0.06026910292856017,0.7820177100072456,0.6371120480925587,0.018739528414108534,0.28072243382573386,0.02014510358479164,0.30991191832555365,0.5190215001206554,0.09308613861576805,0.16428087381668935,0.19089939549671295,0.3911674695207054,0.7444633310773894,0.15435930790736124,0.47912272508306564,0.4998317678922189,0.44917885811993485,0.6460350424311478,0.603734024323067,0.3229871663581662,0.28666993349338077,0.2819652151752068,0.004230369516022449,0.5037516389039062,0.47253169950838164,0.0839154765700422,0.38227459051441104,0.39149585723382474,0.20806599578602383,0.5841161770047204,0.571150458468955,0.520641598729588,0.5647220481683582,0.33281823344305517,0.6579478787023358,0.35995842151319446,0.18543114303246527,0.08363891660127662,0.17654438455525523,0.060085810553302414,0.05216606190551133,0.29141540732923993,0.45358346591188303,0.4925926396840379,0.49789512658324353,0.33909722174292767,0.45341472095479396,0.1683614710791504,0.196306259746371,0.500924643644483,0.05340907217150615,0.08897183649175634,0.46178064543059666,0.4903469231315745,0.14822288852790094,0.47621204720559485,0.4010423179818726,0.3814928809875367,0.15435459770940427,0.4955645034459378,0.31152787562691575,0.013446442042950264,0.021368341049498103,0.2553751639961213,0.01886391097702935,0.34708767765600557,0.20985080505064246,0.004226437901160326,0.4055605942483435,0.05861998359270916,0.003902459960928375,0.27647883450508903,0.4529583418511327,0.5015271910417523,0.32792273522790066,0.40910400829690347,0.016295170053816026,0.2967214144836656,0.461575236393549,0.22420790757420744,0.21923645475097803,0.21301489920125993,0.4381380511394569,0.22420790757420744,0.45444517588560035,0.333885707549915,0.49999080705573923,0.43812779365860305,0.23686148056075584,0.34251698931981134,0.4420844194373037,0.4522254113737554,0.2755171764057336,0.5015586803745509,0.22387708652586968,0.4701917859254909,0.5001063058770184,0.5016906565843605,0.49548647863621054,0.2807349235113402,0.020156023521518525,0.3473869131513442,0.500334620891309,0.10752000045676198,0.2378778532805969,0.2469916378057126,0.4596537116999496,0.5004106865926004,0.2831262221284647,0.4535105133170567,0.5005846746940243,0.45116673660026085,0.5010558430295722,0.5013728842623179,0.12961282422175086,0.28072403455355277,0.28073042249638747,0.004094062710942961,0.500333360033087,0.5047223752425845,0.2358897384640391,0.316852397102426,0.33155327585710215,0.2631946253614651,0.5000146672818551,0.5016234448005065,0.3318090583077526,0.17485733425371658,0.31452940281737957,0.32427662599089135,0.36033047699390075,0.1692417760542482,0.24599805526316443,0.06919809261524282,0.27759052109001675,0.21905716800956448,0.286384762967688
lh_PhG_L_6_2_thickness,0.6435818859877738,0.5885200675685694,0.6872127746127974,0.9183861874069228,0.6050625347408718,0.3998762967517843,0.14122198058618,0.6600704126326837,0.0007256500411318898,0.30792622008361825,0.7661234016997645,0.5619069835370777,0.42362840866176926,0.25166114744728624,0.10312787884469177,0.6748022778498283,0.19297200970141865,0.6228201731141315,0.5675153570348027,0.18132017770824724,0.8008293110128906,0.592238975182888,0.4879487334235699,0.7690008736179161,0.9989113633526662,0.39074410882871025,0.8195381782334293,0.48184494169357395,0.12180669710918826,0.9940786551120198,0.5561256073533156,0.43070416152783264,0.901419433015558,0.301162832776854,0.0791465041855761,0.8134297488655848,0.4159332651508423,0.5310686968907982,0.9017532527070989,0.6302675137836566,0.5355480301351602,0.98616295713763,0.7812965976653476,0.9420406774637115,0.311995960325073,0.5420608043816487,0.8473908019323267,0.8216342252787929,0.637210362951363,0.7868588359653613,0.6331494228959214,0.1663287993751359,1.0,0.6543223039476305,0.22704523990138242,0.35041722819323495,0.6473935826254624,0.021448189859962632,0.39142338607743477,0.8813274388413137,0.6138264380619314,0.82012489163169,0.9348712096705238,0.919051416302528,0.33972829038270913,0.24757180811074647,0.9910171107211444,0.6984205758187163,0.5133753894938001,0.7278715722683115,0.3284977860188312,0.384338363170152,0.5126961106675779,0.5177485768905045,0.467244148461501,0.28800680441587917,0.6480455414331652,0.17016881412318982,0.8993096650384165,0.7087314076842512,0.7074833820161619,0.8617967687589685,0.4179209393214089,0.4560578231869218,0.5559071103495101,0.44316161036394297,0.8297333396882682,0.5085553433695316,0.7737088839790455,0.9402945923053636,0.9534426670192753,0.46280499452437773,0.8905504531229351,0.8841161294614917,0.49944027187940165,0.6889388155623386,0.7054524100628404,0.6462250377384826,0.8278267993925597,0.7915197520664409,0.06020844406294418,0.17169877416100754,0.5910065533768792,0.008190068545746018,0.018810655049028353,0.7802417954248205,0.7148107888916597,0.044254246851823026,0.45882484766931614,0.29239537098792234,0.830331640811041,0.04738891664869905,0.5455595344470495,0.6648034737034281,0.635682078912787,0.45670560544186584,0.7359412402506551,0.0012715519811009742,0.48796342909143364,0.8494915859156478,0.0021207695158925953,0.8519449666936395,0.725017851341345,3.1376292129323545e-05,0.7054599664937519,0.7910247033279398,0.6219531434651094,0.8448708548909605,0.3194211071068073,0.000898560286648981,0.6943754863504343,0.776318335330735,0.7931222735851523,0.804040541032973,0.8185886884972349,0.2561593609634553,0.7931222735851523,0.7911596679823698,0.8250327994938006,0.5405389290511038,0.23452992703219389,0.7677895155134971,0.7990319109077757,0.8027171314962338,0.7890046035700622,0.7224907570089415,0.6230593198620127,0.8134617279929265,0.303141294007351,0.5550549957627087,0.6273425077797768,0.29706335357801555,0.1563324884055006,0.4440572350265603,0.8164983913555888,0.5173560564195225,0.7756057700267649,0.7879680308733488,0.7698845620036081,0.3203027654381978,0.5819253934226227,0.6956126393001605,0.7915647808227301,0.5927700224801369,0.7818879741775979,0.6131660480930312,0.6223454061219211,0.7213788369513624,0.08175061327069216,0.13603805224405763,0.0013077939078822343,0.5762341805108727,0.1606898196168998,0.5953801365888044,0.8863179651977351,0.8734047710737435,0.7414664959884161,0.5438184701483647,0.6252294393584945,0.8317556619700806,0.6640311197611166,0.8974646223556356,0.6636206665209554,0.8165002262027975,0.9998294826952503,0.6104415216238245,0.6442071132408174,0.5406819770946467,0.5395095168326808,0.5159998274411552
lh_PhG_L_6_3_thickness,0.5647620721372195,0.18407474061388757,0.35991205945526633,0.42698716157659067,0.5456785560817303,0.1712225670972543,0.02822084481951095,0.3800991390118461,8.884112579702588e-06,0.10540867968219982,0.4874351863259843,0.5296956723288715,0.19611338981149803,0.38512646136434064,0.21175721051693297,0.5853103388943001,0.411595312314926,0.34050992324050394,0.5309336931875979,0.601061419921817,0.8521618925630674,0.5790808222737636,0.4292944850033813,0.9494084819167525,0.6350910917833765,0.16808952239891004,0.3428455401987744,0.44969632030096707,0.024563831166705158,0.7062006541477154,0.5244270547679535,0.49091048536772103,0.6237871383171923,0.5956596360447061,0.013238115654700698,0.7712738937445243,0.07976302630890468,0.4385444562203933,0.7914746195292459,0.3219242174965799,0.270611792433857,0.595439234066648,0.47979406943429526,0.4855966716895632,0.4003828312533043,0.28322578777786717,0.4278913793986394,0.6521293302262333,0.5560130983035567,0.3845956144725186,0.6284368938067875,0.06026910292856017,0.6543223039476305,1.0,0.2718965394941525,0.4313951858974587,0.6451955922673349,0.0008823405593710722,0.517284836339047,0.3692131688114211,0.4918562747722378,0.9397778363223522,0.4948057203046239,0.7726816610888532,0.6735701483483205,0.3097411046340449,0.6112414802390287,0.5504766370036402,0.16149076213610733,0.2705766284044775,0.4183720837559915,0.4668868113080508,0.7150533605006242,0.377991161884142,0.23345226527268823,0.09461941823223845,0.3622290833715567,0.5367151900398092,0.8959536600573088,0.6208148697534794,0.6150588558830662,0.7804973112436695,0.48787192327822704,0.5027346125624625,0.46567211290066424,0.4689660062968643,0.6512483670131892,0.3382760394516647,0.2658655676682966,0.7628122939621157,0.8050605466786125,0.8904075052431919,0.6971414271423588,0.8816717258036262,0.44152036024324165,0.5786577892086167,0.3439800495414366,0.26621821158865155,0.6453458891774365,0.4201242874923381,0.008018972381767419,0.03833498640108945,0.22736270376688072,0.0005958085348286044,0.0017182082976032647,0.44353899937212776,0.3548324198396471,0.0052482227088347455,0.1529825140542975,0.07466797049185131,0.5916896341760782,0.005746333209589134,0.2069456424909173,0.6820918791495523,0.8549870371429428,0.5342336602995873,0.7465344713770689,5.788414387676858e-05,0.6953066014824407,0.7825306564299056,0.00012070225518313039,0.4541142337798767,0.5425205481712478,4.989785909885029e-07,0.7225808040113197,0.4113798687403973,0.2686570729241872,0.6496141817298546,0.6564039266439785,3.737640731526341e-05,0.6979905831997679,0.4779231280453843,0.7783362315955273,0.7825360048173788,0.787197891451173,0.0527203979188216,0.7783362315955273,0.4372270485626189,0.6519852654570663,0.18438463706798056,0.04453705390296533,0.7662922807346242,0.6513105150677369,0.3991337952131728,0.3953901396482578,0.7223700524634512,0.2704261280855934,0.7746875291736331,0.6031647790883838,0.1980759670339523,0.27753489004043685,0.5790447599294191,0.03031121446589259,0.5328835467226113,0.641251283088219,0.1581482627494254,0.9402447581874303,0.7620226809828563,0.7532600741884704,0.6140328743352317,0.22704194055333965,0.7150397957125599,0.42185906609774515,0.24051435928817094,0.3664601616775019,0.2701208704508426,0.28620616104992863,0.9259018282058497,0.010487508601773315,0.024149394483629513,6.637457995890975e-05,0.2204358181289278,0.49294287514242763,0.8029864567755369,0.6343002481755124,0.6251961272547778,0.7361449199950758,0.187378324012102,0.2739742114989717,0.6514813656253357,0.8740606313324426,0.6262384936167154,0.6661710385856026,0.3074565111955332,0.658061970271719,0.7850584234606505,0.9983810394903314,0.7622671514212302,0.8374211959027895,0.3941123173156593
lh_PhG_L_6_4_thickness,0.7225188017765583,0.49762190720427985,0.5540840396273521,0.32982775642085055,0.7515667763496239,0.19609432575315713,0.20977012142484894,0.5723635970031663,0.05883690061441435,0.10383067117993051,0.5670556193785106,0.7675043579982819,0.17967125788300903,0.9423478863421666,0.9065196919212382,0.6906255598275335,0.599037533551589,0.5554532685446237,0.6405214755820059,0.47622082320211273,0.08764215284426832,0.6392749889877911,0.1369658164489001,0.32210696098908637,0.2176440134373442,0.020404373021112514,0.4229271800913324,0.053211691378137076,0.005233549800226455,0.24364405350147098,0.7999282462932141,0.856027967424548,0.4429106283916218,0.41837208375599183,0.018671052840078847,0.46591359789741066,0.44259811730016985,0.599333762424346,0.3640926091709097,0.14242530245530843,0.4852646835941958,0.18937688497906213,0.5503279515072226,0.34078126842340295,0.9554224893007348,0.4889593326282045,0.15191883277111834,0.5310066617449363,0.7226138280518126,0.49669352195809285,0.6293240216703564,0.7820177100072456,0.22704523990138242,0.2718965394941525,1.0,0.931582712146533,0.028300373150760158,0.2947167855896277,0.01834223672041225,0.32192421749657985,0.6645894488298798,0.2841366228726737,0.1764144353570771,0.3563510331678928,0.4972084866777372,0.9960437337488881,0.193634150669497,0.6555463427990958,0.5120052032819877,0.4626688318138944,0.9416476217691102,0.890731166423312,0.5521616321794154,0.3755982018331726,0.3231278549556137,0.01056250355934423,0.5654275488718932,0.3950252166874801,0.2181923349193704,0.644290057560349,0.6495164601670615,0.4167351855131077,0.8583206796905056,0.8310486071096324,0.7715840041085198,0.3326009126356059,0.5227116275531613,0.4804236161318471,0.35998599500038336,0.3324424163832171,0.16133199201792184,0.46848430645698436,0.08720772669153021,0.14233089664444348,0.41935750237095715,0.6771427412739919,0.5366959109583106,0.5237954019315432,0.5264919561527808,0.512688628382086,0.18020573698563397,0.2102900383158081,0.5226626987279073,0.05884115950228619,0.09687299237646549,0.5347972847781179,0.5370558359303681,0.15922100447175458,0.4943132201435111,0.416804822240304,0.5295900304799317,0.16561400221135864,0.5178095470285565,0.5946433799445947,0.11018451878256835,0.020231185894959532,0.5306560427451728,0.021213732799915876,0.5482695181092399,0.42693151605621316,0.004871295955392837,0.4654693297381455,0.05956193382893934,0.0045027366712864095,0.5591536858538427,0.5084158753459235,0.5322107396310738,0.5066485020987596,0.48387937468389813,0.018372961383325274,0.5803171465906343,0.553989180272301,0.47496170976624513,0.4641159673173121,0.44957980234329487,0.4501967882707944,0.47496170976624513,0.5218024129072015,0.5274790417145983,0.515533622413043,0.4496983436533648,0.49989610267492574,0.5542357336779862,0.4896661963298589,0.5011889645358908,0.5542872987949565,0.5326722892544333,0.4632694906207182,0.42931751389263945,0.5178837292438032,0.5345718162811742,0.39022440078868054,0.2956814301532327,0.01903596106744627,0.5397137770508571,0.5107051213017193,0.3301852554478377,0.4909907361534426,0.5087732709805834,0.4462381185597417,0.5234977721768654,0.5670786882510949,0.513565689426734,0.5264299667880932,0.48975259526933895,0.5336740498576076,0.5381204629214635,0.38464502777734666,0.29491104175302113,0.2954001933754898,0.004720694683619462,0.5221368697772567,0.2959219628336383,0.5215134170859007,0.46095446216982033,0.47805179378169027,0.5362980462922693,0.5160316791250479,0.5336113060238159,0.5204685894643368,0.45796152082809766,0.4478220244688199,0.6066863598377518,0.3673494474422496,0.23309305941574035,0.5309458147135276,0.2950164184461274,0.541523882295867,0.5046661070237026,0.3835201078551803
lh_PhG_L_6_5_thickness,0.8695345186315373,0.5385966668324779,0.6557981200575982,0.4218626870537976,0.9047682981353546,0.22550626235451782,0.2015294041183153,0.6817797399712546,0.05340906875788417,0.11821068179151124,0.7157524500690633,0.9246201739999942,0.21770097712157485,0.971505015001167,0.7916982284717986,0.8336710499479528,0.6543449917723815,0.6483577659428789,0.5683156496374236,0.3448265239284786,0.19545604829381422,0.6052436526229924,0.2709171968283948,0.48150701957688324,0.3333837759899544,0.059957194342206165,0.5064257856057203,0.05960566180253621,0.008350430378997298,0.3832855057609953,0.9310345277442915,0.9804946194143573,0.6099950573317141,0.2616164966484811,0.018361529853442086,0.6201427079339381,0.45653795093972105,0.4674899149142819,0.5346204508028051,0.15726694691498275,0.5480152149913845,0.28538623698120724,0.6949277636318699,0.4525544182770722,0.9965553756545031,0.5562504355830492,0.1924533885465346,0.703099221261281,0.8823698536170214,0.6031475772005868,0.6497808915729585,0.6371120480925587,0.35041722819323495,0.4313951858974587,0.931582712146533,1.0,0.06373801489892227,0.28073932431160237,0.023079015006310516,0.39532638638018586,0.818912349677355,0.4491935321761079,0.2423390331846276,0.5268619001212168,0.37370608852548154,0.9583710343902883,0.2950755939229265,0.8255106921889903,0.5448302543770326,0.5281310295986863,0.9990239425861265,0.9929420436869901,0.5040174941964384,0.47673690685016523,0.37025929676522146,0.029390696550547244,0.6675545485509101,0.23602261554651338,0.376130997094124,0.7783362315955271,0.788417515280452,0.5838619344012979,0.9807653316402172,0.9675842048151257,0.7653163898412998,0.19553834258280633,0.6956934889018538,0.33613616805347357,0.4111461837281484,0.5002791153992439,0.2904985854602836,0.5183782367166503,0.16162714484117982,0.27623132086200836,0.5463988313447803,0.8402454680140471,0.6320090285726069,0.5911362041048106,0.6997692347931198,0.6330695367667953,0.16945673369652217,0.20403016537793242,0.5763442081089799,0.0534591250181394,0.08914527925115105,0.6655523775593969,0.6363294210253124,0.14887778988184783,0.5212105336904086,0.4185755595676538,0.7007048481134766,0.1550848121372669,0.563455098307676,0.6499461595213605,0.2422568192728818,0.028326019852963152,0.6451986777297553,0.018867284027903598,0.4771591660724026,0.5915041916402005,0.004234428561795668,0.5911366398755605,0.08606748799430046,0.003902474244924819,0.6513105150677365,0.6253259783387863,0.5999003521062566,0.6804742455804269,0.34995636763152205,0.016297209535376514,0.6634645077286914,0.698329255369873,0.6208148697534792,0.6144765344230736,0.6052436526229924,0.4486226289501855,0.6208148697534792,0.6490433782477756,0.6999627604600862,0.5551958389341589,0.44640283716738777,0.6335106351962527,0.7225808040113194,0.6002932460539786,0.6118237982599097,0.6597044994302581,0.6009804906542691,0.6173903158704187,0.2739742114989717,0.5617821024699939,0.605381127968957,0.2324561314838745,0.2863585784115496,0.026640889720799883,0.7124106923249953,0.5430282438205267,0.48917338704632,0.6348710266646631,0.6437888926695658,0.29418442431617453,0.5767025586252927,0.6511025769005009,0.6346382464855576,0.5841161770047204,0.589289971934642,0.6015337118687529,0.6116879845022272,0.5260465705679216,0.2821586090967065,0.2849302644550692,0.004098081190318997,0.5731791384432878,0.1487764235884796,0.561565008268291,0.6317003694692047,0.6493176168044315,0.6547132208320167,0.5566109525480399,0.6031647790883838,0.6935894385013068,0.5606068219551188,0.6159411584737341,0.6609493592323127,0.4314961594819769,0.3593087494110327,0.5716733250674163,0.45085147920480084,0.5328763889363166,0.5369076402313722,0.4911893764142363
lh_PhG_L_6_6_thickness,0.17446133336754863,0.5301941816523091,0.42198580845803985,0.5878933807865476,0.16019811063650827,0.4972297072567259,0.35501545632151815,0.39049147785066507,0.00043832004111333633,0.49088912512742183,0.33915888085651513,0.1553197018246155,0.4897947045730761,0.04146097164457022,0.010281594218162802,0.19390979004366818,0.04488190802319583,0.41620440951441146,0.30467138380075626,0.44193947145576296,0.8798530063280325,0.31024914973821266,0.29708490066944243,0.5821879088575157,0.6662360216545213,0.497699621203073,0.5373211863052751,0.657299703253905,0.3387803989552134,0.6136278770025243,0.13295428366171763,0.09925551638159456,0.38674098545009805,0.5015907616778702,0.2663184600058281,0.3857934482993023,0.40243762719428816,0.29820449678457467,0.46730613296844725,0.645980663349092,0.4561129943160675,0.7211419452082506,0.3573609112187232,0.551084296083875,0.051890321216125676,0.44725631011651334,0.7939865080427675,0.3015520926091281,0.17729826909196134,0.45689389655477036,0.30715239748243417,0.018739528414108534,0.6473935826254624,0.6451955922673349,0.028300373150760158,0.06373801489892227,1.0,0.03248989620021762,0.7985800060501078,0.6169047403427804,0.2494479627268491,0.6066644249951567,0.7628122939621157,0.47034648854089955,0.5046143904048629,0.03309949458868514,0.7105123187926408,0.23197180839472517,0.5162951698687724,0.5361172329560665,0.05763442246195151,0.08015311812175864,0.45565822817383345,0.35721450837961005,0.4731892658008934,0.4843618227649707,0.40371825726150207,0.44954944124618396,0.6670953339815634,0.22944786218132845,0.22338859724084587,0.41916225408213525,0.09625504685584639,0.1129922080297303,0.17212493437071869,0.4301228491910573,0.30822839707717314,0.2810535448556617,0.6056844157193695,0.4948057203046239,0.7464059840407158,0.5372805076934524,0.900446010555565,0.785745831140662,0.282432449341118,0.20246927790284214,0.4465873776679444,0.492309491237813,0.30552704112636375,0.42358879679058165,0.21255171821292654,0.3925891020461354,0.5026377117642,0.05504196765759556,0.098855758411277,0.39173757778632434,0.440675569442866,0.1742039806522927,0.5077869217869626,0.4649365973407175,0.31641462617875893,0.18189098265756046,0.5028253444427936,0.331257300741983,0.7490519532834707,0.8815369912651826,0.3593546761215289,0.013453988885702385,0.46118194654158623,0.4131366764969636,0.021481678298422912,0.443721894941057,0.9300024377934295,0.0005257734135454452,0.34636307423781115,0.43215652224492934,0.48063899138892785,0.32179314432090156,0.5041304069432503,0.010172474612426841,0.3275952601862797,0.35548996982981224,0.38830256447437417,0.39461587943142623,0.4034813828050289,0.4248617114102576,0.38830256447437417,0.40608211869147326,0.3043543281394332,0.5139947358721435,0.40316796144030576,0.37467540431224355,0.2840899420085,0.45436415148804066,0.4471915612340605,0.3393109042957364,0.4795328149920246,0.3892070837284111,0.5018327506848306,0.5106974861609123,0.4749699873973339,0.5011195933423224,0.3624748202432811,0.8753136203838501,0.2951318420497974,0.5182287537463901,0.5708507782544883,0.3712599959441816,0.3616051052023439,0.5017018863078256,0.4999158741391302,0.34376341222712586,0.42185906609774515,0.49340880663139136,0.47239524553697393,0.4763350393494156,0.4656466533125674,0.5361594236731174,0.2351822228491242,0.3340379090885895,0.01481144811629755,0.5027817881865226,0.4485819430454114,0.4605563831142985,0.3662936745180206,0.35232219366898726,0.3477485005375816,0.5133854641715736,0.4772787949121779,0.3100492758596404,0.4898546638011809,0.3811785956303618,0.316501382892945,0.5944047630515795,0.637285316767187,0.44262834979941207,0.6289870595573894,0.4627002232039157,0.5000417398506776,0.34001300108586596
lh_pSTS_L_2_1_thickness,0.10958019487886468,0.24960027852346045,0.2506567542673686,0.06657759318719222,0.15231707480682247,0.48593751654822026,0.6368255592878836,0.28524851432019105,0.47587651667826947,0.41686534302693085,0.1615187951839632,0.21378418678962918,0.46384625745849994,0.37465339447508045,0.4596844950239882,0.08376682618385398,0.4500798553909851,0.3300279013627857,0.016302645358260023,8.675549828181393e-05,0.0050934685940072656,0.016297209535376552,0.16754195491878648,0.0032925314929086297,0.022259261874937153,0.09092105279275964,0.1200186378214258,0.2915376673946279,0.2333740280822374,0.018488207341858815,0.15226446526686757,0.28078082761141226,0.055648822845944995,0.0006516577109672513,0.3884752863385129,0.01852814545576794,0.31828885450920047,0.01629530628214565,0.016653582213390684,0.1770262334494679,0.4373517672555009,0.023518790620048663,0.15404313559256813,0.06006055101073275,0.2947258139142008,0.4362348534590687,0.05238423243137229,0.055064532644342225,0.1417117302447711,0.1576470920894981,0.018378523914728953,0.28072243382573386,0.021448189859962632,0.0008823405593710722,0.2947167855896277,0.28073932431160237,0.03248989620021762,1.0,0.20652610256464585,0.07469952444553349,0.281519246724833,0.0038627936883600675,0.03465862608397013,0.018832626571279217,0.0007707737805671333,0.2947178948593917,0.02239462450725838,0.15259415581547253,0.3265538012186233,0.16824206403278544,0.29472947617620604,0.2947503125119783,0.0035449109073502536,0.5032959729655505,0.5136716778632205,0.12000596481449313,0.2993303236257738,0.00010617247116602091,0.005181094525917511,0.05486969248227965,0.060413350669516946,0.018577864030660207,0.2947724504564546,0.28080563829083155,0.054820258645398794,0.0041597805468299815,0.055285031366625215,0.018421463344155026,0.1119320556836562,0.01901406639890812,0.008013819129871017,0.0007539719706128267,0.014598705663362181,0.0044175341437348425,0.501448025595872,0.10964765676169613,0.22674769509936615,0.2581157436063966,0.0581335965874105,0.15597247756209154,0.7530016456604934,0.6070248768327534,0.2984116198122567,0.7760646285543781,0.7985187296164891,0.16273342311831576,0.2194723878331404,0.779717692243182,0.406482470125324,0.5342675297020535,0.08429914588371595,0.7762264257571554,0.3441052812130899,0.016312623264062444,0.002112175396266647,0.1365990262209417,0.0163308801080372,0.6373935026955498,0.0031115548597318407,0.01806618521435081,0.5591013808331717,0.11299002668734304,0.0551907542563722,0.2615377967613054,0.01631731240156239,0.15634079185098784,0.2923395909240871,0.055159365515978456,0.000651805627836433,0.605243652622992,0.01843978453814034,0.15793340749674958,0.01637631844216583,0.016389432318270537,0.016410039783106126,0.5338505142861525,0.01637631844216583,0.15532302778739634,0.05507638384829403,0.3200121616200456,0.5503770015294283,0.0163520930000574,0.05499900659576241,0.14654072957452574,0.15708590730606906,0.018401759810101087,0.2921496809984165,0.01799935491679095,0.0006516673238478846,0.31685239710242646,0.2914167296325005,0.0006516419181474055,0.6521439432316957,0.14186129421380314,0.06061896749446487,0.31439648055194874,0.0037167275403753738,0.01844809780697764,0.01843123879066285,0.0007705663998614663,0.3115198520450824,0.01613943391929931,0.1559024544881198,0.30952692336536747,0.15871081671726062,0.305955567275187,0.30438713778421905,0.0036264149402210747,0.7681131766936176,0.6756264901134803,0.5413888439946548,0.31259925656897297,0.00010614844025162903,0.004302994106762011,0.055458207192867606,0.06096713924316705,0.01841146915482943,0.31927931078236665,0.29177792901397265,0.055101692397060115,0.004190268654509032,0.05578667506630559,0.018432032834182648,0.1027721058131363,0.021668814839142125,0.00535490564599265,0.0009159950874182907,0.003546889994551833,0.002275477020635619,0.5027322178593125
lh_pSTS_L_2_2_thickness,0.09623182849036821,0.32120222985431657,0.14634294488993502,0.31391647381907306,0.06960519024544817,0.2664789017531399,0.4916659723574419,0.12210434765067188,0.011627268413989913,0.35659517710680866,0.11453528122742355,0.04856030177369339,0.23811814121523137,0.010541108321810148,0.00324002098548353,0.12199231868681434,0.0030101499199084968,0.1380845995870063,0.30593037960651187,0.42918577354875487,0.6074957971163295,0.3062680617187491,0.06308507132181114,0.472536961601187,0.40348138280502865,0.26991105880800503,0.26327099610697513,0.929739037364117,0.495659712840566,0.37847888386663586,0.06570393385819791,0.027115496467044118,0.2010361739854738,0.4997068295303078,0.49709115890369615,0.3018070378215461,0.5500929992929824,0.3057121529838906,0.32912460937029814,0.798109201319436,0.1758782243631448,0.4494557660886564,0.12451515852385356,0.28136375124497853,0.019959025002375713,0.16552613380051043,0.620906367199977,0.17923834271766131,0.07735158787388419,0.18211543596982122,0.2929509585396887,0.02014510358479164,0.39142338607743477,0.517284836339047,0.01834223672041225,0.023079015006310516,0.7985800060501078,0.20652610256464585,1.0,0.35559139030166365,0.05931063813602243,0.47105159625615345,0.5107289620851662,0.3192059289894498,0.5001166611799764,0.01860778625227974,0.4400498357771623,0.0836513931091573,0.31679633224793396,0.2765289040943587,0.020458711164034932,0.022768187416037505,0.4498063066955361,0.0933051112537817,0.20161470052693636,0.3739292947435477,0.13011556816823117,0.4404290278710906,0.4776685714526398,0.16729360215619982,0.15690613205449297,0.30788659095832366,0.024746268598369682,0.029026136158778304,0.1616993531100571,0.43810906729134497,0.18030954009708913,0.2912989167673044,0.3942140342318381,0.32574703142005923,0.5003852940010145,0.5022368049561237,0.6294764494252394,0.5464483628864419,0.05757659824387694,0.10066926070074494,0.16768781360245236,0.219795653941326,0.1751645827723279,0.15898796175821675,0.47899680438759673,0.47557634213899413,0.24425490655301976,0.2771338616126658,0.36707437446415647,0.1389124771832791,0.16314548239735524,0.4543491788233899,0.3075369726414223,0.4160205490884203,0.1469936473633875,0.4601675074296702,0.25356230875965047,0.3077301162986498,0.4985437271497591,0.9803608360679085,0.31059214378353833,0.12302898146047862,0.45788067967753227,0.30929267159230467,0.16365271327514608,0.18330414203820086,0.8128120448157681,0.01345308637758766,0.3091823620356893,0.1644687376209174,0.20503884206645934,0.1836019863800539,0.4997830287189648,0.10316564368927887,0.29440210010771706,0.12253225534285775,0.3143622212028599,0.315298447652482,0.31668233551306424,0.4613922157435572,0.3143622212028599,0.14862447572284054,0.17981467046733204,0.2878036561988622,0.4763718236292696,0.3124804407740963,0.17584204035999582,0.18189199274352336,0.17483990215958423,0.29588736430014956,0.20347672436779737,0.30523310791865743,0.4997129973910559,0.2717183655997758,0.19729528363845072,0.4996956883558234,0.4898299818226213,0.9836207042703576,0.16912310087568855,0.3263248543994867,0.4638215622168948,0.29989859555863535,0.2985758453037126,0.5000211199679268,0.2404098512041957,0.31004668893021997,0.15791581634999458,0.22697942770925766,0.19487972483109875,0.19967346218288556,0.18598213221691415,0.45813009619726125,0.4892048551672243,0.4975015670948498,0.13059123878741635,0.24724679021487322,0.44040907731534423,0.4376422443706724,0.19493939501879068,0.18301497053052299,0.29684437509112693,0.2842104071873949,0.20037248938675645,0.1810131679519289,0.442553018775065,0.1990374439617274,0.2933972843385526,0.346273274638609,0.3841634431109535,0.42044205371759,0.5145771442671351,0.4502310185112406,0.47617604585266277,0.0837928813533157
lh_SPL_L_4_1_thickness,0.6338472018676882,0.8504174049942523,0.8129445350899465,0.9918535220660412,0.6137315384701778,0.5135027144220884,0.290810255426154,0.7599399514468028,0.004257016141135088,0.4478438398512428,0.813018468505283,0.5760202109044005,0.5165530641088772,0.2827488352216031,0.1471052761730909,0.6425249429464239,0.10676288073590293,0.7376342503495268,0.4505372540718596,0.0658895873648669,0.6130031802517115,0.4614953998836811,0.3916740612798238,0.4744976707688079,0.8946782634362573,0.48794607827475756,0.9727674031198617,0.41186804150871703,0.24335673706692731,0.8372880369369214,0.5752170964492564,0.44986327914675434,0.829243713156669,0.14602339340278755,0.17792532887425744,0.6139629492266829,0.6881822923432922,0.4363874079148736,0.6882960184058009,0.6829505448369477,0.6589539275912978,0.9124356712428578,0.8337444531386291,0.969075153452104,0.3650263543143957,0.655776637381212,0.8938985126446678,0.7322657243176258,0.6393833459560379,0.9096818017661521,0.49244790318842996,0.30991191832555365,0.8813274388413137,0.3692131688114211,0.32192421749657985,0.39532638638018586,0.6169047403427804,0.07469952444553349,0.35559139030166365,1.0,0.634907469596254,0.5281292125415802,0.9375289449366919,0.7188464509158508,0.16502545066375338,0.33130403631033006,0.9051974427801436,0.7044227905263865,0.7700448446835302,0.9376639095911223,0.37467540431224344,0.4104678198327935,0.3074682844004967,0.5006744654503795,0.5602723892859632,0.42509753146368584,0.7569816768405059,0.06425916992902202,0.6299023003577486,0.6352571965308403,0.6424699964440951,0.6572332036939179,0.4344909482010034,0.46947552340442017,0.5419243263296645,0.29265197259427567,0.7409953503372668,0.44028282774009103,0.976476698737042,0.7461094277155722,0.7414778894374524,0.22352181971937757,0.7737754923329494,0.643424142952004,0.4364065853980008,0.6720227870716093,0.849595841036622,0.8437639468241993,0.7448925413972165,0.8874565318004923,0.15759105956371056,0.3305518744895367,0.80703237074757,0.03095036416750962,0.0618431297853054,0.8584736792963656,0.8521026054403632,0.1240629148761662,0.6910520827367229,0.5163657549151621,0.7957271637962056,0.13106043729348976,0.761506833030447,0.4993836283403853,0.4581285695620619,0.44323930086268293,0.5442940003360608,0.006379602038272363,0.2886788649841706,0.6432046672836411,0.009318675877726234,0.9202731161761091,0.7095891417509353,0.0002669438374938816,0.5240570339638324,0.8935275376574325,0.807224624237652,0.7568452690720386,0.15209300357790778,0.004749874227689743,0.527873325184083,0.8299959965431534,0.5866304573204935,0.5954386424107754,0.6075812066870468,0.4948777990131395,0.5866304573204935,0.8743758138770635,0.7357299827824769,0.7825360048173788,0.46947866974341906,0.567124596087401,0.7102118520362692,0.914720490044713,0.9036050378243405,0.5457346288194755,0.8069822386290985,0.6113988005111514,0.14663198499166527,0.7877038201471875,0.805834754126526,0.14480923302880738,0.32667118613715695,0.4305491651869454,0.7380034523251093,0.7803212132331796,0.4835082832155483,0.5930814729456715,0.5792238676797268,0.15826501281449043,0.7938156574851688,0.5168993632258387,0.8862036430381826,0.7946795013999544,0.9185996677710548,0.7926930973095945,0.7895544288616746,0.4368069899102736,0.21109247309942963,0.29835689629257756,0.006175072603694866,0.7929533061305432,0.06164889351036754,0.36093870646390636,0.8074694607105768,0.8043642022130928,0.5586756292549993,0.7838030342570176,0.806444025827096,0.7427087361265912,0.40151097338263225,0.8238549877849903,0.5094869175821576,0.9905555604700553,0.8784260698396092,0.3827239818094454,0.3572401195137615,0.32084764886039363,0.29812436519508567,0.48668368491264447
lh_SPL_L_4_2_thickness,0.8190022920112111,0.7310319572944761,0.922943255831753,0.6815445685367447,0.8844419181319785,0.4310948551276079,0.2548743093765291,0.9468320436032718,0.05341092274142369,0.2676617824455457,0.9456671802890084,0.9424102026246566,0.4398502890345596,0.7547770981787769,0.5290052705452595,0.7682805943149469,0.47145044785794843,0.9153690080235906,0.3015883012193801,0.09887273310391109,0.46167200278010767,0.341834442754296,0.5066843881086021,0.5170000283559726,0.599775760714097,0.26338848492659445,0.7599986127530727,0.0783769152157769,0.05621386153322197,0.631046029711883,0.8438105573935442,0.900479424332371,0.794679501399954,0.0680682026821397,0.04681104646648602,0.5998163279305619,0.5080075398968307,0.23309305941574035,0.6406727651841881,0.20935625610407538,0.8034123531814841,0.5494709069430899,0.933965956201118,0.7196926140919133,0.7856443610020727,0.8154445879340757,0.36797003064466366,0.7709447472238712,0.8874565318004924,0.8702187202210121,0.411812911794877,0.5190215001206554,0.6138264380619314,0.4918562747722378,0.6645894488298798,0.818912349677355,0.2494479627268491,0.281519246724833,0.05931063813602243,0.634907469596254,1.0,0.5435488617840868,0.4749374522651587,0.6576965895473484,0.12273975184957997,0.6970927319509277,0.561185526753057,0.938458320041265,0.7305402022049594,0.7616328806045388,0.8056494778399119,0.8665071647818958,0.23869439722827562,0.7384807701342669,0.6123059564522715,0.16774670790396837,0.934362720199774,0.050312667718586564,0.5660818596002036,0.6887262348457422,0.7108213737109443,0.6318987581009502,0.8983389925278396,0.9220475676093998,0.5104751730620954,0.08255566513819691,0.77570868398384,0.19115068465170038,0.6080172753551754,0.6623944034152076,0.5460253679504027,0.3135863926765493,0.4132632985946879,0.5231037333528111,0.7720242567408593,0.85295771424639,0.8979227260646232,0.8370899949293781,0.784598576025542,0.8975226360554074,0.18767572940607685,0.27263110107803895,0.8061833392942847,0.05527899235698582,0.09384728145283774,0.9223898116899549,0.903056769443356,0.16145977428365096,0.7069204815183354,0.5315582370122632,0.8568218970035195,0.16870007897511138,0.7846120594075141,0.4420573060480022,0.486343230215547,0.09250143976615072,0.5209821990307681,0.01908400878605136,0.2100456695347116,0.6219531434651094,0.004666006487471515,0.8541589364644027,0.23105297139607367,0.0039048988760641296,0.4891952270517728,0.8911334124639575,0.8494915859156478,0.7818773941710231,0.10790970794447208,0.016441769402530563,0.4878981250238837,0.9373674479391211,0.5727780460538268,0.5815039088985272,0.5925314063906495,0.5316920855059023,0.5727780460538268,0.9093311257300454,0.7726980027322621,0.7586271295185472,0.5180649253437717,0.5510842960838751,0.7580738127904088,0.867398572347487,0.8788821739051365,0.5180952060971008,0.851265136023922,0.5970639358670425,0.07271569670532435,0.7747826506080988,0.8583206796905057,0.05807652554372141,0.3422796619231093,0.08797670872082927,0.7875801046278705,0.7242191894193986,0.5196223388712289,0.5793633293746426,0.5637736975875796,0.08222835256129726,0.8074694607105768,0.4774096748002319,0.8987627940508908,0.822005625684594,0.8549909216823832,0.8525000485446544,0.8682368954747324,0.4805099333621957,0.30422020287120655,0.3310619941185819,0.004347473127169678,0.80018878809318,0.02547688575543712,0.34343073247929645,0.7938156574851685,0.8074491604941765,0.5372235041751167,0.7621995453211301,0.854800932841892,0.7760157776136845,0.4232678473095358,0.7952050578448184,0.4515400224610928,0.6565825764723571,0.6210526126951343,0.35353904927842184,0.48130043102970976,0.28097955193928564,0.31334166907724037,0.7475967154091654
lh_SPL_L_4_3_thickness,0.6573398739916454,0.26174957299011353,0.43424500361450996,0.5884580545893946,0.6194327227583567,0.19373255107155685,0.03549624171346787,0.44397241209129096,7.85972621605796e-05,0.12201664511033418,0.5852722745833145,0.5830531797152119,0.21981314479655156,0.3820230367513633,0.19830241229516354,0.6917564707130464,0.38983375822142113,0.3959141589125341,0.6469701827191867,0.4422844158879419,0.8312970469822323,0.6937554218555916,0.4481095569962886,0.9944162022947312,0.8017514656750871,0.1896248778017351,0.4729182911258857,0.5103434097866982,0.030085947811620276,0.8667110044835777,0.5923669624031092,0.5162207051927218,0.7736650178781274,0.5233532317734046,0.016551743482580022,0.904670612971185,0.16726261466802425,0.5601104350057903,0.9343682542380749,0.4678005815914778,0.30928451591419964,0.7607563834612758,0.5823972777301654,0.6483649932982756,0.41313566824135395,0.32202080555782264,0.5867373169204421,0.7889556769604357,0.6370771993909146,0.49293340531173385,0.7461618527779906,0.09308613861576805,0.82012489163169,0.9397778363223522,0.2841366228726737,0.4491935321761079,0.6066644249951567,0.0038627936883600675,0.47105159625615345,0.5281292125415802,0.5435488617840868,1.0,0.6616247607702079,0.9213208744484696,0.6049192946932207,0.3211746787130335,0.7761103453569007,0.637556369049836,0.2181858694975942,0.3778786312398377,0.43209735779839364,0.4851791328142473,0.7485186385396685,0.40402263167610164,0.26092339506406764,0.1099109441673278,0.4235578502075926,0.38887913175062494,0.9803496794815664,0.7430775813230246,0.7349818793681646,0.9203804006491748,0.5096586475431586,0.5310000092469253,0.5780387736586665,0.5316290499463422,0.789222236471849,0.47179671033732307,0.4064234086838212,0.9150402560219066,0.9131383135707398,0.8162865013799536,0.7807414025591533,0.9287194981739195,0.4617339610812252,0.6770261789051675,0.4264248572392002,0.3404885795622611,0.7821295699739831,0.5272130922305944,0.010928459768069311,0.04731485074974867,0.29101433680195754,0.0008748848400581803,0.0024582493951846728,0.5455881532102042,0.43934869525085074,0.007301313665568264,0.1941124370365887,0.09648641407423664,0.7203084945232462,0.007976759211944783,0.26032048616198045,0.7981255043261934,0.7360879476687903,0.4964167523828168,0.8681065891101033,9.211088819717256e-05,0.7203974475995253,0.9200625044413182,0.00017022928946954638,0.5823784162574467,0.6169448251244937,1.4183990271962825e-06,0.8414131427595173,0.518858553427759,0.3337799350091928,0.7899632589262651,0.5786521056095376,6.113240955266522e-05,0.8190097674646011,0.5787817616489763,0.906170127098201,0.9117070104513654,0.9182140779591041,0.07552032246604909,0.906170127098201,0.5433797056047585,0.7893152943253675,0.24268555986597484,0.06608295099938291,0.8911905192124887,0.7848832151442745,0.512182445980472,0.5034397772946284,0.8456688760544984,0.3355861191812174,0.9074144343996322,0.5300840949451756,0.25720215027957205,0.3428276607013899,0.5085661273602193,0.03963226990633044,0.4894874215885569,0.775499822909573,0.2177436478617223,0.9939483203302013,0.8922257932908403,0.8813796478850244,0.5501910823258775,0.2875921025617766,0.8327977104115467,0.5288636388931535,0.30158014055908466,0.47511731461387685,0.3319932395331152,0.3483261548596617,0.9725376434941293,0.015947627598585038,0.032366388680466665,9.503998213904772e-05,0.2806992478464173,0.35051202166317164,0.850314565216973,0.7814632611845778,0.7685582904555818,0.8612537691211708,0.2458681853668375,0.33920376831194926,0.7898191941570981,0.924316776259105,0.7753411799575556,0.7851935606191864,0.45041056662774004,0.8241007327774696,0.8468251867252388,0.943192738279961,0.7952646528402454,0.8393563653526768,0.419060893373391
lh_SPL_L_4_4_thickness,0.501550756129785,0.7039550693204265,0.6535748722247047,0.929829502114252,0.4583681729734666,0.4995248480313183,0.28180029275318746,0.6044399581343193,0.0008871728038112787,0.4511545209670958,0.6536383700493253,0.4107135935343851,0.503607405218727,0.15785696088235485,0.06449601264103011,0.535285669349971,0.08322320021596956,0.5946016182995587,0.5199980307022529,0.1508853081113011,0.7467099525985188,0.5299809579494156,0.3774732647757176,0.6109852145555925,0.9493250542662466,0.4924959321102645,0.8484577573856273,0.5701912695245445,0.25739224303119945,0.8967256033870541,0.4214891786491509,0.2938854482189851,0.7634506826181571,0.28455573636082976,0.1897302025227925,0.663652381349606,0.5578462711623923,0.5073446407795447,0.7462216923719592,0.7693760725328587,0.5582662094453872,0.9783007261558474,0.6771255932202369,0.9093311257300454,0.21606833316072366,0.554127456543084,0.9738791045352229,0.6672993079488331,0.48743448321476446,0.758073812790409,0.549057634703966,0.16428087381668935,0.9348712096705238,0.4948057203046239,0.1764144353570771,0.2423390331846276,0.7628122939621157,0.03465862608397013,0.5107289620851662,0.9375289449366919,0.4749374522651587,0.6616247607702079,1.0,0.766317742169689,0.30595556727518697,0.1849560431871093,0.9709425746080628,0.5467688135371714,0.6343002481755121,0.7947065206005055,0.22506243158094064,0.25871172398232245,0.45162762978498355,0.4476663658643812,0.5172842052262577,0.4362837079257644,0.6052436526229924,0.15556959471539014,0.7588321422609492,0.5736882139286565,0.5699846054574598,0.7057836276738717,0.281521105645247,0.31263598095659884,0.4862916155330761,0.4366593546594209,0.6754634955918242,0.5016564754293827,0.8848637700592479,0.793445934765272,0.8664451116019963,0.3586268765911859,0.9184602099816035,0.7829714335259105,0.38099096232052093,0.5383170615068595,0.6900060944968058,0.6912345687474325,0.6737427561216556,0.7336981176925899,0.1498768145912545,0.32174871776246844,0.662711281683705,0.03082221342057163,0.060391511124696234,0.7009356120457289,0.6918307044755656,0.11808737112543545,0.579142309856607,0.44894375784835333,0.6848403060130737,0.12443987351783393,0.6288700499581921,0.564896188511965,0.5316138824906794,0.6011552864682063,0.6070946618144801,0.006407748472327446,0.43549443373362395,0.6943810363002277,0.010531148577748934,0.788494010471696,0.8678861137054226,0.00019847605557884296,0.5880091187798989,0.7402706557688121,0.6593380070040966,0.6914148073865016,0.28991550578951886,0.00472094097683801,0.5818129099577348,0.6721431603638424,0.6474170901238792,0.6558690079956805,0.6675545485509101,0.41224089255365964,0.6474170901238792,0.7196926140919133,0.6706883387981019,0.6446927490337409,0.3870340729551268,0.6287758020892116,0.6457988032108378,0.7665027992636508,0.7513126728489117,0.5988282066980343,0.6589539275912976,0.6636262164707487,0.2850890275515721,0.648620611082787,0.6572425935854097,0.28349573900324443,0.2991142444327454,0.5868654595881913,0.662324237776096,0.642129918059354,0.6180287739228745,0.6438289288952237,0.6305911749637766,0.2999590956683512,0.6521743589825222,0.5821172186087081,0.7323479880012418,0.6518862450115365,0.7681989602238156,0.6474684141251534,0.6430719583219164,0.5729630161464889,0.1805610395708728,0.2704261280855939,0.006987980961165599,0.6518862450115365,0.15330672744607973,0.49816388608575973,0.7416170873768846,0.7279157608867097,0.6110625155894512,0.6456873472430256,0.6581331747917134,0.6775252778087794,0.5367528010519407,0.757649767808072,0.5646388844976682,0.8952001597073945,0.9292935239907896,0.5134816053071917,0.48600827222572124,0.4638643120838956,0.4444778999403169,0.4332080002014252
lh_IPL_L_6_1_thickness,0.8080140627655943,0.41671537382507423,0.5809580901367911,0.7778544083009771,0.76126486475827,0.22517604103325106,0.05074623474750419,0.5742774631877552,0.000737854013468806,0.14427303396739594,0.7564433093357497,0.7047411190747973,0.25145265288631846,0.4214050092025201,0.2106525312132634,0.8424009744058192,0.36690909715832004,0.5108914302456582,0.685935733514017,0.26391054238522826,0.7022775904183043,0.7305402022049594,0.4666830626314399,0.8991523675458729,0.9020504847096713,0.21577321372118732,0.6702603250568842,0.4370743363182092,0.037616224184434846,0.9524983490669572,0.7282287427465266,0.6009267339312807,0.9416481149469007,0.34855868150389346,0.021266310363170844,0.9665490731344095,0.33052127448536706,0.6059664204262869,0.9983764447043681,0.5408043339448813,0.3870340729551265,0.8542660141935943,0.7580738127904092,0.8339298708668703,0.4837939106656678,0.3996932658327005,0.6750915714651824,0.9416481149469007,0.7849736797224269,0.6771255932202374,0.7934459347652721,0.19089939549671295,0.919051416302528,0.7726816610888532,0.3563510331678928,0.5268619001212168,0.47034648854089955,0.018832626571279217,0.3192059289894498,0.7188464509158508,0.6576965895473484,0.9213208744484696,0.766317742169689,1.0,0.4265950844259319,0.39195654367773364,0.8681376353216391,0.7941394239051642,0.341834442754296,0.5628287040187869,0.5034755209316594,0.5605940788438488,0.6444414552863975,0.4433499286403357,0.30455212152396244,0.1293236631429078,0.54947090694309,0.21452740602602915,0.9300642787512099,0.8802887834064436,0.877087638724118,0.9890875069318478,0.5884811504281036,0.6187167625559433,0.7073332007784577,0.46144214165356,0.9434854041009121,0.5391699159260548,0.601559890801272,0.9979775699844249,0.8937437890610418,0.6303811579936505,0.7334453264883476,0.8415665186772467,0.49295574082847504,0.8338164398544847,0.5845105344328703,0.48879965558430694,0.9390778614434476,0.709265895885327,0.01907264040328019,0.06472188531675702,0.4237391795594434,0.0018565767874128046,0.004856645078826868,0.7224990166023675,0.5998837812244103,0.01343142587548812,0.2866765044353909,0.14944482417025137,0.8955505466326283,0.014595634911971288,0.37516359901342844,0.8346554126726509,0.5986410555072934,0.3509227594896263,0.9094039430770566,0.00025437225382069157,0.6077650294341431,0.9843353415113227,0.0002611179610521737,0.7755484561964288,0.5607333565376573,1.3203440415110192e-05,0.8801911623096195,0.7015352963959406,0.46765847546830164,0.9466513170255396,0.39766725581883466,0.00018528232716064346,0.8687715498243396,0.7530913799340145,0.9536995712849696,0.9606250544701349,0.9690751534521043,0.1366178060401012,0.9536995712849696,0.7240090513159595,0.9425734689037524,0.36797003064466366,0.12562714764552355,0.9357358468720681,0.9339659562011182,0.699475626247037,0.6870901058916792,0.8972605220353524,0.46947866974341845,0.9665229082555522,0.35443648778592685,0.3832855057609953,0.476756001248135,0.3357558531014881,0.06314456440440704,0.34129616755649345,0.9329439498932024,0.3466305397117291,0.9079830791339695,0.9505916414392783,0.9376324606760722,0.3774669247352694,0.4149448488771655,0.8698621693867847,0.7107845834446038,0.42933413833615885,0.6600228321499565,0.4602147642666127,0.47656294752142525,0.8790437977458334,0.0344045209986395,0.05446190443619152,0.00015260255473808354,0.4078117545331175,0.18186997706686597,0.7606455926895896,0.9461487225960374,0.9365852127706245,0.9145503685601569,0.37133854024495827,0.4731182912984575,0.9442148863605007,0.8362517347300427,0.9426646513013279,0.8333860224831342,0.6478295493394017,0.924977086766744,0.7759633119110216,0.7759625774368162,0.6899390506147874,0.7026115587505235,0.4566937598249016
lh_IPL_L_6_2_thickness,0.33609436348321076,0.03974902934521476,0.059504696835953816,0.17761141075530726,0.28627951537188656,0.007266303725200785,0.0005553344243085925,0.059734235855656764,1.0602647654468044e-05,0.002861214999024025,0.1275673189334028,0.23681952989700597,0.009469846675379688,0.3996206601121124,0.4987579506684543,0.3736584212221794,0.35493401533004704,0.04428650526762868,0.7958595692925932,0.9261679659538204,0.5365472140091634,0.7721027452889644,0.0670272870454688,0.64907514814007,0.3339210918903404,0.006853675229777422,0.10667462948035308,0.4514068719981839,0.00024187792148227903,0.3666081789450445,0.3338667469511132,0.28878429802614625,0.2631946253614654,0.9670492861668276,9.285800980222684e-05,0.5203300359518224,0.05861610319148149,0.8047881935726131,0.45531442090317087,0.3090291695532339,0.023110103343914414,0.33294851027306466,0.1249925927638269,0.1946866313261272,0.4024605032581235,0.025167492298508218,0.31311105668095607,0.3328770326683729,0.27539374174242665,0.0908693205651814,0.7122937901945925,0.3911674695207054,0.33972829038270913,0.6735701483483205,0.4972084866777372,0.37370608852548154,0.5046143904048629,0.0007707737805671333,0.5001166611799764,0.16502545066375338,0.12273975184957997,0.6049192946932207,0.30595556727518697,0.4265950844259319,1.0,0.4761311813135175,0.3371999092094351,0.20282344041156278,0.02352215092675254,0.07178069427154304,0.38368014669837847,0.3227370440866848,0.9209729477282456,0.04495494661282309,0.014223531020194165,0.0023267939565045056,0.05299661473656374,0.8981449178373406,0.5348129071089626,0.43861184251160557,0.4185281270774263,0.4764963244903495,0.28828383305474786,0.2639147761074186,0.6075590785155327,0.8022269099363466,0.32508085296642797,0.7058890913699489,0.12165725880391962,0.40810685658454393,0.4721141498261142,0.8773131103998298,0.46790619651559917,0.5345967845171808,0.07483611195775232,0.29347840072310893,0.06082772943967004,0.04224356720963532,0.3163633018020524,0.10059644760626485,0.00020970335885096963,0.0007488540988376222,0.031258354569070376,1.158746038499346e-05,3.8165612323520865e-05,0.10611222127299597,0.06477048559757885,0.00014175584073932237,0.014038802741961356,0.004534474734730646,0.23322305862633597,0.00015839835941534349,0.023394350387325482,0.6894237834046568,0.4874136190129184,0.500388479814668,0.6112883883748969,1.2578242542527893e-06,0.9430717945638691,0.4906387126751618,1.8348535575151328e-07,0.13179699744091572,0.45397937933561405,6.207434257064911e-08,0.6439312328563039,0.09795761284104018,0.03645209158781958,0.31263598095659945,0.9981697820221536,9.341380255676975e-07,0.6421184276598504,0.1229770769291623,0.5537427095494124,0.5432750603660852,0.5295646066650239,0.0056783083334772015,0.5537427095494124,0.10631827767586252,0.32989759533683205,0.025226445454255314,0.005485027817485541,0.5786554510048811,0.3529183311017673,0.09905263733024687,0.09356065187019912,0.6118119766860723,0.036702800457576915,0.5237581007321594,0.9738791045352226,0.026389703650252158,0.03773995278614915,0.9475636760331869,0.001097526266022194,0.5003661589121161,0.31733475238591535,0.025458310572049433,0.6441695589752645,0.5449997583757653,0.5628287040187867,0.9828633751326792,0.02924643665842452,0.6559251325408091,0.10114162398405963,0.030777262128446115,0.0867834107555609,0.034658626083970065,0.03710429907888697,0.6946065304027328,0.000828900064154696,0.0009958528633577815,1.1749833608973169e-07,0.028544598649879273,0.8171409041356748,0.830479626923207,0.2766856025145831,0.2679626774153615,0.5917994669820201,0.02547121130029297,0.03721444222028493,0.32402533683590423,0.7538654399927565,0.2660574343575307,0.6768140304424712,0.1253296846270324,0.33889997079090917,0.8134984486040284,0.6927802541698731,0.8903454659952639,0.874882222091923,0.05088403003228049
lh_IPL_L_6_3_thickness,0.7595475655193156,0.502829681756703,0.571416826327996,0.3428313586594042,0.7893701843806198,0.2021995164053661,0.21026136579767124,0.5920741866929714,0.05883690106438231,0.10685822466809686,0.5946021264086282,0.8056776409615994,0.187148188160713,0.9628026362758807,0.892715785042677,0.7271017122198168,0.6255641876108755,0.5721731294486927,0.6324716856435189,0.45303466315177804,0.10654746460333561,0.6413503035337487,0.16368352038537134,0.36023683701539155,0.2363896891842529,0.026352373706790503,0.4345149685999138,0.05330905199620735,0.005646032209745482,0.26834907430840155,0.83536557039205,0.8918396599182116,0.4751298961721169,0.38333725329896623,0.018853701887802315,0.5037170059284066,0.44306172666467597,0.5722864442779438,0.4007374711512657,0.14289796467984456,0.4972287873155786,0.20389244410271196,0.576544871744492,0.3579599079679316,0.977113636762619,0.5018301719923606,0.15615256725155519,0.568716890745238,0.7607354619933926,0.5135656894267342,0.6441696153022496,0.7444633310773894,0.24757180811074647,0.3097411046340449,0.9960437337488881,0.9583710343902883,0.03309949458868514,0.2947178948593917,0.01860778625227974,0.33130403631033006,0.6970927319509277,0.3211746787130335,0.1849560431871093,0.39195654367773364,0.4761311813135175,1.0,0.20930602179818852,0.6919307489387676,0.5168043247199128,0.4713122562594289,0.9665493374331007,0.9235174231816698,0.5519728653720823,0.39678415784222065,0.3328359902466333,0.013161907414234888,0.5836973645505041,0.35909498310606003,0.24997750181402628,0.6795963418704782,0.6854466937484817,0.45475431345890976,0.894010707520573,0.8682368954747328,0.7796337940470068,0.2953525110827353,0.5601504399008961,0.44226258243449657,0.36548083322229236,0.3662936745180207,0.18435363457862458,0.4913760979163522,0.09842667504474689,0.16720432605283234,0.4474655505426288,0.7153037749713425,0.5522207601952709,0.5340677053504215,0.5638060730840683,0.5327244145128364,0.18029885280240013,0.21103312608824526,0.5309039084008813,0.058844669622711544,0.09688612333459115,0.5574833218577628,0.5533226010143815,0.15927489689383287,0.4991123415814361,0.41857835861440945,0.56381980166197,0.16567450748895285,0.5251946716648089,0.6169394295877002,0.13556273680874564,0.020896204324709625,0.5636229905938199,0.02121393424508716,0.5420706203407288,0.4650872926343366,0.0048717979031039325,0.4861602354420136,0.06241173538684661,0.004502737301416304,0.5884085237816171,0.5276419144275779,0.5430683782677871,0.5434568946637691,0.45925742972111755,0.018373079690187203,0.6078743592052193,0.5802061005095704,0.5120717711725964,0.5016495892063577,0.48750933648720435,0.45122476016713864,0.5120717711725964,0.5434861763256548,0.565087725642935,0.521481623098721,0.45049787894126825,0.535586130504993,0.5923656097042913,0.5073090521986412,0.5189877228647006,0.5857236003290944,0.5436495248174416,0.5010728986517141,0.39533102564774975,0.524563783457197,0.5460358245282342,0.35328001201280734,0.2962118112913111,0.019653062294991783,0.5772681559807133,0.5152460516069926,0.36834103202596113,0.5278476664717076,0.544584963474247,0.414012246655523,0.5318382738934536,0.5948867603012815,0.5337646844014035,0.5355951513473532,0.5051311181999383,0.5447717225308154,0.5503395634242407,0.421833316142447,0.2950351136697992,0.2957890632361048,0.004720937133853586,0.530085229975481,0.2581197508462379,0.5416536942559831,0.49480572030462394,0.5121568217675684,0.5697886477771604,0.5221368697772568,0.5448302543770326,0.5578461841227624,0.4897986309454845,0.4804656252095949,0.6286810898031863,0.37510674708053365,0.25427901542478837,0.55108609188361,0.3331721950242509,0.5510390720038412,0.5235278882449307,0.4063185044087595
lh_IPL_L_6_4_thickness,0.5763151744303907,0.6270390788598501,0.6792387114311245,0.9280077428537961,0.5368624580850698,0.44552139361322624,0.18431939184137666,0.6447144596716555,0.0006493240062204268,0.36334396656135864,0.7239343132702618,0.4944843102294598,0.46406079363870145,0.20423038199984248,0.08050446912783166,0.6089239631850982,0.1468304859658969,0.6192457963911573,0.5459602818437076,0.1770156533616814,0.8099293952050133,0.5646349200340699,0.46014873971746667,0.7229502034833655,0.9960083893193858,0.4376432160373278,0.8320095033941275,0.5164198628841971,0.16366218954314413,0.9725334147318401,0.4902290410493003,0.36700631076462864,0.8501983485679654,0.3064795308259716,0.111148685723302,0.7567198772126981,0.44712033935512796,0.5199103207006917,0.8494873571533585,0.6741008382343292,0.5533216097448682,0.9994196678177052,0.7428405558299722,0.9362761347040974,0.26122285126631595,0.5562548735846297,0.9004751955700818,0.7579030984483497,0.5687869587844085,0.7789061669447273,0.5960736799508735,0.15435930790736124,0.9910171107211444,0.6112414802390287,0.193634150669497,0.2950755939229265,0.7105123187926408,0.02239462450725838,0.4400498357771623,0.9051974427801436,0.561185526753057,0.7761103453569007,0.9709425746080628,0.8681376353216391,0.3371999092094351,0.20930602179818852,1.0,0.634283203206625,0.5552026389281708,0.7520199138588621,0.27513231416704664,0.32398853682453443,0.4955960261052564,0.5052081081651183,0.4974208515217856,0.3441603367507888,0.6380560671901307,0.1736509436457997,0.8666087717553049,0.6462627672356499,0.643803092418397,0.8055502176868183,0.3547355599782971,0.3909928237976986,0.5153133055382646,0.44969846168646066,0.7665815018882163,0.5043049960824666,0.8111829845089389,0.8933765287191813,0.9443507270323583,0.43239104502073694,0.9258243558058467,0.8725985956080811,0.4659984576117849,0.6207916755587687,0.7035126489535164,0.665413844109749,0.7646349374315453,0.7724705631867506,0.08424513205973375,0.21957687137320422,0.619370624187196,0.013221912159144507,0.02872945879625214,0.7525631984696735,0.7099749271536643,0.06334109275270677,0.5030284580523754,0.3441346448867264,0.7720785115414324,0.06744440570099515,0.578592888195319,0.6230232744531738,0.6210563547502264,0.5163891521037318,0.6848941553928936,0.002258919161968859,0.474923898530481,0.7930440979096087,0.0038440610277443946,0.8309118464137945,0.7903381212180862,5.469563069238134e-05,0.6578346621896136,0.7747402995821487,0.6397090453041532,0.7831099180468826,0.31877076626586104,0.001613361175602955,0.6472916982645381,0.7378880191770898,0.7379992235628204,0.7485144097773795,0.7627302352071391,0.3030883021844696,0.7379992235628204,0.7666441372105866,0.761528567157786,0.5782847310440861,0.278972802746801,0.7140790608479939,0.7342599442009488,0.7919495539419388,0.7777200491701062,0.6719564268418863,0.6403341719595502,0.7569783508646734,0.3077717510264885,0.5900037538118088,0.6426656126045105,0.30384150966032647,0.19945686768979104,0.502888459859517,0.7525248077485276,0.5596303589638139,0.7289831231414666,0.7321664641645326,0.7151254669355346,0.32388460002701625,0.6102623424684159,0.6493417077013907,0.771964634490736,0.6177659071306326,0.7794462444395175,0.6303480612854161,0.6350545866601537,0.6752833471461903,0.10766675165609735,0.17540188334219675,0.0024301680097791735,0.6061522598356567,0.1677242468532866,0.5635983018694116,0.8311867120646712,0.8170929643993101,0.688989879045167,0.5809732918509256,0.641533832457355,0.7687595303020287,0.6224975179086589,0.8451865640193605,0.6211348901636341,0.8452477459833887,0.9884533281304563,0.5776182697273727,0.6003199184689652,0.51735036263262,0.5109320088333132,0.4982730300999509
lh_IPL_L_6_5_thickness,0.9523165175197766,0.6695730713204184,0.8442910493273683,0.7541332653520691,0.9744140231835208,0.28145537652021213,0.13091404330805578,0.8466131624918911,0.017798599469558116,0.16531458344845343,0.9630936015322002,0.9725031528096821,0.29685526096810433,0.7069110002953498,0.4374879595851695,0.9259784492426122,0.443164772785014,0.7815467806862257,0.48001587404045276,0.14933994498575043,0.45269589289054135,0.5257206804200285,0.46286256419240873,0.6200663347898399,0.6806814265086982,0.2033961502190471,0.7907740747459189,0.14994227326384624,0.03448843022977657,0.7236846905466865,0.944264805260324,0.8962697472930972,0.9164366821434151,0.12940056269293967,0.023025507469463476,0.7694411311067575,0.5365208530801449,0.3964747232019649,0.7806413760128366,0.3178159616769244,0.6149288563119348,0.6212955876750477,0.9542344899332676,0.7995647119869036,0.7840389618594817,0.6276568095010799,0.4443750763426384,0.9241082674156434,0.9823284564843813,0.8687718141230307,0.6027199066840445,0.47912272508306564,0.6984205758187163,0.5504766370036402,0.6555463427990958,0.8255106921889903,0.23197180839472517,0.15259415581547253,0.0836513931091573,0.7044227905263865,0.938458320041265,0.637556369049836,0.5467688135371714,0.7941394239051642,0.20282344041156278,0.6919307489387676,0.634283203206625,1.0,0.6152598740838714,0.7538257005820702,0.8034123531814839,0.8586727095027866,0.3726630730122018,0.5652327289316046,0.42392145652622815,0.12021452581167302,0.8221927097412294,0.08702659330376616,0.6393722517535916,0.8703114350639123,0.8874565318004927,0.7881924896604577,0.8849381491538946,0.9126074216234303,0.7008624781952126,0.17863094396452794,0.9259805189651489,0.3386304048393217,0.6640083840226034,0.7899735565425856,0.5989079608221909,0.4121225768449129,0.4333971253100869,0.5537658624882618,0.618112201782421,0.9751368640357311,0.8361409446394256,0.7511032209666134,0.9321108721182692,0.9020769138872194,0.08709899915041548,0.14378386017518752,0.6944958623360111,0.018743525655150802,0.036051530055461876,0.9261617339500421,0.8478397324284492,0.0716657643949616,0.5452854747768185,0.3559455289515592,0.966966186116927,0.07582528003173432,0.6455798181092897,0.6302605371337027,0.4642626875937657,0.10914766632316397,0.7027699983037408,0.005203285019361165,0.3366371182616307,0.7812965976653476,0.001097681728508861,0.8984340619405522,0.2649061237938227,0.0008152782550615318,0.6747331382149141,0.894010707520573,0.7379818651416251,0.9271240557608957,0.18159063399153252,0.0043587106077283486,0.677437173818304,0.9541668340282521,0.7440807161595806,0.7503325027947434,0.75783606745696,0.37260240807671124,0.7440807161595806,0.917578262869423,0.924752972033684,0.6406085390043043,0.36240347920447297,0.7275555314915381,0.9182107486257463,0.8768046209290801,0.8790358557789778,0.7046543890505242,0.7397990651810825,0.766014829931466,0.13569965717555416,0.6555463427990962,0.7470748198418403,0.1156214969610738,0.1924533885465347,0.10385933218277574,0.9358046143600687,0.6192543067549419,0.6278282633872438,0.7547553968058129,0.7428141220066545,0.15089100921730825,0.6866236868963659,0.6635699317492647,0.9036662325012703,0.7008395123261255,0.8512651360239223,0.73155098312197,0.7479290663999465,0.6025687414816596,0.16632855556459222,0.18449974536171887,0.0009754214299764864,0.6795979735226616,0.051580049776322974,0.48919522705177265,0.9226072044289833,0.9341487821055858,0.7211419452082506,0.6438886760305695,0.7434358054518577,0.9258293396254942,0.562830106651659,0.9186043135739546,0.6427415710356832,0.7092051530002916,0.7077378713490368,0.506599278975436,0.5487834005693626,0.41887387502899487,0.43927968903290493,0.5785180697025323
lh_IPL_L_6_6_thickness,0.4798946651069874,0.9840603694895174,0.8905400473691821,0.7301361255967818,0.5434861763256544,0.6771529409309105,0.5636840100049919,0.8717270871052989,0.05926667504444308,0.5877172060383422,0.7332548787581344,0.6043529046657721,0.6488376577382301,0.515982066719131,0.42065387597873155,0.43127357288121004,0.2102960406610473,0.9012557819245747,0.15161270427327342,0.008213876890226195,0.39971448237201135,0.15710904539746312,0.3182974635981269,0.18047321510620318,0.5322178285228589,0.5025703166114405,0.842754518044714,0.26882114775634247,0.34328308740571034,0.4604877726617747,0.5162423493508639,0.5803477558597049,0.515253031236701,0.017885931546642607,0.2846905840432805,0.2578329978734412,0.7912578630374238,0.14506439244382513,0.3141660286276977,0.49284055900834245,0.8999900966635119,0.568001840867501,0.7406489769078695,0.679596341870478,0.5355951513473532,0.8911334124639577,0.6408464037020181,0.430064138395731,0.5442940003360608,0.8401819622439166,0.1786403516958306,0.4998317678922189,0.5133753894938001,0.16149076213610733,0.5120052032819877,0.5448302543770326,0.5162951698687724,0.3265538012186233,0.31679633224793396,0.7700448446835302,0.7305402022049594,0.2181858694975942,0.6343002481755121,0.341834442754296,0.02352215092675254,0.5168043247199128,0.5552026389281708,0.6152598740838714,1.0,0.9194052986452127,0.541339252593179,0.5638579482529862,0.06717967267627095,0.6512784133980157,0.7672531708192991,0.4890822116592479,0.8874230873927297,0.005672338898739783,0.30009960273746394,0.3579599079679314,0.3765287015815955,0.2906502082955317,0.579959876987074,0.5940844475078406,0.30063698015732165,0.059414632770899097,0.43762262903117555,0.15309309442980065,0.8449679545035278,0.3662936745180203,0.4067706837391296,0.05549683389127852,0.5119674550580026,0.35626256691696245,0.5751053756775861,0.507902609642281,0.9004535655051527,0.9608637301489553,0.4477697859365978,0.8068768624797278,0.3924749518871111,0.6012576557296092,0.9838733210188338,0.1138703226609253,0.1956838393221974,0.7858335756879437,0.8897087722840227,0.33324693381744674,0.9823080168615234,0.8753088791012862,0.5537784090163008,0.3473051152954119,0.9878767168529567,0.1781986212145001,0.315326358717934,0.40139846730916146,0.20621457178077934,0.03466655181438685,0.059467252790273734,0.2791184833653013,0.026352373706790465,0.7491552266804958,0.541523882295867,0.0050284618640424415,0.19322296989706159,0.8154445879340755,0.9617312308670383,0.45030519010750447,0.020425576812022703,0.028544598649879224,0.19963480976041867,0.7443102056729479,0.23516246013362463,0.2414757750906767,0.25034127846427934,0.8687388137577019,0.23516246013362463,0.7893701843806195,0.4328663739260361,0.9976995660033711,0.8470450637877501,0.22153529997149402,0.412601987795103,0.8213598827321402,0.8304796269232066,0.21079885850913282,0.9606250544701349,0.25518889059674876,0.018127920553603016,0.9944023162921398,0.9560622268754443,0.01741476321109475,0.6565387252616868,0.39352994658167617,0.4482719463905471,0.9993209932245004,0.18237222275692583,0.242747950157578,0.23309305941574035,0.020609646829715278,0.9836207042703577,0.18845373236265592,0.8051471317868913,0.977113636762619,0.8556833112261202,0.9600398694806432,0.949351483443795,0.14768086817555492,0.5292461278675299,0.6281018141069952,0.01953183701057474,0.9864866183177502,0.004704840697967199,0.09356065187019905,0.49480572030462355,0.505462298009737,0.21923645475097803,0.9970902943028012,0.9583710343902883,0.4385613216462434,0.11914644738102267,0.5105728275843643,0.18854093246708392,0.8336883018357378,0.5087732709805834,0.10299304949782598,0.14720338575521558,0.07422166770635319,0.07055847562697795,0.6326859274223342
lh_PCun_L_4_1_thickness,0.6380023767766176,0.9689007810359789,0.9315217915258931,0.9212266489400268,0.6651243674781779,0.5686600416683579,0.36450465200508275,0.8907015111680987,0.017944519948010582,0.481533621029176,0.8702316642551372,0.6740588725226143,0.5627593186726316,0.42968788027841287,0.27966867679892937,0.6103313808177112,0.14657225115046335,0.8800046867236748,0.30161171895717404,0.02633584968856848,0.5113162099110243,0.3116740031657943,0.38414008053146065,0.32845168419805865,0.7421924481872237,0.49285188996595247,0.9839986883346417,0.2833280647371764,0.2564157499975491,0.6795963418704782,0.6280382084967727,0.5800507097123746,0.74444562457247,0.058722708629105724,0.19233638829485036,0.4601514754014147,0.7662500862646734,0.28873929247100155,0.5292410692340095,0.5488356073879583,0.8012268239497282,0.760395486151068,0.8840876613845319,0.8896153247269034,0.5027441971530567,0.7972068401001757,0.7542058635929872,0.6481693220528661,0.6796971128271816,0.9644362690118181,0.3444108881337176,0.44917885811993485,0.7278715722683115,0.2705766284044775,0.4626688318138944,0.5281310295986863,0.5361172329560665,0.16824206403278544,0.2765289040943587,0.9376639095911223,0.7616328806045388,0.3778786312398377,0.7947065206005055,0.5628287040187869,0.07178069427154304,0.4713122562594289,0.7520199138588621,0.7538257005820702,0.9194052986452127,1.0,0.5118191054482834,0.5457346288194757,0.16654480010028555,0.5829214062012615,0.6513105150677367,0.4357581903637148,0.892339538289965,0.021796378448508895,0.4747509292406302,0.5541228265355485,0.5712809004301675,0.5021478842111395,0.5686962233204743,0.5989101817435742,0.4659916285391864,0.15071394539117228,0.6570968653569427,0.2967177645075973,0.959664080951633,0.5899801801654151,0.584164805391558,0.12692386046151286,0.6333905016872575,0.5067615792632904,0.5157036783925785,0.6749487521596229,0.9565894103451194,0.968339388391885,0.6662068144137419,0.9403210214829119,0.21814174529043545,0.40443675939654283,0.947595163188552,0.04745751257338106,0.09129874546901057,0.9173135789363835,0.9546210193376738,0.17627752115270545,0.8494308993381599,0.6622568037646882,0.7603666724718903,0.18567287844739588,0.912984861669959,0.3469921303567917,0.4085386714787904,0.3626884332087078,0.3894882861742003,0.011267685224379376,0.15167549748611803,0.48761528290376954,0.01123606935813858,0.9249480068525124,0.5810947323221867,0.0009964043003802409,0.37025929676522146,0.9468331007971971,0.9445813787866619,0.6723474249372546,0.06416721603498159,0.008824747446411,0.37777850533333657,0.8840200054795164,0.43006413839573165,0.43856132164624406,0.4503051901075052,0.6528945424238396,0.43006413839573165,0.926426417883081,0.6515683646309657,0.9300642787512097,0.6276568095010799,0.4113136056581179,0.6265960980339651,0.9583710343902883,0.9577583394399258,0.3946158794314263,0.9442148863605005,0.45672517422612324,0.05926495308591883,0.9341487821055856,0.9425734689037524,0.05764441655883338,0.43114212242143657,0.35253354441723295,0.6640311197611166,0.9261536280187052,0.33414694862566574,0.43991111959250456,0.42659508442593197,0.06569280467291204,0.9380239936751931,0.3631796349152368,0.9389825903674206,0.937879928906026,0.9744140231835208,0.9337647026927864,0.9295239959335055,0.2888715016018034,0.31294144848843275,0.40249461595833325,0.007714155096306454,0.937663909591122,0.01949243521591397,0.21301489920126027,0.7226138280518126,0.7297329609261678,0.4069384304756948,0.9310933411787152,0.9434291818290284,0.6584242960648247,0.2518763931448429,0.7393859191697261,0.36045465679513,0.9704726813927802,0.7254265486186937,0.2304189511249236,0.25510208580778454,0.17892065248643346,0.16736477634925734,0.5676945996136076
lh_PCun_L_4_2_thickness,0.8495981782593154,0.5291562319165336,0.6426212330352199,0.3995510194171226,0.8862036430381823,0.23237404820070154,0.2134978734637037,0.6705947044732925,0.05883690832648997,0.12328559941225631,0.6937790572469059,0.9091903550340613,0.222999815073814,0.9802855868459484,0.8151196434731695,0.8132961311704909,0.6652001782340311,0.641418478318528,0.5680365301124211,0.3567181469009358,0.18264104706239076,0.602735396102853,0.26095968271127207,0.46617192087486353,0.3119959603250729,0.05586103039666469,0.48616023544201337,0.054048102580897116,0.008408462121559684,0.3607035783216409,0.9152186851193163,0.9738791045352226,0.5832663592455126,0.2718965394941528,0.020169083938220013,0.6005504645859691,0.4461328739790071,0.4695471692117829,0.5120717711725964,0.14602339340278764,0.5502397831286633,0.2658438725817717,0.6726356488990577,0.42867443946651784,0.9989113633526662,0.5580813192462994,0.17816393196958044,0.6779829527296932,0.8622468140596391,0.5833006406240324,0.6430719583219164,0.6460350424311478,0.3284977860188312,0.4183720837559915,0.9416476217691102,0.9990239425861265,0.05763442246195151,0.29472947617620604,0.020458711164034932,0.37467540431224344,0.8056494778399119,0.43209735779839364,0.22506243158094064,0.5034755209316594,0.38368014669837847,0.9665493374331007,0.27513231416704664,0.8034123531814839,0.541339252593179,0.5118191054482834,1.0,0.9896957909174022,0.5072959919526838,0.4796139114803522,0.37746692473526944,0.027529257003754127,0.6578388909519027,0.24753770503905762,0.3574373836243179,0.7587049061014335,0.7681989602238156,0.562149246633092,0.9753293173583603,0.9595049508323452,0.7578360674569596,0.1988630305277942,0.6702993221479496,0.3357881363610048,0.3930507641994631,0.47656294752142525,0.27228933224270135,0.5174515262521306,0.14872113806412207,0.2599862643973586,0.5478847356130627,0.8180430500375032,0.6175603614591879,0.5808385885230711,0.6742472220829288,0.6122101153533159,0.18100825186900768,0.21573668074376326,0.5698223773191889,0.05887866931412957,0.09700223215792136,0.6445073415296354,0.621100499223745,0.15970375556660424,0.5236472694547024,0.42882369984124047,0.674470278129716,0.16615163833507965,0.5606734656024976,0.6408810929469377,0.2296092511124018,0.025151861885990372,0.6306629299162678,0.021216269572372513,0.48210687342679776,0.5703754237738808,0.004877304561174269,0.5675640602194588,0.07798946691934618,0.004502747300948328,0.6389792198065369,0.6047083704383205,0.5920277177147102,0.6546516616142488,0.36044525246888715,0.018374494863199014,0.6515520000644833,0.6762968776641363,0.6027353961028528,0.5958099129176875,0.5858402282447437,0.4575213859790429,0.6027353961028528,0.627729106203256,0.6747331382149137,0.5509902797885953,0.4555219699232968,0.6169047403427803,0.6983006935637633,0.5794931184432626,0.5916614674220749,0.6456873472430256,0.5930521185009063,0.5979063573092767,0.28440834656238956,0.557145871196338,0.5972291268346566,0.2422212412731913,0.29968083391527534,0.02363094995351511,0.6870901058916788,0.5386352615764476,0.4736291631655054,0.6166466539195555,0.6266244080912581,0.3045521215239623,0.5711504584689547,0.6395636337206799,0.6137315384701775,0.5781373009941662,0.5699846054574598,0.5946193661561386,0.6042689429713648,0.5131013715000595,0.2959583118060354,0.2984075969055519,0.004723716948224624,0.5678362508095524,0.1578504693295456,0.5580530099708387,0.6050749933080285,0.6226872735525325,0.6393722517535912,0.5523114015725923,0.5951247173964078,0.6681455180870703,0.5515699737779637,0.5892230817460719,0.6515520000644833,0.41209100348226535,0.33710876906292,0.5674854075984657,0.4384603261637951,0.5335561214337736,0.5355763437311092,0.49364885759742416
lh_PCun_L_4_3_thickness,0.8781936021581582,0.5530382608158929,0.6941517509699925,0.44346492841664553,0.9209684234893767,0.2591074065575284,0.21732454360695752,0.7254376217343819,0.058836927100439605,0.13931487760212566,0.7550844367504865,0.9509351504483134,0.2537612329769665,0.961143661665669,0.7571928121860647,0.8386399666549504,0.6585126109522499,0.6919970149010802,0.5138256490046761,0.2953110922774535,0.23642969585649218,0.5576444791038542,0.32193723068275426,0.5108598075207771,0.36556740836471796,0.0821082278816602,0.5271074496198129,0.05504714441955787,0.01172635691128145,0.4205071604981191,0.9355088451788143,0.9958753075267516,0.644290057560349,0.21392282046799801,0.021861811332996667,0.6353152450371634,0.44978313889843646,0.4078931651541089,0.5665525097511641,0.1497316857684084,0.5920000815068363,0.31265857712774964,0.7333697011969429,0.47996935351673853,0.9820898632677747,0.60172757167699,0.198721294180758,0.7275555314915377,0.9017631983950878,0.6341195245125217,0.6144765344230736,0.603734024323067,0.384338363170152,0.4668868113080508,0.890731166423312,0.9929420436869901,0.08015311812175864,0.2947503125119783,0.022768187416037505,0.4104678198327935,0.8665071647818958,0.4851791328142473,0.25871172398232245,0.5605940788438488,0.3227370440866848,0.9235174231816698,0.32398853682453443,0.8586727095027866,0.5638579482529862,0.5457346288194757,0.9896957909174022,1.0,0.45988127109018717,0.5362084524911339,0.41406950162119993,0.0418139719529602,0.7107467706845673,0.1907611441381134,0.4186741236579734,0.7784219966977117,0.7907592610740578,0.6088075304314797,0.9967590922040763,0.9891608722691043,0.7197050210617613,0.15791581634999463,0.7215397238701089,0.28693191370351695,0.41786534700999867,0.5362980462922693,0.3307326847893287,0.5029791610489969,0.18885361719855465,0.31990752011521295,0.6093563958776214,0.8589087821534338,0.6661653065508979,0.6187965866508736,0.7261209645037436,0.6674591735538646,0.18197044953872513,0.22108647635916415,0.6026763294183468,0.058935960520656375,0.09718265574310188,0.7026406064275745,0.6709491361944698,0.16030932532265657,0.5461659651145095,0.4394726963740431,0.7337722660855017,0.16681976767313203,0.5911765865725089,0.6252308164996976,0.28986245935835364,0.03004389973372537,0.6415664162597559,0.021220866050800095,0.4293197389633583,0.6142440316396098,0.0048876442253307385,0.6235969301747545,0.09330450565821333,0.004502772804183222,0.6389792198065369,0.6589251951979964,0.6313446384524644,0.7085877073804908,0.2988477985243161,0.018377355155176158,0.6472907714409891,0.7370309299620215,0.6318625904140726,0.62806204130217,0.6220700423987773,0.46445693682199096,0.6318625904140726,0.6848616593769551,0.7249872359546646,0.5772374772735908,0.4611959073188625,0.6383345151884963,0.742988580209677,0.6314898234717226,0.6438886760305695,0.651769246142162,0.6326409334251716,0.632671137760471,0.22538193256032407,0.5856126100771005,0.6379049047394962,0.187378324012102,0.30375376002847615,0.028236074804404286,0.7376777871775149,0.5602695956452245,0.5174977710312344,0.6441696153022496,0.648620611082787,0.24429891327801045,0.6042689429713648,0.6359102995854299,0.6691801692099549,0.6133913292593741,0.6183370798321771,0.6344800437990328,0.6465699610794456,0.5427572929368185,0.29718329197275833,0.3015691309058333,0.004729137135140939,0.5999003521062564,0.11420421689885502,0.5383359193745605,0.6648100920788726,0.6821386147178994,0.6520662967805358,0.5790447599294191,0.6352571965308403,0.7197050210617613,0.558862490201289,0.6499905165102274,0.6353152450371634,0.44363186982648317,0.39370331007370163,0.5477683170021874,0.4823289340295241,0.49732630727974025,0.5135801407395802,0.5518873488852278
lh_PCun_L_4_4_thickness,0.5397739786684673,0.10317812840653817,0.14282458882274676,0.3294565979571191,0.4697159982277719,0.01965732492943094,0.002446359579696144,0.14002686809245915,7.80693409703672e-05,0.008519233249751084,0.2655178284490797,0.395998434351497,0.024533715919111566,0.49958893207454125,0.4996557959134274,0.5908878285672367,0.4475862392578655,0.10830674059147483,0.9306016112090734,0.7607216365080544,0.531194984678445,0.9342692337925453,0.1280491708115762,0.7912052133276964,0.5024594494140222,0.01816342860583497,0.22752719149210682,0.5001909168886841,0.0009069005995195725,0.5479847029481206,0.5171683282488189,0.43239159667270405,0.4671991393349434,0.8272987757722364,0.0003835608313199732,0.7549538884406001,0.13554618123123718,0.8801485021323887,0.6743395324587425,0.4356445395350767,0.06011584832269192,0.488936228520479,0.2624009220671931,0.3578805644173221,0.5196108394525166,0.06422734652126164,0.4467967728848109,0.5581574903013866,0.46207654710739016,0.20435565160857833,0.9087078044763894,0.3229871663581662,0.5126961106675779,0.7150533605006242,0.5521616321794154,0.5040174941964384,0.45565822817383345,0.0035449109073502536,0.4498063066955361,0.3074682844004967,0.23869439722827562,0.7485186385396685,0.45162762978498355,0.6444414552863975,0.9209729477282456,0.5519728653720823,0.4955960261052564,0.3726630730122018,0.06717967267627095,0.16654480010028555,0.5072959919526838,0.45988127109018717,1.0,0.09408077259357114,0.036288865623102406,0.006975816088408257,0.12677555911100213,0.6873477216004966,0.6716400348363287,0.670770394565687,0.6482914631049144,0.7061739371006421,0.428698783583386,0.4079539516684438,0.7857039679438587,0.7549410591177411,0.5487084245348951,0.7331943807259188,0.2427346980960974,0.6196357846009227,0.5976286812183678,0.9115105674650958,0.5391701802247456,0.6097740757360921,0.14249178587426412,0.4947433908343901,0.1469646745881435,0.10927757232204449,0.5378750277265647,0.2218298370203456,0.0011078916523468755,0.0030752226740446724,0.08503067886629763,8.375085070348975e-05,0.0002441897409663961,0.23093813675630348,0.1547181483175972,0.0007865339604607684,0.04310624021526547,0.016366015603461084,0.42819242733739116,0.0008680083750022298,0.06637696389644725,0.8989941464720033,0.41660087421906944,0.45548469844660644,0.8398406068236629,1.1250955347751045e-05,0.9972768667615973,0.7213788369513624,1.5655178346874085e-06,0.2742980746647567,0.5077443296027987,7.185870825492932e-07,0.8667110044835773,0.21717723239926057,0.09606653462636847,0.533287968382659,0.8981372030407211,8.588770732015544e-06,0.8650179844517799,0.25878540598600397,0.7858585097126682,0.7751665306694524,0.7607563834612754,0.020124367992318152,0.7858585097126682,0.23171950961904605,0.5545691142131398,0.07122411067007473,0.019526537317730637,0.8102306552527161,0.5816722261772398,0.21892564610368975,0.20928293093879644,0.8411995713145213,0.09658282867425948,0.7576977098690474,0.8388005795523312,0.07390426975853544,0.09870536939159297,0.7981029435898248,0.004735295999197841,0.4506513791024682,0.5388103902990065,0.07169976357135742,0.7952646528402454,0.7801841945179446,0.7975505393650066,0.8643852196517103,0.08027019219082643,0.8758582098591059,0.22278356812285993,0.08357737861712991,0.1967209460712369,0.0917039553470355,0.09666479893550119,0.8494915859156478,0.0037907573205216505,0.004393086814618933,1.1274046828522539e-06,0.07873133327530468,0.586931793664234,0.9706261826025058,0.48605878976359373,0.4753228491519762,0.8241007327774696,0.0717929592247116,0.09763254597754159,0.5474245013281066,0.9138900580525179,0.4713271735332295,0.8888703521503127,0.25111934210827147,0.5141588736949392,0.9671368041107715,0.7445090707900051,0.9939483203302012,0.970535600110923,0.10411512385712426
lh_PoG_L_4_1_thickness,0.40840472445816595,0.5874034392166493,0.7403463467507126,0.5322562323612857,0.472937478811989,0.8487968204837529,0.6070248768327534,0.7806137690762345,0.29099208137412363,0.6667113755531927,0.6471219816552662,0.5613447883566196,0.85755326323447,0.5368323939291516,0.5182724232780603,0.37169326129385527,0.6444708814624018,0.817480565156344,0.08745220594432244,0.04032954337588189,0.49904468984717654,0.11300302862103759,0.6561039167157483,0.36318467378663505,0.5158702350021309,0.4497120798824157,0.5728593426931774,0.056525087645213724,0.17923569906340114,0.5123389036176605,0.4239214565262281,0.5578461841227624,0.5148568521481943,0.01909679467774859,0.22767102597777378,0.3391485494609345,0.28036910640927065,0.04950237777150375,0.4246788638048838,0.14181223118581662,0.8938985126446676,0.4999158741391302,0.6441696153022496,0.5492192989596911,0.4628049945243778,0.9008326081102134,0.35686832684947895,0.4372270485626184,0.4803557742301252,0.6456873472430258,0.156812665261386,0.28666993349338077,0.5177485768905045,0.377991161884142,0.3755982018331726,0.47673690685016523,0.35721450837961005,0.5032959729655505,0.0933051112537817,0.5006744654503795,0.7384807701342669,0.40402263167610164,0.4476663658643812,0.4433499286403357,0.04495494661282309,0.39678415784222065,0.5052081081651183,0.5652327289316046,0.6512784133980157,0.5829214062012615,0.4796139114803522,0.5362084524911339,0.09408077259357114,1.0,0.944264805260324,0.34501660979118937,0.7918058216279709,0.01664946556398978,0.4676523357294077,0.3247279738487074,0.3392851814811667,0.38714465599662207,0.5700330965815665,0.583266359245513,0.16938477565108082,0.009596485125841587,0.44573802273125873,0.027614530651860834,0.45825616436205974,0.4639279703172341,0.5042573251560649,0.17484754188739202,0.4635830768243738,0.4979271395546782,0.9847787546676618,0.4536511398280522,0.7088237360629062,0.6960990866534862,0.45185291669833794,0.6517692461421621,0.5130212800036649,0.6368255592878836,0.7063198751253805,0.2979531710788546,0.3838393874480125,0.6592310955270103,0.7050492728209813,0.4821350880841756,0.7312070823047164,0.6976874020017743,0.5253464230120686,0.49030641962342314,0.735977399156872,0.18738490161869703,0.4944888560292248,0.15014861874319366,0.25953882464366185,0.166867915132426,0.07857114863473391,0.374455551090552,0.06757078712477191,0.6094200025464335,0.2951711199132007,0.06230871204535516,0.2287074751277739,0.6509150855781891,0.7373195762180833,0.4600642158024677,0.03825579118033651,0.15294119854795846,0.21929368119284587,0.6480598872064312,0.3170188766102508,0.32793834887872303,0.3424581796413018,0.6122475593667501,0.3170188766102508,0.6521293302262331,0.44057570092280846,0.6788031887097016,0.5910018208598644,0.2916127391251692,0.41489114888948886,0.6372350773205091,0.6482541186566257,0.2477269670707588,0.7384807701342669,0.33861975892195745,0.02118101336894516,0.6935894385013073,0.7429885802096773,0.014769792963618654,0.6331758520734698,0.14457140378599753,0.44777653136019735,0.630214016609989,0.36010609341657657,0.31363749471383706,0.2954965953020131,0.024619229606864374,0.7211419452082506,0.2186240918808771,0.6518862450115366,0.7323479880012418,0.6400308623999467,0.753621480363756,0.7633200121709114,0.30608713589490244,0.5608045142935225,0.6133913292593743,0.06546729588750334,0.7152831884712587,0.006606576485756984,0.16502511384486337,0.5003721111111935,0.5033157038198128,0.2668914804132601,0.6821386147178994,0.7407623001749843,0.44719156123406034,0.23696042091000533,0.5116040018316891,0.18800421496984682,0.5019051963115743,0.5183728418735917,0.16607702538409402,0.35730536096361953,0.1228971816397609,0.1572439098075633,0.9991531404076878
lh_PoG_L_4_2_thickness,0.2716892549252191,0.6983438311935481,0.7170841986236623,0.5513191715130532,0.3324424163832172,0.9485355999368771,0.7328123689180509,0.7367652776593714,0.291093002437421,0.8027053471710367,0.547383202202142,0.41777097350432857,0.940190573546692,0.44412279688835576,0.4787054497973202,0.23725522030833585,0.5386074534128229,0.7998215896926867,0.040505797924707224,0.012091743019072572,0.461966884160236,0.051890321216125676,0.5614561540680274,0.2188701533016236,0.4801588145330422,0.5514192220873895,0.607200623231309,0.1354227644444929,0.3002943262640169,0.4308455384289293,0.2933292042307672,0.42591802296167597,0.3900037557001302,0.005351909438109645,0.32480099055101497,0.19865348703216265,0.40461929535158747,0.02580490555894029,0.28261291203846123,0.26657940091936805,0.9241082674156436,0.5034570367146263,0.5526898092401087,0.5273546261616805,0.3675675739983731,0.9212974955417684,0.4796534553340119,0.2928204349926605,0.3375898991402443,0.6266244080912582,0.07480773742080693,0.2819652151752068,0.467244148461501,0.23345226527268823,0.3231278549556137,0.37025929676522146,0.4731892658008934,0.5136716778632205,0.20161470052693636,0.5602723892859632,0.6123059564522715,0.26092339506406764,0.5172842052262577,0.30455212152396244,0.014223531020194165,0.3328359902466333,0.4974208515217856,0.42392145652622815,0.7672531708192991,0.6513105150677367,0.37746692473526944,0.41406950162119993,0.036288865623102406,0.944264805260324,1.0,0.4848428683781252,0.7602155167928126,0.004236551619484192,0.34486720724487474,0.19459240354338492,0.20692340504691364,0.24259203129299017,0.43854445622039373,0.44584679817251893,0.09900142613329073,0.0052793712864033955,0.3017634673282044,0.020487815541352702,0.5656271837306669,0.33183456986651816,0.4346394857941883,0.07708774019367876,0.5020233717576577,0.4152898292424562,0.8816982098334685,0.3103732828641008,0.70245121905423,0.7452823257635363,0.30812644022836055,0.6052436526229925,0.5906844538285331,0.7724326031012532,0.77958056716401,0.3166479637789758,0.4187979881115599,0.5920777456042433,0.691612800651266,0.5455114098648723,0.8471818397259998,0.842094015571732,0.3917031806018336,0.5565647550592113,0.8197503015517422,0.09088532750075591,0.40847023367319657,0.2833595396973467,0.1368657507670745,0.17096605833925652,0.029158103053712574,0.2303049702767075,0.07435980250731095,0.5575996519094228,0.43283673133452005,0.06243396429643216,0.11619552197502904,0.6111163379463238,0.7798225608543402,0.3175514466369792,0.011707120626395534,0.15597247756209123,0.11098409191969127,0.55658008114429,0.1799478155170697,0.18888577551205046,0.20119355402395536,0.7535121849840967,0.1799478155170697,0.5925314063906493,0.29630990783351535,0.7805103309146754,0.7280728819530455,0.16012409876399647,0.2705766284044774,0.6111854950848223,0.6208148697534792,0.12943535746304316,0.7796337940470073,0.19812469649318568,0.00599098301220833,0.7861344749019779,0.778700000678766,0.004075158881681217,0.7609468431942341,0.2760600441471704,0.3035970987423572,0.7493269155400828,0.21595551260273205,0.17765412398251798,0.16356843414092656,0.007156842459994276,0.7931956917390968,0.10970763838247495,0.6040293289596368,0.7944904078744982,0.6350737600404168,0.7934202279956212,0.7907592610740579,0.16866757482190844,0.6465699610794456,0.7328006429659243,0.07001349216784516,0.7921193241472865,0.0014844333108055426,0.0729478016943427,0.3682787106604776,0.3701774620107168,0.14264129147094334,0.7818773941710235,0.7792025951082682,0.3033356212072196,0.11755110720345541,0.38478548811291413,0.09213551264826891,0.5810860256462279,0.46263764713391564,0.07399971323357334,0.21315478014977496,0.05011395052026272,0.06769503409048237,0.9311710607872463
lh_PoG_L_4_3_thickness,0.056847348660431556,0.4817919726110225,0.3271704601156366,0.3774502632847611,0.06628810038753596,0.6022267958625525,0.5349924733423363,0.3012041757480384,0.30888280123355416,0.7303355480610642,0.2150492771614358,0.08009398867028047,0.6032005954850872,0.028497971956100345,0.029308098796918956,0.05254505064445438,0.17144620100989813,0.33792612248476334,0.004797648627443313,0.00202563808522,0.3061844691785276,0.007754781504757796,0.654727975109448,0.08465172367315238,0.308016723723857,0.9705744333385823,0.3960518578951477,0.2898114900626537,0.9098793980403979,0.24325410667684821,0.04743129469217493,0.05252040991032471,0.16670293106914,0.0006554654928581792,0.7872592752145119,0.06544055257659107,0.419990295789715,0.0015376429437113097,0.11576274440958295,0.42057811304804854,0.4083877697680414,0.3583311315924648,0.2284982973426439,0.32626261876004614,0.024035779218273885,0.3966924591237068,0.4902976193316116,0.09786365447047157,0.07444287364943737,0.33063918332060976,0.013906323394389615,0.004230369516022449,0.28800680441587917,0.09461941823223845,0.01056250355934423,0.029390696550547244,0.4843618227649707,0.12000596481449313,0.3739292947435477,0.42509753146368584,0.16774670790396837,0.1099109441673278,0.4362837079257644,0.1293236631429078,0.0023267939565045056,0.013161907414234888,0.3441603367507888,0.12021452581167302,0.4890822116592479,0.4357581903637148,0.027529257003754127,0.0418139719529602,0.006975816088408257,0.34501660979118937,0.4848428683781252,1.0,0.3181821689633034,0.0005618920342623176,0.17108422186687985,0.04606444269591174,0.04917807940090786,0.08954980847627843,0.05252190296501905,0.06195778137699086,0.010271365763804666,0.00012166007288504286,0.1032650667291175,0.0002605536814889536,0.47646651754540337,0.14935465010678858,0.2609483807882316,0.020529454885820735,0.40048020186501204,0.24149330079559797,0.2732709594163961,0.07675771841612133,0.3480528306570798,0.41584024152581583,0.10549185167634012,0.2943064862809149,0.4198015906671819,0.5645083178759218,0.4444412575741001,0.39834683057245984,0.3819744470330269,0.26549078815652283,0.33894152982014925,0.3958526088206987,0.4946971339943128,0.5205914754911672,0.14542924133919705,0.39857152232197046,0.458161540778732,0.0199250088509039,0.23626490385681354,0.44555520113396035,0.0376146207755316,0.4578806201788468,0.005244196363315552,0.082763741775082,0.5391437510471976,0.2865917327635866,0.49967663763644,0.5012359858579433,0.029249374638964078,0.30340448006681475,0.40934129539058794,0.11349093824689113,0.0018328027609303805,0.46481070915360867,0.026442970492791002,0.22855019613663988,0.057156323098297046,0.061567683130727344,0.06784670271151158,0.49019424683885904,0.057156323098297046,0.27617812077203924,0.09999996109377343,0.4753213034865075,0.47541494278465557,0.047811913896601166,0.08475070464053545,0.3214559104621029,0.31977290119299745,0.03368699226300583,0.4077602947569417,0.06543989323687542,0.0007632086445361954,0.46588041408880976,0.4013545842910239,0.0004496237788060273,0.4935687312228259,0.4403210853065517,0.10110093535121094,0.4912559291015252,0.0827521749427407,0.05504636481254533,0.04843929006005153,0.0009456728677472036,0.44370303133779754,0.026827239180938843,0.292488464085113,0.4325857176565271,0.34857501462808926,0.40679735485759605,0.3921435283631066,0.05786449665396037,0.37409922527528505,0.469522440366953,0.5280063213398851,0.4489852462307009,0.0001538648339420038,0.017884796967353456,0.14944131668890737,0.14669040577638748,0.03918312263014387,0.47332492581611874,0.4045734865880425,0.10436855195888184,0.03462478588037593,0.1622884853380148,0.01962601258346152,0.4470703984438985,0.28075434496455154,0.017885266837801134,0.0827514612337393,0.01087437231747381,0.016804700349546405,0.3282047140630454
lh_PoG_L_4_4_thickness,0.653649770913668,0.8816450314210709,0.9929553854376286,0.7769508841041222,0.7260995084075944,0.5961317027475435,0.36102702039479534,0.9987825310475609,0.05885964555568341,0.42843915838209357,0.9177980622013668,0.7966046083544558,0.5981244571882484,0.6194200649540822,0.45961347276248216,0.6002930159501292,0.33212764021185504,0.9966896795833035,0.19875598342567768,0.03507553777890167,0.5188443132868922,0.2206201829138391,0.4983271607038952,0.3765654042328037,0.6497267079462873,0.4178930946319365,0.8678266481583365,0.11928468115815313,0.14427815703583907,0.62806204130217,0.6778512071266937,0.7444633310773895,0.7183548913704129,0.030188550857763837,0.11093547823659988,0.44044632995538113,0.5897182858939533,0.16724525424030848,0.5206112787633974,0.29091713068581077,0.9310345277442917,0.63597773927656,0.9177781038134245,0.7802812919287653,0.6424699964440951,0.9359916301038218,0.5137909597597564,0.6319875667182626,0.7335335716997772,0.9373760290742954,0.2679626774153613,0.5037516389039062,0.6480455414331652,0.3622290833715567,0.5654275488718932,0.6675545485509101,0.40371825726150207,0.2993303236257738,0.13011556816823117,0.7569816768405059,0.934362720199774,0.4235578502075926,0.6052436526229924,0.54947090694309,0.05299661473656374,0.5836973645505041,0.6380560671901307,0.8221927097412294,0.8874230873927297,0.892339538289965,0.6578388909519027,0.7107467706845673,0.12677555911100213,0.7918058216279709,0.7602155167928126,0.3181821689633034,1.0,0.01669847051902262,0.5020010657365779,0.5187258830194501,0.5414721383454273,0.4891952270517724,0.7432436547748895,0.7693760725328582,0.37534179685047925,0.06299333561351488,0.6412928686091348,0.15918591007205515,0.749534056844799,0.5727780460538265,0.5622682057210979,0.1658446737898832,0.5310439774265091,0.5249609211455654,0.762503166127565,0.6989752077539294,0.9814748036885195,0.96388038784996,0.6520561306936798,0.9370164117093636,0.2447017954244687,0.3937814613182825,0.9488630337737579,0.06834663594394598,0.1180157983111001,0.9387373810425256,0.9798052427618383,0.20694332881547006,0.869731104254253,0.6829537207671063,0.7607607024441834,0.21651459791882743,0.9352220100993768,0.28680570449667464,0.4873038839783411,0.19461489152757425,0.3539877282434215,0.022740714983028473,0.10939817229896334,0.47416032524147955,0.007644058916972871,0.8853095987284041,0.3774140646331041,0.004531654096514647,0.3249116894409406,0.9377809084604964,0.9747943987100625,0.6563597122583105,0.045534092605777406,0.019446377784526778,0.32504247554776183,0.921439332578503,0.4096885996780372,0.4205071604981191,0.4350213577496926,0.6622544422218958,0.4096885996780372,0.9341487821055856,0.6355233635362326,0.9130223440238671,0.6393833459560381,0.38481907775930957,0.6086941769217036,0.9272050870843656,0.9380239936751931,0.3514573077301353,0.9756943012504039,0.4378022226786887,0.031828792281815475,0.9264264178830813,0.979138136808429,0.026812750462260226,0.45255441827707266,0.1874754244308702,0.6512784133980156,0.8801911623096195,0.3774140646331041,0.4149448488771655,0.39720863463342493,0.03653545052425008,0.9505916414392783,0.3147573373646323,0.936809749027149,0.9600398694806432,0.9348641405607738,0.977113636762619,0.984361770688871,0.32297249320057253,0.3701761683952062,0.4305076425043084,0.006445646603067816,0.9455551284436424,0.008994337395513821,0.19614555914660609,0.7012900918404298,0.7122937901945923,0.36965167935013576,0.9160690561194342,0.9774475567587948,0.6425456286308573,0.2615911002995672,0.714731917808554,0.2962807987997079,0.7888300841958737,0.6493006792105386,0.20557795677423302,0.3422452276313938,0.1518897087174505,0.16975729251983612,0.786465108753563
lh_INS_L_6_1_thickness,0.16992455644746335,0.01060664378997862,0.018276828745749624,0.0696811202809444,0.14264129147094323,0.002004467274201269,8.739077781184296e-05,0.01926274908519868,8.554915849335921e-07,0.000702851095652362,0.04612844631938131,0.11618325740586684,0.0027329627156514424,0.271720818147445,0.4326446155682606,0.19029304462960825,0.2328151247561674,0.013673079873213196,0.5716402922481504,0.9669756311331001,0.44842127836483675,0.5268619001212168,0.027208768291411622,0.424680472419646,0.1676599464173967,0.0019078064131576393,0.03568476460008904,0.31342542802709167,4.515472693119969e-05,0.1861030892885857,0.17910390545428684,0.16135142133723443,0.1104914225166146,0.947730013846037,1.5622439064020723e-05,0.276237571361446,0.01766242002611852,0.6437888926695658,0.2344447317241634,0.16334835361433853,0.006751186634416387,0.1714505360391968,0.04442043736260685,0.07736247737050661,0.26702851423359614,0.007525448251686674,0.16443756930494877,0.1519195891279756,0.13289402448305418,0.029067140811751012,0.4529340916492158,0.47253169950838164,0.17016881412318982,0.5367151900398092,0.3950252166874801,0.23602261554651338,0.44954944124618396,0.00010617247116602091,0.4404290278710906,0.06425916992902202,0.050312667718586564,0.38887913175062494,0.15556959471539014,0.21452740602602915,0.8981449178373406,0.35909498310606003,0.1736509436457997,0.08702659330376616,0.005672338898739783,0.021796378448508895,0.24753770503905762,0.1907611441381134,0.6873477216004966,0.01664946556398978,0.004236551619484192,0.0005618920342623176,0.01669847051902262,1.0,0.3371747723031317,0.22849517674815617,0.21532986855644165,0.24579742205694197,0.16213294121607086,0.1420595427858147,0.40149375208345406,0.7600981788430765,0.14697065532971018,0.6404315020405452,0.04366055180375028,0.20385793182037892,0.29262887486403194,0.69600508162521,0.31866205902377004,0.37813194344828366,0.030802394310582206,0.13891499105148883,0.018241038510605594,0.01156748597797513,0.1419918400427925,0.033184237913789404,2.5378827164481678e-05,0.00012952791340518747,0.008089373833660166,9.673248684918676e-07,3.6732834052112203e-06,0.03591102370303169,0.01968451037521529,1.6117840822446525e-05,0.003188115600860442,0.0008540078923683254,0.09600005523817895,1.8273423489127388e-05,0.005823356606197593,0.42241864647888416,0.5235954767673141,0.4352691963367332,0.34819265741039107,8.174827589047795e-08,0.7263316900539829,0.2556156823644159,1.4253317987615567e-08,0.04593010582692009,0.31405971520590487,2.9954423411490195e-09,0.3773775628654913,0.03204451973681213,0.009912801283361595,0.13915902572407843,0.9207087961057416,5.876136999490874e-08,0.3778951931685132,0.04365730570040521,0.30173409664300277,0.293885448218985,0.28386485415351026,0.0010629855909052043,0.30173409664300277,0.03570971889099157,0.15000434360137913,0.006201853174783972,0.0010184776950062527,0.3211331642071112,0.16513518574890926,0.032288281562275076,0.03018264266759635,0.3498380355069627,0.010004056700501241,0.27890364130749834,0.9464089314169858,0.006575413998946844,0.010384201875016461,0.9472712827716114,0.00016918224508893247,0.4404808857800488,0.14310484137756732,0.0062163613494728275,0.41439898133485753,0.2946803813518325,0.3086143115517159,0.9329439498932024,0.007527860308555569,0.3885198996977679,0.03342171188691072,0.00805614291852215,0.027411074576898134,0.009443359317329056,0.010348678170921163,0.4505305387731472,0.00011560421548002282,0.00014791373658542956,7.808862446095122e-09,0.007289634252816635,0.9725376434941294,0.5664265989436599,0.11795452596351652,0.1133353242689507,0.3324424163832171,0.006279692664309754,0.010191063036437534,0.146266856037949,0.4922394948055161,0.11205281453010196,0.41291596495832844,0.04485240719027159,0.1687537057954933,0.5447269376037588,0.5413842026540991,0.6413902369079512,0.6339125325640382,0.019322092591139137
lh_INS_L_6_2_thickness,0.6147262970149217,0.34843595817108763,0.5170250480282989,0.6883727565871184,0.5815039088985272,0.27286124479783513,0.06398296741714274,0.5190665841656151,0.00010305024484115572,0.18674875769883745,0.6381597728154009,0.5518193624600312,0.301579063866351,0.3034332676585626,0.13578026104212482,0.6472381930466325,0.30894331554704757,0.4769338141832432,0.5906088077474815,0.36932910563296034,0.8878060763779523,0.6299519497767921,0.49087613402993757,0.955122324924057,0.885958840443473,0.26811430195865027,0.5720129843154069,0.5205310522917721,0.055731744267924134,0.931034527744292,0.5396334723004674,0.4586815576173842,0.8086634051422209,0.47391991838809927,0.032756884627953856,0.8671668208418278,0.2084357399318747,0.5245164179145176,0.9332576486429033,0.5089756669051353,0.3946003522524373,0.8534183857465295,0.6412978918395856,0.7408620906185567,0.3374771973958891,0.40642983958778683,0.6723903420310116,0.7803212132331798,0.6062565331075539,0.5815039088985275,0.6778512071266936,0.0839154765700422,0.8993096650384165,0.8959536600573088,0.2181923349193704,0.376130997094124,0.6670953339815634,0.005181094525917511,0.4776685714526398,0.6299023003577486,0.5660818596002036,0.9803496794815664,0.7588321422609492,0.9300642787512099,0.5348129071089626,0.24997750181402628,0.8666087717553049,0.6393722517535916,0.30009960273746394,0.4747509292406302,0.3574373836243179,0.4186741236579734,0.6716400348363287,0.4676523357294077,0.34486720724487474,0.17108422186687985,0.5020010657365779,0.3371747723031317,1.0,0.6945031780789828,0.6887262348457426,0.9014633338219369,0.45108461039077963,0.48085734761103194,0.5161768167096952,0.5162593550328302,0.7844749212624109,0.46354312810692677,0.501383628640502,0.9360826183411226,0.9731243229879432,0.7201376053462651,0.8626170560590595,0.9736710722747981,0.49925021908763134,0.6500742709895729,0.5142207832399261,0.4330034185225897,0.7789321446014815,0.6076328742084728,0.021992940918463762,0.08254862080685396,0.3813128464569047,0.00216724501486284,0.005621024530336489,0.6172204539742423,0.5259853021979063,0.015201437602938414,0.2732684352474026,0.15109710846341043,0.7422515734622146,0.01647255860121591,0.3479722047273214,0.7288802138625396,0.7655870431515859,0.5164336166507919,0.8082453188335503,0.0002621105925495657,0.6467056931855215,0.8958262013005651,0.0004928559060493501,0.6632810396730195,0.6792814606685308,3.8145879521847927e-06,0.7761428988389756,0.6015618683515327,0.4246276587413811,0.792365164094083,0.5120002708645855,0.0001766162522073056,0.7531528268575829,0.6374644091346604,0.8611934966354797,0.8702187202210123,0.8816843680329696,0.11949932803056357,0.8611934966354797,0.6187597223408383,0.7822278927223714,0.3284666206610849,0.10532221698554774,0.8389023190349245,0.7665027992636513,0.5995650387755749,0.5898428455838102,0.784038961859482,0.42638114527281273,0.8696972359906198,0.4783394550001624,0.3447187389160621,0.4333490624810689,0.46444270619415035,0.0697215991360615,0.5077698330641415,0.7691295505086904,0.2991076220167993,0.954471918493786,0.846488742292809,0.8304796269232069,0.4959687674780168,0.37744989332837053,0.7661269582467847,0.60880753043148,0.39193696972539804,0.566760753467895,0.42217664190398474,0.43769298354484576,0.913599797753208,0.029590684559044,0.05795306964491624,0.0002857774530592582,0.37017746201071666,0.3137370274458246,0.7681131766936168,0.8067220298081502,0.7921193241472865,0.8034123531814841,0.3320645155859583,0.42987460591688337,0.7858580965863441,0.8494651567380996,0.807921561467508,0.716805034364737,0.5501878374083748,0.9014633338219371,0.7668234764980391,0.891194799698406,0.7131327188033341,0.750997211198674,0.47740615282024496
lh_INS_L_6_3_thickness,0.9663489477831301,0.4392412176330082,0.5581346541348813,0.6785248639492252,0.920337468033585,0.11638722374203711,0.03941338025759491,0.5479181208115862,0.003577791316110655,0.060073179808055106,0.758184952722174,0.8471158289825751,0.12980218966484638,0.6663023288232768,0.4346369267571427,0.9879932294808338,0.5016700050006626,0.47218396392782297,0.7822898643094136,0.3227060020798537,0.41144893349736783,0.8288362147800097,0.33057813674085434,0.7556059650916335,0.6892405984897128,0.09266655891380743,0.6308375794770402,0.2927644344604462,0.009603189181228624,0.7461094277155729,0.927340168486903,0.7945714391979677,0.890731166423312,0.3248009905510157,0.005351909438109623,0.9413748412416749,0.43388794327615726,0.6761085006818071,0.8849381491538948,0.44879934729485704,0.3188137069893604,0.6341195245125218,0.7517017378252551,0.7259260714044189,0.7483066355094663,0.32936521063491137,0.5075836490131831,0.965499989467643,0.9252669152025512,0.6498663613980569,0.8911334124639577,0.38227459051441104,0.7087314076842512,0.6208148697534794,0.644290057560349,0.7783362315955271,0.22944786218132845,0.05486969248227965,0.16729360215619982,0.6352571965308403,0.6887262348457422,0.7430775813230246,0.5736882139286565,0.8802887834064436,0.43861184251160557,0.6795963418704782,0.6462627672356499,0.8703114350639123,0.3579599079679314,0.5541228265355485,0.7587049061014335,0.7784219966977117,0.670770394565687,0.3247279738487074,0.19459240354338492,0.04606444269591174,0.5187258830194501,0.22849517674815617,0.6945031780789828,1.0,0.9992399619010306,0.9216545855102587,0.7806413760128362,0.7918058216279704,0.9160690561194342,0.3883782346035329,0.9600391928762735,0.5629543414031867,0.57506115414229,0.8581100143369672,0.620276698664719,0.6323699237561313,0.44788320455967223,0.5583476342998953,0.39918536382609127,0.9537358778110498,0.5639221771088783,0.4770668693873258,0.9575931799981117,0.6847293629319042,0.02438436129366922,0.04413885219325385,0.415887620900789,0.0037243442678836906,0.00823199099766838,0.7055838811268396,0.5792547704491435,0.01920273131482772,0.28018152063162804,0.15256460465332916,0.9034434678809915,0.020602871932611767,0.36242633267597546,0.9077498538097012,0.3752510681169701,0.18079676424974608,0.9360826183411226,0.0008110020157267278,0.6306584568774931,0.9256699991715502,0.00012992289250171856,0.7331741823851293,0.3397396744163175,9.351674383870927e-05,0.9283922157863502,0.6758678137512356,0.4482719463905467,0.949351483443795,0.40603608548980796,0.0006587592944270219,0.9341813520091627,0.7477229252963573,0.9355088451788145,0.9333630775741136,0.9295239959335058,0.1730531526468566,0.9355088451788145,0.702666744467964,0.9633582854652395,0.373285067057349,0.16901470962765014,0.9380239936751933,0.9779824754070928,0.6691801692099548,0.6601498181774914,0.9434291818290286,0.44969195191414335,0.9389852365368411,0.3355466513642583,0.3827910612113916,0.4554465909058645,0.30016239367991493,0.06662678346155586,0.1742461982197874,0.9617312308670383,0.36842958441675516,0.7697173690644965,0.9464089314169861,0.948027064484411,0.36254119607760654,0.40375025701220146,0.9236626228618484,0.6865112233784124,0.41389828276781027,0.6331328028854393,0.43712635733831917,0.45030519010750447,0.7871346079105708,0.05817619247520386,0.06385521537085764,0.00011317937946739466,0.398867817920692,0.15886961541388325,0.7710106093390616,0.9099388617253547,0.912487425375569,0.946875853282064,0.3753417968504793,0.452554418277072,0.9589059530385863,0.8016705709423213,0.8956387281775617,0.9169910332653988,0.6042315200934529,0.7180821437927688,0.7927321356500425,0.6404662258034037,0.7120918812171694,0.7062819556965722,0.3416810078269406
lh_CG_L_5_1_thickness,0.9749196742684516,0.45748184876913683,0.5806049516749799,0.6863613855454743,0.9333630775741137,0.12431555959649707,0.04365341054129616,0.5708554713643322,0.004133434368697443,0.06459200706627918,0.7783228657226626,0.8639351549278569,0.13793935913115243,0.6734811048182884,0.43512706401064244,0.9929581157943621,0.49998591546294796,0.4944507320525645,0.7625728787064944,0.3082880376428614,0.4090705413938558,0.8097592411066344,0.33972324610221694,0.7458407633520153,0.6878255966096736,0.09788964626550313,0.6455910703289496,0.2790715103182269,0.010456492078736088,0.7444456245724704,0.937960960229496,0.8087354530990608,0.8983389925278396,0.3066997904625979,0.005919812200244404,0.9335944883306189,0.44578384206529736,0.6567033004087339,0.8803824429268224,0.43896633544131325,0.33739934025182716,0.631489823471723,0.7714913351385231,0.7339956818940626,0.7569816768405059,0.3481926574103916,0.5010632323031533,0.9700659438678327,0.9384583200412652,0.6691801692099555,0.8743758138770633,0.39149585723382474,0.7074833820161619,0.6150588558830662,0.6495164601670615,0.788417515280452,0.22338859724084587,0.060413350669516946,0.15690613205449297,0.6424699964440951,0.7108213737109443,0.7349818793681646,0.5699846054574598,0.877087638724118,0.4185281270774263,0.6854466937484817,0.643803092418397,0.8874565318004927,0.3765287015815955,0.5712809004301675,0.7681989602238156,0.7907592610740578,0.6482914631049144,0.3392851814811667,0.20692340504691364,0.04917807940090786,0.5414721383454273,0.21532986855644165,0.6887262348457426,0.9992399619010306,1.0,0.9160875237637904,0.7946795013999544,0.8072246242376521,0.9078487752878134,0.3697381077421115,0.9650024146389455,0.5471023145930619,0.5844021448895114,0.8556833112261204,0.6154044699009371,0.6163571000608921,0.44120029380775627,0.5539527986932475,0.41355843112288715,0.9644706911922364,0.5856824313168213,0.4978964693095821,0.9632525771367686,0.7044227905263869,0.027297719461122263,0.048717038712928526,0.4361592158916765,0.0042987690408704555,0.009386975187859472,0.7258730554504615,0.600992477501402,0.021590213969429308,0.29753593963478836,0.16453781886978572,0.9152308028544334,0.023135913058944215,0.3820414319798912,0.8918223746857334,0.37881489967447934,0.1707784632248287,0.9237594013866168,0.0009560965820670583,0.6079009826843549,0.9193930146680291,0.00015529522975795066,0.7495216138994314,0.3290578066310616,0.00011315716827048134,0.9145110420574211,0.6954852360770347,0.46947552340442045,0.9548875706524371,0.38657367271010745,0.0007787234542305025,0.9204263223809774,0.7677428785430475,0.9260538758820187,0.9244394695143683,0.9212974955417684,0.18576500936566606,0.9260538758820187,0.7224703433052919,0.9680695661974439,0.3924795728081244,0.18145688190586726,0.927313149286352,0.9815549446194767,0.6879173113816088,0.6795979735226623,0.9310933411787152,0.4709326575210061,0.9310303396150873,0.3172019130979,0.4023451077879481,0.4768339270229331,0.28269424230744933,0.07316850972348371,0.16438490689492677,0.9675842048151257,0.38688176081789133,0.7596966305999362,0.9373760290742954,0.9380960416320332,0.34342257825216266,0.4240262480626792,0.9092251731086775,0.7062182250503148,0.4344909482010034,0.6521883379669808,0.45836817297346694,0.4718703530523436,0.7745560907435055,0.06404551354784993,0.0701893302624771,0.00013601030718356138,0.41898397692252126,0.14791250715670912,0.7513126728489117,0.917043344221125,0.9205676611460893,0.9355088451788143,0.3946158794314263,0.47386882730190283,0.9639013503635203,0.7855491270781465,0.9031686576725728,0.9016947445784421,0.6146511951379573,0.7170367858703963,0.7730979481944507,0.6334284668981495,0.6906262948897354,0.6868593930677915,0.35626479906699393
lh_CG_L_5_2_thickness,0.8414674133680895,0.36403841208212206,0.5196980125165905,0.7143787068868882,0.7881924896604579,0.16970053134432714,0.03433458525855683,0.5158273035581619,0.0007372720856344562,0.10170338962955722,0.7141600799170845,0.7229512003308917,0.19273837989674303,0.48281116484409,0.26590562795838096,0.8789357092299515,0.42416374470187956,0.44907769896509525,0.7444668893657596,0.31196587021069705,0.6427614405171482,0.7929110161169745,0.4221812928077389,0.9131324445056959,0.842336686346336,0.1607446315649563,0.6070340812623412,0.4311012925599544,0.02282087134423949,0.9031313138529723,0.7691295505086906,0.6404079100178275,0.914720490044713,0.38170292134861034,0.012309543872298417,0.9934766980365973,0.314661059368705,0.6502041104836639,0.994303982888207,0.5247617156465778,0.32368716677121173,0.7910929939211722,0.7122937901945923,0.7725237152253004,0.544584963474247,0.33621797023203126,0.6262387326756832,0.9475950491916072,0.8061482566458418,0.6154426212294211,0.856562886072846,0.20806599578602383,0.8617967687589685,0.7804973112436695,0.4167351855131077,0.5838619344012979,0.41916225408213525,0.018577864030660207,0.30788659095832366,0.6572332036939179,0.6318987581009502,0.9203804006491748,0.7057836276738717,0.9890875069318478,0.4764963244903495,0.45475431345890976,0.8055502176868183,0.7881924896604577,0.2906502082955317,0.5021478842111395,0.562149246633092,0.6088075304314797,0.7061739371006421,0.38714465599662207,0.24259203129299017,0.08954980847627843,0.4891952270517724,0.24579742205694197,0.9014633338219369,0.9216545855102587,0.9160875237637904,1.0,0.6284396048064396,0.6511147507474176,0.7707116969445049,0.47766857145264013,0.9463059141787501,0.5615569669300774,0.5479202063590953,0.9779824754070928,0.8408458549708593,0.6904747179240829,0.6703779194653559,0.7925792618788956,0.45225146601207183,0.8532185738557128,0.5218326532157692,0.4263356457099854,0.9406452052528229,0.6512784133980156,0.013271506447306434,0.04388214111689486,0.3636645620013722,0.0012627091491276892,0.003330228565053048,0.6689542173108269,0.5377082276533667,0.009396328997406556,0.23549226997662653,0.11630058432553458,0.8773404653765339,0.01023520827496427,0.3166324431616858,0.8951080444220035,0.5508215777927217,0.3313570161964058,0.9572234207916281,0.00018379183249420925,0.6671832645384375,0.9995324320568764,0.00012025788334603313,0.7185484219163476,0.5192809444898043,1.2440322596211227e-05,0.9343627201997743,0.6424299904376161,0.4047871984211727,0.9438308069477016,0.4443750763426384,0.00013828906717631745,0.9249768224680532,0.7073113573381977,0.986626948197556,0.9903266547658811,0.994303982888207,0.11167215207620564,0.986626948197556,0.6686447582450779,0.9472712827716117,0.31294144848843264,0.10391114792444753,0.9756943012504041,0.9479460331609411,0.6385230916286919,0.6262990530831001,0.9480985946814852,0.4065379280300976,0.99345053315774,0.3894882861742002,0.32631545190435585,0.4135785043058038,0.3644197952448451,0.04597796411509617,0.3225523792193986,0.9370164117093636,0.29647012532867806,0.9231801696795232,0.9850864960312908,0.977113636762619,0.4152861082234717,0.35471387555534384,0.9257922390816897,0.6530362070156753,0.36797003064466327,0.5972594558763415,0.39720863463342493,0.4131572281019711,0.9114417859373077,0.02741107457689812,0.04018002017998542,7.133932246942584e-05,0.3482248610635613,0.2000118469023795,0.8221927097412296,0.9261536280187054,0.9177781038134244,0.961159973118433,0.3158630305560344,0.41005088427546577,0.9464089314169861,0.8863639518369502,0.9174358218652251,0.8940104432218822,0.5885829464748209,0.8687718141230304,0.8375104289626616,0.7911596679823699,0.753399940250066,0.7646715683213572,0.40336342699462263
lh_CG_L_5_3_thickness,0.8858121931579063,0.569997119462819,0.7260801682997539,0.471824770284192,0.9325073646488374,0.27782669211106403,0.22050023739284566,0.7586735984968085,0.05883695185333993,0.1511984874558959,0.7894105013073522,0.967119881937417,0.27489415932845196,0.9423478863421666,0.722866747629199,0.8442505075591737,0.6460189375445892,0.7235156208277231,0.4803904634750449,0.26106336742832004,0.26927263246468947,0.5273341412396774,0.3564002969738553,0.5290882774197981,0.39832640116746054,0.1005303866527755,0.5539353508256024,0.055944013990298073,0.014505328203938891,0.4550371509773469,0.9380690224314823,0.9994560746270378,0.6763618354762724,0.18438463706798044,0.023338148463697254,0.6468541861966242,0.45282177544140756,0.3743760659503439,0.5921670644236987,0.15281546293443746,0.6192543067549421,0.3424476486205833,0.7678836801616649,0.5117975515475985,0.9644362690118181,0.6299519497767925,0.2135729456508903,0.7493269155400826,0.9164366821434151,0.665742794183699,0.5911929752751577,0.5841161770047204,0.4179209393214089,0.48787192327822704,0.8583206796905056,0.9807653316402172,0.09625504685584639,0.2947724504564546,0.024746268598369682,0.4344909482010034,0.8983389925278396,0.5096586475431586,0.281521105645247,0.5884811504281036,0.28828383305474786,0.894010707520573,0.3547355599782971,0.8849381491538946,0.579959876987074,0.5686962233204743,0.9753293173583603,0.9967590922040763,0.428698783583386,0.5700330965815665,0.43854445622039373,0.05252190296501905,0.7432436547748895,0.16213294121607086,0.45108461039077963,0.7806413760128362,0.7946795013999544,0.6284396048064396,1.0,0.997442651336127,0.692207557516886,0.1390474866390342,0.7445769878524365,0.26351438549393547,0.43540469041440905,0.5667607534678947,0.36505049443534043,0.4864971498634477,0.2152496997166974,0.35444564756260455,0.64355056492611,0.8744938955898331,0.6967968146447199,0.6440185544657916,0.7496484769461045,0.700839512326126,0.1828359549370127,0.22542639805085554,0.6250286116470072,0.058994518093691266,0.09735846152442162,0.736888331276708,0.7021452251892106,0.1608670724535187,0.5622678938485973,0.44766650244892214,0.7637694918048252,0.16743212104084787,0.6121573424068343,0.6081594496624401,0.3244102736122348,0.03403727142741294,0.6386657172872212,0.021226016758275398,0.39630812111788727,0.6318976258955664,0.0048989113250865165,0.6572430199251358,0.10470904893205779,0.004502806157931152,0.6300378032608709,0.6919307489387676,0.6573039723036049,0.7337556984095959,0.2648138084084409,0.01838061124252509,0.6360725741748419,0.7715449089267433,0.6398132017897935,0.6379856491594696,0.6345637158064379,0.4699783309180064,0.6398132017897935,0.7188464509158512,0.7472717681274412,0.5956596360447061,0.46577965013077977,0.64157542298442,0.761217050108698,0.6636140766423425,0.6761085006818073,0.6461587052379387,0.6587463634606283,0.6442100789199317,0.1949851932598119,0.6053811279689573,0.6645894488298799,0.16012409876399608,0.3071199475800242,0.03201083567456075,0.7602155167928126,0.5758103466546073,0.535151365287191,0.6511217482604036,0.6522013781830733,0.2127803073513675,0.6267736513239812,0.6250140410568847,0.7026298489620677,0.6371120480925587,0.6488518190412651,0.6607310635806956,0.6741050669966185,0.5510390720038412,0.2982710521674263,0.3042252630153376,0.004735177105218682,0.6217952006712731,0.0938309163350483,0.5192593970060537,0.695272799254498,0.7122937901945927,0.6501879548921623,0.5977640454829548,0.6616532790489831,0.7429885802096772,0.5539265111884654,0.6816981267195681,0.6179518593721269,0.4652217986395589,0.42752795416413425,0.5286917946336807,0.4999825282854807,0.47063976488883896,0.493400607489327,0.5861595486919391
lh_CG_L_5_4_thickness,0.8998884206059197,0.590519522782781,0.755678886115517,0.5099410696437372,0.9472712827716114,0.28292818414170956,0.21109723181533144,0.7861782224564454,0.053409144023431734,0.15439930792639944,0.8253019550630056,0.9813900296160617,0.2827024202641222,0.9174929824341882,0.6835196907040304,0.857765629169587,0.620903335930146,0.7468546330895032,0.46388977252794006,0.2353284878010299,0.29847473472561725,0.5122845511296752,0.3806871085529097,0.5445033163049122,0.4361107396030732,0.1164493399102744,0.5895485043776936,0.06229567141928471,0.01671752571664566,0.492783541888444,0.9455749494337292,0.9982377788053736,0.7137933728052455,0.1649428029530376,0.02279560167829545,0.662645692570195,0.4656908150064701,0.35964274179370725,0.6197945897228632,0.16655646538580315,0.6325125138344736,0.37813645631215625,0.8047340386844584,0.5520957150455064,0.9462981821488992,0.6438886760305698,0.23782299498483797,0.776805390592944,0.9345152745317471,0.7019968531936825,0.5808725361246312,0.571150458468955,0.4560578231869218,0.5027346125624625,0.8310486071096324,0.9675842048151257,0.1129922080297303,0.28080563829083155,0.029026136158778304,0.46947552340442017,0.9220475676093998,0.5310000092469253,0.31263598095659884,0.6187167625559433,0.2639147761074186,0.8682368954747328,0.3909928237976986,0.9126074216234303,0.5940844475078406,0.5989101817435742,0.9595049508323452,0.9891608722691043,0.4079539516684438,0.583266359245513,0.44584679817251893,0.06195778137699086,0.7693760725328582,0.1420595427858147,0.48085734761103194,0.7918058216279704,0.8072246242376521,0.6511147507474176,0.997442651336127,1.0,0.6821386147178989,0.13197323746227035,0.7731965399765754,0.25816492856633455,0.46487976478446386,0.5995650387755747,0.39895584018289276,0.4719594019631761,0.2433607499079785,0.3857937934199683,0.6556802478980462,0.8951824757485509,0.7275424844536212,0.6691074435919495,0.7787379326564692,0.7379818651416251,0.17205246073856212,0.21712860351425287,0.6451945350734095,0.05363440810025894,0.08967149962865834,0.7737179565521843,0.7337443243441794,0.15054910279474515,0.5704647268212166,0.4434263070264491,0.7986627540725042,0.15692004464337458,0.6279771989509713,0.6015980769617844,0.35196783006021887,0.04037248141785117,0.64249755233739,0.018882743302421994,0.37436883679498456,0.6527524007411886,0.004268205820100754,0.6970083861879854,0.12077938687108769,0.003902575572052276,0.6293240216703564,0.7289125551707656,0.6802320314754797,0.7643255994255715,0.24089002806008136,0.016306990140781397,0.6341464249263264,0.8081355304224613,0.6522013781830733,0.6519852654570659,0.6506905493216645,0.4653137385281079,0.6522013781830733,0.7561755319704875,0.7752101467395266,0.6116879845022272,0.46024191813395443,0.6501879548921623,0.7855771007393484,0.7008395123261255,0.7126959532169825,0.6483807692864993,0.6817807971651796,0.6598933005066756,0.17477676851757012,0.622492907669563,0.6880423380306822,0.14264129147094332,0.29650340094963157,0.03802418715508002,0.788417515280452,0.5905375652498406,0.550421596147308,0.6631501851280069,0.661532052060582,0.19175427547585863,0.6460350424311476,0.622823418437157,0.7397990651810825,0.6573039723036047,0.6844360540423876,0.6828013478082225,0.6970927319509272,0.558462365752796,0.28542271782568673,0.2929258298904056,0.004116204788461389,0.6405839006747314,0.08040813576329249,0.5066280005337869,0.7309862928455354,0.7477270501911455,0.6552535036497207,0.6140328743352317,0.6848983841551826,0.7718291640877882,0.5514337859367799,0.7187314877511521,0.6116441570916807,0.4979384602033011,0.46583820180638036,0.5167363173329123,0.5120996883057889,0.452473073273369,0.47832831674415616,0.5994556684026984
lh_CG_L_5_5_thickness,0.859380548203071,0.3782969985293022,0.4190409457360771,0.5621518616764775,0.7978455233997435,0.047815453074913666,0.03008308757065417,0.39836136320088106,0.0035777459652432124,0.019766981517450585,0.5845289689546467,0.707645207312332,0.05032494479369308,0.6914064236344881,0.5889674688510002,0.8893725236532057,0.4903833832774379,0.33601491273954237,0.9217604859796567,0.4948691769584977,0.2652788904697146,0.9358046143600687,0.15863839588779008,0.609207015442471,0.543760989197778,0.025400556845674976,0.5229922366114917,0.2903638999523991,0.0015296318934261643,0.5792238676797273,0.841899543771724,0.7046543890505239,0.7124123052590015,0.49992484802018455,0.0012653175824633004,0.8188828966078334,0.4249938074831759,0.8526554169168545,0.7170367858703967,0.4397617880847713,0.2086452804549527,0.5092555068256526,0.5809055942769445,0.5875590631892418,0.7665172342838463,0.2137676161365057,0.4554419253740976,0.8080043793588751,0.7911400155496497,0.5129617852886678,0.9449302448156889,0.520641598729588,0.5559071103495101,0.46567211290066424,0.7715840041085198,0.7653163898412998,0.17212493437071869,0.054820258645398794,0.1616993531100571,0.5419243263296645,0.5104751730620954,0.5780387736586665,0.4862916155330761,0.7073332007784577,0.6075590785155327,0.7796337940470068,0.5153133055382646,0.7008624781952126,0.30063698015732165,0.4659916285391864,0.7578360674569596,0.7197050210617613,0.7857039679438587,0.16938477565108082,0.09900142613329073,0.010271365763804666,0.37534179685047925,0.40149375208345406,0.5161768167096952,0.9160690561194342,0.9078487752878134,0.7707116969445049,0.692207557516886,0.6821386147178989,1.0,0.5230681316358314,0.7989029906258582,0.7182975396008133,0.5116303759837735,0.6809717955775368,0.45850419463147896,0.6436565454793559,0.3423557151803618,0.3909936127007413,0.22449774462781574,0.8163638448922059,0.43372729749649913,0.3776798481638146,0.7950994933984311,0.5338505142861525,0.022073040904580978,0.03102573926443554,0.33068092921467634,0.0035883220116251554,0.007802474089211421,0.544921662793513,0.4453082989686432,0.017752806710966046,0.22285859282101828,0.12609143691816882,0.726896551645944,0.019002144295834817,0.28365317754050523,0.9225015523981699,0.2065414991898713,0.16882358919448875,0.8757375090327699,0.0008000856475520698,0.7647853565303945,0.7811837167474023,0.00010538729141217362,0.5797118973692105,0.30128435355778693,9.345521842444909e-05,0.8981449178373409,0.5283296658658363,0.34505509074941004,0.7825526286555436,0.5800756615938879,0.0006519611688953451,0.9159707532347827,0.5769267817480468,0.8271856681174503,0.817140904135675,0.8034123531814841,0.15597247756209143,0.8271856681174503,0.5454945624379187,0.8043642022130932,0.3060190649892165,0.15509289687861924,0.8495901751792431,0.8315835257579304,0.528642613606538,0.5188953256343944,0.8962697472930974,0.34570580711376453,0.8164932919029996,0.5122845511296754,0.3095456120310768,0.34837454670591717,0.4693068342686405,0.0566869166405523,0.16298620781976314,0.8020090099028739,0.3134469845304646,0.6252310866403485,0.8421818601321855,0.8581100143369671,0.5406338128325867,0.3178159616769239,0.9037253419771987,0.5349787556743454,0.3220616832875198,0.5036944405144724,0.33236997760698217,0.3385861498156601,0.6774674010004993,0.055227773101350186,0.05616713445929456,0.00010030955040501214,0.3158291656238129,0.3008375795932353,0.7978319667555733,0.7328006429659243,0.7357299827824773,0.8816843680329695,0.30677002618335586,0.3470269288977615,0.7970839396568505,0.7511819656370755,0.7174406178380286,0.9334730444509478,0.522625452257943,0.5627389455951423,0.8195534930665542,0.49597994337925577,0.789900225480568,0.7399425638334544,0.18064377719022126
lh_MVOcC_L_5_1_thickness,0.26909958416708213,0.0967174777232275,0.08538766646394541,0.2997783979546288,0.20912793122244028,0.0016013541204501695,0.0016187258555596159,0.06929254598742855,9.669039119075713e-05,0.0004245282324073137,0.15286895157791022,0.14966139104081594,0.0015242298212392105,0.19345980103900648,0.33614553962594934,0.3158714252016151,0.13278485320763217,0.05122466387639938,0.7394099868619437,0.6568236839210175,0.44743594432682293,0.6909951934405107,0.009685501931422907,0.5426354791448332,0.44223545529994795,0.00047128048575581895,0.20200451311145848,0.49934067435631985,8.488837581229989e-06,0.4538765031426659,0.2316209368842176,0.14399192754844886,0.3226956686470532,0.884030316005386,1.3071742173651648e-05,0.4948573569708425,0.14601903494828067,0.8432574657501758,0.4760821736903043,0.44600614195803334,0.021797197639350466,0.44841685757392796,0.15900083772296975,0.3090503737683504,0.2140640342409345,0.02204826082189267,0.4462624672418204,0.34323100606700563,0.213104571919269,0.15310373559334237,0.6222394042716168,0.5647220481683582,0.44316161036394297,0.4689660062968643,0.3326009126356059,0.19553834258280633,0.4301228491910573,0.0041597805468299815,0.43810906729134497,0.29265197259427567,0.08255566513819691,0.5316290499463422,0.4366593546594209,0.46144214165356,0.8022269099363466,0.2953525110827353,0.44969846168646066,0.17863094396452794,0.059414632770899097,0.15071394539117228,0.1988630305277942,0.15791581634999463,0.7549410591177411,0.009596485125841587,0.0052793712864033955,0.00012166007288504286,0.06299333561351488,0.7600981788430765,0.5162593550328302,0.3883782346035329,0.3697381077421115,0.47766857145264013,0.1390474866390342,0.13197323746227035,0.5230681316358314,1.0,0.34023468867850476,0.9274964187707062,0.24141469751703012,0.45630170145985277,0.5049318820087924,0.5874467560580877,0.5008056390608588,0.4990525688183016,0.015233274434644683,0.25078539616114837,0.09911564779563507,0.08314148148540607,0.33197825399985453,0.15459495186731229,0.0011105495004845151,0.0016268360545207017,0.0655095898652183,9.670193588637913e-05,0.00027073211497051123,0.14873771029733318,0.10365736389237595,0.0008249264414465756,0.03305576057724996,0.013671317796916438,0.2636389912087501,0.0009058081696813544,0.04867551988233206,0.5981079953283671,0.29133591944496723,0.44324325603391124,0.5437609891977778,1.3891769064973209e-05,0.782229051562612,0.4840698820650924,1.06866766451723e-06,0.20559514179006852,0.4994793496417008,9.359832069893621e-07,0.5641423309411746,0.15417435948502306,0.06632545625360137,0.3365784096648864,0.8122058919671858,1.0704359719405143e-05,0.5623108397001754,0.15520316620086466,0.5138331945243756,0.5090808598940164,0.5031428149111611,0.020169375847786282,0.5138331945243756,0.15554604756360102,0.3422153461785935,0.05955782241416595,0.020160337765491063,0.525956820701897,0.3503985597242484,0.16441638964159905,0.15349983220817415,0.5422736494722566,0.06635412877173823,0.49742521695134606,0.8753509545157611,0.05966205592330074,0.06647435866078195,0.902333469566248,0.00417065373277604,0.43811861874864777,0.32768986931054506,0.06524537858551699,0.5453045232007557,0.5060831373868976,0.5148170703270907,0.872521342794661,0.05993748912284877,0.5723880891122225,0.1546832850261234,0.06009531516028294,0.15252788348046856,0.06052378805432583,0.06081281528465124,0.5663657593356016,0.004161156461140909,0.004166715290584332,1.0133923555781928e-06,0.0598674284103192,0.7969321594877394,0.662161768519733,0.3261562282556143,0.3127609724348822,0.5303916765538103,0.059579340292976686,0.06641311718752758,0.3402506100564052,0.6042689429713648,0.3230116829928356,0.5890936074415716,0.24175073057207636,0.4412090175794321,0.660503755499836,0.4840698820650921,0.7100864601769282,0.6591251742408493,0.010563175171196674
lh_MVOcC_L_5_2_thickness,0.9451555033989967,0.5220964366544895,0.680483166790046,0.7951199543525062,0.9135375437492812,0.20519393750751444,0.05986218675766073,0.6702281816037643,0.003596725324409822,0.12236650377501578,0.8666464253833772,0.858374790493426,0.22674101885992584,0.5669602378829043,0.315704532796124,0.9596638093311485,0.4177599304194326,0.5942120322600999,0.660286083869092,0.21191255479847715,0.5330868969048168,0.7076450738479507,0.4411252590684147,0.7742184190969539,0.8109529831285232,0.18033666029872208,0.7442438527566916,0.29889660973548027,0.027699214834673625,0.8612515058484644,0.8889027132782084,0.7596503335813007,0.9788349681997759,0.23938353362243642,0.015704410566322366,0.9338365410254679,0.45385696222493194,0.5709099347402641,0.9366454460194606,0.4682499592645083,0.4333382698850614,0.7530136126733394,0.8640135056801416,0.8477137865080772,0.6517150505753735,0.4460428020911805,0.5815630115620186,0.9997742039449589,0.9304343721235204,0.7718928227598901,0.7812120365466482,0.33281823344305517,0.8297333396882682,0.6512483670131892,0.5227116275531613,0.6956934889018538,0.30822839707717314,0.055285031366625215,0.18030954009708913,0.7409953503372668,0.77570868398384,0.789222236471849,0.6754634955918242,0.9434854041009121,0.32508085296642797,0.5601504399008961,0.7665815018882163,0.9259805189651489,0.43762262903117555,0.6570968653569427,0.6702993221479496,0.7215397238701089,0.5487084245348951,0.44573802273125873,0.3017634673282044,0.1032650667291175,0.6412928686091348,0.14697065532971018,0.7844749212624109,0.9600391928762735,0.9650024146389455,0.9463059141787501,0.7445769878524365,0.7731965399765754,0.7989029906258582,0.34023468867850476,1.0,0.5003531390085544,0.6597352676884811,0.9356462272570323,0.7383548441579333,0.5377345302114862,0.5594573675492062,0.6730173994681758,0.5055828113533294,0.9624032458355829,0.6849438154036744,0.5865929504997782,0.9998192755870455,0.8067785959387532,0.030895903754300374,0.07092907366470488,0.5171080862262838,0.004296028704202461,0.009784353191627699,0.825060557721097,0.7009573163453215,0.023601758967413945,0.3597965376608744,0.19873481656971886,0.9787587377324203,0.02538645105281842,0.45928127362218596,0.8116981286025104,0.4890621355575712,0.20521499369936866,0.8793817044359047,0.0008740061497985819,0.5082032456474102,0.942055904478786,0.00025122835700061726,0.8546850017555525,0.39945654300273686,9.467330483379141e-05,0.8538031387862288,0.7982390883479518,0.5597388651748529,0.9992703041132283,0.2970200627005296,0.0007006922888485648,0.8532889705708787,0.860042497769817,0.9148477194294136,0.9198239459345692,0.9255545601590037,0.20625588670665615,0.9148477194294136,0.8233821449417071,0.9999182687141259,0.4614507338626767,0.19736858985672345,0.901092368132034,0.9970896176984314,0.7915101089219607,0.7825436730016677,0.8785367710583472,0.5615318067391715,0.931440481893242,0.2464438365893333,0.47562616786497325,0.5687273675531281,0.22382199309966466,0.08821406421067823,0.1974885216166915,0.9994663992460873,0.44595309370144465,0.7859566025430995,0.9222397729483437,0.9122620187766411,0.2682737832381038,0.5054378918065956,0.8436226391540198,0.8084688211176929,0.5192221547123064,0.7539057499323049,0.5493318790808142,0.565583997335791,0.7675288517751427,0.06624689625796414,0.08143682309604003,0.0001814362141270488,0.4986599968295954,0.10633098446050429,0.6700688993002257,0.9878198008878395,0.9885899321031505,0.8933808782084655,0.4645549688437176,0.5651250557506389,0.9999903166709662,0.7386411691703894,0.9813002502885153,0.8202572742112981,0.7027354031554345,0.838556916188135,0.6917943481583382,0.6568052168091578,0.59573077285626,0.6028412455433239,0.4607759068824178
lh_MVOcC_L_5_3_thickness,0.4519906981580015,0.21848787377475515,0.19986389218451356,0.44638106091546115,0.3796782035762552,0.007011994053889563,0.008333563149625136,0.17092275726744738,0.0007397244637621385,0.0021215729260398936,0.30224609733534463,0.29568901970400374,0.006033357419218766,0.30466561106821316,0.4242093666827183,0.5002878932539483,0.17920682906592697,0.13602118622269907,0.8471591569043833,0.562699837977414,0.3055232393418765,0.7983447237033912,0.015915254266205412,0.47852277786783515,0.5070663902993597,0.0009198148657605243,0.3581102732970185,0.42337280159810414,2.947235298494909e-05,0.512465811180413,0.4084184371826109,0.2734557290448828,0.4752035334499214,0.764033024600703,0.00011227647393749341,0.5846510956530184,0.29006473757900647,0.9410886782422734,0.5448062294984937,0.4994620386981097,0.06943971398337909,0.5037276140253673,0.3100759779365559,0.45433405121869674,0.35332409554064703,0.06986766656964785,0.4999667821772003,0.504117306002114,0.38451680990980486,0.3007653928590459,0.7362646371320845,0.6579478787023358,0.5085553433695316,0.3382760394516647,0.4804236161318471,0.33613616805347357,0.2810535448556617,0.018421463344155026,0.2912989167673044,0.44028282774009103,0.19115068465170038,0.47179671033732307,0.5016564754293827,0.5391699159260548,0.7058890913699489,0.44226258243449657,0.5043049960824666,0.3386304048393217,0.15309309442980065,0.2967177645075973,0.3357881363610048,0.28693191370351695,0.7331943807259188,0.027614530651860834,0.020487815541352702,0.0002605536814889536,0.15918591007205515,0.6404315020405452,0.46354312810692677,0.5629543414031867,0.5471023145930619,0.5615569669300774,0.26351438549393547,0.25816492856633455,0.7182975396008133,0.9274964187707062,0.5003531390085544,1.0,0.39685121208297014,0.5318380095947627,0.4642719020488952,0.4856969227058342,0.4260382200091419,0.4002847340738064,0.036203962694005526,0.4281348860789398,0.22263258253286541,0.1960906280125392,0.4938823712446513,0.3031833707072251,0.006068686972360195,0.008351069410293456,0.16460187821415556,0.0007397575082890243,0.0018094429135012762,0.2958715648198839,0.22987792194049317,0.004711929246964906,0.09787447870755976,0.04871174526808839,0.43033032206829575,0.005103059251509603,0.13168048804839053,0.6970723443911621,0.15454565135700551,0.29833350146715715,0.6326169085466327,0.0001342849550291817,0.7518755802416471,0.566994090715899,1.3635010835356711e-05,0.3640182234151636,0.4236550724121787,1.2112601593100824e-05,0.6572799474250658,0.3025070920380926,0.16606203337303566,0.4949572915961892,0.7097058443211347,0.00010659492470269404,0.6680894671992081,0.3050931836210883,0.5951006925178689,0.5889779225440432,0.5812542307295887,0.06650716756358561,0.5951006925178689,0.3046987183822861,0.5027294032513897,0.15335805266786454,0.06648812636507122,0.6105035720626143,0.5138140972915503,0.31533019211375635,0.30141344723614755,0.6438286645965329,0.1661116085565248,0.5846191165256769,0.7583947957374381,0.1535482124428265,0.16631887071909926,0.7743606406605466,0.01844610408845323,0.29131994793848626,0.49199547849395076,0.16413282569457616,0.4903964325259103,0.5988279423993433,0.6099099023359961,0.7630084493931453,0.15404263158235437,0.665943011573984,0.3033248967339268,0.15432180387748534,0.29981429716275715,0.15506837361225495,0.15556451278414296,0.5179897288388083,0.01842482896819354,0.018437452387967415,1.3004890135355891e-05,0.15391781947298203,0.648379347939144,0.64696005954259,0.48022482231311064,0.4710821173925747,0.6293104564388187,0.15339747514538257,0.16621341973666806,0.5000340953322986,0.5766560076992235,0.4760480587758472,0.6992469228223979,0.39746135720518666,0.5091928107964869,0.6623031664208152,0.3583155270712989,0.6861048266520977,0.6028069819921711,0.029017690854477418
lh_MVOcC_L_5_4_thickness,0.5980112659916627,0.9158218182977618,0.8060051470449949,0.9452701969749089,0.5881465257996759,0.535938781870188,0.38345820923899215,0.7479785038907987,0.007232644021443043,0.4985033362779236,0.7718871482304266,0.5577390441693574,0.5248670143210771,0.30360242784084546,0.17709227637576708,0.5967039411992314,0.08293356586058487,0.7354183689983476,0.3948939467254605,0.04299412798334642,0.5153139277517527,0.40120362963453704,0.31697463473103693,0.3597864289159966,0.7918567141972652,0.4999228848844329,0.9613958243363792,0.4254383000307394,0.32095047000580934,0.7200258631279135,0.558760763864424,0.45003620206534745,0.7405325137978309,0.10853065418625847,0.24991717671416433,0.5129992211769718,0.8000592831496027,0.38724885474460674,0.5710833590145608,0.7164273077657042,0.6708245950248208,0.8233620424667905,0.7919287945794337,0.903029596145986,0.3866560043601206,0.662888798860316,0.8798001131879549,0.652131873234126,0.6075700173120092,0.8887799635446049,0.4262921397251136,0.35995842151319446,0.7737088839790455,0.2658655676682966,0.35998599500038336,0.4111461837281484,0.6056844157193695,0.1119320556836562,0.3942140342318381,0.976476698737042,0.6080172753551754,0.4064234086838212,0.8848637700592479,0.601559890801272,0.12165725880391962,0.36548083322229236,0.8111829845089389,0.6640083840226034,0.8449679545035278,0.959664080951633,0.3930507641994631,0.41786534700999867,0.2427346980960974,0.45825616436205974,0.5656271837306669,0.47646651754540337,0.749534056844799,0.04366055180375028,0.501383628640502,0.57506115414229,0.5844021448895114,0.5479202063590953,0.43540469041440905,0.46487976478446386,0.5116303759837735,0.24141469751703012,0.6597352676884811,0.39685121208297014,1.0,0.6268513839806574,0.6200556834024216,0.15650087549321146,0.6958014493087439,0.5232755600444599,0.38355234675572514,0.6280223389767483,0.8466769277184875,0.870096439783747,0.6651407740382597,0.8569604189304395,0.232529361446018,0.42211064865892695,0.8497594575442251,0.05531660882766922,0.10268560301724951,0.8240234314327224,0.8454643521718885,0.18930939489349877,0.7640601046732254,0.618645685111739,0.7259221538513851,0.19854660815361302,0.8115985527356873,0.42498040698642436,0.3673360526065532,0.48336071054118707,0.455893067657082,0.013122355028567375,0.22740590240467765,0.535452799465223,0.018692197151618534,0.8738823426822562,0.7074916274968568,0.000643559077556844,0.441629494585274,0.8652124081957552,0.8320362803096362,0.6733776117410116,0.11154959214947595,0.009985860671369027,0.44971341543322607,0.7892028512959238,0.4873099639552436,0.4941035365733301,0.5036116018821807,0.6127135426944982,0.4873099639552436,0.8399735147982126,0.6550825496674519,0.8455436844473276,0.589876375454649,0.472577887054759,0.633674819853164,0.8881981582998543,0.8795853946112936,0.4619994422661368,0.8310753902249615,0.5099276281456215,0.10882109051549393,0.8438453943279536,0.8270828416306326,0.10796257419394192,0.42847701604226635,0.4717933113631909,0.6609454616658923,0.8577364156208804,0.36866137365243656,0.49675675378166906,0.4863138283772405,0.11821391918469969,0.8361549917731812,0.43623231534988216,0.8552893620597141,0.8309543203748195,0.9033193314700132,0.8164686868596591,0.8070277974619616,0.3315725051772985,0.30176822788454993,0.39960646344869655,0.012845596038890291,0.838350188469532,0.042484054340255525,0.28212390384162844,0.7195543484390865,0.7204937402936853,0.47123690419743647,0.8452917209235232,0.8291087089159092,0.6610698332291067,0.3088401578927836,0.7354087245654092,0.4373936486456573,0.9934769623352881,0.769705494047308,0.3033752134819931,0.2559426281167798,0.2507551606655385,0.22417784957448061,0.44073651133957426
lh_MVOcC_L_5_5_thickness,0.7884940104716962,0.44168764042207487,0.6050201295666069,0.8044908332049148,0.7440670107689646,0.2510461354217176,0.05993453668218309,0.5963055517865663,0.0007383619621503115,0.16545568317159787,0.7692283266151659,0.6907958370935405,0.27820934484970633,0.3941363862456829,0.18958315283901203,0.8218229327289208,0.34027267225438246,0.5354125824226572,0.6631212852883691,0.2462638440363245,0.725037775800115,0.705248709025574,0.4806283446126966,0.8868409968550135,0.9249506575891958,0.24150649315022532,0.6973439105742234,0.44069013989871864,0.04597688901925705,0.9690751534521043,0.7062006541477155,0.5793633293746427,0.946875853282064,0.3371573262415564,0.026536111464327043,0.9493512191451041,0.339428455277323,0.5900026466015426,0.9934134016819032,0.5498046447759428,0.4140214421633215,0.8801911623096195,0.7726980027322625,0.8581100143369671,0.45657458712083065,0.42638114527281273,0.6987120041740998,0.9325329233004835,0.769904432942158,0.7015352963959406,0.766317742169689,0.18543114303246527,0.9402945923053636,0.7628122939621157,0.3324424163832171,0.5002791153992439,0.4948057203046239,0.01901406639890812,0.32574703142005923,0.7461094277155722,0.6623944034152076,0.9150402560219066,0.793445934765272,0.9979775699844249,0.40810685658454393,0.3662936745180207,0.8933765287191813,0.7899735565425856,0.3662936745180203,0.5899801801654151,0.47656294752142525,0.5362980462922693,0.6196357846009227,0.4639279703172341,0.33183456986651816,0.14935465010678858,0.5727780460538265,0.20385793182037892,0.9360826183411226,0.8581100143369672,0.8556833112261204,0.9779824754070928,0.5667607534678947,0.5995650387755747,0.6809717955775368,0.45630170145985277,0.9356462272570323,0.5318380095947627,0.6268513839806574,1.0,0.9123287206167159,0.603243985757896,0.7606061505891335,0.8579328912601096,0.5049276701184887,0.8194170640621574,0.6098430295691856,0.5160755470769535,0.9317551422002459,0.7309862928455357,0.022591206583786105,0.07612324057909409,0.4507867964161063,0.002264174486842697,0.005857296285443832,0.7414637014500373,0.6247259239928112,0.01593608181607826,0.31113573619911516,0.16660972074233357,0.8967647912806723,0.017289298417867915,0.40187642090623116,0.807473018998947,0.6143661489660135,0.36169527409622726,0.8852237996069596,0.0003072453949842697,0.5844407180996969,0.9715503242319065,0.0003638802172687923,0.7966284168194495,0.5814601993970012,1.3864516304247316e-05,0.8542660141935943,0.7240090513159592,0.4948777990131389,0.9411594454336304,0.3806227828005977,0.00022101459056761912,0.8423628512251933,0.7677155698758679,0.9343627201997743,0.9424273412040474,0.9524983490669572,0.1500043436013791,0.9343627201997743,0.7440670107689646,0.9339659562011182,0.39370331007370163,0.13745743751982992,0.9140154499118593,0.9216545855102587,0.7232948283838818,0.7107845834446038,0.8722155367753364,0.49668056003703354,0.9493250542662468,0.34227966192310927,0.40959057262807447,0.5038674302359146,0.3260876037196716,0.07271569670532436,0.3516596444770076,0.9245916666744476,0.37072663014117835,0.8951980618545532,0.9307110212935241,0.9160690561194342,0.364194127981655,0.44202109743774975,0.843515903798723,0.7323479880012418,0.45657458712083027,0.6854466937484816,0.48739715794031646,0.5034755209316594,0.8598920739654647,0.03859283947884383,0.06255728533933125,0.000213157874095863,0.4347630135632806,0.17605911136751828,0.7333697011969431,0.9481711526116126,0.9380690224314822,0.890731166423312,0.3972086346334248,0.5002791153992434,0.9366335328880633,0.8114095919616418,0.9470967304824209,0.8061841321895191,0.6747080006410986,0.9455551284436424,0.7486874204183751,0.7631775601574,0.6633674672150949,0.675326488794876,0.47553206647628393
lh_LOcC_L_4_1_thickness,0.5421523382747482,0.45916965658090303,0.5845160564189069,0.7860767385558758,0.5101875938121077,0.3702456136576369,0.11668599005405658,0.5725213883968654,0.0001456383910834247,0.27930271694775183,0.6550806344743214,0.4831978374780579,0.3967420685069455,0.21820639732800973,0.08393142111870863,0.5744419951104154,0.21362043469279918,0.5436261916879714,0.5431553588150955,0.304844361502655,0.9186746808952398,0.5710667766185493,0.4956798246903311,0.8714645156573295,0.9494134173650517,0.36530892408536214,0.6738316300366715,0.5415248844097116,0.10427036544094191,0.9614010512986892,0.4612423494008716,0.37349923550685094,0.8020427395441609,0.43122832020307456,0.06623879397547652,0.7937895607099701,0.27660075260508554,0.5009433744663093,0.8872780079054341,0.5745238242892152,0.47895354275229773,0.9367149443222107,0.6663735290354774,0.8189283664111571,0.2546842257502776,0.4869852023343666,0.7830280150429416,0.7309454104670774,0.5396822547679887,0.6567763036772549,0.606979186643507,0.08363891660127662,0.9534426670192753,0.8050605466786125,0.16133199201792184,0.2904985854602836,0.7464059840407158,0.008013819129871017,0.5003852940010145,0.7414778894374524,0.5460253679504027,0.9131383135707398,0.8664451116019963,0.8937437890610418,0.4721141498261142,0.18435363457862458,0.9443507270323583,0.5989079608221909,0.4067706837391296,0.584164805391558,0.27228933224270135,0.3307326847893287,0.5976286812183678,0.5042573251560649,0.4346394857941883,0.2609483807882316,0.5622682057210979,0.29262887486403194,0.9731243229879432,0.620276698664719,0.6154044699009371,0.8408458549708593,0.36505049443534043,0.39895584018289276,0.45850419463147896,0.5049318820087924,0.7383548441579333,0.4642719020488952,0.6200556834024216,0.9123287206167159,1.0,0.6097843130890145,0.9423931514985137,0.9807047423473462,0.4970062989131991,0.5868076154634014,0.5919498128828137,0.5316993150074251,0.7342035799131823,0.6667047311342023,0.04624552206542192,0.144588193514622,0.48449485615792715,0.005873636737861385,0.013824007307163806,0.6615676462138179,0.6005175247367349,0.03339202417899546,0.3765012160810049,0.23603350661268835,0.7218601050522753,0.0358319022967698,0.4511502808907944,0.6503150223377748,0.7565113971314964,0.5587524084021327,0.7250353851081186,0.0008520105326358057,0.5780412699554524,0.8311023785988205,0.0015602996351265013,0.7214777674027666,0.7672711223198071,1.4624195132254326e-05,0.6933760419919479,0.664872466048817,0.5193775557023456,0.752513553744106,0.4530244388127658,0.0005900611080801319,0.6723445590664845,0.6622973292197106,0.7830280150429418,0.7938844468966209,0.8082348346414747,0.1928085200182385,0.7830280150429418,0.6690383334113956,0.7341322186359766,0.43509314641988117,0.17267106159120757,0.7575655739789359,0.709501841913684,0.6716487425071351,0.6604760102455801,0.7019414061177984,0.520680101110324,0.796038254015557,0.4336251923460205,0.4505119225530122,0.5257667792937951,0.42622546661659344,0.12469993609942914,0.5478828404820985,0.7217480358056256,0.4061939276549674,0.8711973322652871,0.7687022975846745,0.7505067072349801,0.44913019137740395,0.4797247033204489,0.6838706235851424,0.6670182336535179,0.49183340920449403,0.6492874922881281,0.515340970038737,0.5263829871188367,0.8181005950342093,0.05832784210488182,0.10632645245766796,0.0009471428348963557,0.4734520740963646,0.2808954254131109,0.6758651255315962,0.7893719391732925,0.7730979481944509,0.7215359442717468,0.438557655718125,0.5232483966471971,0.7404048478600609,0.7503688440145571,0.7985756350675635,0.6396834976032089,0.6657341748929003,0.9523341309307958,0.677154825727174,0.794209401308559,0.6287359027747867,0.6528765331380095,0.5052559699467006
lh_LOcC_L_4_2_thickness,0.5418789959267627,0.07399594982001154,0.16676439146973862,0.2577999707985306,0.49807020001938096,0.04796262157809304,0.004301283542776933,0.18076678071431676,1.0114455148552763e-05,0.023881017493743512,0.2914800140635505,0.4526855367700058,0.05870316249151735,0.5080572019911889,0.4160205490884203,0.5754079622024486,0.4986078023629538,0.14829619378868739,0.7418508328938703,0.7943724313180601,0.6534226357189288,0.7742313220391743,0.22763890096961895,0.864307860658639,0.44685947055686537,0.046570810803380956,0.1791906564163223,0.4500942974206481,0.003423595079394206,0.5130591940794029,0.5296884721680909,0.48772466272640247,0.4506038828766895,0.767789515513497,0.0015595449754458467,0.7302720475954789,0.06093801213745333,0.6461999941741388,0.6639475168839387,0.3095325631549871,0.09941443637595387,0.42137912970105673,0.28160479583845005,0.2992329937344713,0.5177485768905045,0.10686370073686619,0.3388340450961641,0.5465518886019345,0.4899242543857737,0.19487972483109903,0.7860031230400852,0.17654438455525523,0.46280499452437773,0.8904075052431919,0.46848430645698436,0.5183782367166503,0.5372805076934524,0.0007539719706128267,0.5022368049561237,0.22352181971937757,0.3135863926765493,0.8162865013799536,0.3586268765911859,0.6303811579936505,0.8773131103998298,0.4913760979163522,0.43239104502073694,0.4121225768449129,0.05549683389127852,0.12692386046151286,0.5174515262521306,0.5029791610489969,0.9115105674650958,0.17484754188739202,0.07708774019367876,0.020529454885820735,0.1658446737898832,0.69600508162521,0.7201376053462651,0.6323699237561313,0.6163571000608921,0.6904747179240829,0.4864971498634477,0.4719594019631761,0.6436565454793559,0.5874467560580877,0.5377345302114862,0.4856969227058342,0.15650087549321146,0.603243985757896,0.6097843130890145,1.0,0.5377884553779566,0.6835376029115237,0.24295792637521704,0.5082121671395845,0.15747621940077128,0.10787164510190768,0.5285644226300549,0.22274025530025773,0.0009753140338318799,0.006301652687386943,0.08467486592998047,4.489337105255544e-05,0.00015592803785258739,0.24325745066345775,0.1656984488643596,0.0005955489043326639,0.04623747428476684,0.017116375721407943,0.43134443844491843,0.0006651710732562856,0.07167986911097422,0.805544041448289,0.6431484161035566,0.5053029238353118,0.7899886078823035,3.3858796270540152e-06,0.900450351440213,0.7046543890505242,5.432942363054298e-06,0.2572272654066592,0.47171515406021697,6.717845710726652e-08,0.8004657387299376,0.21549153629593887,0.10575306798837739,0.5226163682831939,0.856239224892726,2.201856374936515e-06,0.7886932540501752,0.27962189265745424,0.7586601049086876,0.7511819656370751,0.7405244760415046,0.013092859030505288,0.7586601049086876,0.2377776330430002,0.5432032362417444,0.06446340819423815,0.011295502029338302,0.7742313220391743,0.5676129394174477,0.20741716406312483,0.20291653854718442,0.7812965976653476,0.10672238446773774,0.7336981176925902,0.7804177413790332,0.0702040665902984,0.11067802316111736,0.7376797911449893,0.005109071748004635,0.5050565620072454,0.5305338435857092,0.05573560925863005,0.8591832796751144,0.7481979522716876,0.7591850115630709,0.7988772380526797,0.0833202138895992,0.803964278006494,0.2242119771301383,0.08989018768417606,0.1821154359698215,0.10545172820694781,0.11460052376997118,0.901063362001659,0.0018160108017086683,0.003976284935160923,2.729480807988197e-06,0.08020968613599774,0.6040563576481269,0.9350432911152692,0.4724363493566274,0.46508729263433657,0.77369067001572,0.06569412701234809,0.10868449533947369,0.5364304519106469,0.9265674286331482,0.4556596434743536,0.7912084025465538,0.17427714596620733,0.46570587374456385,0.9178431004621868,0.9099388617253547,0.9350392215392654,0.972931004633899,0.18983154996574406
lh_LOcC_L_4_3_thickness,0.36851980864069445,0.5531444954611382,0.5570342125252514,0.7805114369065582,0.3390046981060044,0.4780395044867546,0.2324251378946117,0.5278237659364353,0.00016127640605669745,0.41629050055849526,0.5394214785861583,0.3175603035428224,0.48977249639117865,0.1098707440664137,0.03498646681916258,0.399910807344506,0.10282176897771922,0.5286739953090874,0.46379680019719016,0.31326688303291583,0.9283715305883748,0.4770526186667088,0.4160800184342379,0.7375807530833356,0.9014435014694773,0.475330137313537,0.6866579567940105,0.6157522925076241,0.21576036357306544,0.868106589110103,0.29741375457876784,0.2221150114010929,0.6483649932982753,0.44748756031601844,0.1535648416602016,0.6242425883188326,0.3604430277930713,0.446403174482751,0.7244040862187587,0.6622311195157479,0.5173324634485286,0.9289956899808862,0.5587001336159306,0.7736650178781272,0.13771259767243468,0.5161367677586566,0.8826919683702315,0.5509911568020032,0.3660561135568621,0.6232189685011322,0.48984448758383525,0.060085810553302414,0.8905504531229351,0.6971414271423588,0.08720772669153021,0.16162714484117982,0.900446010555565,0.014598705663362181,0.6294764494252394,0.7737754923329494,0.4132632985946879,0.7807414025591533,0.9184602099816035,0.7334453264883476,0.46790619651559917,0.09842667504474689,0.9258243558058467,0.4333971253100869,0.5119674550580026,0.6333905016872575,0.14872113806412207,0.18885361719855465,0.5391701802247456,0.4635830768243738,0.5020233717576577,0.40048020186501204,0.5310439774265091,0.31866205902377004,0.8626170560590595,0.44788320455967223,0.44120029380775627,0.6703779194653559,0.2152496997166974,0.2433607499079785,0.3423557151803618,0.5008056390608588,0.5594573675492062,0.4260382200091419,0.6958014493087439,0.7606061505891335,0.9423931514985137,0.5377884553779566,1.0,0.9273239135473935,0.40649168642762634,0.4092561976620042,0.5785060794076742,0.5735947339725668,0.5557869610848302,0.6057166772849669,0.11431719698351019,0.27126100822251054,0.5516906561713214,0.02123823449650319,0.04324968825958767,0.5803892680938416,0.5794547096306129,0.08824405264857274,0.48789402259699705,0.37190948464315593,0.5589037274591587,0.093315774823677,0.5313415719960326,0.5211398040166461,0.7263207636788682,0.7131195555716998,0.5717054217813051,0.004065221076946767,0.5309696588291446,0.6606447846534773,0.006975858510943872,0.6500972969407541,0.9099388617253547,0.00010480512112624635,0.549161166672276,0.6106701159639709,0.5583813110712915,0.5762235932581399,0.45521173538019927,0.0029469796898578785,0.5298717017572547,0.5550846175347415,0.617929640145267,0.6274000570361675,0.6403770013626184,0.3202005318959018,0.617929640145267,0.5947296179935835,0.5545691142131395,0.5283908193777768,0.29478035677315123,0.5967815713860275,0.5280477659328789,0.6299150694029789,0.6186270918841986,0.5503949597690798,0.5584263398275807,0.6269864097472799,0.44827409768454973,0.5359248771520957,0.5584263398275807,0.44590665437420984,0.2415466596688404,0.701297704161762,0.5423936684992672,0.5126968556860636,0.7345306005423603,0.602311331836138,0.5872739540933956,0.4593797374045038,0.5470098223496175,0.5431667688389723,0.6046818099029418,0.5501517963222174,0.6295514200466495,0.5530524952947521,0.5524853985994108,0.6848983841551826,0.13285392808124008,0.21428997802829822,0.004531474714883806,0.5450207324139283,0.31521473274521683,0.5790093061801249,0.6270291557518045,0.6094622131114035,0.5647401277681279,0.5301751387820353,0.558462365752796,0.5617553852262598,0.6286504102298706,0.6425813435610024,0.50898297275977,0.7170529506225206,0.8836611779257417,0.5755199276883907,0.6837750184921201,0.5550334224071471,0.5715515480554676,0.45200541073230294
lh_LOcC_L_4_4_thickness,0.4909907361534426,0.39496661446422965,0.5373122992441235,0.6915955485225092,0.4695752234498756,0.35005201857804663,0.10289814117087706,0.534652548941713,5.0794137567071445e-05,0.25928915598577207,0.6011083198025574,0.4560371221928542,0.3777493636484047,0.21662879427952278,0.08436290801333954,0.5171030987939929,0.2315273605275617,0.50920378106576,0.4914293715035653,0.3940162636437223,0.9663536687839362,0.521719647202408,0.4989170713611097,0.8948809063212992,0.8779882866234996,0.34593431019269955,0.5884811504281036,0.5349099664226923,0.09256298241136374,0.8999154398064708,0.42114423623788855,0.36052712725698693,0.7298238665451615,0.4943192130356477,0.05786807042282224,0.7471215024771827,0.20521992663401,0.44469616906195014,0.8402454680140468,0.4998247986373916,0.45253440064882466,0.8632827319963744,0.6089249538079324,0.7290182356710035,0.24166960820366643,0.46156486260970786,0.7006481532726133,0.6661018791260689,0.4959092837879043,0.5883367020320834,0.5569147881571429,0.05216606190551133,0.8841161294614917,0.8816717258036262,0.14233089664444348,0.27623132086200836,0.785745831140662,0.0044175341437348425,0.5464483628864419,0.643424142952004,0.5231037333528111,0.9287194981739195,0.7829714335259105,0.8415665186772467,0.5345967845171808,0.16720432605283234,0.8725985956080811,0.5537658624882618,0.35626256691696245,0.5067615792632904,0.2599862643973586,0.31990752011521295,0.6097740757360921,0.4979271395546782,0.4152898292424562,0.24149330079559797,0.5249609211455654,0.37813194344828366,0.9736710722747981,0.5583476342998953,0.5539527986932475,0.7925792618788956,0.35444564756260455,0.3857937934199683,0.3909936127007413,0.4990525688183016,0.6730173994681758,0.4002847340738064,0.5232755600444599,0.8579328912601096,0.9807047423473462,0.6835376029115237,0.9273239135473935,1.0,0.49884797437158807,0.5346204508028047,0.5375957307529973,0.4765797101016974,0.6688691837693809,0.6019834213539412,0.03920288599001819,0.1288677191505989,0.4339647677882168,0.004743528414300173,0.011367147768944182,0.6018889182131134,0.5456077212959574,0.028014946312531264,0.3377107674846013,0.20888986834659717,0.6567155573817556,0.030111831833432877,0.40685858722263735,0.6056668487546102,0.8402761895814699,0.5984618694057875,0.6824770751866786,0.0006611214252019086,0.5943282430382119,0.7841785166518634,0.00124318117078096,0.6466127011998775,0.7472595689645644,1.0073955842033294e-05,0.6502086775817306,0.5991968481453401,0.4712959545822343,0.6861560769327184,0.518988945204,0.0004539230042090094,0.6250507885803543,0.6058156165159703,0.7404976035118415,0.7511895825550573,0.7652317513559217,0.16435732239760864,0.7404976035118415,0.6062601494320142,0.6690912774027353,0.38510003105884394,0.14538923123938272,0.7152039765376799,0.6457841382919988,0.6014331193432054,0.5931217614982957,0.6554452054375963,0.47272420188687364,0.7502419753532281,0.4970617094102032,0.40098931549257666,0.47832831674415616,0.48856393124274017,0.10876882429317451,0.5902031327275961,0.6570880166252924,0.3532546959393332,0.8892169902731355,0.7225188017765581,0.704428478104882,0.5087539691951573,0.43154069612256885,0.6407680009686226,0.6024893500499557,0.4444133506909762,0.5791111293283402,0.4698771388495837,0.48212837740840475,0.8375693982764467,0.0482323189269839,0.09180435128946962,0.0007471991184790297,0.4249248358113169,0.3644905307405072,0.6844578334822162,0.7191244787727767,0.7036449338616343,0.675326488794876,0.38865770347170747,0.47554830869091513,0.6749500341397272,0.7627467786601317,0.7268759575055774,0.5911879845154003,0.5704988529069481,0.8829916830800681,0.6762008444724559,0.8684615477405448,0.6431582915247397,0.6880423380306822,0.5008658350355961
lh_MeanThickness_thickness,0.48155642150616546,0.5117399559527896,0.7070550218851647,0.4816536787442875,0.5441890985132508,0.7767417551505953,0.5619878117352555,0.7575667085479971,0.2923836164361583,0.5943483801043314,0.6587395714615532,0.6290469698951947,0.7889246463042701,0.6016835390733382,0.5538630451323662,0.44552532794733923,0.7162924001102261,0.781521301583715,0.12881806584014205,0.0682635960597035,0.4738816722072612,0.16324838030538008,0.6663206390846546,0.43009696015139853,0.4898159929045679,0.3771176817044347,0.5163483590710558,0.03382635543430584,0.13709868811594822,0.512357336935493,0.49780860250875036,0.6313362303513107,0.54796272609361,0.03451242945209232,0.19841398182934983,0.41126619888020544,0.2345754097925353,0.07354542121183413,0.4799116616416632,0.09659305557308667,0.8386158535197399,0.45585920671821295,0.6499531936298768,0.5160889409604559,0.5285721276405033,0.8491393464945265,0.2816632895051554,0.4990939190040461,0.5495750726197024,0.6106917504626249,0.21808424487839673,0.29141540732923993,0.49944027187940165,0.44152036024324165,0.41935750237095715,0.5463988313447803,0.282432449341118,0.501448025595872,0.05757659824387694,0.4364065853980008,0.7720242567408593,0.4617339610812252,0.38099096232052093,0.49295574082847504,0.07483611195775232,0.4474655505426288,0.4659984576117849,0.618112201782421,0.5751053756775861,0.5157036783925785,0.5478847356130627,0.6093563958776214,0.14249178587426412,0.9847787546676618,0.8816982098334685,0.2732709594163961,0.762503166127565,0.030802394310582206,0.49925021908763134,0.39918536382609127,0.41355843112288715,0.45225146601207183,0.64355056492611,0.6556802478980462,0.22449774462781574,0.015233274434644683,0.5055828113533294,0.036203962694005526,0.38355234675572514,0.5049276701184887,0.4970062989131991,0.24295792637521704,0.40649168642762634,0.49884797437158807,1.0,0.5222856977016509,0.6678844961182496,0.6341925134150951,0.5108277841005483,0.63044971820301,0.4917079105004434,0.5845444430537583,0.6375301645364964,0.29564901961388385,0.37723724491398825,0.6494673014505654,0.6672680317549998,0.4662353781834623,0.6551172131788275,0.6292598597053327,0.5676370508385711,0.47334487616727006,0.6647073736206282,0.2548402911566715,0.4976623931576098,0.0991739123036161,0.33395815241245913,0.16738450332931898,0.12171695465059366,0.44181182109325595,0.06706285298950737,0.5911609219126138,0.22191100720712936,0.06288683848143925,0.30122590790844417,0.6260732131604543,0.6775245423387439,0.5159119520015502,0.06482589561260131,0.15358737736443362,0.29067130397001945,0.653827559676966,0.3907462010786949,0.4008892031859552,0.41403798820293847,0.5524829418468432,0.3907462010786949,0.6380067349921043,0.5016518173343252,0.6041928425736518,0.5356666064119631,0.3663358134524301,0.4813177040513748,0.6055921043640329,0.617236818948903,0.3214638702064472,0.6791333814034337,0.41074273809373846,0.03794803060925783,0.6205259386460078,0.6854876482018999,0.027232664201232677,0.5861685101479877,0.09491499336351415,0.5084076296074517,0.553886840879932,0.4276236944690077,0.3876521854428888,0.37016435200951997,0.04345526134971714,0.6526518803401886,0.29019697759549823,0.6312779483850391,0.6665238025495436,0.5986950654029206,0.6947205993942995,0.7087459982134382,0.37984490715596086,0.5353839974953043,0.5716354966283361,0.06536687132581757,0.6456057448515509,0.013217845889627464,0.2308775509177449,0.5410579265375969,0.5451672683314785,0.34145719992910495,0.6078297972174309,0.6823270271697117,0.5066162298169582,0.31104941439189615,0.5466551684700822,0.25519813107009537,0.4323387073788878,0.5029395321734984,0.23191629779187864,0.424861903260841,0.179759515094845,0.22207142815947217,0.9910025160436087
rh_SFG_R_6_1_thickness,0.99440231629214,0.5772826264465322,0.7305195328135967,0.719605084546546,0.9885305324183675,0.1940621075665422,0.08410724580031034,0.7273460882645046,0.010393108248592221,0.1061686546670262,0.8949892878153816,0.9540957330636765,0.20841495401276022,0.7167977294553164,0.4472082300248686,0.9859796623907928,0.483293420286916,0.652759894920772,0.6112346487708206,0.2195951193938837,0.4103991340059226,0.6601900066025446,0.4032054587955549,0.6753870700492602,0.6690504227792065,0.14154754440243553,0.7276377458270011,0.1925810740644822,0.018834291018062166,0.7220037378831071,0.9758451715939462,0.8877449240233442,0.9192410232190373,0.19884352212903422,0.011939095677638494,0.8537630038196635,0.5085905313351827,0.5123608110685192,0.8284395237710435,0.3618070479873708,0.48132425922257016,0.6075953990948784,0.8856897727863717,0.767553049009987,0.8018823973041365,0.4935218659823337,0.4511878235598765,0.9643090361158481,0.9940074469236453,0.7853150208446859,0.7357068760082568,0.45358346591188303,0.6889388155623386,0.5786577892086167,0.6771427412739919,0.8402454680140471,0.20246927790284214,0.10964765676169613,0.10066926070074494,0.6720227870716093,0.85295771424639,0.6770261789051675,0.5383170615068595,0.8338164398544847,0.29347840072310893,0.7153037749713425,0.6207916755587687,0.9751368640357311,0.507902609642281,0.6749487521596229,0.8180430500375032,0.8589087821534338,0.4947433908343901,0.4536511398280522,0.3103732828641008,0.07675771841612133,0.6989752077539294,0.13891499105148883,0.6500742709895729,0.9537358778110498,0.9644706911922364,0.8532185738557128,0.8744938955898331,0.8951824757485509,0.8163638448922059,0.25078539616114837,0.9624032458355829,0.4281348860789398,0.6280223389767483,0.8194170640621574,0.5868076154634014,0.5082121671395845,0.4092561976620042,0.5346204508028047,0.5222856977016509,1.0,0.7281761554634583,0.63888258876367,0.9653308376522921,0.8216338937623708,0.055869326388527096,0.09218600285037842,0.5780643654281812,0.010776695835254741,0.021699340639666137,0.8466797601012078,0.7421262190397886,0.045434851226059655,0.42898461641750646,0.26286117605524173,0.9621449196291101,0.048290201000101673,0.5244383276336779,0.7589019204590869,0.41421152343919176,0.11830376935883231,0.8138153004193192,0.0027608196499927795,0.45504782684536127,0.8515128346527282,0.000503981012792131,0.8387803512457052,0.2685521857319406,0.00038936428785884056,0.7943109246404448,0.8125909123373325,0.6173657409735334,0.9571117620562097,0.26679708115972334,0.0022896277513791553,0.7995476446660603,0.8840099385118618,0.8361165584616945,0.8383679512279908,0.8403777870851887,0.28612778513021875,0.8361165584616945,0.8395419539200882,0.9634882833162639,0.5284508480670085,0.2794751887280995,0.8284395237710436,0.9679203624973569,0.7984527038182426,0.7962347644926504,0.8194170640621576,0.6190526018683555,0.8504341378322308,0.20741575832158454,0.5408884478093566,0.6258505179355535,0.1796627424874951,0.1319717933383952,0.11294114028837089,0.9704106272079254,0.5156767390387589,0.6862978727099395,0.8484577573856275,0.8428012725425484,0.22777757585074768,0.5675640602194585,0.7856054014432581,0.8234366547862655,0.5801387120914001,0.7671741214328618,0.6081521755852781,0.623596930174754,0.681997040692931,0.11659942665463927,0.1271095547471051,0.00045314896696486626,0.5614370957405973,0.08729500676796755,0.6100609392631471,0.9330856507915771,0.9425576483488858,0.8303101124086998,0.5311609576392028,0.6224416327176243,0.9616376746017768,0.6669951701700082,0.9231607734335621,0.7713518955251706,0.665929641046608,0.6991308776504536,0.630059757668164,0.5872033672279195,0.5415399443174073,0.5526898092401085,0.46986697442736597
rh_SFG_R_6_2_thickness,0.6837750184921201,0.924977086766744,0.9967987839003329,0.8610776798989657,0.7387073470718533,0.5633462817449316,0.323759700730862,0.9828079882957332,0.03388555586933377,0.42301390999025573,0.9400209810391768,0.7824085477877499,0.5664681233774049,0.5512632271234992,0.3790309185097022,0.6391841347236605,0.2513760856942722,0.9696816545205573,0.25005267352149263,0.03206194211270458,0.530696266572636,0.2685032585831794,0.4698153396232359,0.37636528955358356,0.7106345703975495,0.44117464905618103,0.9417267820757631,0.16945768024992097,0.16713772354871526,0.6762220637396477,0.6921927401380248,0.7036223217387947,0.7679749470454539,0.0408617313352084,0.12153777791162054,0.47335842975991405,0.6592337004550194,0.2242583192089569,0.5523597734426398,0.3802718004436737,0.8798548978014167,0.7042041715646179,0.9453721269618094,0.8554011835755746,0.6037384836817486,0.8826656696752917,0.6067222242174126,0.675402169900263,0.7502833636192863,0.9823769581640711,0.3131280870473822,0.4925926396840379,0.7054524100628404,0.3439800495414366,0.5366959109583106,0.6320090285726069,0.4465873776679444,0.22674769509936615,0.16768781360245236,0.849595841036622,0.8979227260646232,0.4264248572392002,0.6900060944968058,0.5845105344328703,0.06082772943967004,0.5522207601952709,0.7035126489535164,0.8361409446394256,0.9004535655051527,0.9565894103451194,0.6175603614591879,0.6661653065508979,0.1469646745881435,0.7088237360629062,0.70245121905423,0.3480528306570798,0.9814748036885195,0.018241038510605594,0.5142207832399261,0.5639221771088783,0.5856824313168213,0.5218326532157692,0.6967968146447199,0.7275424844536212,0.43372729749649913,0.09911564779563507,0.6849438154036744,0.22263258253286541,0.8466769277184875,0.6098430295691856,0.5919498128828137,0.15747621940077128,0.5785060794076742,0.5375957307529973,0.6678844961182496,0.7281761554634583,1.0,0.9838888868193871,0.6955709113540949,0.9755883415724764,0.2016585369628956,0.35915296695010546,0.9589410980608475,0.046663963054173724,0.08705140536575182,0.9690775765916962,0.9996307996815352,0.1653669879880344,0.8527644902594038,0.6449863380757137,0.8023880326969917,0.1741152146242292,0.9302976274212063,0.32648270116743505,0.47544209647849056,0.23917726049670268,0.38798157678671386,0.013102424057736,0.12952698436799148,0.5062187492181315,0.006097784650314899,0.9395315853794122,0.4442073920663412,0.002059691842952863,0.36104923697417174,0.9779448789829781,0.9786265390603598,0.7006399028230227,0.05298905765896739,0.01087355513564624,0.3643270212139796,0.947394782973737,0.4409102117609685,0.4514019213504509,0.4655921535244273,0.6309048271969032,0.4409102117609685,0.9695925957642232,0.6790303645558005,0.9233670997531389,0.6067267243125147,0.41705761558919474,0.6517544730631538,0.9750078394410143,0.9810835474308981,0.38855160514600595,0.9792348230459141,0.47019220627404146,0.04213548177825614,0.934976150824997,0.981498262523024,0.038262651151308835,0.40525973994163833,0.2308354204026453,0.6942753481935828,0.8994778938538666,0.3792724185629653,0.44854357185593385,0.4315517406129592,0.047682422272626174,0.9549853719018488,0.35147366445035766,0.9750652078409853,0.9623669847928111,0.983096970721809,0.9746716768153709,0.9792234109222233,0.3256479583186045,0.3129239921494636,0.38109241936715094,0.00458668180188419,0.9509338468188188,0.012407173223080485,0.21154305637986612,0.7488643987894177,0.7590034053406477,0.4055107890333586,0.9260321311548285,0.9804006055426909,0.6862684520278755,0.2704474064833502,0.7637918382470825,0.33832764103283575,0.8804021754367815,0.7059308312791271,0.22484652272783065,0.32483568237288973,0.16852718050149804,0.17576072371672585,0.7006202800289981
rh_SFG_R_6_3_thickness,0.5993785854852824,0.9715775161285276,0.9762292198987019,0.8338663964432496,0.6584041564381423,0.6240427574317543,0.41081499901178353,0.9575550456879263,0.041403295189932306,0.498790040502601,0.8711309936321325,0.709319118598511,0.6158816391251277,0.528984780479205,0.38861857149896123,0.5526326024714063,0.22145103231223948,0.9626988466034492,0.20747556961076874,0.01910969681332324,0.4950822963244445,0.21950859613828808,0.4175058055784801,0.29260589661958775,0.6583867532528733,0.4850024115177942,0.9287071894247847,0.19968789870961645,0.23203525104419262,0.603435700826224,0.6183138271796373,0.6486607811803673,0.6746469909079944,0.029874595475848212,0.17699970147303046,0.38185160230844273,0.7127568754229527,0.19173154300352277,0.45670570247322095,0.4228810583827892,0.9076323041943479,0.6716753006464771,0.8787455123435715,0.8076105450704989,0.5705170026074203,0.9054382591378626,0.6391464726567507,0.5772535193281374,0.666460388801922,0.9491974632116055,0.2535938404731236,0.49789512658324353,0.6462250377384826,0.26621821158865155,0.5237954019315432,0.5911362041048106,0.492309491237813,0.2581157436063966,0.219795653941326,0.8437639468241993,0.8370899949293781,0.3404885795622611,0.6912345687474325,0.48879965558430694,0.04224356720963532,0.5340677053504215,0.665413844109749,0.7511032209666134,0.9608637301489553,0.968339388391885,0.5808385885230711,0.6187965866508736,0.10927757232204449,0.6960990866534862,0.7452823257635363,0.41584024152581583,0.96388038784996,0.01156748597797513,0.4330034185225897,0.4770668693873258,0.4978964693095821,0.4263356457099854,0.6440185544657916,0.6691074435919495,0.3776798481638146,0.08314148148540607,0.5865929504997782,0.1960906280125392,0.870096439783747,0.5160755470769535,0.5316993150074251,0.10787164510190768,0.5735947339725668,0.4765797101016974,0.6341925134150951,0.63888258876367,0.9838888868193871,1.0,0.5973687902740057,0.9292677714460462,0.2634498794792579,0.45018204423469005,0.9931541647735698,0.06515047714858319,0.11872622581109296,0.9144741792176214,0.9789966766072844,0.21806431283454583,0.9228549282027448,0.7420184113566881,0.7089979882516139,0.2288444858173045,0.9760140839687401,0.2604727340511726,0.42215399822550753,0.30204626187499,0.3081617845408058,0.018539860208555442,0.09639302854007425,0.4116226952790468,0.010929410026680048,0.884030316005386,0.49621840500197206,0.0028078223334318383,0.2867692611857816,0.9347980874192783,0.9962917184980005,0.6022079799263703,0.03673048970467506,0.015298870569769769,0.29157330976071505,0.8813944105890679,0.3524712873601541,0.3616201646923042,0.3741948165642458,0.7264909747498776,0.3524712873601541,0.9171949192046569,0.5807811393584754,0.9753693886016043,0.701022437958445,0.33212716234878653,0.5547160977272787,0.9367337637252873,0.9438452513061061,0.3104798278685551,0.9961926980524709,0.37884488646842995,0.030567349011654567,0.9817419056102805,0.9956169681086711,0.028487379077041304,0.49756073142620993,0.29330671276359405,0.5963933364562064,0.9598751234139113,0.29499098423387127,0.36013832482568436,0.3456789459757569,0.03464146149826756,0.9903698196366306,0.27915555477649256,0.928120157847386,0.9923796554938287,0.9568484367252101,0.9928383865682542,0.9909790913372006,0.2467614430358499,0.3852828660900415,0.4697266346336067,0.008061465845130398,0.9889391796699186,0.00856397983748449,0.1563638792801451,0.6530374526407722,0.6632523999215594,0.324126177707838,0.9769002296041873,0.9959407345286665,0.5878770960282169,0.2012526713005706,0.6697719321201032,0.27194656527192673,0.8878217045576329,0.6441266441833399,0.16828059616026242,0.24780911743520379,0.12386619820112019,0.12549064961209352,0.6822330047594622
rh_SFG_R_6_4_thickness,0.9472624967098096,0.5320768527953726,0.6912417093001129,0.798903667230228,0.9177679421366886,0.2096742534594786,0.062438496025610926,0.6809209417211465,0.0038779959511104373,0.12530160955135025,0.8750564351004039,0.8643880116551053,0.2311944314020386,0.5700765586266048,0.31743063480851363,0.9600062245005966,0.415719318636469,0.6049052277530467,0.6513749239416035,0.20620219461833283,0.5306676057061779,0.698528531092647,0.44383872996040047,0.766310342053639,0.8091755261228608,0.18345175452230525,0.7517802110399878,0.291945268560234,0.02851625018124319,0.8586372068060395,0.8923121244864038,0.7647748622731035,0.9803294599725431,0.23185836909453794,0.016249012984404832,0.927253862144927,0.4605041479775375,0.5628019638867346,0.9314817696405562,0.4636031469938766,0.4426789328999102,0.7511231386003132,0.8723887618152382,0.8510999765821081,0.6555305872578654,0.4553975776081668,0.5787807500024041,0.9993937017926102,0.9346479365988907,0.7811206345602645,0.7724462670733651,0.33909722174292767,0.8278267993925597,0.6453458891774365,0.5264919561527808,0.6997692347931198,0.30552704112636375,0.0581335965874105,0.1751645827723279,0.7448925413972165,0.784598576025542,0.7821295699739831,0.6737427561216556,0.9390778614434476,0.3163633018020524,0.5638060730840683,0.7646349374315453,0.9321108721182692,0.4477697859365978,0.6662068144137419,0.6742472220829288,0.7261209645037436,0.5378750277265647,0.45185291669833794,0.30812644022836055,0.10549185167634012,0.6520561306936798,0.1419918400427925,0.7789321446014815,0.9575931799981117,0.9632525771367686,0.9406452052528229,0.7496484769461045,0.7787379326564692,0.7950994933984311,0.33197825399985453,0.9998192755870455,0.4938823712446513,0.6651407740382597,0.9317551422002459,0.7342035799131823,0.5285644226300549,0.5557869610848302,0.6688691837693809,0.5108277841005483,0.9653308376522921,0.6955709113540949,0.5973687902740057,1.0,0.8158162373428852,0.03255739295296374,0.07375243248771465,0.5278111573465876,0.004608343811195055,0.010423144411526308,0.8340886455927206,0.7114842063005238,0.02494558661493377,0.36928367451359345,0.20550662596909533,0.9822633130690339,0.026813954022108556,0.4697180849348299,0.8027431167925589,0.48897811771177346,0.20041426115679878,0.8711933792903788,0.0009498532112134165,0.4975378617055905,0.936063366335919,0.000269349611240745,0.8619290932870418,0.39449656125170984,0.00010454083098366576,0.8452331329468252,0.8073354023677257,0.5706218894513845,0.9993937017926103,0.2887157554615325,0.000762939716836702,0.8449690053432752,0.8685351658735048,0.9075401062813186,0.9127054083373155,0.9186974072407084,0.21334706035846351,0.9075401062813186,0.8322800826239553,0.9996097211075143,0.471824770284192,0.2042784716597111,0.8933707620413911,0.9962450667332353,0.8003492492575577,0.7917268511383238,0.8705329119545482,0.5724197039389236,0.9247654826887008,0.23880839538044563,0.48611615442689704,0.5796324661861887,0.21655658600666342,0.09198843384987904,0.19275565463161037,0.9997502035443275,0.4560651318231448,0.7779333124372737,0.9152052787625273,0.9049337847837342,0.2602467987815099,0.5161262496546726,0.83491488315099,0.8174938328323496,0.5299814289936357,0.763184803252785,0.5601995754461621,0.5764829638785685,0.7585028779998866,0.06945936940751099,0.08505089934917526,0.00019603949784101728,0.5093086506689705,0.10211726033811908,0.6592703488848944,0.9889223474900337,0.9901814591011817,0.8856298951207432,0.47495559770161666,0.5760220157414129,0.9998258338335215,0.7285430506212647,0.9827186766449401,0.8116639055790865,0.7084770014840396,0.836678342788971,0.6810391327811423,0.6502948460462358,0.5848175866523566,0.5922690431071527,0.4667150336923833
rh_SFG_R_6_5_thickness,0.7762296476548112,0.8621418332254505,0.9677656152295769,0.9139007908621748,0.8080043793588753,0.47454566002247733,0.22990562847915091,0.9477032253905383,0.017814814031513682,0.3450782053576414,0.9818251793347355,0.8212033075245112,0.48757204118384956,0.5202745922813403,0.31704191196929904,0.7458735291982743,0.25086375767756486,0.9105484310049199,0.3461965000899482,0.052752601897441236,0.5615235877016539,0.37025929676522146,0.4908990283419887,0.47691922448810764,0.7910247033279398,0.3965320643533717,0.9606512305205709,0.19599619159116097,0.12633144168921293,0.773710723516359,0.7591620481668456,0.7126959532169826,0.8791681192634664,0.07136030355530716,0.08610722452059383,0.6030314872821121,0.633108196168454,0.31080766066982213,0.6779829527296936,0.41520247449337383,0.7822278927223709,0.7691848109707918,0.9878204774922092,0.9244394695143683,0.5959439393086005,0.7884175152804519,0.6337573978872935,0.7978455233997435,0.8256280911242315,0.9964102261750496,0.4240262480626792,0.45341472095479396,0.7915197520664409,0.4201242874923381,0.512688628382086,0.6330695367667953,0.42358879679058165,0.15597247756209154,0.15898796175821675,0.8874565318004923,0.8975226360554074,0.5272130922305944,0.7336981176925899,0.709265895885327,0.10059644760626485,0.5327244145128364,0.7724705631867506,0.9020769138872194,0.8068768624797278,0.9403210214829119,0.6122101153533159,0.6674591735538646,0.2218298370203456,0.6517692461421621,0.6052436526229925,0.2943064862809149,0.9370164117093636,0.033184237913789404,0.6076328742084728,0.6847293629319042,0.7044227905263869,0.6512784133980156,0.700839512326126,0.7379818651416251,0.5338505142861525,0.15459495186731229,0.8067785959387532,0.3031833707072251,0.8569604189304395,0.7309862928455357,0.6667047311342023,0.22274025530025773,0.6057166772849669,0.6019834213539412,0.63044971820301,0.8216338937623708,0.9755883415724764,0.9292677714460462,0.8158162373428852,1.0,0.1321066443935555,0.2608830475858003,0.8826368901638255,0.025677479842095063,0.05131875559149428,0.9974348820703318,0.980855436028437,0.10539387059535926,0.736902463172675,0.5136671236391462,0.9026735907367087,0.11171193468678384,0.8365522648654315,0.44150001479875034,0.5070256663264601,0.2212460085761557,0.511797551547599,0.006321419336950636,0.1986833620321462,0.63575088934806,0.0031294645275639485,0.9899062798772389,0.44249667468293435,0.0008359353331390535,0.4815946563305043,0.9997748805493285,0.9126074216234304,0.8213598827321402,0.0889632073396653,0.0051439297350565055,0.4846511657697954,0.9877528215871936,0.5687168907452385,0.5796260979245694,0.5941841586872679,0.5047589359795491,0.5687168907452385,0.9991001301599991,0.8012784061314753,0.8337444531386289,0.4828495268203433,0.5434568946637695,0.775063638324014,0.9974426513361269,0.9982377788053736,0.5121568217675684,0.9136711420792551,0.5996051861068206,0.07326215503853586,0.848043910082052,0.9177812247120144,0.06742528105974009,0.2946803813518326,0.2126440287173378,0.8137423299206679,0.8099943505481291,0.4822825550699562,0.5772681559807133,0.55924032793054,0.0818350670661887,0.8743758138770633,0.47069446370915835,0.9999909932753359,0.8849381491538942,0.9919592303945122,0.9046543857897978,0.9134343657150577,0.4279431849998543,0.21843356404647418,0.27400558557901067,0.002238840150214409,0.8688160696502212,0.024111126809400724,0.30294941403969966,0.8636199407319334,0.8716182637780546,0.530980428755945,0.8369789595328347,0.9157553574267379,0.8080752561694847,0.3706279094690913,0.8758413348412606,0.4543083900321631,0.899066977361332,0.7942743885595942,0.320353465963363,0.40323769225207506,0.24919498805929302,0.2546966494952728,0.6486298128009368
rh_SFG_R_6_6_thickness,0.053788703513575176,0.3242021506234286,0.20990065381788212,0.12097120506848832,0.08011971926470768,0.6833362664565209,0.9426497089136087,0.2267353596139924,0.4324529218766561,0.7328167175079616,0.11152067281460937,0.1226929886698993,0.6575223766371014,0.2555939257533854,0.3599322236576035,0.039358113870817286,0.5002407946499158,0.2790792761510223,0.0053771679466472905,4.983234359448029e-05,0.06173400951693105,0.005475299809578453,0.3108306975872714,0.007415829142124962,0.06818261034950324,0.32233295282042823,0.1601433453060057,0.5008898417989204,0.5868975761264936,0.044435543355513245,0.07833960617281228,0.171187825049462,0.04168240704887949,0.00014740475597115654,0.7521066353355237,0.010514359231358772,0.5274709399690118,0.005289361049868282,0.016138957915600393,0.45336395781225264,0.4214768618093687,0.09184728968722863,0.1102955217093123,0.09207868457512465,0.18080947011695456,0.4138037294328177,0.23290310895776897,0.030065646396588534,0.07443005444450092,0.1476692715128103,0.006518098458235727,0.1683614710791504,0.06020844406294418,0.008018972381767419,0.18020573698563397,0.16945673369652217,0.21255171821292654,0.7530016456604934,0.47899680438759673,0.15759105956371056,0.18767572940607685,0.010928459768069311,0.1498768145912545,0.01907264040328019,0.00020970335885096963,0.18029885280240013,0.08424513205973375,0.08709899915041548,0.3924749518871111,0.21814174529043545,0.18100825186900768,0.18197044953872513,0.0011078916523468755,0.5130212800036649,0.5906844538285331,0.4198015906671819,0.2447017954244687,2.5378827164481678e-05,0.021992940918463762,0.02438436129366922,0.027297719461122263,0.013271506447306434,0.1828359549370127,0.17205246073856212,0.022073040904580978,0.0011105495004845151,0.030895903754300374,0.006068686972360195,0.232529361446018,0.022591206583786105,0.04624552206542192,0.0009753140338318799,0.11431719698351019,0.03920288599001819,0.4917079105004434,0.055869326388527096,0.2016585369628956,0.2634498794792579,0.03255739295296374,0.1321066443935555,1.0,0.9116449490301233,0.3168236492648504,0.7728322618015129,0.9076658006666889,0.12653393405155083,0.19231156715096875,0.9930799960646797,0.4673215649620671,0.6896374723594132,0.05196637889958062,0.9959263509430569,0.36695829305851413,0.006047633055448965,0.03710857813936927,0.4236942014698325,0.007211731757655658,0.47043017303196033,0.0009231419397773408,0.012251928544122125,0.3791095137213717,0.10389219805206662,0.27624343698053283,0.15871275823319514,0.006615514922510897,0.1357305865754025,0.28530521628267375,0.03228543817938631,0.0001699036643526936,0.4272910098403381,0.007233847314819886,0.11274322938818884,0.008888582425689805,0.009319621892910517,0.009965650262113176,0.700734240990041,0.008888582425689805,0.12536710965488815,0.030355180082771653,0.3665297405020549,0.723359216670895,0.008038671439670896,0.02838418179213602,0.1369269445486092,0.14269781868958087,0.007704625424103815,0.2841126836658042,0.010313559649578936,0.0001491408614113083,0.35265325227138733,0.2794229067476316,0.0001443346439423957,0.9016947545739353,0.42945468357424077,0.033150591499667696,0.3874885464954011,0.007312207037046406,0.009471422270947457,0.00887531958731234,0.0001807769105154652,0.3266326077075556,0.006392460785781711,0.13140250642879714,0.3158547618072482,0.15655442335434322,0.2946304396116392,0.28433158959947463,0.004617937304517854,0.9598538975049504,0.9214136025716667,0.33612580166441725,0.33220658985980533,2.0083138517737588e-05,0.0018200653217834582,0.038311178473654374,0.04044688661528836,0.008114245680699898,0.36339891308463024,0.2817517204175545,0.030960932681076317,0.0028348291121247406,0.04087917117164928,0.00682954538142758,0.19149130987916813,0.05769543260867182,0.0021436916770454974,0.006547498896361763,0.0012604886154446062,0.0011741279380981717,0.5077879749398857
rh_MFG_R_7_1_thickness,0.08316707771862569,0.5274797432348899,0.360224214763872,0.2751473852973174,0.1169976308359319,0.8589177784064831,0.995659654336089,0.36792133359727897,0.3827413655999306,0.8836274214541371,0.20721838032806592,0.1697377218031822,0.8242628514275674,0.2925066267853791,0.3913035366983079,0.06451889303479788,0.5007939615207817,0.4375819636724989,0.008373732150012081,0.00044466657796267975,0.17896031253709163,0.009197252743903468,0.36007523819773746,0.0343781618578049,0.18827815998818984,0.47877993649747186,0.3274718807187437,0.4189282799107765,0.5999418530804461,0.13656160485452484,0.10882525951164006,0.2130901604950464,0.10649518293212973,0.00033224865207344076,0.685724784167429,0.03251547106617492,0.5900274442237199,0.007556067435697813,0.05630851882098135,0.5020897856535202,0.6065552433847391,0.2331769555214342,0.21093896761294378,0.22437235809378758,0.21451922488030817,0.5941498062381511,0.41407065318778624,0.06806156560809315,0.11315406077487074,0.29204050320899,0.01212029543603037,0.196306259746371,0.17169877416100754,0.03833498640108945,0.2102900383158081,0.20403016537793242,0.3925891020461354,0.6070248768327534,0.47557634213899413,0.3305518744895367,0.27263110107803895,0.04731485074974867,0.32174871776246844,0.06472188531675702,0.0007488540988376222,0.21103312608824526,0.21957687137320422,0.14378386017518752,0.6012576557296092,0.40443675939654283,0.21573668074376326,0.22108647635916415,0.0030752226740446724,0.6368255592878836,0.7724326031012532,0.5645083178759218,0.3937814613182825,0.00012952791340518747,0.08254862080685396,0.04413885219325385,0.048717038712928526,0.04388214111689486,0.22542639805085554,0.21712860351425287,0.03102573926443554,0.0016268360545207017,0.07092907366470488,0.008351069410293456,0.42211064865892695,0.07612324057909409,0.144588193514622,0.006301652687386943,0.27126100822251054,0.1288677191505989,0.5845444430537583,0.09218600285037842,0.35915296695010546,0.45018204423469005,0.07375243248771465,0.2608830475858003,0.9116449490301233,1.0,0.5157505291313045,0.5645936631732719,0.7150174715897152,0.24364811711554152,0.34543611950157316,0.866513846209712,0.679637637008707,0.8684891960749089,0.11150126953570658,0.8772704765125321,0.5718965110689148,0.013096201396657032,0.12429293319931564,0.49994614924985087,0.019655304371869815,0.31416119664438186,0.002413738435939195,0.0403354889666915,0.21018049042495016,0.22513527781065468,0.44690514548499655,0.11395961268539867,0.01644395921219316,0.26842007050007255,0.47160340503153053,0.07615934393260541,0.0005896617161216355,0.2848583962261436,0.016467683400823482,0.2137705151579316,0.027780275179196554,0.02972162022747262,0.03254751841189122,0.8444834895206946,0.027780275179196554,0.2463499994519696,0.06914606195455528,0.5741903819878864,0.8472491070906919,0.023794205004771224,0.061565089840694774,0.2763599327794112,0.2824176382331507,0.01916058455437452,0.46979913875877954,0.032250178962049916,0.0003541836289656633,0.5583746630787475,0.462603577944823,0.0002916972598446172,0.9760769626387819,0.49934715494063303,0.07298745985248756,0.5951597469512713,0.03363937749533517,0.027899998648305308,0.02509131448945432,0.00043484786737561917,0.5259795265240028,0.015462354924892808,0.25939690246821545,0.5114270057142719,0.3085532261235184,0.48059414878159024,0.4644844467884801,0.022192784780473027,0.9124998837573373,0.9686824592533829,0.18518910725225246,0.5332356397767878,5.3831284524808235e-05,0.006815255352011734,0.09619413274751581,0.09787138639804524,0.021311744476791558,0.5707062750996167,0.4661968269562904,0.07138612575848999,0.012849037898090422,0.10393046975677908,0.014049705552644263,0.37444511332232006,0.16612588072144457,0.007267506123687798,0.03253638523461524,0.004232529012235641,0.00561669989334646,0.6239104844759592
rh_MFG_R_7_2_thickness,0.5418443384812368,0.9777934062368959,0.9529922180932358,0.7869715819734595,0.6070205334246799,0.6637105420291778,0.4757699169676484,0.9376324606760722,0.053803202912230313,0.5423454511339699,0.8179653463205143,0.6685375561164494,0.648122039570301,0.5347408610692409,0.4168040369933613,0.4922200448289476,0.2303017403221699,0.9561074071979357,0.1713772315208583,0.013736172449917095,0.4655057609218343,0.18096700336862853,0.39117898450146404,0.24621574173140576,0.6058506605269977,0.4982016872779737,0.8913335724316538,0.20895272296799525,0.2666619973920028,0.5441026591981327,0.5707670776336146,0.6267725941300559,0.6039164382727649,0.021899160370251393,0.21079052336508702,0.32232447994853103,0.7246660303767539,0.1592080647464794,0.3932210057975878,0.4270456498880204,0.928854695880799,0.6279573005303255,0.8250787908931316,0.7518507596694418,0.5610687815587312,0.9243623320406522,0.6288417173942425,0.5081757098397988,0.6117462722629781,0.9077791207963968,0.20997527622114387,0.500924643644483,0.5910065533768792,0.22736270376688072,0.5226626987279073,0.5763442081089799,0.5026377117642,0.2984116198122567,0.24425490655301976,0.80703237074757,0.8061833392942847,0.29101433680195754,0.662711281683705,0.4237391795594434,0.031258354569070376,0.5309039084008813,0.619370624187196,0.6944958623360111,0.9838733210188338,0.947595163188552,0.5698223773191889,0.6026763294183468,0.08503067886629763,0.7063198751253805,0.77958056716401,0.4444412575741001,0.9488630337737579,0.008089373833660166,0.3813128464569047,0.415887620900789,0.4361592158916765,0.3636645620013722,0.6250286116470072,0.6451945350734095,0.33068092921467634,0.0655095898652183,0.5171080862262838,0.16460187821415556,0.8497594575442251,0.4507867964161063,0.48449485615792715,0.08467486592998047,0.5516906561713214,0.4339647677882168,0.6375301645364964,0.5780643654281812,0.9589410980608475,0.9931541647735698,0.5278111573465876,0.8826368901638255,0.3168236492648504,0.5157505291313045,1.0,0.08503410096165172,0.15011669771223746,0.8658828462770514,0.9511930279630879,0.26564296811480037,0.9605141581567164,0.8067616695275404,0.6402926296854585,0.27786892556999454,0.9942184147971007,0.2148481388212879,0.3899851550150069,0.32924533502038567,0.2559970236029886,0.02557977193236522,0.07456922407092141,0.3499195899299138,0.015308865267404024,0.8286678660279312,0.5063122885175182,0.004127748891272398,0.2373406907087241,0.8893868730848637,0.9948378443425796,0.5320958725546253,0.02701132508475629,0.021258580285642568,0.2420879577690238,0.8284922669704864,0.2955570095268475,0.3038720238633193,0.31538072627992086,0.7898326644750688,0.2955570095268475,0.8683069124618426,0.5115337146719142,0.9934598706601642,0.764730538223676,0.2772451419486678,0.48689910357693716,0.8918756951996271,0.9007725190310085,0.2584519724099154,0.9944012590982148,0.31957681419228157,0.022406348018579353,0.9969153471520797,0.9924813069320781,0.02089244478309983,0.5675220680090074,0.3207594238750997,0.5272491627321246,0.98129919309459,0.2478377516825918,0.3025677572410431,0.2895659876891906,0.02552936222101665,0.9995025436052988,0.23072601632852824,0.8812524667371104,0.9987825310475609,0.9183401138318841,0.9934598706601642,0.9885990572618109,0.2034092861033681,0.44794611044025945,0.5387229760789738,0.011471053402872501,0.9994304956484585,0.005945893449717744,0.12389703557167928,0.5820868802804129,0.5924863023434978,0.27042191682798755,0.9943504518664679,0.9934759051413629,0.5183116096489144,0.16244179516977922,0.5989551022528874,0.22536021895789643,0.8586727646793746,0.5877694231319534,0.13397488134313526,0.20965977498017974,0.09685614716365251,0.09826702377205193,0.6903973625956966
rh_MFG_R_7_3_thickness,0.010607886187933702,0.08483917708675312,0.05181933128229009,0.020946361624593967,0.018082630143761377,0.45112825389281136,0.6006437554858163,0.061798005674721566,0.6267736513239809,0.5646530610846382,0.022837262337591327,0.03240694209910081,0.4635975002126064,0.0989211783597639,0.1746041679311244,0.006997245983530404,0.4221991069249257,0.08299931151756876,0.0006263592360394472,1.4559039202786795e-06,0.008896931330372067,0.0006296616859476304,0.45665655791824933,0.0005358766372462185,0.009748317134196665,0.35569786236353085,0.03061292253277202,0.36190126674608336,0.5411357982887104,0.005410107878550242,0.017948109772973213,0.05357051840548173,0.005524113361013682,8.686238156077312e-06,0.750683315109129,0.001024434192660004,0.24620569779243107,0.000623430701841374,0.0015099629007792063,0.22654899004344878,0.15813227808493655,0.014968999117095623,0.02185217917639543,0.014272043672284886,0.05886820745146831,0.1561538168544395,0.06218014986779816,0.004205064938973109,0.01613466609280232,0.02885341873388398,0.0007548215515381344,0.05340907217150615,0.008190068545746018,0.0005958085348286044,0.05884115950228619,0.0534591250181394,0.05504196765759556,0.7760646285543781,0.2771338616126658,0.03095036416750962,0.05527899235698582,0.0008748848400581803,0.03082221342057163,0.0018565767874128046,1.158746038499346e-05,0.058844669622711544,0.013221912159144507,0.018743525655150802,0.1138703226609253,0.04745751257338106,0.05887866931412957,0.058935960520656375,8.375085070348975e-05,0.2979531710788546,0.3166479637789758,0.39834683057245984,0.06834663594394598,9.673248684918676e-07,0.00216724501486284,0.0037243442678836906,0.0042987690408704555,0.0012627091491276892,0.058994518093691266,0.05363440810025894,0.0035883220116251554,9.670193588637913e-05,0.004296028704202461,0.0007397575082890243,0.05531660882766922,0.002264174486842697,0.005873636737861385,4.489337105255544e-05,0.02123823449650319,0.004743528414300173,0.29564901961388385,0.010776695835254741,0.046663963054173724,0.06515047714858319,0.004608343811195055,0.025677479842095063,0.7728322618015129,0.5645936631732719,0.08503410096165172,1.0,0.9617528619837281,0.025295795677225962,0.04381514951427058,0.8337379984180506,0.1539264400498941,0.2915470719341372,0.008247003641179322,0.819410836425606,0.10735442291490463,0.0006562728809758953,0.004448632983691646,0.1960257292386948,0.000724463140159943,0.8733909133978492,6.924054704515827e-05,0.001159656133596401,0.7709660093133586,0.01774374223920403,0.08472916446258486,0.44157216935139504,0.0006875789825900756,0.026385242911125602,0.07554592816124145,0.00442762420501387,9.224305754030892e-06,0.8348700045864521,0.0007938048222810544,0.022622210727572586,0.0008430168086881819,0.0008763295105281368,0.0009281019577123963,0.2980982219459659,0.0008430168086881819,0.024414244620489942,0.0042331581508839,0.10360862278459343,0.3190489713125193,0.0007805364789430854,0.004047957496331045,0.025948010524471734,0.027800512458186072,0.0008201910415809718,0.0752162366903785,0.0009947941603991321,8.722674813217446e-06,0.0985405839239079,0.07393844944616594,8.625333425965982e-06,0.5067377782600135,0.20251359883185072,0.004803271279684097,0.11127277750530429,0.0005276405122724395,0.0009420056021590181,0.000898443466587538,1.084823720735873e-05,0.08978847272523145,0.0006690983079715143,0.025542250017051134,0.08644202249528264,0.03082267512150236,0.0803185233524991,0.07756835745907345,0.00030341852584047106,0.6333412480469719,0.5342217872979768,0.7371027893134084,0.09158255853315003,8.719396452264485e-07,0.00012830736762881604,0.005104935775877735,0.005599328705743002,0.0008463370946475895,0.1024401971698631,0.07456922407092166,0.004292865968699237,0.00018416463832219703,0.00542903881488098,0.000771868854093431,0.040564311030623454,0.007712022000857833,0.00016277413948797743,0.00045967988695014864,8.988908157520984e-05,6.788981472472327e-05,0.2982559579348078
rh_MFG_R_7_4_thickness,0.02122593673236483,0.15200891948725553,0.09407591221439522,0.04395193577420983,0.034303305029076206,0.5455862153223471,0.7549495789811752,0.10775735578969953,0.557484443668221,0.6371120480925587,0.04463226559461658,0.05774843304238607,0.5452119949078917,0.15204896346960042,0.24522969180615672,0.014580017190326094,0.47446281745827623,0.13974580075938972,0.0015558509585968767,6.0164705741334925e-06,0.01995028491173657,0.0015689017097559094,0.4001250458656776,0.0015665244739062278,0.021961821200660443,0.3169460895825077,0.06189529718310492,0.4405424659219728,0.5547932512646937,0.012969449657547032,0.033915886361901834,0.08948591817537198,0.012818340242708146,2.8252276130757125e-05,0.7722236326842541,0.0026775441705214576,0.3518309435773352,0.0015445668876937733,0.0040099640010603545,0.31682172936001607,0.24234239291195683,0.03205807595118534,0.043270912642700485,0.0312595504123283,0.09696771249264462,0.2387277718044268,0.11030805483333064,0.009558020300091254,0.031065054082166785,0.0576390767970308,0.0018693600271599527,0.08897183649175634,0.018810655049028353,0.0017182082976032647,0.09687299237646549,0.08914527925115105,0.098855758411277,0.7985187296164891,0.36707437446415647,0.0618431297853054,0.09384728145283774,0.0024582493951846728,0.060391511124696234,0.004856645078826868,3.8165612323520865e-05,0.09688612333459115,0.02872945879625214,0.036051530055461876,0.1956838393221974,0.09129874546901057,0.09700223215792136,0.09718265574310188,0.0002441897409663961,0.3838393874480125,0.4187979881115599,0.3819744470330269,0.1180157983111001,3.6732834052112203e-06,0.005621024530336489,0.00823199099766838,0.009386975187859472,0.003330228565053048,0.09735846152442162,0.08967149962865834,0.007802474089211421,0.00027073211497051123,0.009784353191627699,0.0018094429135012762,0.10268560301724951,0.005857296285443832,0.013824007307163806,0.00015592803785258739,0.04324968825958767,0.011367147768944182,0.37723724491398825,0.021699340639666137,0.08705140536575182,0.11872622581109296,0.010423144411526308,0.05131875559149428,0.9076658006666889,0.7150174715897152,0.15011669771223746,0.9617528619837281,1.0,0.049938324086734785,0.08222617564280722,0.9487867875807814,0.2507756256665046,0.43168856537295497,0.01782605957243457,0.939793397591626,0.1830182681117451,0.0016607335190284922,0.010696738736729024,0.28258836410429883,0.0018768202447806913,0.7277596546422822,0.00020297197417630655,0.0030643652908327428,0.6232753119331609,0.037360369309838534,0.14269144088315608,0.30863467929375704,0.0017622975231300047,0.05275036459558803,0.13374348158532146,0.010134683658271238,3.064085106558281e-05,0.6811475071371116,0.0019956862338528767,0.04457038051144187,0.0022268654037917992,0.0023220181118304914,0.0024679001918799666,0.44238486801182286,0.0022268654037917992,0.048724626948428655,0.00963171220846399,0.17960703003426295,0.467163509847197,0.002045028253730135,0.009140066870034472,0.05246225428168885,0.055571896124947825,0.0020812125819792567,0.13315620252024582,0.00261010227679335,2.8422281621115733e-05,0.1714392126495514,0.1308680201094748,2.7962017053680433e-05,0.6721719105360574,0.2898430035639749,0.010769052394438067,0.1921365381428901,0.0015439861344855139,0.002444262048617288,0.002317196644166559,3.4964876534891496e-05,0.1569144703532254,0.001711685513526036,0.05104352386685827,0.15119848745589584,0.06144134768757614,0.1404589295402481,0.13549808595178242,0.0009211850132131163,0.7927847950897087,0.7011939951047896,0.578949881013512,0.15993954880335648,3.2020897495510083e-06,0.000380724091770444,0.011816036997605847,0.012766975445376716,0.00216144986791909,0.1777383071321661,0.13200000287503288,0.009787413894644645,0.000562054096596764,0.012585900031006469,0.0019241354034700779,0.07878071438541188,0.01783471664834867,0.00047003970093152143,0.0013548327293871213,0.0002665961749063155,0.0002167919000534216,0.38288428859304946
rh_MFG_R_7_5_thickness,0.801885123885815,0.8382528493478437,0.9657787562798537,0.8912049411242517,0.8367201582109962,0.45278463711849193,0.21539734997270027,0.9514880137573071,0.019359168666881216,0.31859757175328673,0.9924823641260034,0.8531066589945202,0.4672606183763263,0.5530521527476572,0.33855150078323504,0.7693688424299987,0.28111974233801673,0.910445033137194,0.3500238532013277,0.06020042351703696,0.5532053070191851,0.37743417407704194,0.500468732563187,0.4980419583538099,0.7766005325473984,0.3697735084309006,0.939638861594525,0.17822072450598136,0.10741595746080723,0.7696375356729082,0.7877297761178581,0.7482515416401019,0.8890146735768711,0.07232458649255515,0.07258120399703807,0.62216210802576,0.6133266007362895,0.3085370038760292,0.6929804026118564,0.3855006279859864,0.7751979584179511,0.7471620549011586,0.995779049815849,0.9091003923938711,0.6270412158724173,0.783037081906027,0.5952853976161445,0.8166651235118213,0.8532505275532641,0.9881976963434116,0.43560558505825697,0.46178064543059666,0.7802417954248205,0.44353899937212776,0.5347972847781179,0.6655523775593969,0.39173757778632434,0.16273342311831576,0.1389124771832791,0.8584736792963656,0.9223898116899549,0.5455881532102042,0.7009356120457289,0.7224990166023675,0.10611222127299597,0.5574833218577628,0.7525631984696735,0.9261617339500421,0.7858335756879437,0.9173135789363835,0.6445073415296354,0.7026406064275745,0.23093813675630348,0.6592310955270103,0.5920777456042433,0.26549078815652283,0.9387373810425256,0.03591102370303169,0.6172204539742423,0.7055838811268396,0.7258730554504615,0.6689542173108269,0.736888331276708,0.7737179565521843,0.544921662793513,0.14873771029733318,0.825060557721097,0.2958715648198839,0.8240234314327224,0.7414637014500373,0.6615676462138179,0.24325745066345775,0.5803892680938416,0.6018889182131134,0.6494673014505654,0.8466797601012078,0.9690775765916962,0.9144741792176214,0.8340886455927206,0.9974348820703318,0.12653393405155083,0.24364811711554152,0.8658828462770514,0.025295795677225962,0.049938324086734785,1.0,0.9753338357180176,0.10159391510292053,0.7179988196148829,0.495641138097831,0.9180379079321608,0.10762813099381832,0.8198850776803375,0.45587747742709134,0.5125348164950775,0.19505932589432792,0.5300948831693023,0.006498109708067129,0.20610204134034385,0.6539771677862298,0.002625139108376697,0.9853102945497216,0.4063553539064433,0.0009285672372586253,0.4985705808294582,0.995779049815849,0.9003607353184717,0.838482446956545,0.09362366578358075,0.0053452978282433105,0.5009369116186508,0.9959790052258037,0.5880292843633599,0.5989045812298199,0.6132959505263412,0.48968396703753864,0.5880292843633599,0.9994111761707598,0.8198840258088399,0.8140322328302678,0.46933984202617096,0.5625607475719272,0.7950418830404389,0.9898685422881799,0.991694546461473,0.5298648056519828,0.901638707672026,0.6187464731549288,0.07466219298248372,0.8293480800917694,0.9066245509267283,0.06745020501599659,0.2817553154806855,0.1870946697335375,0.8326853164974353,0.7881918936566543,0.5032533214253833,0.5965097349362456,0.5783124906915675,0.08362555063585814,0.8582827627311043,0.48714111777939295,0.9977128860513858,0.8702375054739813,0.9810355663554761,0.8933590133887224,0.9041663717458235,0.44995013432740194,0.21430296964114484,0.26312489389779625,0.0019525881126337815,0.8520801877780081,0.024500669975157822,0.31878787747673115,0.876001747000211,0.8848428925434835,0.5493913565316653,0.8174759554825735,0.904157090318624,0.8262243705472397,0.39087000952409123,0.8863626620192808,0.4685135323382451,0.8693689842434866,0.784137536643893,0.3357087391356516,0.42743064940811154,0.2616289596138237,0.2714982209983945,0.6588408644287268
rh_MFG_R_7_6_thickness,0.6973754137637812,0.9174341820016293,0.9964656745739345,0.8661690785372331,0.7505413350973025,0.5517485649290039,0.3107356459710307,0.982416413287359,0.032037493111208265,0.41135727722881077,0.9484449851670982,0.7916279125694702,0.5563322079539282,0.5517203213995614,0.37443690863387735,0.6537722252769689,0.25367064640331616,0.9661048581940279,0.2597273519813814,0.03446602758811289,0.5344239564352172,0.2790944840465551,0.4746418156801836,0.3892404442239749,0.7190333925597425,0.4341423598635918,0.943827549906294,0.16887170941199459,0.15969741125384485,0.6874874531357046,0.7034578289343308,0.7095048995104114,0.7825729701922934,0.04353191545677203,0.11520342402708725,0.4890633618404191,0.6544619717865685,0.23241839892393956,0.5678211193098487,0.3793477004362108,0.8706051018248843,0.7099629339074541,0.9536007393070578,0.8631709848160164,0.6068421396649555,0.8740250557845812,0.6052689407575756,0.6914668709395801,0.7627281802384158,0.9858724463647306,0.3252269903147093,0.4903469231315745,0.7148107888916597,0.3548324198396471,0.5370558359303681,0.6363294210253124,0.440675569442866,0.2194723878331404,0.16314548239735524,0.8521026054403632,0.903056769443356,0.43934869525085074,0.6918307044755656,0.5998837812244103,0.06477048559757885,0.5533226010143815,0.7099749271536643,0.8478397324284492,0.8897087722840227,0.9546210193376738,0.621100499223745,0.6709491361944698,0.1547181483175972,0.7050492728209813,0.691612800651266,0.33894152982014925,0.9798052427618383,0.01968451037521529,0.5259853021979063,0.5792547704491435,0.600992477501402,0.5377082276533667,0.7021452251892106,0.7337443243441794,0.4453082989686432,0.10365736389237595,0.7009573163453215,0.22987792194049317,0.8454643521718885,0.6247259239928112,0.6005175247367349,0.1656984488643596,0.5794547096306129,0.5456077212959574,0.6672680317549998,0.7421262190397886,0.9996307996815352,0.9789966766072844,0.7114842063005238,0.980855436028437,0.19231156715096875,0.34543611950157316,0.9511930279630879,0.04381514951427058,0.08222617564280722,0.9753338357180176,1.0,0.15734461420040888,0.8395334344373706,0.6287126631744037,0.8166109870929764,0.1657774753602012,0.9204204028087999,0.33933921282350066,0.48095607559322723,0.2330346357689246,0.40247042658142823,0.012191189068506886,0.13652378892352324,0.5220575332978499,0.00558025391101739,0.9471200518109095,0.43934869525085035,0.0018992161556907233,0.3749108788853,0.9827756266960084,0.9727825169134274,0.7165300919051698,0.056495925956094414,0.010109046105210712,0.3780949803004262,0.9554428545200713,0.4562564829626905,0.46685960286238315,0.48116922441815935,0.6154510556788515,0.4562564829626905,0.9757123254093344,0.6950786504701477,0.9134427091427422,0.5915984595070777,0.432078380078302,0.6678593269253106,0.97944653230047,0.9851166646519313,0.40293652305148,0.9734743316416719,0.48585862716174183,0.044900173898943484,0.9255898836082351,0.9760752202557695,0.04073334195061255,0.39078515097134703,0.22473133174714136,0.7101595748638284,0.8890646272111409,0.3923579388798823,0.46399265843043636,0.4467636858469298,0.050758700301040516,0.946825067815554,0.3650954398698403,0.9804188507840721,0.9548085112465572,0.9856923945957312,0.9684869451937651,0.9738074424739145,0.3383908431586615,0.3011893884334147,0.36718674430955056,0.004193492632237925,0.9424850514663439,0.01337398791166386,0.2218218533122667,0.7639745490445884,0.7740338101173554,0.4202609758162644,0.9162227171959831,0.9748081908161308,0.7022754759579225,0.2823845535020298,0.7785228427614435,0.35131221255903,0.8808528820288051,0.7156654472372483,0.23550972834389428,0.3358309806420612,0.1772468422155045,0.18484619692112653,0.6976649401269633
rh_MFG_R_7_7_thickness,0.04404843688726099,0.27043251773715027,0.1740522237024812,0.0933657061684258,0.06688205189346222,0.6461931033003523,0.9023616914682876,0.19115738796826903,0.46359750021260615,0.7041119964690703,0.09019388550658292,0.10467181130754748,0.6267736513239816,0.230828464850183,0.33502896369844143,0.03173292157808025,0.5004694611551341,0.23811990194286586,0.004134436445937303,2.8551336493294943e-05,0.045491221508638754,0.004190306265063378,0.32652098209929104,0.00487602056775342,0.05051539689008795,0.3057764349838752,0.12646272758415594,0.49463330978953207,0.5739849587087094,0.03207890243250089,0.06571135773025369,0.1499827737423752,0.0312509643775418,0.00010293259032140745,0.7593754713863645,0.0075382496150764415,0.4822870013658081,0.004085073909614894,0.011296201843891997,0.418622949652773,0.3713439912414197,0.06950012996450908,0.0886184014593771,0.06989068808691362,0.15958143654855014,0.36499145805503036,0.19211491912329826,0.023015993696081784,0.061680689297469816,0.11771363738292813,0.00496782244629877,0.14822288852790094,0.044254246851823026,0.0052482227088347455,0.15922100447175458,0.14887778988184783,0.1742039806522927,0.779717692243182,0.4543491788233899,0.1240629148761662,0.16145977428365096,0.007301313665568264,0.11808737112543545,0.01343142587548812,0.00014175584073932237,0.15927489689383287,0.06334109275270677,0.0716657643949616,0.33324693381744674,0.17627752115270545,0.15970375556660424,0.16030932532265657,0.0007865339604607684,0.4821350880841756,0.5455114098648723,0.3958526088206987,0.20694332881547006,1.6117840822446525e-05,0.015201437602938414,0.01920273131482772,0.021590213969429308,0.009396328997406556,0.1608670724535187,0.15054910279474515,0.017752806710966046,0.0008249264414465756,0.023601758967413945,0.004711929246964906,0.18930939489349877,0.01593608181607826,0.03339202417899546,0.0005955489043326639,0.08824405264857274,0.028014946312531264,0.4662353781834623,0.045434851226059655,0.1653669879880344,0.21806431283454583,0.02494558661493377,0.10539387059535926,0.9930799960646797,0.866513846209712,0.26564296811480037,0.8337379984180506,0.9487867875807814,0.10159391510292053,0.15734461420040888,1.0,0.40453193846796687,0.6211685945553542,0.040441578116098054,0.9996031171791462,0.3118152556079058,0.004534314441575619,0.02644018914312925,0.3858847667385657,0.005264669748083026,0.5358238528883488,0.0006574879564447523,0.00868097012494342,0.4412166855022831,0.08098181215588311,0.2334856324252553,0.1887115556120948,0.004886735542996664,0.10823906146791977,0.2387599417149302,0.024554325070088596,0.00011491048695824635,0.4900326867478731,0.005410556297946372,0.09078172870357064,0.006353944827394454,0.006638627238944697,0.007068165081264256,0.6336808995851083,0.006353944827394454,0.10014368056477993,0.023215434231529795,0.3098808959527901,0.6583026311080244,0.005797786725306599,0.02186584406652548,0.10859671614679345,0.11374997881072815,0.005703747374383416,0.23775924253597003,0.007377997072975269,0.00010383534569149492,0.29758169020862235,0.2338349865421902,0.00010135257110824863,0.8497781523455199,0.3924892674566315,0.02553225684061,0.32845440794056946,0.004815396402581003,0.006846090791206525,0.006456439143346648,0.00012616726105416028,0.2748941593284522,0.004736045392631955,0.10484279801877211,0.26564320589541335,0.12485913229570278,0.24768590424902498,0.239101743807902,0.003011715788986405,0.9323513967028123,0.8738244432013927,0.39585260882069795,0.27971244771913023,1.3441075333422272e-05,0.0012479452145369718,0.02881932646433863,0.0306675666896338,0.005964908522277766,0.3070938755930054,0.23578143965433146,0.023633914421074282,0.001875655093417499,0.030679010875624205,0.0051603874265005335,0.1530559391024335,0.0423002107396335,0.001495251814678471,0.004245095833372249,0.0008759063480147638,0.000768236415644936,0.47842210332466495
rh_IFG_R_6_1_thickness,0.400976671882213,0.9363712942437685,0.8525312454229717,0.6516500141737773,0.47351177701860164,0.7519995540058664,0.6420639912840898,0.8483679242431814,0.09932279243341186,0.6428089923826494,0.6654201226850737,0.5541775668191201,0.7201226623887503,0.5336740498576077,0.4779492907477464,0.35036043173420806,0.2827594781365419,0.8964839191440044,0.09918530546156709,0.006062629180657435,0.3899451562465773,0.10469079829360202,0.33726567597396606,0.15813533485420797,0.477667286698375,0.5083346384963496,0.7638365248199395,0.24474771529533698,0.34867995015294284,0.4080695255579136,0.446267950043811,0.5567280351730809,0.4374746439003976,0.009377683464832776,0.3016510747665409,0.20261438215120034,0.7223415137875103,0.09264614533996403,0.2617477815238366,0.44042231190448133,0.9419761195294856,0.5155835937636399,0.6706745776008165,0.6018179545341746,0.5179031682088766,0.9331194353299314,0.588428156598157,0.35228575105942767,0.4716053241440979,0.7702075629368637,0.12348241337692545,0.47621204720559485,0.45882484766931614,0.1529825140542975,0.4943132201435111,0.5212105336904086,0.5077869217869626,0.406482470125324,0.3075369726414223,0.6910520827367229,0.7069204815183354,0.1941124370365887,0.579142309856607,0.2866765044353909,0.014038802741961356,0.4991123415814361,0.5030284580523754,0.5452854747768185,0.9823080168615234,0.8494308993381599,0.5236472694547024,0.5461659651145095,0.04310624021526547,0.7312070823047164,0.8471818397259998,0.4946971339943128,0.869731104254253,0.003188115600860442,0.2732684352474026,0.28018152063162804,0.29753593963478836,0.23549226997662653,0.5622678938485973,0.5704647268212166,0.22285859282101828,0.03305576057724996,0.3597965376608744,0.09787447870755976,0.7640601046732254,0.31113573619911516,0.3765012160810049,0.04623747428476684,0.48789402259699705,0.3377107674846013,0.6551172131788275,0.42898461641750646,0.8527644902594038,0.9228549282027448,0.36928367451359345,0.736902463172675,0.4673215649620671,0.679637637008707,0.9605141581567164,0.1539264400498941,0.2507756256665046,0.7179988196148829,0.8395334344373706,0.40453193846796687,1.0,0.9326042938703011,0.47286526786929883,0.4197685527709065,0.9831048540723865,0.12577122240279381,0.31317511100836526,0.3916291411837274,0.15379632467691823,0.053634764190226024,0.03712937253827855,0.22456794154081733,0.032116695591699614,0.6702372334557214,0.5174504498348615,0.010425324611274907,0.1408047227932005,0.7454701886270227,0.9381115101804142,0.37252680277120115,0.011917328730212872,0.04550508937313964,0.1444161940381778,0.6753938564230344,0.18274421302976354,0.18905752798681558,0.19792303136041828,0.9107248366236755,0.18274421302976354,0.7193957850735666,0.35508798658973273,0.9800075828648944,0.8890310866537238,0.16911705286763293,0.33482360045879966,0.7486712065401773,0.7605052276161539,0.1556409201902277,0.9370053337835109,0.20063834877226477,0.009619672471793184,0.9767103331536633,0.9324425061888202,0.008906515129284916,0.7364673941683875,0.38427058697516453,0.3692791844437399,0.9757012725378764,0.15829879029592034,0.18759001183867285,0.17793512109683524,0.011126298644924093,0.9659287211318812,0.13627955148686047,0.7351727324798385,0.9594216536241423,0.7857089119190672,0.9423478863421666,0.9316595003053183,0.12360743571454944,0.6091747967742306,0.7080304830136959,0.025146759345639657,0.9687946351792736,0.0022206174000878576,0.06672948438013765,0.4170273329683202,0.42646953606292975,0.1640785164320729,0.9793983111643245,0.9347513137036643,0.36078293430994,0.09278757518737354,0.43274673621406307,0.13332231674484304,0.7527804520054354,0.45361533266167836,0.0727235818397012,0.13794402614870388,0.05014823524534771,0.05200667619461686,0.7126977649235755
rh_IFG_R_6_2_thickness,0.247054557452083,0.7978648988252766,0.6488305829959333,0.45981072449367144,0.3118092402432043,0.8001798620373572,0.845929209968551,0.6553401369746936,0.176362644086929,0.734917262416412,0.4487504420248218,0.3938552020105269,0.7525675777744059,0.48274256460981935,0.5022368049561237,0.20519368276528638,0.36016062194748794,0.7248008322799615,0.046875610291546584,0.0016812186041888911,0.2659621063665016,0.04886365329889624,0.2662324305015406,0.07442463289849725,0.31192192186760476,0.469366498654308,0.5605162377007958,0.3452216052030437,0.46906499720410066,0.24631058193925737,0.29705694244615855,0.43607379697795895,0.2525332488240674,0.0030542187331162813,0.45843743955978267,0.09699843277340184,0.7201175197295837,0.04473279213005921,0.13334395736253113,0.4968403590069062,0.8438741419480701,0.35908662129819546,0.4514252306192331,0.4019100254061411,0.4262801274045115,0.8313673981764572,0.5153838447011053,0.1939409767759861,0.3047059540123297,0.5495621722389212,0.05781456688341258,0.4010423179818726,0.29239537098792234,0.07466797049185131,0.416804822240304,0.4185755595676538,0.4649365973407175,0.5342675297020535,0.4160205490884203,0.5163657549151621,0.5315582370122632,0.09648641407423664,0.44894375784835333,0.14944482417025137,0.004534474734730646,0.41857835861440945,0.3441346448867264,0.3559455289515592,0.8753088791012862,0.6622568037646882,0.42882369984124047,0.4394726963740431,0.016366015603461084,0.6976874020017743,0.842094015571732,0.5205914754911672,0.6829537207671063,0.0008540078923683254,0.15109710846341043,0.15256460465332916,0.16453781886978572,0.11630058432553458,0.44766650244892214,0.4434263070264491,0.12609143691816882,0.013671317796916438,0.19873481656971886,0.04871174526808839,0.618645685111739,0.16660972074233357,0.23603350661268835,0.017116375721407943,0.37190948464315593,0.20888986834659717,0.6292598597053327,0.26286117605524173,0.6449863380757137,0.7420184113566881,0.20550662596909533,0.5136671236391462,0.6896374723594132,0.8684891960749089,0.8067616695275404,0.2915470719341372,0.43168856537295497,0.495641138097831,0.6287126631744037,0.6211685945553542,0.9326042938703011,1.0,0.28164101282735254,0.638088397770334,0.8558842177091404,0.05749368059924105,0.1964529102791474,0.4757652858912031,0.07062407632191531,0.11898522660761976,0.01392589445316381,0.10971414238052658,0.08006325818271093,0.44895895963379306,0.5037945488157304,0.026908019054271065,0.06433648235383214,0.5225449407553961,0.7662743668732731,0.2069164599398394,0.003790041167703622,0.1027621058056948,0.06701725748973311,0.4563409137083665,0.0857033523466195,0.08917226431698157,0.09414665471589172,0.9852441294466014,0.0857033523466195,0.49618353555447486,0.1957026620535029,0.8560049894382952,0.9756828063209377,0.07843086415462305,0.183215345003584,0.526796285033604,0.5387004618449474,0.07231305997576312,0.764534688914495,0.09582346891688814,0.0031200195280875324,0.8437537508794738,0.7575299481213327,0.002929849006124176,0.9197238191573083,0.4716026899102952,0.20618014479602315,0.8675163994815871,0.07415233953950996,0.08870733715477928,0.08357106844545455,0.003660185078141615,0.8167089620872203,0.06214239535054367,0.5119015311282193,0.803773896009262,0.5677470948016439,0.7748659275224667,0.7589766430887344,0.054294563399180665,0.8127189168696172,0.900004971159577,0.06492275417940811,0.8229815913113047,0.000612300563887565,0.02618845956691615,0.23750278397694913,0.2446949600300563,0.0764706548558673,0.8533637510688619,0.7610412282704244,0.1993172737376716,0.03816877875025425,0.24900077737780932,0.06202511299185916,0.5810763876963276,0.28646778584109167,0.02910875047153233,0.065315226182845,0.019058939172494457,0.019444893014509634,0.6801873494039585
rh_IFG_R_6_3_thickness,0.9321931754900569,0.6340931006414829,0.798721307961482,0.8479646257277009,0.9235892276571325,0.27593156741428626,0.09576908147236134,0.7870335250207046,0.006812083503271967,0.17327403601487212,0.9470945034846803,0.8905816544114467,0.2978604558715558,0.5663224337289191,0.31226881211115776,0.9292935239907895,0.37222098198050935,0.7156215136422341,0.5522790224297166,0.14666280050781386,0.5408967464733155,0.5948933110611797,0.479655087328057,0.6919261020275709,0.8146285364367644,0.23650813797683706,0.8315455569580201,0.24360598591160676,0.044404371615775116,0.8506958778097131,0.8866250160613116,0.7789093937356815,0.9868706693052596,0.16591633708860268,0.02667630599835969,0.8501563818808193,0.5156047484741046,0.47773357752581674,0.8794045695940285,0.4325728880312659,0.5487413486946928,0.7597838219405826,0.945885277300238,0.8941403324557515,0.6545156643679981,0.561179166012701,0.5785540058543888,0.9753797176385846,0.9421276385159854,0.8726328738290969,0.6685569175806669,0.3814928809875367,0.830331640811041,0.5916896341760782,0.5295900304799317,0.7007048481134766,0.31641462617875893,0.08429914588371595,0.1469936473633875,0.7957271637962056,0.8568218970035195,0.7203084945232462,0.6848403060130737,0.8955505466326283,0.23322305862633597,0.56381980166197,0.7720785115414324,0.966966186116927,0.5537784090163008,0.7603666724718903,0.674470278129716,0.7337722660855017,0.42819242733739116,0.5253464230120686,0.3917031806018336,0.14542924133919705,0.7607607024441834,0.09600005523817895,0.7422515734622146,0.9034434678809915,0.9152308028544334,0.8773404653765339,0.7637694918048252,0.7986627540725042,0.726896551645944,0.2636389912087501,0.9787587377324203,0.43033032206829575,0.7259221538513851,0.8967647912806723,0.7218601050522753,0.43134443844491843,0.5589037274591587,0.6567155573817556,0.5676370508385711,0.9621449196291101,0.8023880326969917,0.7089979882516139,0.9822633130690339,0.9026735907367087,0.05196637889958062,0.11150126953570658,0.6402926296854585,0.008247003641179322,0.01782605957243457,0.9180379079321608,0.8166109870929764,0.040441578116098054,0.47286526786929883,0.28164101282735254,1.0,0.04326498522954922,0.5814598314795523,0.697651283223435,0.5084978075440854,0.1796536931574385,0.7748777067999244,0.0018340719424612632,0.3913233722423489,0.8684748984741957,0.0005702596650004414,0.9321931754900572,0.3808766207666058,0.00022158113964294143,0.7442207065985502,0.8955330467086214,0.6845047423621218,0.9832954156129745,0.2104926425755912,0.001486361602568779,0.7448375772780109,0.943132603837823,0.8231291307440329,0.8309796411738095,0.8407436859003548,0.2872609076788118,0.8231291307440329,0.9161110883855201,0.9767135768130436,0.5809565477555245,0.2750319846009833,0.8032243858566885,0.9651223192195365,0.8876302312295219,0.8820410867644233,0.7741853855395548,0.6863134788169551,0.84709414300593,0.17118581174019343,0.5967449325367513,0.6935285056221714,0.15451080334314174,0.13601020281555082,0.17211170820533525,0.9816456155214843,0.5608452232371992,0.701734224884749,0.8317434848102487,0.8174135071082659,0.18827575616831232,0.6290569412733431,0.7324894776963271,0.9040691753632344,0.6435953135549771,0.8563146781971351,0.6744702781297165,0.6906255598275335,0.6676412231841401,0.1030141394908553,0.126158046220921,0.0004200698165786432,0.6218153997531706,0.06726900075736096,0.5458849859008915,0.9888120446393301,0.9931742285203694,0.7924852507441081,0.5844378050947454,0.6899252583475227,0.9791802667504871,0.6228834490679467,0.9877676474854695,0.7087662931755147,0.7735093854306117,0.838493467731287,0.5671613224930183,0.5886620122675363,0.4723184514269158,0.482577287331902,0.5368084431626081
rh_IFG_R_6_4_thickness,0.0467785945670841,0.2828478720145209,0.18289741757018235,0.09912467378395687,0.07064013410070305,0.654143683327955,0.9122606606080764,0.200206272277464,0.45489597266962517,0.7088240086663439,0.09553075182333062,0.10984904457438924,0.6330040887032875,0.23843732730843292,0.34286889666593334,0.03384086247288956,0.5007151212345737,0.2485192442170289,0.00448615279728393,3.252491546343279e-05,0.048566542715986025,0.004549062805585589,0.32037203876479103,0.005349094426062673,0.05398730637470251,0.3067287830155607,0.13384769599037588,0.4967968722095567,0.5751206787108102,0.03450126270806163,0.06936024190587485,0.15630036712393383,0.03361802590818112,0.0001148311658954242,0.7559636392681139,0.00821440494896725,0.4932954332442288,0.0044303700808488436,0.012295592160423224,0.4264636003419804,0.38405392949307576,0.073894633389066,0.09395745800913748,0.07453738745044028,0.16601604877124831,0.37743187992368854,0.2004305088884048,0.024754132667023067,0.06525233114487622,0.12467336241738222,0.005391082540485889,0.15435459770940427,0.04738891664869905,0.005746333209589134,0.16561400221135864,0.1550848121372669,0.18189098265756046,0.7762264257571554,0.4601675074296702,0.13106043729348976,0.16870007897511138,0.007976759211944783,0.12443987351783393,0.014595634911971288,0.00015839835941534349,0.16567450748895285,0.06744440570099515,0.07582528003173432,0.3473051152954119,0.18567287844739588,0.16615163833507965,0.16681976767313203,0.0008680083750022298,0.49030641962342314,0.5565647550592113,0.39857152232197046,0.21651459791882743,1.8273423489127388e-05,0.01647255860121591,0.020602871932611767,0.023135913058944215,0.01023520827496427,0.16743212104084787,0.15692004464337458,0.019002144295834817,0.0009058081696813544,0.02538645105281842,0.005103059251509603,0.19854660815361302,0.017289298417867915,0.0358319022967698,0.0006651710732562856,0.093315774823677,0.030111831833432877,0.47334487616727006,0.048290201000101673,0.1741152146242292,0.2288444858173045,0.026813954022108556,0.11171193468678384,0.9959263509430569,0.8772704765125321,0.27786892556999454,0.819410836425606,0.939793397591626,0.10762813099381832,0.1657774753602012,0.9996031171791462,0.4197685527709065,0.638088397770334,0.04326498522954922,1.0,0.32513556889474204,0.004932286977254096,0.028423870320960977,0.3941509025819056,0.005738574428005045,0.5192945938893132,0.0007259810749357934,0.009460368852979337,0.42601364549207904,0.08620709097446402,0.2422460636266332,0.1800965788985622,0.0053222154959609224,0.1147104310769789,0.2500136345417517,0.026417776260764858,0.00012851447383791482,0.4739956400168447,0.005881580827667231,0.09620797685065219,0.00693250369542036,0.007243466623862714,0.007712005698131028,0.6505069701295672,0.00693250369542036,0.10616994454866349,0.024970090339879916,0.323363209082135,0.6748115425139927,0.006323835643196385,0.02350691699932903,0.11514925787127027,0.12050937152252741,0.0062054925641257044,0.24897336465318454,0.008042314550395271,0.00011586753351786935,0.31071991039756697,0.24489156374688648,0.00011301339486555426,0.863085760008493,0.4006070622813978,0.027424293932790618,0.3423963365277282,0.005283835642911401,0.0074588046446117775,0.007032267848691544,0.0001406353427673078,0.2873195188015055,0.005157305552293797,0.1111307881371293,0.27774722128075746,0.13216664001740352,0.25911135527943663,0.2501754137832507,0.0033191846069974607,0.9409249893988052,0.8863341815049921,0.3810488366523285,0.2922979694542136,1.5182353131188089e-05,0.001378505915895062,0.031010029064047893,0.03296007145280733,0.006492860374511856,0.3205007427192065,0.24691663486005413,0.025422954074220887,0.0020727546086985738,0.03300418990015007,0.005604590969566874,0.16125400680949947,0.04532890286060054,0.0016476991615199696,0.004658335131269581,0.0009680997210824759,0.0008538330531391749,0.48628218228227815
rh_IFG_R_6_5_thickness,0.4899051351192768,0.9637347202758508,0.9285809195903649,0.7369537896573553,0.5610746583354778,0.7042047994622436,0.5319743908765812,0.9199245208462468,0.07195948703624899,0.5785403027674321,0.7703390187574319,0.6342753800747405,0.6837680403864689,0.5451290882153264,0.45004377004762613,0.4381699156277241,0.25849177590526173,0.9505916414392787,0.13762139543170393,0.010849760839209367,0.4468132592846238,0.1461910368869493,0.3835931195304387,0.21780027769517468,0.5614944869989834,0.5039417441956215,0.8458005784732501,0.20653183736787864,0.28499099669266803,0.4978607452084388,0.5267276004065572,0.6105536393851254,0.5448097518517965,0.015591784568667128,0.23262792061063145,0.27695499958493647,0.7084559553726779,0.12690754494397155,0.3464472770354796,0.41214911820053096,0.9513647898642026,0.5881054104461865,0.7763278951925489,0.6981969178837211,0.5526229718304515,0.9458386639794769,0.6048829763199317,0.45061073990892175,0.5632242794463831,0.8638561806998268,0.1720616103427092,0.4955645034459378,0.5455595344470495,0.2069456424909173,0.5178095470285565,0.563455098307676,0.5028253444427936,0.3441052812130899,0.25356230875965047,0.761506833030447,0.7846120594075141,0.26032048616198045,0.6288700499581921,0.37516359901342844,0.023394350387325482,0.5251946716648089,0.578592888195319,0.6455798181092897,0.9878767168529567,0.912984861669959,0.5606734656024976,0.5911765865725089,0.06637696389644725,0.735977399156872,0.8197503015517422,0.458161540778732,0.9352220100993768,0.005823356606197593,0.3479722047273214,0.36242633267597546,0.3820414319798912,0.3166324431616858,0.6121573424068343,0.6279771989509713,0.28365317754050523,0.04867551988233206,0.45928127362218596,0.13168048804839053,0.8115985527356873,0.40187642090623116,0.4511502808907944,0.07167986911097422,0.5313415719960326,0.40685858722263735,0.6647073736206282,0.5244383276336779,0.9302976274212063,0.9760140839687401,0.4697180849348299,0.8365522648654315,0.36695829305851413,0.5718965110689148,0.9942184147971007,0.10735442291490463,0.1830182681117451,0.8198850776803375,0.9204204028087999,0.3118152556079058,0.9831048540723865,0.8558842177091404,0.5814598314795523,0.32513556889474204,1.0,0.17698745952529918,0.3731898462433978,0.3390481911034803,0.21514057178719964,0.03477456306039087,0.05755542667511947,0.303607761691107,0.019353013129520612,0.7753830162749342,0.5017851447581677,0.006306809155760475,0.1977586829046517,0.8437982212468216,0.9850885143071539,0.47388100327301363,0.02001816112799694,0.029279442854889176,0.20153549697444545,0.7804684407791824,0.2524007627318234,0.26029662650689483,0.2712602347630231,0.8340451026055253,0.2524007627318234,0.8213244663268027,0.4538673077341307,0.9949933462454211,0.8093661346992156,0.2350889986145907,0.4300538404775638,0.845455475718033,0.856152319025142,0.21674727584420173,0.9844971377949038,0.2745512326570725,0.01602714647254616,0.9970134460032989,0.9819632137233554,0.014731214486227474,0.6270362008854982,0.3309125993505575,0.4692372551155531,0.9826218243697105,0.21850568183306213,0.2582035577845133,0.24591764179536468,0.018409109052875752,0.9966896795833036,0.19168445782320293,0.8350723584021211,0.9946798437261055,0.8756646703744648,0.9866770563551522,0.9804529245559837,0.1760550437930515,0.5047243038098055,0.5980055753179718,0.014929919223706147,0.9972654095271034,0.004005378750613752,0.10071608440973454,0.5230748887050145,0.5332097835490145,0.22792939477069535,0.9955671194077291,0.9832637271539524,0.4604505797780756,0.13653489126020907,0.5398433767871131,0.18611579608794745,0.8161964353910698,0.5416504761102864,0.10878712028286291,0.18944264010313505,0.07702541639169574,0.08027894036263322,0.7192709033606277
rh_IFG_R_6_6_thickness,0.7931426016415631,0.24439118416629174,0.31854002221431227,0.5332272592586517,0.717039716738421,0.051838557473622315,0.01115986476924423,0.30960311359399756,0.0006232759306474019,0.02469415674452522,0.5037797362378327,0.6258513728868852,0.061220400940226016,0.5888585735214324,0.4598910588554548,0.8430955082690947,0.5023956978408133,0.25243212107884605,0.9389825903674206,0.520222972117522,0.46333206620803435,0.9706008565694084,0.22432998320598055,0.8285003680643485,0.6490208139266408,0.04537614317427475,0.4308605236605443,0.43537203191056606,0.0033057085225260945,0.7041406423134338,0.7493734360637966,0.6177465829856325,0.7243190613596697,0.5663798633753132,0.001583997741188705,0.9357154593123029,0.2795050444215719,0.8441500766533923,0.8548009268951703,0.503762086707632,0.1529352242567574,0.6133913233126523,0.49989710655527575,0.5739318968884376,0.6415740863041245,0.1602729400000058,0.5322893545072593,0.8205498476043666,0.7168098309038746,0.41394480329152467,0.9947266688574877,0.31152787562691575,0.6648034737034281,0.6820918791495523,0.5946433799445947,0.6499461595213605,0.331257300741983,0.016312623264062444,0.3077301162986498,0.4993836283403853,0.4420573060480022,0.7981255043261934,0.564896188511965,0.8346554126726509,0.6894237834046568,0.6169394295877002,0.6230232744531738,0.6302605371337027,0.1781986212145001,0.3469921303567917,0.6408810929469377,0.6252308164996976,0.8989941464720033,0.18738490161869703,0.09088532750075591,0.0199250088509039,0.28680570449667464,0.42241864647888416,0.7288802138625396,0.9077498538097012,0.8918223746857334,0.8951080444220035,0.6081594496624401,0.6015980769617844,0.9225015523981699,0.5981079953283671,0.8116981286025104,0.6970723443911621,0.42498040698642436,0.807473018998947,0.6503150223377748,0.805544041448289,0.5211398040166461,0.6056668487546102,0.2548402911566715,0.7589019204590869,0.32648270116743505,0.2604727340511726,0.8027431167925589,0.44150001479875034,0.006047633055448965,0.013096201396657032,0.2148481388212879,0.0006562728809758953,0.0016607335190284922,0.45587747742709134,0.33933921282350066,0.004534314441575619,0.12577122240279381,0.05749368059924105,0.697651283223435,0.004932286977254096,0.17698745952529918,1.0,0.36219792867905887,0.31783660541925407,0.9828633691859572,0.00011289532771148235,0.8703892640067206,0.9064988752960211,1.6035663565408186e-05,0.5079269796712872,0.45636505576657893,9.743629687553566e-06,0.9939483143834792,0.4343253702834323,0.2359439580684935,0.796460461399805,0.6547429579787603,8.897203950534268e-05,0.9962037859960131,0.49494113017841057,0.9505916354925563,0.942962253905623,0.9321176248481089,0.06838944967040972,0.9505916354925563,0.4563954413315353,0.8171756374882767,0.18697528525467036,0.06664661116773721,0.9665493314863783,0.8418060142105692,0.4345376841703086,0.4218877705410846,0.9879310199165225,0.2368976891710078,0.9359498717456163,0.5790340867054166,0.1926003920179351,0.2407906309461863,0.5361617169227868,0.020509581236095607,0.3104555897718357,0.8047256452512933,0.1868703663809615,0.8413776465309561,0.9537031295733394,0.9649686291077149,0.6112416309979112,0.2054680604823259,0.9964056743103623,0.442957148915336,0.21192093921856575,0.4013395321163569,0.22722272230644028,0.2362294783854784,0.8839093609039801,0.01733097231795227,0.01941439035502628,1.2971746200016333e-05,0.20241462652286224,0.3298599203936619,0.9476976725378109,0.7461441610681742,0.739029284683866,0.9799632590544292,0.18818085540587187,0.23882852007445032,0.8103553184846353,0.9331259189425255,0.7293968102520725,0.9994356870672726,0.4424043145261042,0.6705517937834014,0.961831545541517,0.7123998364442752,0.921719744306039,0.8987945844334042,0.20205409722329765
rh_OrG_R_6_1_thickness,0.37093851864657673,0.33039843599625734,0.4849205869102189,0.5036935877141395,0.3814713977370673,0.3441651297569005,0.09885269029999816,0.4939222276771516,7.599911827306413e-06,0.25382814038063983,0.5133154149056334,0.3991495985224093,0.3722257591303723,0.20240415763457745,0.07948319405274228,0.3712832318097799,0.23627644412129176,0.4780228154135815,0.24607052415063033,0.5557307575824568,0.9099824912588637,0.2770043229844833,0.4994239557680491,0.7130030537199346,0.6289945183762895,0.3405731595659733,0.4589060668412938,0.33657594991418177,0.08953686827583655,0.6513431735402377,0.3332605422731836,0.3267939112806645,0.5435922423807833,0.46422575930378446,0.05573080051912745,0.5059595751928005,0.11113976574691255,0.19805800484397135,0.595752066927763,0.2481951204197047,0.43703275933158386,0.6115271311480828,0.5159389734616094,0.5379540135175186,0.21111553659395318,0.4463171222548604,0.4467519145076852,0.4820191057198251,0.40063771948512383,0.492393312810983,0.31498778306398567,0.013446442042950264,0.635682078912787,0.8549870371429428,0.11018451878256835,0.2422568192728818,0.7490519532834707,0.002112175396266647,0.4985437271497591,0.4581285695620619,0.486343230215547,0.7360879476687903,0.5316138824906794,0.5986410555072934,0.4874136190129184,0.13556273680874564,0.6210563547502264,0.4642626875937657,0.315326358717934,0.4085386714787904,0.2296092511124018,0.28986245935835364,0.41660087421906944,0.4944888560292248,0.40847023367319657,0.23626490385681354,0.4873038839783411,0.5235954767673141,0.7655870431515859,0.3752510681169701,0.37881489967447934,0.5508215777927217,0.3244102736122348,0.35196783006021887,0.2065414991898713,0.29133591944496723,0.4890621355575712,0.15454565135700551,0.3673360526065532,0.6143661489660135,0.7565113971314964,0.6431484161035566,0.7263207636788682,0.8402761895814699,0.4976623931576098,0.41421152343919176,0.47544209647849056,0.42215399822550753,0.48897811771177346,0.5070256663264601,0.03710857813936927,0.12429293319931564,0.3899851550150069,0.004448632983691646,0.010696738736729024,0.5125348164950775,0.48095607559322723,0.02644018914312925,0.31317511100836526,0.1964529102791474,0.5084978075440854,0.028423870320960977,0.3731898462433978,0.36219792867905887,1.0,0.5404406980656074,0.4394817217183362,0.000613754463753847,0.41082649193897186,0.542073625962921,0.001167461087095468,0.5197767288684805,0.5452120980129758,8.946047549995226e-06,0.4070886312928194,0.5039845704044901,0.4277707901294423,0.5016191598795355,0.4897201758461124,0.00042022591266949335,0.38389592514290327,0.5152550102515351,0.49742117517022355,0.5080501477402853,0.5219836098556156,0.14871400258339523,0.49742117517022355,0.51182374724837,0.4849486248771694,0.3442563366886899,0.13007271454872749,0.4722143555716908,0.46204845199764477,0.4987222730044139,0.49746434320079624,0.4143960190510129,0.42923045371451646,0.5085070196115702,0.46706836643264865,0.3602460657808298,0.4349643882412965,0.45825154201263923,0.10325131882546898,0.5412880296437991,0.48088875494387257,0.3086175691608657,0.6973293981688553,0.4814558730480736,0.4634232604002595,0.46075532939150976,0.391106267100713,0.39745011963017185,0.507583040489089,0.4041626040403544,0.48271343034538144,0.43010959759106465,0.44266577007540386,0.6461699501051645,0.044270983202824396,0.08666846629354599,0.0006997430001902835,0.38440926066590086,0.5093940183619081,0.47903916238447763,0.5334549710090716,0.526039090470246,0.43432865083263955,0.347833262308098,0.4321186436339226,0.49068255940394945,0.5600182064295307,0.541068861855297,0.34973903305956544,0.41489696037896395,0.6352850323595074,0.4575205411485203,0.8279390376694109,0.45059943022441357,0.5331639276103952,0.4979726826989003
rh_OrG_R_6_2_thickness,0.10993195669955258,0.4072521490118833,0.21343134304652708,0.3947018580603623,0.08410159624448617,0.35144191431208505,0.4979698551494229,0.18342915335879156,0.005160562136031391,0.43215336624358697,0.16001590831882007,0.06462528185460492,0.32266659281620047,0.01391936242000543,0.003927382971225595,0.13565350358382852,0.006993798641996235,0.20590782183421805,0.3135796376375533,0.4238625594816303,0.6695827594131641,0.31436497037077693,0.10763087975574524,0.4923638970196491,0.472812334996221,0.3548010098454599,0.34531248491063815,0.8803839252879352,0.49440238294811084,0.4344349654093592,0.07654187073436451,0.036640581897933386,0.23930273044488376,0.49922846987124503,0.46335925923288274,0.32043648836785704,0.5566671592851508,0.31290528826508324,0.3580049377634167,0.8097300590408872,0.25366273055371147,0.5283994104750123,0.17302724205668088,0.3529177776456256,0.024044963421339122,0.2414089934448179,0.7099002867734385,0.20303919275684074,0.09370656536957665,0.25158878431378795,0.3020348944919512,0.021368341049498103,0.45670560544186584,0.5342336602995873,0.020231185894959532,0.028326019852963152,0.8815369912651826,0.1365990262209417,0.9803608360679085,0.44323930086268293,0.09250143976615072,0.4964167523828168,0.6011552864682063,0.3509227594896263,0.500388479814668,0.020896204324709625,0.5163891521037318,0.10914766632316397,0.40139846730916146,0.3626884332087078,0.025151861885990372,0.03004389973372537,0.45548469844660644,0.15014861874319366,0.2833595396973467,0.44555520113396035,0.19461489152757425,0.4352691963367332,0.5164336166507919,0.18079676424974608,0.1707784632248287,0.3313570161964058,0.03403727142741294,0.04037248141785117,0.16882358919448875,0.44324325603391124,0.20521499369936866,0.29833350146715715,0.48336071054118707,0.36169527409622726,0.5587524084021327,0.5053029238353118,0.7131195555716998,0.5984618694057875,0.0991739123036161,0.11830376935883231,0.23917726049670268,0.30204626187499,0.20041426115679878,0.2212460085761557,0.4236942014698325,0.49994614924985087,0.32924533502038567,0.1960257292386948,0.28258836410429883,0.19505932589432792,0.2330346357689246,0.3858847667385657,0.3916291411837274,0.4757652858912031,0.1796536931574385,0.3941509025819056,0.3390481911034803,0.31783660541925407,0.5404406980656074,1.0,0.32387980468810346,0.07371535638455251,0.4629443629602777,0.3313887730120201,0.10316485609195147,0.2450432033939454,0.8915899680809267,0.006054694562724039,0.3209375535487762,0.22856804854885268,0.2858757819025661,0.21063512723741995,0.4994539484890536,0.06005981149670552,0.3056504359022845,0.17097058267052606,0.3313712219433815,0.33316915580026735,0.3357909131360305,0.4999829935505476,0.3313712219433815,0.20716031873456428,0.20405485264525286,0.37378933425598615,0.5042442221740417,0.32768863475140525,0.19696656036939408,0.24981753127886802,0.24219675794270903,0.30844724421204334,0.28408544526662427,0.32386605063014823,0.4992475724255962,0.35776875265979896,0.2769523509225763,0.49919324787397407,0.49951161171225456,0.9997221285263498,0.19336530373324923,0.4104316010579488,0.4836170995639828,0.31649508716083713,0.3139009585177715,0.500112566569459,0.3251727979023042,0.32136564557098096,0.21980361741913235,0.3106163139835644,0.26774835414110143,0.27993524460832786,0.26398665113978165,0.4729790075255096,0.44245453281091296,0.49379520386382086,0.07904483261973677,0.3324501294070207,0.43520376040048947,0.44558777188135934,0.22953459995087366,0.21680207204055385,0.31042115871103865,0.3702535374380162,0.28051302946404144,0.20615436744181012,0.45339986734238247,0.2363556404638491,0.30344892764376113,0.4351498550773034,0.4479530656184245,0.4288871609037041,0.52952580881268,0.4565235535511831,0.48217784605968966,0.1370204501136934
rh_OrG_R_6_3_thickness,0.8326966045019977,0.27412391098667865,0.3838916238644313,0.5886147155669367,0.7643431349646989,0.08522524011784144,0.015838206613888493,0.37936582645862504,0.0006229464339619795,0.04457044317399836,0.5825760140124073,0.6818590957531333,0.09973221713732179,0.5671396512876518,0.38617020681553516,0.8785488566687525,0.49689839685858384,0.31653568178688496,0.8704963422414543,0.4412979741974517,0.5317679200753069,0.9145503685601569,0.302654652258555,0.8882298180110773,0.7171176332622786,0.07814826330897015,0.48239647624821924,0.4366190093479282,0.007360545877613067,0.7807414025591537,0.7784219966977122,0.6489694771118137,0.8034123531814845,0.4907300034809938,0.003643182372115782,0.9830617607435208,0.2839228385610864,0.76452480060537,0.9264264178830813,0.5082977888106901,0.2055490362348026,0.672590605643278,0.5778063703511915,0.6389772739928609,0.6228756732729352,0.21532986855644212,0.5578637191213196,0.8862036430381828,0.7700448446835302,0.4783500812935667,0.9606250544701347,0.2553751639961213,0.7359412402506551,0.7465344713770689,0.5306560427451728,0.6451986777297553,0.3593546761215289,0.0163308801080372,0.31059214378353833,0.5442940003360608,0.5209821990307681,0.8681065891101033,0.6070946618144801,0.9094039430770566,0.6112883883748969,0.5636229905938199,0.6848941553928936,0.7027699983037408,0.20621457178077934,0.3894882861742003,0.6306629299162678,0.6415664162597559,0.8398406068236629,0.25953882464366185,0.1368657507670745,0.0376146207755316,0.3539877282434215,0.34819265741039107,0.8082453188335503,0.9360826183411226,0.9237594013866168,0.9572234207916281,0.6386657172872212,0.64249755233739,0.8757375090327699,0.5437609891977778,0.8793817044359047,0.6326169085466327,0.455893067657082,0.8852237996069596,0.7250353851081186,0.7899886078823035,0.5717054217813051,0.6824770751866786,0.33395815241245913,0.8138153004193192,0.38798157678671386,0.3081617845408058,0.8711933792903788,0.511797551547599,0.007211731757655658,0.019655304371869815,0.2559970236029886,0.000724463140159943,0.0018768202447806913,0.5300948831693023,0.40247042658142823,0.005264669748083026,0.15379632467691823,0.07062407632191531,0.7748777067999244,0.005738574428005045,0.21514057178719964,0.9828633691859572,0.4394817217183362,0.32387980468810346,1.0,0.0001182765619956706,0.8039073883248151,0.9651763282875229,2.832206710606514e-05,0.5792811092502994,0.4753815537053383,9.76649214320433e-06,0.9970902943028012,0.5032396168808307,0.28538623698120724,0.8673985723474875,0.575456929884323,9.230320337402029e-05,0.9938433727653029,0.5728505154339486,0.990861573414179,0.9871618668458538,0.9813002502885153,0.07689676485522362,0.990861573414179,0.5292410692340099,0.8836601768003404,0.21971272397858643,0.07359084178602922,0.997090294302801,0.9014633338219371,0.5004991549990416,0.4881547875803113,0.9988889779316965,0.2866904287067702,0.9832970430902377,0.5021478842111394,0.22815734954088118,0.2919858057835712,0.4642982867383334,0.025488244963950288,0.3161444177869205,0.8716139804718911,0.2137676161365057,0.9000933631563894,0.9919474454777053,0.9962241735557783,0.5329636492431234,0.24695655095337704,0.9948346727742157,0.5135230736602653,0.25614321596794976,0.4625032278595209,0.27736753816355875,0.28952743175659723,0.9248805411183989,0.018811640831612207,0.023270208424539786,1.939574455292655e-05,0.24255591363868917,0.2720601287350675,0.9252847893742313,0.8238637666119554,0.8164297949723202,0.9993840266701975,0.22153529997149402,0.2893224330002962,0.8784260698396098,0.9456728038186223,0.8082304308549708,0.9815309197409376,0.4818692276819128,0.7427087361265914,0.9394145579013089,0.7711268266610757,0.8775556335410915,0.8734078794297808,0.2764564360068436
rh_OrG_R_6_4_thickness,0.0027438725696317936,0.0231127857807141,0.015564778709900608,0.003989112987714128,0.005128873284253074,0.2876260817284735,0.3340514826424042,0.020232314382344584,0.7353758809073042,0.41291168227550396,0.006089615724369603,0.01024220523954134,0.31063435631520686,0.0401834919388323,0.0828962496844671,0.0016877573887806203,0.29507868044776275,0.02890016743059335,0.00011093949676533902,9.111155245729217e-08,0.0014082604456753132,0.00011107357942501201,0.5005141591208657,5.3049505834907116e-05,0.0015644343337261294,0.4449367834754449,0.0065593401296728734,0.1896350201613619,0.5263404637530384,0.0007806158498220345,0.005116045024491857,0.018876753228409066,0.001030223188494496,9.657010738745781e-07,0.6457710961938864,0.00015893254268517916,0.0969103559950398,0.00011074331876653227,0.00020267013603526173,0.09064828895722339,0.06526309867419526,0.0026271946702228622,0.005653810682635908,0.002559902213173146,0.021215503483774135,0.06481258460580017,0.015644346120426096,0.0008609582426331164,0.004464332520725851,0.006936975437313426,0.0001347724933739442,0.01886391097702935,0.0012715519811009742,5.788414387676858e-05,0.021213732799915876,0.018867284027903598,0.013453988885702385,0.6373935026955498,0.12302898146047862,0.006379602038272363,0.01908400878605136,9.211088819717256e-05,0.006407748472327446,0.00025437225382069157,1.2578242542527893e-06,0.02121393424508716,0.002258919161968859,0.005203285019361165,0.03466655181438685,0.011267685224379376,0.021216269572372513,0.021220866050800095,1.1250955347751045e-05,0.166867915132426,0.17096605833925652,0.4578806201788468,0.022740714983028473,8.174827589047795e-08,0.0002621105925495657,0.0008110020157267278,0.0009560965820670583,0.00018379183249420925,0.021226016758275398,0.018882743302421994,0.0008000856475520698,1.3891769064973209e-05,0.0008740061497985819,0.0001342849550291817,0.013122355028567375,0.0003072453949842697,0.0008520105326358057,3.3858796270540152e-06,0.004065221076946767,0.0006611214252019086,0.16738450332931898,0.0027608196499927795,0.013102424057736,0.018539860208555442,0.0009498532112134165,0.006321419336950636,0.47043017303196033,0.31416119664438186,0.02557977193236522,0.8733909133978492,0.7277596546422822,0.006498109708067129,0.012191189068506886,0.5358238528883488,0.053634764190226024,0.11898522660761976,0.0018340719424612632,0.5192945938893132,0.03477456306039087,0.00011289532771148235,0.000613754463753847,0.07371535638455251,0.0001182765619956706,1.0,9.224846638800352e-06,0.0001700249917122324,0.9265526040832587,0.0038456278055064522,0.02350873449166922,0.7274800855003127,0.00011523698896765043,0.006454376544226252,0.023150468168597248,0.0008869791831772552,9.878592533416156e-07,0.9966049319365577,0.00013796666173620798,0.005913791502365933,0.00012905268884043006,0.00013227866835316597,0.00013742606366730072,0.11667330178641988,0.00012905268884043006,0.006090825313963686,0.0008641652794475906,0.03155693372797448,0.1270674282511659,0.00012321652438223175,0.0008435013062280033,0.006088927857857062,0.006727669552989302,0.00013974179495799183,0.023071744377121166,0.0001529044631309508,9.670603959265859e-07,0.030099202188777735,0.02276963657794752,9.635205730119376e-07,0.2504678449391138,0.07723863241620829,0.0010092173603709661,0.033209991094458734,5.27313751552775e-05,0.00015061881560074974,0.0001465678103554793,1.225876208335796e-06,0.027713955750799324,0.00011266187006914265,0.006296313407950104,0.026849671658484786,0.007341029708606468,0.02534393088452652,0.02470249340068132,2.9795000832702676e-05,0.3384073549293733,0.2667972399403645,0.9318866490267574,0.028188562497043584,7.855796985258135e-08,1.6264179378168e-05,0.0009730251325321901,0.0011082847601371505,0.00014194550548646812,0.031216115985209875,0.02291816937853606,0.0008710592383968395,2.0261404887431025e-05,0.001019198845916891,0.00013632367751907864,0.008918725475768254,0.0011848910446698284,2.1873917861644107e-05,4.292420296934335e-05,1.1620499106271934e-05,7.217781056249725e-06,0.1678146927249127
rh_OrG_R_6_5_thickness,0.5004686519453501,0.09310583999532591,0.1248216027474045,0.30802057880005296,0.4317486899268327,0.015376649203022483,0.0019507727134322576,0.121245309193537,6.566416034285668e-05,0.006462259113322588,0.23697246977336944,0.36019381126727856,0.01932092022084451,0.4792890454687006,0.5066104183943994,0.550883655161448,0.425625894061461,0.09276927368488275,0.9246090161124068,0.7889086152398083,0.5257059686749215,0.9205311868819268,0.10877490861535331,0.762734463969428,0.47904982260415696,0.014118833222178731,0.20886174761103413,0.49970712775875326,0.0006418039603848991,0.5205311685905437,0.48046989739958273,0.39957565639351733,0.431179908749918,0.8617934785792991,0.0002663407508112528,0.7156391575471139,0.12646863161772076,0.8893078015576559,0.6372838378048391,0.425618356034683,0.050007970114010175,0.4690559760115773,0.23458588934461777,0.3333542472669976,0.4966922526869257,0.05346591431546875,0.43422176591326805,0.5173696484545368,0.423639693369373,0.18354761620739346,0.8849343173658218,0.34708767765600557,0.48796342909143364,0.6953066014824407,0.5482695181092399,0.4771591660724026,0.46118194654158623,0.0031115548597318407,0.45788067967753227,0.2886788649841706,0.2100456695347116,0.7203974475995253,0.43549443373362395,0.6077650294341431,0.9430717945638691,0.5420706203407288,0.474923898530481,0.3366371182616307,0.059467252790273734,0.15167549748611803,0.48210687342679776,0.4293197389633583,0.9972768667615973,0.07857114863473391,0.029158103053712574,0.005244196363315552,0.10939817229896334,0.7263316900539829,0.6467056931855215,0.6306584568774931,0.6079009826843549,0.6671832645384375,0.39630812111788727,0.37436883679498456,0.7647853565303945,0.782229051562612,0.5082032456474102,0.7518755802416471,0.22740590240467765,0.5844407180996969,0.5780412699554524,0.900450351440213,0.5309696588291446,0.5943282430382119,0.12171695465059366,0.45504782684536127,0.12952698436799148,0.09639302854007425,0.4975378617055905,0.1986833620321462,0.0009231419397773408,0.002413738435939195,0.07456922407092141,6.924054704515827e-05,0.00020297197417630655,0.20610204134034385,0.13652378892352324,0.0006574879564447523,0.03712937253827855,0.01392589445316381,0.3913233722423489,0.0007259810749357934,0.05755542667511947,0.8703892640067206,0.41082649193897186,0.4629443629602777,0.8039073883248151,9.224846638800352e-06,1.0,0.6822836485946524,1.113834406806487e-06,0.24896813600486567,0.5054193633471935,5.798403346320085e-07,0.833255226481949,0.19463231024755392,0.08372697286621417,0.49338313542146683,0.9237917846553996,7.037463461326443e-06,0.8321730744760181,0.2311189459464565,0.7474120768787298,0.736514711555788,0.7219554722026879,0.017657987506524656,0.7474120768787298,0.2073420623698271,0.5138883911153159,0.06271182866229554,0.017211897233639657,0.7725859956582841,0.5403579536539687,0.19713811754209856,0.1877932349770562,0.8057321425228765,0.08415761948844674,0.7185098349761355,0.8723559193661532,0.06487944221581926,0.08593110334471432,0.8343960131412853,0.003960387035585727,0.4584957970961905,0.498281500626601,0.06381349966702074,0.7658950429279151,0.7413293101837302,0.7592914774591515,0.8957218558138775,0.07007528110416178,0.8434445266959376,0.1995155883648868,0.07279770845478052,0.17700622337030286,0.07954523047689412,0.0837003929349131,0.8203043946624777,0.003279916898990391,0.0037108522054549193,8.368787735802091e-07,0.06881365561069303,0.6283961942727838,0.9515984754173987,0.44870664382787023,0.4378559670808591,0.7872867948762754,0.06317080227257593,0.08503410096165143,0.5069776148817078,0.8869443763747706,0.43496701574605534,0.859928329793139,0.23420384552742535,0.48881820502640383,0.9466631498116194,0.7238058337575568,0.9839390714470972,0.956526337324533,0.08740044288280358
rh_OrG_R_6_6_thickness,0.8428155468324827,0.35170288474122013,0.5042642764306743,0.6995657601666752,0.7880110329229949,0.15942200829658879,0.031543900689575716,0.5008686890640618,0.0007103146642223957,0.09430445995841655,0.7008394764909696,0.7211087071057001,0.18170538890886706,0.4925177428386603,0.2767512464594021,0.8812227421365288,0.43422319566152595,0.43416566806583645,0.7570592939455874,0.32498051195196326,0.6333127066108217,0.8058607353080898,0.4116133827539062,0.9159298804997484,0.8297786318049674,0.15075197153736022,0.5917001321882999,0.43273050831735455,0.02054088750009631,0.8920509173863894,0.7720954261623026,0.6436565454793557,0.9049028967534095,0.3925918112393133,0.01097533904098988,0.996378247047708,0.30909328052379,0.660407402400575,0.991095286396688,0.5224851548532571,0.3099454173447172,0.7786080763335788,0.6984205758187163,0.7576401227247739,0.5534739951290621,0.32232735533936685,0.6178217260462314,0.9439745136992481,0.8047269673534319,0.5996051861068206,0.8687453849454823,0.20985080505064246,0.8494915859156478,0.7825306564299056,0.42693151605621316,0.5915041916402005,0.4131366764969636,0.01806618521435081,0.30929267159230467,0.6432046672836411,0.6219531434651094,0.9200625044413182,0.6943810363002277,0.9843353415113227,0.4906387126751618,0.4650872926343366,0.7930440979096087,0.7812965976653476,0.2791184833653013,0.48761528290376954,0.5703754237738808,0.6142440316396098,0.7213788369513624,0.374455551090552,0.2303049702767075,0.082763741775082,0.47416032524147955,0.2556156823644159,0.8958262013005651,0.9256699991715502,0.9193930146680291,0.9995324320568764,0.6318976258955664,0.6527524007411886,0.7811837167474023,0.4840698820650924,0.942055904478786,0.566994090715899,0.535452799465223,0.9715503242319065,0.8311023785988205,0.7046543890505242,0.6606447846534773,0.7841785166518634,0.44181182109325595,0.8515128346527282,0.5062187492181315,0.4116226952790468,0.936063366335919,0.63575088934806,0.012251928544122125,0.0403354889666915,0.3499195899299138,0.001159656133596401,0.0030643652908327428,0.6539771677862298,0.5220575332978499,0.00868097012494342,0.22456794154081733,0.10971414238052658,0.8684748984741957,0.009460368852979337,0.303607761691107,0.9064988752960211,0.542073625962921,0.3313887730120201,0.9651763282875229,0.0001700249917122324,0.6822836485946524,1.0,0.00010262648652482725,0.703219109442226,0.514658221539314,1.1804239289816251e-05,0.9439411440802038,0.6267875797805244,0.39014729554384364,0.9384793078408267,0.4579310227560726,0.00012844661244121203,0.9348656597207304,0.6934423134841037,0.991095286396688,0.9940786551120198,0.9970801356419967,0.10628642021220894,0.991095286396688,0.6534240046844624,0.9434007405369401,0.30054679175975374,0.09909339229114378,0.9817662020876545,0.945960917789608,0.6227232865543355,0.6105131564253004,0.9565707163461941,0.39186829119993394,0.9964102261750496,0.40077078088394774,0.313460408276089,0.39879662267178584,0.37436352100929465,0.042820629917636015,0.3227218486650547,0.9328626047004724,0.2850616199440281,0.926114184111117,0.9896693617398541,0.982836945955131,0.42714275006525004,0.34101995597221696,0.9358689286647024,0.6375347202507295,0.35394841088794715,0.5814115192779581,0.382608405593716,0.39832640116746015,0.9180734145056291,0.0259095267943665,0.037505673896469735,6.113689965446824e-05,0.3347061467829743,0.206946593282739,0.8360431167817617,0.9175736971242778,0.9092557432963175,0.9685780556681935,0.30336418169316914,0.3953237708890367,0.9420406774637115,0.8970110013952839,0.9079118278190725,0.905215254007575,0.5747636001863075,0.8565364568952978,0.8511045018167818,0.7947155273251696,0.7684772996350012,0.7792484288920432,0.39104441814262764
rh_PrG_R_6_1_thickness,0.00046837387286444284,0.021805067567524126,0.006025191129678335,0.005552195247545214,0.0009467399305703385,0.15215164315686103,0.23526783234395812,0.006580093277428144,0.5402802650298824,0.26834091684452194,0.00188873856961956,0.0021038667196875077,0.16764570424410172,0.01063933174148674,0.02640446903529513,0.00027711942261865203,0.1488976614325912,0.009897157181157402,1.1355160677996555e-05,9.11411065472071e-08,0.002566123149896544,1.1860197696318327e-05,0.43557997425022754,9.492501482215777e-05,0.0026294461131689904,0.5168043247199127,0.00704504928564369,0.23974697872517267,0.6330106926316554,0.0012798289710206487,0.0009193619277245232,0.004255354696258668,0.0005637072484867029,6.898722339378463e-08,0.6383008280442121,6.771246151019398e-05,0.12646339599228917,1.1017546256062314e-05,0.00020187920348782682,0.12427941191215536,0.024405426797049476,0.004458932733171345,0.0019438254177706758,0.003276627777326368,0.0048755323848025355,0.023667032551520917,0.024574745772000698,0.0002337495513261497,0.0008261377599631302,0.00418863253699076,1.6155903721344842e-05,0.004226437901160326,0.0021207695158925953,0.00012070225518313039,0.004871295955392837,0.004234428561795668,0.021481678298422912,0.5591013808331717,0.16365271327514608,0.009318675877726234,0.004666006487471515,0.00017022928946954638,0.010531148577748934,0.0002611179610521737,1.8348535575151328e-07,0.0048717979031039325,0.0038440610277443946,0.001097681728508861,0.026352373706790465,0.01123606935813858,0.004877304561174269,0.0048876442253307385,1.5655178346874085e-06,0.06757078712477191,0.07435980250731095,0.5391437510471976,0.007644058916972871,1.4253317987615567e-08,0.0004928559060493501,0.00012992289250171856,0.00015529522975795066,0.00012025788334603313,0.0048989113250865165,0.004268205820100754,0.00010538729141217362,1.06866766451723e-06,0.00025122835700061726,1.3635010835356711e-05,0.018692197151618534,0.0003638802172687923,0.0015602996351265013,5.432942363054298e-06,0.006975858510943872,0.00124318117078096,0.06706285298950737,0.000503981012792131,0.006097784650314899,0.010929410026680048,0.000269349611240745,0.0031294645275639485,0.3791095137213717,0.21018049042495016,0.015308865267404024,0.7709660093133586,0.6232753119331609,0.002625139108376697,0.00558025391101739,0.4412166855022831,0.032116695591699614,0.08006325818271093,0.0005702596650004414,0.42601364549207904,0.019353013129520612,1.6035663565408186e-05,0.001167461087095468,0.10316485609195147,2.832206710606514e-05,0.9265526040832587,1.113834406806487e-06,0.00010262648652482725,1.0,0.002495085064075852,0.03608988251777635,0.7448330902838737,2.1539592303412092e-05,0.003360424219028977,0.0115772540714335,0.0002859464790104098,1.3007593458045795e-07,0.9275832541141438,2.2328267144130554e-05,0.001997500521575386,5.165816855234027e-05,5.85114602787029e-05,6.935923187495471e-05,0.09717616345248054,5.165816855234027e-05,0.0027254102562709022,0.00024022981115017977,0.021675075327982154,0.11069403988606968,3.91230318208222e-05,0.00019818500029726436,0.0037519531843159806,0.0038312166664740367,2.751683529750443e-05,0.011450057511025485,6.702276452826143e-05,7.28505635174376e-08,0.019447894875204545,0.010960476927320238,6.27117420273309e-08,0.1825692436223773,0.10762964808962691,0.0002652609318882223,0.02703525279312645,9.050403630311257e-05,5.119871578219634e-05,4.248592077052109e-05,9.66924790836096e-08,0.015744345392902377,1.9699203849468215e-05,0.003085697044526709,0.01438048629823736,0.004872030652046552,0.011969120034770787,0.010925378514822486,4.258901552803464e-05,0.28644456533918305,0.20273646659044245,0.9948124723589568,0.01648791083781551,4.88123766460369e-09,5.262686707761552e-06,0.0004542347838068461,0.0004602216738573665,3.240067029003242e-05,0.021156534818447866,0.011201475315516591,0.00025411190951995675,1.5803858391988462e-05,0.0005344036139074572,1.855379239783492e-05,0.01225222806262169,0.0019599366111492686,5.7566822503396425e-06,8.975170797540278e-05,2.472944783934301e-06,4.079340736493136e-06,0.06783996360876883
rh_PrG_R_6_2_thickness,0.7934459347652725,0.8214599547250956,0.9258395598210067,0.9499621102889075,0.8053298980109853,0.44260775723782775,0.19482663721413573,0.8990502021409408,0.010408070395336177,0.32492024680301873,0.971692089910561,0.7964948745127759,0.45938989480056003,0.4662529264711076,0.26215020040611936,0.7771133434695283,0.233934887766054,0.8537162764476398,0.4099774090198386,0.06543088937408172,0.5903981476812341,0.4348646940743941,0.49118841473963504,0.5309170221735546,0.8506586740887552,0.38950934484015876,0.9665493374331005,0.241772433882662,0.12095969954537948,0.8361165584616945,0.7563681101741297,0.6716355181496256,0.9252465273035013,0.09950719452370754,0.08040478621275537,0.6705623694122813,0.616408742226703,0.37311593081864314,0.74494388942646,0.4705883776626991,0.7181336883570483,0.8270724605146953,0.9803375354340931,0.9643090361158481,0.5509846743922765,0.7247528361553481,0.6872115704279739,0.845988921357137,0.8274747883869753,0.9848892695409454,0.4894608388493721,0.4055605942483435,0.8519449666936395,0.4541142337798767,0.4654693297381455,0.5911366398755605,0.443721894941057,0.11299002668734304,0.18330414203820086,0.9202731161761091,0.8541589364644027,0.5823784162574467,0.788494010471696,0.7755484561964288,0.13179699744091572,0.4861602354420136,0.8309118464137945,0.8984340619405522,0.7491552266804958,0.9249480068525124,0.5675640602194588,0.6235969301747545,0.2742980746647567,0.6094200025464335,0.5575996519094228,0.2865917327635866,0.8853095987284041,0.04593010582692009,0.6632810396730195,0.7331741823851293,0.7495216138994314,0.7185484219163476,0.6572430199251358,0.6970083861879854,0.5797118973692105,0.20559514179006852,0.8546850017555525,0.3640182234151636,0.8738823426822562,0.7966284168194495,0.7214777674027666,0.2572272654066592,0.6500972969407541,0.6466127011998775,0.5911609219126138,0.8387803512457052,0.9395315853794122,0.884030316005386,0.8619290932870418,0.9899062798772389,0.10389219805206662,0.22513527781065468,0.8286678660279312,0.01774374223920403,0.037360369309838534,0.9853102945497216,0.9471200518109095,0.08098181215588311,0.6702372334557214,0.44895895963379306,0.9321931754900572,0.08620709097446402,0.7753830162749342,0.5079269796712872,0.5197767288684805,0.2450432033939454,0.5792811092502994,0.0038456278055064522,0.24896813600486567,0.703219109442226,0.002495085064075852,1.0,0.4838229511323651,0.0004084681830211374,0.5487100138111598,0.9893213487220384,0.8599643160117783,0.8691288061121301,0.11798775956714021,0.0030473039769479725,0.5512973155615606,0.9786577011595832,0.6365423097654354,0.6474620534133999,0.6620047508294414,0.43814767410320477,0.6365423097654354,0.9897262281082395,0.8493754627376766,0.7764126485047318,0.41661308345585435,0.6111886481063462,0.8234503146216514,0.990847593809226,0.9871406623072416,0.5791999844697383,0.8610844196495677,0.6672335034248486,0.10151170588330405,0.7909982612452495,0.8654244359987777,0.09535172487765099,0.24661310532049685,0.23559651476567234,0.8584183768108531,0.7547253793730269,0.5380041474994373,0.6447915075803521,0.6266918666688299,0.11214656849633037,0.8180430500375029,0.537677923598841,0.9899693133229359,0.8289796505130891,0.9797461589218427,0.8495981782593154,0.8589087821534336,0.48382295113236545,0.17258497340713108,0.22644588235243168,0.001681319769433177,0.8123091155107228,0.036312596043526164,0.35964509683635465,0.9102970035488692,0.914990901283206,0.5982244498252288,0.7797066073104884,0.8632827319963743,0.8560724691724887,0.4280835785639091,0.9219595512155501,0.5204072068839143,0.9168940545126782,0.8548997403688349,0.3796439152413716,0.43890964201741745,0.302491303983139,0.3029494140396993,0.6071766912262764
rh_PrG_R_6_3_thickness,0.2475435257690375,0.572006276682366,0.40935761042515134,0.6696967454939143,0.20844329945906753,0.4753398909076563,0.4159003856015111,0.3662180731949081,0.0010236740504645878,0.5000773563118595,0.35525697406944545,0.1753315966889078,0.4584433288992566,0.04890261902139175,0.01581468950182447,0.2837550972484436,0.027961828632078717,0.38524230724346586,0.43989723816562953,0.30073685072749684,0.771053956765757,0.4431806961856195,0.23281160528072806,0.5901148660080668,0.7450265337884716,0.47623003985387846,0.5919862446104315,0.778931737513699,0.4004801421685103,0.6884190742708162,0.1884720358940823,0.11077376732538821,0.46567080372124964,0.44228688100582403,0.3315919483527545,0.4936811896718957,0.544455818114007,0.4363185793214372,0.5576212000066072,0.8460785005112921,0.41813602767710056,0.8033651878117768,0.37613592479495095,0.6270291557518046,0.07422166770635319,0.4067372231054821,0.9280703360240344,0.3943132565791344,0.22765957904388284,0.4787056294505477,0.4389109090458361,0.05861998359270916,0.725017851341345,0.5425205481712478,0.05956193382893934,0.08606748799430046,0.9300024377934295,0.0551907542563722,0.8128120448157681,0.7095891417509353,0.23105297139607367,0.6169448251244937,0.8678861137054226,0.5607333565376573,0.45397937933561405,0.06241173538684661,0.7903381212180862,0.2649061237938227,0.541523882295867,0.5810947323221867,0.07798946691934618,0.09330450565821333,0.5077443296027987,0.2951711199132007,0.43283673133452005,0.49967663763644,0.3774140646331041,0.31405971520590487,0.6792814606685308,0.3397396744163175,0.3290578066310616,0.5192809444898043,0.10470904893205779,0.12077938687108769,0.30128435355778693,0.4994793496417008,0.39945654300273686,0.4236550724121787,0.7074916274968568,0.5814601993970012,0.7672711223198071,0.47171515406021697,0.9099388617253547,0.7472595689645644,0.22191100720712936,0.2685521857319406,0.4442073920663412,0.49621840500197206,0.39449656125170984,0.44249667468293435,0.27624343698053283,0.44690514548499655,0.5063122885175182,0.08472916446258486,0.14269144088315608,0.4063553539064433,0.43934869525085035,0.2334856324252553,0.5174504498348615,0.5037945488157304,0.3808766207666058,0.2422460636266332,0.5017851447581677,0.45636505576657893,0.5452120980129758,0.8915899680809267,0.4753815537053383,0.02350873449166922,0.5054193633471935,0.514658221539314,0.03608988251777635,0.4838229511323651,1.0,0.0011440138858794856,0.46643164758219996,0.451594200462768,0.47301273431295293,0.41061489450607136,0.4436064175016484,0.018171031245482593,0.4521935440194057,0.3725204087137618,0.4961506049175146,0.5008165528274833,0.5074454203619497,0.48420594077783,0.4961506049175146,0.4243117521202119,0.3965456526823546,0.5292907219181182,0.4682482447840081,0.4862409206013879,0.38058187885761013,0.4801983448723941,0.46791110427480853,0.46020981743025896,0.47148470977666307,0.49642501110034304,0.44240833619836384,0.5206457068345417,0.46528213482356695,0.44205421663784444,0.42411086848982,0.881362048744591,0.3837055067923566,0.549323939166975,0.5885440374281969,0.48294147703974694,0.47593271001769083,0.45243641153877845,0.49989460281661335,0.46477611111319916,0.44067640102101346,0.48933226753978243,0.49645315216034724,0.46454662884196174,0.45032202405476884,0.5623170211182917,0.30244687457395847,0.3991826121256623,0.02567060878852944,0.5048804460713155,0.3135962150901427,0.5186624380718148,0.44788320455967223,0.43105235091855254,0.46608055342306104,0.527475525202937,0.4684012274781506,0.40110682919722085,0.5369438583659335,0.46062953051137956,0.4448519857813907,0.6804258671416092,0.7152492210145687,0.5151730595800805,0.5377884553779566,0.5120052032819877,0.513651455123547,0.27760045469341593
rh_PrG_R_6_4_thickness,0.000389226827516438,0.0024731407682248787,0.0027150087235823113,0.00017730565395722786,0.0008145411854789082,0.1306507428357588,0.11653976728029865,0.003950278724480129,0.8024033266811984,0.22787267088366128,0.0009208092419952465,0.001858782343489328,0.14924968786289528,0.009899605409238661,0.024800192121640086,0.00022001670587532384,0.14300306170350036,0.0060968899104904975,9.735890563754788e-06,2.260526110415465e-09,2.606699767357165e-05,9.729510043022e-06,0.428583555257747,9.076219295968277e-07,3.819879419932251e-05,0.5002015270987026,0.000485751973730628,0.027605840077643808,0.5093502333674303,1.9732094888508516e-05,0.0008144458001882461,0.0039025323579350273,9.604141052099995e-05,4.771538273560203e-08,0.4594237867607821,1.2273413992578775e-05,0.009305180205194927,9.728597277396049e-06,1.0546884357006114e-05,0.008307517376618863,0.0170539346673929,6.521310694465272e-05,0.0008221497411024664,0.00012823867786939983,0.004502743672045339,0.017039506519652293,0.000650953091245251,9.394965453735845e-05,0.0006894442612917129,0.0008510389433450231,1.2058808162863015e-05,0.003902459960928375,3.1376292129323545e-05,4.989785909885029e-07,0.0045027366712864095,0.003902474244924819,0.0005257734135454452,0.2615377967613054,0.01345308637758766,0.0002669438374938816,0.0039048988760641296,1.4183990271962825e-06,0.00019847605557884296,1.3203440415110192e-05,6.207434257064911e-08,0.004502737301416304,5.469563069238134e-05,0.0008152782550615318,0.0050284618640424415,0.0009964043003802409,0.004502747300948328,0.004502772804183222,7.185870825492932e-07,0.06230871204535516,0.06243396429643216,0.5012359858579433,0.004531654096514647,2.9954423411490195e-09,3.8145879521847927e-06,9.351674383870927e-05,0.00011315716827048134,1.2440322596211227e-05,0.004502806157931152,0.003902575572052276,9.345521842444909e-05,9.359832069893621e-07,9.467330483379141e-05,1.2112601593100824e-05,0.000643559077556844,1.3864516304247316e-05,1.4624195132254326e-05,6.717845710726652e-08,0.00010480512112624635,1.0073955842033294e-05,0.06288683848143925,0.00038936428785884056,0.002059691842952863,0.0028078223334318383,0.00010454083098366576,0.0008359353331390535,0.15871275823319514,0.11395961268539867,0.004127748891272398,0.44157216935139504,0.30863467929375704,0.0009285672372586253,0.0018992161556907233,0.1887115556120948,0.010425324611274907,0.026908019054271065,0.00022158113964294143,0.1800965788985622,0.006306809155760475,9.743629687553566e-06,8.946047549995226e-06,0.006054694562724039,9.76649214320433e-06,0.7274800855003127,5.798403346320085e-07,1.1804239289816251e-05,0.7448330902838737,0.0004084681830211374,0.0011440138858794856,1.0,9.748876604805675e-06,0.0008390289039392097,0.004014539829111143,9.42225846457784e-05,4.775483956538697e-08,0.7713186893219466,1.2128481862747845e-05,0.0008714831302704732,9.840402170788566e-06,9.864979302015142e-06,9.905990293689763e-06,0.0208699765478208,9.840402170788566e-06,0.0008308197785281178,9.398194365513306e-05,0.004869422700522115,0.02202081259351163,9.798563854720325e-06,9.378167792190706e-05,0.000721365768387575,0.0008456875698592387,1.2084086522829501e-05,0.00401181361018683,1.1657251225042451e-05,4.7717415868937953e-08,0.004800947126492467,0.004001520227508032,4.771234164232147e-08,0.06977085805376336,0.006500490314000043,0.00011362763936118803,0.00447690623197004,1.0256375139224506e-06,1.215652336108451e-05,1.2127708167656466e-05,6.20126054295418e-08,0.0046982505878566914,9.560345865838178e-06,0.0008353625971155642,0.004664196181502289,0.0008619295176439164,0.00460942605909016,0.004588051950463147,8.334475617847435e-07,0.08578864611577314,0.07212676023391688,0.7879349963659406,0.0047176974204191716,2.9914598455174064e-09,9.929563718538e-07,9.526269650265767e-05,0.0001147858556574904,1.2097349550307825e-05,0.0048530483930129195,0.004006547245616737,9.405270341937283e-05,9.66821786951443e-07,9.646012739118642e-05,1.2120388154675818e-05,0.00044872581783215364,2.9893417310003787e-05,1.428740481687224e-06,3.66305851656577e-07,7.198422168826572e-07,3.5147218959349535e-07,0.06289491858967368
rh_PrG_R_6_5_thickness,0.8201133017293352,0.26037606791265017,0.3554932002134431,0.5640903460237205,0.7483066355094667,0.06990451192712675,0.013524907391003302,0.3493557312308492,0.0006229334374645384,0.03521624921107933,0.5498645725161557,0.6618498746762813,0.08220988208678214,0.5800187492947381,0.4177363222115591,0.8677672446469702,0.5033273960852467,0.2886106728302689,0.900479418385649,0.47402780600033134,0.5022638225846446,0.9403210214829119,0.2700217148885393,0.866519154314948,0.6877186768505624,0.0630948784939971,0.4594230441515411,0.43600033484145484,0.005349089271373154,0.7485186385396688,0.7704182216117433,0.6400308623999467,0.7714913351385231,0.5206415987295885,0.0026041284926989587,0.9670252612882888,0.2817140785761378,0.7970839396568501,0.8988739111761377,0.506054627906753,0.18214864463874086,0.646569961079446,0.5452472312997114,0.6106956539999757,0.6345637158064379,0.19094461893124454,0.5459648337083949,0.8616224715383676,0.7513126728489119,0.4503051901075052,0.9783007261558474,0.27647883450508903,0.7054599664937519,0.7225808040113197,0.5591536858538427,0.6513105150677365,0.34636307423781115,0.01631731240156239,0.3091823620356893,0.5240570339638324,0.4891952270517728,0.8414131427595173,0.5880091187798989,0.8801911623096195,0.6439312328563039,0.5884085237816171,0.6578346621896136,0.6747331382149141,0.19322296989706159,0.37025929676522146,0.6389792198065369,0.6389792198065369,0.8667110044835773,0.2287074751277739,0.11619552197502904,0.029249374638964078,0.3249116894409406,0.3773775628654913,0.7761428988389756,0.9283922157863502,0.9145110420574211,0.9343627201997743,0.6300378032608709,0.6293240216703564,0.8981449178373409,0.5641423309411746,0.8538031387862288,0.6572799474250658,0.441629494585274,0.8542660141935943,0.6933760419919479,0.8004657387299376,0.549161166672276,0.6502086775817306,0.30122590790844417,0.7943109246404448,0.36104923697417174,0.2867692611857816,0.8452331329468252,0.4815946563305043,0.006615514922510897,0.01644395921219316,0.2373406907087241,0.0006875789825900756,0.0017622975231300047,0.4985705808294582,0.3749108788853,0.004886735542996664,0.1408047227932005,0.06433648235383214,0.7442207065985502,0.0053222154959609224,0.1977586829046517,0.9939483143834792,0.4070886312928194,0.3209375535487762,0.9970902943028012,0.00011523698896765043,0.833255226481949,0.9439411440802038,2.1539592303412092e-05,0.5487100138111598,0.46643164758219996,9.748876604805675e-06,1.0,0.4735291140417623,0.26327290049718893,0.8401819622439171,0.6081772553180961,9.040316095542963e-05,0.9989999177075877,0.5402913763824684,0.9779824754070928,0.9725376434941294,0.9644362690118181,0.07275786422232222,0.9779824754070928,0.4981637251367398,0.8586727095027871,0.2046593391636134,0.0701893302624771,0.9884623802764507,0.8797526701258079,0.4718703530523436,0.4594124540853809,0.9985652115117012,0.2644332880582626,0.9672605436350055,0.5327189796502789,0.21188624997364625,0.2691552100322311,0.49234317792439486,0.02302921003634343,0.3133711667962314,0.8464270206916433,0.20126801961170349,0.8788581789490704,0.9799597007660593,0.9872855588439111,0.5643458294491049,0.22815734954088096,0.9996716313415097,0.48322592134194786,0.23619478914055872,0.4356988552833155,0.2549667522437944,0.2658438725817717,0.9117070104513654,0.018055567146058184,0.02135173187601774,1.5817217473334213e-05,0.22432682039451984,0.293885448218985,0.9384583200412651,0.79290598119859,0.7856698549020733,0.9955088151005902,0.20621457178077934,0.2667781778912671,0.852655416916855,0.9447016443852747,0.7765144339124996,0.9929180188084512,0.4639236954918815,0.7118773866107034,0.9525880885683427,0.7498916424537566,0.8990296427005644,0.8877449240233439,0.244886098218998
rh_PrG_R_6_6_thickness,0.7671741214328618,0.8705290648392028,0.9690665190779116,0.9177679421366886,0.798903667230228,0.482491517917111,0.2366225092818162,0.9476581966342491,0.01781726995019594,0.3541621202519426,0.9777177914740536,0.8121795442644613,0.4947656392957041,0.5133262413169795,0.31372245601279175,0.7368737021115663,0.24315398133452432,0.9122042632594028,0.3423261824468231,0.05031031758439478,0.5619287005420142,0.3653735263473595,0.48719408802025754,0.46798511262136594,0.7915197520664409,0.4045588920727107,0.9653796853628009,0.19968970369860978,0.1326939374729313,0.7710095981239935,0.7502842310505956,0.7037725222369924,0.8729043036552095,0.07010658326828882,0.0908759768206291,0.5939307751534648,0.6397077649708183,0.30872875203422606,0.6698030504550937,0.42184125001737083,0.7867269352308177,0.7721413782711493,0.984361770688871,0.9258293396254943,0.5888440774886594,0.7923651640940828,0.6425456286308582,0.7891723731480839,0.8165615307126048,0.9979775699844249,0.4177433536430305,0.4529583418511327,0.7910247033279398,0.4113798687403973,0.5084158753459235,0.6253259783387863,0.43215652224492934,0.15634079185098784,0.1644687376209174,0.8935275376574325,0.8911334124639575,0.518858553427759,0.7402706557688121,0.7015352963959406,0.09795761284104018,0.5276419144275779,0.7747402995821487,0.894010707520573,0.8154445879340755,0.9468331007971971,0.6047083704383205,0.6589251951979964,0.21717723239926057,0.6509150855781891,0.6111163379463238,0.30340448006681475,0.9377809084604964,0.03204451973681213,0.6015618683515327,0.6758678137512356,0.6954852360770347,0.6424299904376161,0.6919307489387676,0.7289125551707656,0.5283296658658363,0.15417435948502306,0.7982390883479518,0.3025070920380926,0.8652124081957552,0.7240090513159592,0.664872466048817,0.21549153629593887,0.6106701159639709,0.5991968481453401,0.6260732131604543,0.8125909123373325,0.9779448789829781,0.9347980874192783,0.8073354023677257,0.9997748805493285,0.1357305865754025,0.26842007050007255,0.8893868730848637,0.026385242911125602,0.05275036459558803,0.995779049815849,0.9827756266960084,0.10823906146791977,0.7454701886270227,0.5225449407553961,0.8955330467086214,0.1147104310769789,0.8437982212468216,0.4343253702834323,0.5039845704044901,0.22856804854885268,0.5032396168808307,0.006454376544226252,0.19463231024755392,0.6267875797805244,0.003360424219028977,0.9893213487220384,0.451594200462768,0.0008390289039392097,0.4735291140417623,1.0,0.9177812247120146,0.8131078934668245,0.08665525656100483,0.005239655505066541,0.4768079050884163,0.9842941147838553,0.55965416820804,0.5705331432243539,0.5850866329074342,0.5128851080838807,0.55965416820804,0.9979775699844249,0.7926564800363536,0.8417712808579678,0.4905252569889048,0.5345481312764113,0.7661295264572723,0.9985652115117012,0.9992709807175979,0.5038022900167213,0.9187720151277428,0.5905044739781733,0.07188581412117133,0.8556833112261204,0.9225851757951331,0.06643414289729725,0.30155209260912824,0.21981867323265594,0.8051471317868916,0.8186675007997888,0.47331924550242055,0.5682288303088151,0.5503168969505497,0.08026799343044863,0.8810673082090426,0.4628185368212533,0.999675860103799,0.8911383160719524,0.99440231629214,0.9096818017661521,0.9177781038134245,0.4188738750289948,0.22252121189696356,0.28024859340451036,0.002387742557395006,0.8757375090327697,0.023616410216773232,0.29603931380296145,0.8566426992023567,0.8645314662397787,0.5223532731521707,0.8449248174274684,0.9207087961057417,0.7995647119869032,0.3622200678867934,0.8693903619288856,0.4471710511549322,0.9060993395232542,0.7934202279956212,0.3134433657266248,0.3942743826845394,0.24351360043879855,0.24794088061573216,0.6469147924095195
rh_PCL_R_2_1_thickness,0.5770792722583089,0.9581435169742536,0.9770114573630293,0.7999125095798842,0.6441856287674366,0.6480334466149069,0.432550737205909,0.9665482802391752,0.05349874246511126,0.5095394202005954,0.8584718393760996,0.7078078601652208,0.6390839498792685,0.5539826616592444,0.42310393182574346,0.5264311997888005,0.2531822051950799,0.9784220511478592,0.18025291485787454,0.01837153760462713,0.49292773470665047,0.19299856492432937,0.4303490374389388,0.2864423858566574,0.6333308138408058,0.48220891216684203,0.8996003066349341,0.17781634004882618,0.22472260680192874,0.581503908898527,0.6031475772005868,0.6592812821089263,0.6477504945181217,0.02400898959080019,0.17413406082067506,0.35956003856602003,0.6826477652028728,0.16345042485775477,0.4365756798563314,0.3850110278736617,0.9373760290742956,0.6451986777297553,0.8642402087310466,0.7760157776136845,0.5812782556081278,0.9358046143600687,0.6040293289596368,0.5503168969505494,0.650517353615699,0.9310345277442915,0.2271522215081947,0.5015271910417523,0.6219531434651094,0.2686570729241872,0.5322107396310738,0.5999003521062566,0.48063899138892785,0.2923395909240871,0.20503884206645934,0.807224624237652,0.8494915859156478,0.3337799350091928,0.6593380070040966,0.46765847546830164,0.03645209158781958,0.5430683782677871,0.6397090453041532,0.7379818651416251,0.9617312308670383,0.9445813787866619,0.5920277177147102,0.6313446384524644,0.09606653462636847,0.7373195762180833,0.7798225608543402,0.40934129539058794,0.9747943987100625,0.009912801283361595,0.4246276587413811,0.4482719463905467,0.46947552340442045,0.4047871984211727,0.6573039723036049,0.6802320314754797,0.34505509074941004,0.06632545625360137,0.5597388651748529,0.16606203337303566,0.8320362803096362,0.4948777990131389,0.5193775557023456,0.10575306798837739,0.5583813110712915,0.4712959545822343,0.6775245423387439,0.6173657409735334,0.9786265390603598,0.9962917184980005,0.5706218894513845,0.9126074216234304,0.28530521628267375,0.47160340503153053,0.9948378443425796,0.07554592816124145,0.13374348158532146,0.9003607353184717,0.9727825169134274,0.2387599417149302,0.9381115101804142,0.7662743668732731,0.6845047423621218,0.2500136345417517,0.9850885143071539,0.2359439580684935,0.4277707901294423,0.2858757819025661,0.28538623698120724,0.023150468168597248,0.08372697286621417,0.39014729554384364,0.0115772540714335,0.8599643160117783,0.47301273431295293,0.004014539829111143,0.26327290049718893,0.9177812247120146,1.0,0.5754569298843226,0.0313975965808416,0.019407812748431175,0.2667103414985798,0.8676417004690495,0.33090040829877726,0.34025272293842,0.35308261054390067,0.7461094277155729,0.33090040829877726,0.9012044203268673,0.5538775754920144,0.9774475567587948,0.7206576770122413,0.31004927585964037,0.5275161702910935,0.916940693160843,0.9261536280187052,0.28632209957306964,0.9999909932753359,0.35680764650250063,0.024759181186502412,0.9845515773829928,0.9997748805493285,0.022503248816841917,0.5239660854692305,0.2775206456316139,0.569691303017959,0.9577583394399258,0.28781649094996314,0.33739934025182694,0.32257555536413485,0.02828226772531056,0.9947231105691179,0.25551560799906753,0.9115294380768518,0.9974426513361269,0.9378669435290146,0.9994290554264867,0.9983764447043681,0.23869439722827562,0.4138982827678106,0.4964820764312673,0.008881251495191785,0.99294204368699,0.0066381512776164265,0.14354445632446572,0.6262990530830996,0.6367162060510878,0.30040632134776724,0.979138136808429,0.9999189453184956,0.5610332694948581,0.19046422893607395,0.6429285276819294,0.24629695982029565,0.8519810009415101,0.6198914187789507,0.15365277312359107,0.249494583108444,0.11144424605427913,0.11714473498767003,0.7240192732266479
rh_PCL_R_2_2_thickness,0.9362335865948848,0.5351798436139479,0.6958042131326666,0.8114780195681359,0.9061848200157128,0.2193955081851237,0.0639530332853166,0.6848235866528278,0.0035783254457901867,0.1332788395525068,0.8771629409163947,0.8531909156296196,0.24179847593371975,0.5506585064704842,0.30113819391577773,0.9500530724392675,0.40289429125251525,0.6096844967770296,0.6455721385952692,0.1997469589862594,0.5488607496667476,0.6919307489387678,0.4526184489877864,0.7711004520198288,0.8267230246727408,0.19451138802857507,0.7602772943492292,0.30091790839260246,0.031485811561979084,0.8743758138770639,0.8779408166508458,0.7489500172584369,0.9857948035895057,0.23125514483715703,0.017988499324163836,0.9272221932238026,0.4575165873547834,0.5599002490279708,0.9380690224314825,0.4727288212196698,0.44929432456458757,0.769688574114628,0.8754477698930521,0.8635676268660084,0.635523363536233,0.4620344029509864,0.5945089750006762,0.9982377788053736,0.9245916666744476,0.7874233414335049,0.7652676019725154,0.32792273522790066,0.8448708548909605,0.6496141817298546,0.5066485020987596,0.6804742455804269,0.32179314432090156,0.055159365515978456,0.1836019863800539,0.7568452690720386,0.7818773941710231,0.7899632589262651,0.6914148073865016,0.9466513170255396,0.31263598095659945,0.5434568946637691,0.7831099180468826,0.9271240557608957,0.45030519010750447,0.6723474249372546,0.6546516616142488,0.7085877073804908,0.533287968382659,0.4600642158024677,0.3175514466369792,0.11349093824689113,0.6563597122583105,0.13915902572407843,0.792365164094083,0.949351483443795,0.9548875706524371,0.9438308069477016,0.7337556984095959,0.7643255994255715,0.7825526286555436,0.3365784096648864,0.9992703041132283,0.4949572915961892,0.6733776117410116,0.9411594454336304,0.752513553744106,0.5226163682831939,0.5762235932581399,0.6861560769327184,0.5159119520015502,0.9571117620562097,0.7006399028230227,0.6022079799263703,0.9993937017926103,0.8213598827321402,0.03228543817938631,0.07615934393260541,0.5320958725546253,0.00442762420501387,0.010134683658271238,0.838482446956545,0.7165300919051698,0.024554325070088596,0.37252680277120115,0.2069164599398394,0.9832954156129745,0.026417776260764858,0.47388100327301363,0.796460461399805,0.5016191598795355,0.21063512723741995,0.8673985723474875,0.0008869791831772552,0.49338313542146683,0.9384793078408267,0.0002859464790104098,0.8691288061121301,0.41061489450607136,9.42225846457784e-05,0.8401819622439171,0.8131078934668245,0.5754569298843226,1.0,0.2853862369812076,0.0007085454380489353,0.839117714842969,0.8714689573641543,0.9067095332024396,0.9125190715402185,0.919405298645213,0.21226922263679965,0.9067095332024396,0.8372880369369218,0.9987047006704515,0.4751298961721166,0.20254994833197815,0.8911383160719529,0.9934769623352881,0.8068768624797278,0.7978455233997435,0.8657494154810356,0.5772681559807125,0.9248325885189688,0.23782299498483828,0.48980919338589235,0.5845262398551816,0.21684953370409701,0.09242115154112365,0.20268943140164533,0.9983764447043681,0.4583681729734662,0.7825266777337729,0.9136711420792556,0.9024056425448802,0.2589539092999148,0.5204685894643365,0.8295505831106078,0.8229885799934986,0.5345481312764104,0.7697122907354513,0.5650877256429346,0.5814461374358186,0.7596543857081719,0.06784173737480104,0.0849022126430322,0.00020115348864710184,0.5135230736602645,0.10190213039822829,0.6546783733265096,0.9929882928220178,0.9934134016819032,0.8816843680329696,0.47835008129356593,0.5808948069755395,0.9994238965799946,0.7261944983395225,0.9878198008878394,0.8049494344925031,0.7178333527829959,0.8534183857465292,0.6763998996374905,0.6532755344726802,0.5798550261377824,0.5873039675023514,0.47436279238165224
rh_STG_R_6_1_thickness,0.3078247684089592,0.03513311784911423,0.051542271452951705,0.1633145904710575,0.26060061034142334,0.005877697889733828,0.0004398731959000911,0.05148314897806053,8.545281796923734e-06,0.0022643566693664186,0.11272165203438644,0.21407267267193453,0.007710060048455338,0.37828326997513895,0.49236623874278357,0.34359276491798263,0.3334964722742061,0.03783481130801693,0.7726512671639154,0.9371836548228487,0.5300784978415682,0.7440670107689646,0.057864680133911266,0.621391505900083,0.31434183235716784,0.0055356842281613725,0.09624477748260608,0.4415722019079211,0.00018207163771948528,0.3444108881337177,0.30687026887955315,0.2651294528938493,0.23976944809697953,0.9788356448041455,6.874277703478409e-05,0.48619594800421734,0.05315597795745127,0.7939865080427675,0.4253067022889464,0.2949304885855836,0.01934292027748727,0.3149355249304219,0.11054774025000816,0.17864035169583098,0.3798627967347808,0.021098374984080896,0.29820449678457467,0.30435432813943347,0.24997750181402625,0.08048681392343975,0.6795963418704787,0.40910400829690347,0.3194211071068073,0.6564039266439785,0.48387937468389813,0.34995636763152205,0.5041304069432503,0.000651805627836433,0.4997830287189648,0.15209300357790778,0.10790970794447208,0.5786521056095376,0.28991550578951886,0.39766725581883466,0.9981697820221536,0.45925742972111755,0.31877076626586104,0.18159063399153252,0.020425576812022703,0.06416721603498159,0.36044525246888715,0.2988477985243161,0.8981372030407211,0.03825579118033651,0.011707120626395534,0.0018328027609303805,0.045534092605777406,0.9207087961057416,0.5120002708645855,0.40603608548980796,0.38657367271010745,0.4443750763426384,0.2648138084084409,0.24089002806008136,0.5800756615938879,0.8122058919671858,0.2970200627005296,0.7097058443211347,0.11154959214947595,0.3806227828005977,0.4530244388127658,0.856239224892726,0.45521173538019927,0.518988945204,0.06482589561260131,0.26679708115972334,0.05298905765896739,0.03673048970467506,0.2887157554615325,0.0889632073396653,0.0001699036643526936,0.0005896617161216355,0.02701132508475629,9.224305754030892e-06,3.064085106558281e-05,0.09362366578358075,0.056495925956094414,0.00011491048695824635,0.011917328730212872,0.003790041167703622,0.2104926425755912,0.00012851447383791482,0.02001816112799694,0.6547429579787603,0.4897201758461124,0.4994539484890536,0.575456929884323,9.878592533416156e-07,0.9237917846553996,0.4579310227560726,1.3007593458045795e-07,0.11798775956714021,0.4436064175016484,4.775483956538697e-08,0.6081772553180961,0.08665525656100483,0.0313975965808416,0.2853862369812076,1.0,7.326345738820002e-07,0.6065753301028747,0.10867679886109721,0.5189347167445683,0.5087988169354525,0.4955877529613325,0.0048559390099445635,0.5189347167445683,0.09398716289229701,0.3015520926091284,0.021830798897231884,0.00470484069796722,0.5432341658648381,0.3232935390510674,0.08795856620897219,0.08282330400743637,0.5759870835345864,0.031610239692153125,0.48960958343332617,0.984361770688871,0.022795601678295512,0.03249101253044633,0.9622661495153362,0.0008991722835550443,0.4999745497863671,0.28952743175659723,0.02220614754008041,0.6156451245135972,0.5100765558915082,0.5274790417145987,0.9903266547658811,0.025180848116273934,0.6203145128461716,0.08944075553052336,0.026466926645060063,0.07695385244480804,0.02974819774188308,0.03182879228181549,0.6640572437034684,0.00069449133119838,0.000821031641056989,8.512123778204347e-08,0.024592958679462467,0.8470450637877496,0.7995647119869035,0.25211073701399445,0.24364405350147095,0.5560399999507379,0.02203345480458152,0.032044519736812146,0.29603931380296183,0.7214237386415888,0.24236203568303527,0.6422355182668624,0.11460114733603079,0.31832659956791354,0.781636678672017,0.6737814058164984,0.8635876251263785,0.8476852375587369,0.04348052488081651
rh_STG_R_6_2_thickness,0.0022786675401665745,0.018507949856273215,0.01309252857932032,0.0029521955274853994,0.0043096158744098815,0.26816767187357127,0.3019796853168901,0.0172701021490604,0.754321025058806,0.39203194210252174,0.005057260624389281,0.008725448590500173,0.29152818620492665,0.035334379891886494,0.07434982637480031,0.0013891312427299466,0.27798314340351876,0.02486369961450459,8.779659116294489e-05,6.058753213828883e-08,0.0009875743291243141,8.785969948190886e-05,0.4995514473474485,3.510028708542625e-05,0.001109449764479535,0.45483296430258524,0.0050407935274925835,0.1636610682431211,0.5224227320249817,0.000547442227546724,0.004301392373691986,0.01630316167081881,0.0008054838522200284,7.20344120438886e-07,0.6242684495973516,0.000122160043041932,0.07997760669348251,8.766828063533511e-05,0.00014756423190841206,0.07467123755524738,0.05743348637532177,0.0018838995944875797,0.004669188500663966,0.0018944067876296802,0.018374025642384606,0.0570983464023297,0.011897458323863838,0.0006912711002222512,0.0037393639074114722,0.005589499807068144,0.00010676295641843373,0.016295170053816026,0.000898560286648981,3.737640731526341e-05,0.018372961383325274,0.016297209535376514,0.010172474612426841,0.605243652622992,0.10316564368927887,0.004749874227689743,0.016441769402530563,6.113240955266522e-05,0.00472094097683801,0.00018528232716064346,9.341380255676975e-07,0.018373079690187203,0.001613361175602955,0.0043587106077283486,0.028544598649879224,0.008824747446411,0.018374494863199014,0.018377355155176158,8.588770732015544e-06,0.15294119854795846,0.15597247756209123,0.46481070915360867,0.019446377784526778,5.876136999490874e-08,0.0001766162522073056,0.0006587592944270219,0.0007787234542305025,0.00013828906717631745,0.01838061124252509,0.016306990140781397,0.0006519611688953451,1.0704359719405143e-05,0.0007006922888485648,0.00010659492470269404,0.009985860671369027,0.00022101459056761912,0.0005900611080801319,2.201856374936515e-06,0.0029469796898578785,0.0004539230042090094,0.15358737736443362,0.0022896277513791553,0.01087355513564624,0.015298870569769769,0.000762939716836702,0.0051439297350565055,0.4272910098403381,0.2848583962261436,0.021258580285642568,0.8348700045864521,0.6811475071371116,0.0053452978282433105,0.010109046105210712,0.4900326867478731,0.04550508937313964,0.1027621058056948,0.001486361602568779,0.4739956400168447,0.029279442854889176,8.897203950534268e-05,0.00042022591266949335,0.06005981149670552,9.230320337402029e-05,0.9966049319365577,7.037463461326443e-06,0.00012844661244121203,0.9275832541141438,0.0030473039769479725,0.018171031245482593,0.7713186893219466,9.040316095542963e-05,0.005239655505066541,0.019407812748431175,0.0007085454380489353,7.326345738820002e-07,1.0,0.00010882516980942314,0.00489210385994185,9.915460969850852e-05,0.00010122792180953177,0.00010455114712045087,0.09900142613329045,9.915460969850852e-05,0.004978716314488244,0.0006933913671154713,0.02611717147639029,0.10779886296903403,9.542689879265971e-05,0.0006797830237810158,0.0048863984380028685,0.005437346313908404,0.00010982732705517604,0.01934877742429842,0.00011730986639873463,7.210851538100131e-07,0.024989166079829116,0.01912260376005452,7.191638224870244e-07,0.22168898556422245,0.06308478078008811,0.0008133721715179208,0.02716876465360525,3.512495110836501e-05,0.00011672195373356322,0.00011413647828034284,9.162696321383933e-07,0.02316003111311197,8.846829321976452e-05,0.005125890442561995,0.022503248816841875,0.005884811942038329,0.021368425862240078,0.020889312836431386,2.0242866833169047e-05,0.30016239367991443,0.23590774945824106,0.9401541889080436,0.0235221509267525,5.705423451284912e-08,1.224196676540307e-05,0.0007664922210976617,0.0008798567966406237,0.00011121019085519973,0.02585282598844742,0.019233726963806107,0.0006979580791795005,1.4607908148493002e-05,0.0007986309105279531,0.00010781490314482592,0.006737898879940226,0.0008369583164551513,1.663045492321458e-05,2.7566957179206382e-05,8.807606558027438e-06,5.249184395322531e-06,0.1538903628503431
rh_STG_R_6_3_thickness,0.8278204828998658,0.26874733992312916,0.35746190992605753,0.5659199177739169,0.7550669774038801,0.06538655740763953,0.013847049645294613,0.34951029171354997,0.0007397360080050766,0.03232514208685001,0.5514950080514134,0.666186183004159,0.07670833839026431,0.5916355704743833,0.43433080337400626,0.8751055895726572,0.5049576739421069,0.2882239294573932,0.9109298206144825,0.47583904340059313,0.47698964198163973,0.9487925399169581,0.25751447173125164,0.8452128597907731,0.6771228465998324,0.057877351223699615,0.4651930060404233,0.4245875572671375,0.004712399732028314,0.7357059579039384,0.7801136039545276,0.6464089375428751,0.7691136423239084,0.518415772655455,0.0022996319058865913,0.9600398694806432,0.2952878819509508,0.809265074516412,0.8868641438658927,0.5047804171786074,0.1798354592541047,0.6365531045657218,0.5470803941352387,0.6105747461169383,0.6484956036533724,0.18823933066600373,0.5413373175281316,0.8614088924435241,0.7571547635212532,0.4543083900321631,0.98436150639018,0.2967214144836656,0.6943754863504343,0.6979905831997679,0.5803171465906343,0.6634645077286914,0.3275952601862797,0.01843978453814034,0.29440210010771706,0.527873325184083,0.4878981250238837,0.8190097674646011,0.5818129099577348,0.8687715498243396,0.6421184276598504,0.6078743592052193,0.6472916982645381,0.677437173818304,0.19963480976041867,0.37777850533333657,0.6515520000644833,0.6472907714409891,0.8650179844517799,0.21929368119284587,0.11098409191969127,0.026442970492791002,0.32504247554776183,0.3778951931685132,0.7531528268575829,0.9341813520091627,0.9204263223809774,0.9249768224680532,0.6360725741748419,0.6341464249263264,0.9159707532347827,0.5623108397001754,0.8532889705708787,0.6680894671992081,0.44971341543322607,0.8423628512251933,0.6723445590664845,0.7886932540501752,0.5298717017572547,0.6250507885803543,0.29067130397001945,0.7995476446660603,0.3643270212139796,0.29157330976071505,0.8449690053432752,0.4846511657697954,0.007233847314819886,0.016467683400823482,0.2420879577690238,0.0007938048222810544,0.0019956862338528767,0.5009369116186508,0.3780949803004262,0.005410556297946372,0.1444161940381778,0.06701725748973311,0.7448375772780109,0.005881580827667231,0.20153549697444545,0.9962037859960131,0.38389592514290327,0.3056504359022845,0.9938433727653029,0.00013796666173620798,0.8321730744760181,0.9348656597207304,2.2328267144130554e-05,0.5512973155615606,0.4521935440194057,1.2128481862747845e-05,0.9989999177075877,0.4768079050884163,0.2667103414985798,0.839117714842969,0.6065753301028747,0.00010882516980942314,1.0,0.542097599819771,0.9710178098826174,0.9649410459408059,0.9560382019969051,0.07749962831436218,0.9710178098826174,0.5008107355971088,0.8583254101450117,0.21031558902580363,0.07517951400415782,0.9830617607435207,0.8805041792144881,0.4756594909213913,0.4631165751224449,0.997403532523426,0.2678145053815607,0.9600078903533016,0.5306965513809409,0.21709101870084346,0.27231141789005486,0.48949908302189693,0.024368958355722718,0.29814306080872194,0.8467201530493143,0.20831728494101112,0.8582680015307418,0.9744137588848298,0.9828631108339884,0.5625171412410206,0.23241174689155797,0.9993306827676969,0.48623930126766207,0.2400109330937258,0.4402227001905717,0.2578329978734412,0.26820416241210804,0.8939712251988002,0.01994864659843522,0.022869425975050588,1.7388209279509755e-05,0.22879713520738923,0.29174454263992816,0.9318216171812396,0.7907496639435412,0.7842703726159872,0.992988028523327,0.21177203849913256,0.2700469014847809,0.8520527809209274,0.9322962805802704,0.7742047472084912,0.9964102261750496,0.47063797607786645,0.700871961337472,0.9471647240594648,0.7261870960761303,0.8949471160921243,0.8790065666497571,0.23508932069274244
rh_STG_R_6_4_thickness,0.8414055009228829,0.7985903614513273,0.9474247398364772,0.869873596988996,0.8738615750148926,0.41330622955779567,0.1892121650807846,0.9376393457108585,0.01857396856204808,0.27973274394212,0.99935916805691,0.8867325608810828,0.42978557211238194,0.5819366905634141,0.3519959402281884,0.8101664020033468,0.3147762597882464,0.8892461053587959,0.3757133269474463,0.07480029829685488,0.5427714422137537,0.40764613287786033,0.5052831508907084,0.5356766797028542,0.7687124076811074,0.3325298604331754,0.9133476204966745,0.17011210773600566,0.08551480941435544,0.7750375564946961,0.8260953538675139,0.7831561701075458,0.9105322295285233,0.08176922261537638,0.056828367196038294,0.6639735445276773,0.5905375652498406,0.325461936585646,0.7263582172163765,0.36731272619992533,0.7430234674526369,0.7300010657103657,0.9999323440949844,0.8968537955813156,0.6575259228587023,0.752712533829268,0.5619458554274688,0.8526638866734589,0.8897486772858714,0.9715090975044391,0.47151389163395463,0.461575236393549,0.776318335330735,0.4779231280453843,0.553989180272301,0.698329255369873,0.35548996982981224,0.15793340749674958,0.12253225534285775,0.8299959965431534,0.9373674479391211,0.5787817616489763,0.6721431603638424,0.7530913799340145,0.1229770769291623,0.5802061005095704,0.7378880191770898,0.9541668340282521,0.7443102056729479,0.8840200054795164,0.6762968776641363,0.7370309299620215,0.25878540598600397,0.6480598872064312,0.55658008114429,0.22855019613663988,0.921439332578503,0.04365730570040521,0.6374644091346604,0.7477229252963573,0.7677428785430475,0.7073113573381977,0.7715449089267433,0.8081355304224613,0.5769267817480468,0.15520316620086466,0.860042497769817,0.3050931836210883,0.7892028512959238,0.7677155698758679,0.6622973292197106,0.27962189265745424,0.5550846175347415,0.6058156165159703,0.653827559676966,0.8840099385118618,0.947394782973737,0.8813944105890679,0.8685351658735048,0.9877528215871936,0.11274322938818884,0.2137705151579316,0.8284922669704864,0.022622210727572586,0.04457038051144187,0.9959790052258037,0.9554428545200713,0.09078172870357064,0.6753938564230344,0.4563409137083665,0.943132603837823,0.09620797685065219,0.7804684407791824,0.49494113017841057,0.5152550102515351,0.17097058267052606,0.5728505154339486,0.005913791502365933,0.2311189459464565,0.6934423134841037,0.001997500521575386,0.9786577011595832,0.3725204087137618,0.0008714831302704732,0.5402913763824684,0.9842941147838553,0.8676417004690495,0.8714689573641543,0.10867679886109721,0.00489210385994185,0.542097599819771,1.0,0.6305675086189904,0.641073880601885,0.6548024315560759,0.4548487627848772,0.6305675086189904,0.9934093064302727,0.8554879934775004,0.7733498028797063,0.43675776977970854,0.6055452075820654,0.833309224408024,0.9752467307612612,0.9770459808576034,0.5722857231243187,0.869150907219038,0.6605517753332408,0.08478431517209385,0.7894807402342228,0.8750900675312849,0.07541677738909755,0.2538647022948738,0.1636060455455499,0.867869807182579,0.7468372971898608,0.5413367254594234,0.6392246803844228,0.6213166202267054,0.09492643711796342,0.8208021329007533,0.5283554342939205,0.9883947243714353,0.8341408556882852,0.9610923172134174,0.8608441226018522,0.873883907916607,0.4910798424614984,0.1974399094050981,0.2379138310683449,0.0015397705144863626,0.8139818138971119,0.028483304996222876,0.35580925908878225,0.9013528380897622,0.9105858116599239,0.592277023019947,0.776953050154355,0.8721403054957044,0.8610028233587417,0.43218937075605757,0.9088582282807417,0.5074856080501675,0.8372475715147027,0.7816923248632872,0.37297059390160414,0.4639244755417355,0.2937982384975787,0.3072639455721386,0.6512920465545702
rh_STG_R_6_5_thickness,0.8412686502005254,0.30454566243644987,0.43876832093716156,0.6379944165968302,0.7796337940470073,0.11865669239014182,0.021828028384150426,0.4360933755802179,0.000623001455145543,0.06618134814983098,0.6397046491254874,0.705206553567204,0.13724843316608556,0.5321194357329041,0.3281723862402449,0.8837054016110371,0.47200023754770604,0.3708054366816564,0.8134617220462044,0.3842879046333632,0.5879573339944829,0.8618231979365167,0.3601848899293207,0.9151586999754904,0.7731896418035258,0.11107347790425527,0.5293199949558721,0.43835546634310035,0.012618026958117633,0.8387803512457055,0.7784219966977122,0.6506905493216645,0.8556833112261206,0.44266753609734677,0.006473996842769942,0.9983524198258292,0.2896599567660895,0.7090867626915514,0.9665493374331007,0.5141181706568547,0.2531601273148889,0.7242191894193989,0.6355233635362334,0.6937064179820781,0.589674017665905,0.26449409222762343,0.5846510956530186,0.919405298645213,0.7907592610740579,0.5327757169063433,0.9185429268317779,0.22420790757420744,0.7931222735851523,0.7783362315955273,0.47496170976624513,0.6208148697534792,0.38830256447437417,0.01637631844216583,0.3143622212028599,0.5866304573204935,0.5727780460538268,0.906170127098201,0.6474170901238792,0.9536995712849696,0.5537427095494124,0.5120717711725964,0.7379992235628204,0.7440807161595806,0.23516246013362463,0.43006413839573165,0.6027353961028528,0.6318625904140726,0.7858585097126682,0.3170188766102508,0.1799478155170697,0.057156323098297046,0.4096885996780372,0.30173409664300277,0.8611934966354797,0.9355088451788145,0.9260538758820187,0.986626948197556,0.6398132017897935,0.6522013781830733,0.8271856681174503,0.5138331945243756,0.9148477194294136,0.5951006925178689,0.4873099639552436,0.9343627201997743,0.7830280150429418,0.7586601049086876,0.617929640145267,0.7404976035118415,0.3907462010786949,0.8361165584616945,0.4409102117609685,0.3524712873601541,0.9075401062813186,0.5687168907452385,0.008888582425689805,0.027780275179196554,0.2955570095268475,0.0008430168086881819,0.0022268654037917992,0.5880292843633599,0.4562564829626905,0.006353944827394454,0.18274421302976354,0.0857033523466195,0.8231291307440329,0.00693250369542036,0.2524007627318234,0.9505916354925563,0.49742117517022355,0.3313712219433815,0.990861573414179,0.00012905268884043006,0.7474120768787298,0.991095286396688,5.165816855234027e-05,0.6365423097654354,0.4961506049175146,9.840402170788566e-06,0.9779824754070928,0.55965416820804,0.33090040829877726,0.9067095332024396,0.5189347167445683,9.915460969850852e-05,0.9710178098826174,0.6305675086189904,1.0,0.999675860103799,0.9982377788053735,0.08717042899773216,1.0,0.5869068271825514,0.917778103813425,0.25263793857387157,0.08216062227386152,0.9982377788053736,0.9283922157863502,0.5556623705194037,0.5434568946637695,0.9852598849412078,0.3324424163832171,0.998587702172546,0.4525544182770723,0.2633706236556934,0.33867747878168264,0.4202325886422136,0.031828792281815545,0.32323533471259985,0.9061848200157128,0.24174725097861782,0.9260123212655544,0.9993840266701975,0.997945245765629,0.48133506546700255,0.28677101525175486,0.9725334147318401,0.5705331432243539,0.29797934962839856,0.5152530312367017,0.32335622014959997,0.3375898991402443,0.9345843669640822,0.020909966169376515,0.028300373150760214,3.200686292916689e-05,0.28135084386025383,0.23963953855811354,0.8898187743807225,0.87300268720477,0.8649816358876397,0.9919474454777053,0.2549667522437944,0.335546651364258,0.9143342682553999,0.9331588105606772,0.8597816502761944,0.9487925399169579,0.5201530690764373,0.8001887880931804,0.9039485429078,0.7970457847702408,0.8302327784706778,0.8361952120515008,0.3344121165617378
rh_STG_R_6_6_thickness,0.8408365181596141,0.3111466494047785,0.4495013099104417,0.6479704346598845,0.7804973112436696,0.12583594402906956,0.023282563242063202,0.4469927334718693,0.0006230198515286206,0.07102080000995711,0.6499686907814345,0.7076684594120523,0.1451914004156454,0.524054814728631,0.31732039427529646,0.8826267047905395,0.46557600585101333,0.38146804882529484,0.80254392260445,0.3740044478539286,0.5988190443884569,0.851265136023922,0.3706070718955594,0.9183484948811259,0.7840416337684741,0.11815634954115531,0.5389053075244152,0.4388012074494745,0.013903109554920216,0.8494915859156482,0.7763820850304302,0.6489694771118137,0.864531466239779,0.43449094820100337,0.007186026956560513,0.9992159370224916,0.29105617637783565,0.6992469228223974,0.9725376434941296,0.5155336224130431,0.26285693461507453,0.7345306005423606,0.6460297355191279,0.7044227905263869,0.5818964444673319,0.274436733577751,0.5905375652498408,0.9238998519462035,0.7926930973095946,0.5434568946637695,0.9094039430770563,0.21923645475097803,0.804040541032973,0.7825360048173788,0.4641159673173121,0.6144765344230736,0.39461587943142623,0.016389432318270537,0.315298447652482,0.5954386424107754,0.5815039088985272,0.9117070104513654,0.6558690079956805,0.9606250544701349,0.5432750603660852,0.5016495892063577,0.7485144097773795,0.7503325027947434,0.2414757750906767,0.43856132164624406,0.5958099129176875,0.62806204130217,0.7751665306694524,0.32793834887872303,0.18888577551205046,0.061567683130727344,0.4205071604981191,0.293885448218985,0.8702187202210123,0.9333630775741136,0.9244394695143683,0.9903266547658811,0.6379856491594696,0.6519852654570659,0.817140904135675,0.5090808598940164,0.9198239459345692,0.5889779225440432,0.4941035365733301,0.9424273412040474,0.7938844468966209,0.7511819656370751,0.6274000570361675,0.7511895825550573,0.4008892031859552,0.8383679512279908,0.4514019213504509,0.3616201646923042,0.9127054083373155,0.5796260979245694,0.009319621892910517,0.02972162022747262,0.3038720238633193,0.0008763295105281368,0.0023220181118304914,0.5989045812298199,0.46685960286238315,0.006638627238944697,0.18905752798681558,0.08917226431698157,0.8309796411738095,0.007243466623862714,0.26029662650689483,0.942962253905623,0.5080501477402853,0.33316915580026735,0.9871618668458538,0.00013227866835316597,0.736514711555788,0.9940786551120198,5.85114602787029e-05,0.6474620534133999,0.5008165528274833,9.864979302015142e-06,0.9725376434941294,0.5705331432243539,0.34025272293842,0.9125190715402185,0.5087988169354525,0.00010122792180953177,0.9649410459408059,0.641073880601885,0.999675860103799,1.0,0.9994238965799946,0.08959236670447279,0.999675860103799,0.5978188800552442,0.9224668190455687,0.2597208102107716,0.08420217042724865,0.9964102261750496,0.9315820106919859,0.5664265989436603,0.554235733677987,0.9807653316402172,0.341834442754296,0.9994512193692084,0.4440572350265599,0.2708861437219299,0.34822486106356165,0.4128609145515209,0.033364001322392575,0.32494217544132964,0.910969879481925,0.24787002095244348,0.9289956899808863,0.9987360620693,0.9962241735557782,0.47239710547202185,0.2951318420497975,0.966545108670811,0.5814461374358195,0.306699790462598,0.525720680420029,0.3327876163288457,0.3473590506582921,0.9343682542380749,0.02144447892193332,0.02953256768733395,3.5767773219707105e-05,0.28952743175659723,0.23444473172416325,0.8816843680329692,0.8810673082090431,0.8729043036552099,0.9885525882835497,0.26214600388272213,0.34501706825515865,0.919405298645213,0.9288603188475024,0.8684451039603186,0.9410886782422729,0.5282366132512135,0.8111082603616526,0.8958141365600467,0.8000291534855726,0.8203520919440037,0.8277897232172847,0.34528146574247776
rh_MTG_R_4_1_thickness,0.8392552269096145,0.3203976028378173,0.4639407618723682,0.6615649141201254,0.7806413760128366,0.13585653809454432,0.025413492767673802,0.461552098674873,0.000623050621727418,0.07788746465637697,0.6633074135689663,0.7099629339074541,0.1562165243243115,0.5126745990622286,0.3029691394584962,0.8801902741255005,0.4562349767844796,0.3958387748874576,0.7879944541041749,0.3605740243589906,0.6133634714795645,0.8369848421440349,0.38419838509191495,0.921630624749914,0.7985800060501083,0.12804917081157655,0.5520244276097572,0.43946889608707784,0.0157906988212193,0.8635676268660087,0.7726816610888532,0.6456873472430256,0.8757375090327701,0.4240262480626791,0.008243920313847491,0.9993600017916586,0.293103452794498,0.6864670938739449,0.9796730554567272,0.5176084975191673,0.27611308970439397,0.7485186385396688,0.6597582864733189,0.7188464509158514,0.5708689469752095,0.28799118979446925,0.5988282066980345,0.9289666217708769,0.7942743885595942,0.5578461841227629,0.8967256033870542,0.21301489920125993,0.8185886884972349,0.787197891451173,0.44957980234329487,0.6052436526229924,0.4034813828050289,0.016410039783106126,0.31668233551306424,0.6075812066870468,0.5925314063906495,0.9182140779591041,0.6675545485509101,0.9690751534521043,0.5295646066650239,0.48750933648720435,0.7627302352071391,0.75783606745696,0.25034127846427934,0.4503051901075052,0.5858402282447437,0.6220700423987773,0.7607563834612754,0.3424581796413018,0.20119355402395536,0.06784670271151158,0.4350213577496926,0.28386485415351026,0.8816843680329696,0.9295239959335058,0.9212974955417684,0.994303982888207,0.6345637158064379,0.6506905493216645,0.8034123531814841,0.5031428149111611,0.9255545601590037,0.5812542307295887,0.5036116018821807,0.9524983490669572,0.8082348346414747,0.7405244760415046,0.6403770013626184,0.7652317513559217,0.41403798820293847,0.8403777870851887,0.4655921535244273,0.3741948165642458,0.9186974072407084,0.5941841586872679,0.009965650262113176,0.03254751841189122,0.31538072627992086,0.0009281019577123963,0.0024679001918799666,0.6132959505263412,0.48116922441815935,0.007068165081264256,0.19792303136041828,0.09414665471589172,0.8407436859003548,0.007712005698131028,0.2712602347630231,0.9321176248481089,0.5219836098556156,0.3357909131360305,0.9813002502885153,0.00013742606366730072,0.7219554722026879,0.9970801356419967,6.935923187495471e-05,0.6620047508294414,0.5074454203619497,9.905990293689763e-06,0.9644362690118181,0.5850866329074342,0.35308261054390067,0.919405298645213,0.4955877529613325,0.00010455114712045087,0.9560382019969051,0.6548024315560759,0.9982377788053735,0.9994238965799946,1.0,0.09309910224683965,0.9982377788053735,0.6123059564522718,0.9278008392741001,0.2696136314811929,0.08717042899773216,0.9929882928220178,0.934864140560774,0.5808948069755404,0.5687168907452385,0.9738791045352226,0.3547138755553442,0.9995952841383754,0.43315535071296385,0.2813508438602541,0.3612971475992891,0.40348138280502865,0.03561050811666941,0.3274340154998265,0.9164366821434151,0.25647932787910255,0.9319971705108632,0.9968688781738189,0.99294204368699,0.4608884030554202,0.30669979046259793,0.9577541106776366,0.596001960700886,0.318730248711594,0.5398844788611867,0.3457160712445758,0.3607035783216409,0.9330735381026733,0.02224267266781213,0.03134403988209157,4.1759099649352156e-05,0.3008567050933464,0.22793342205156752,0.8702187202210121,0.8911383160719529,0.8827716645123023,0.9830857856220596,0.27216659794819686,0.35799401258160946,0.9252669152025517,0.9222261636135252,0.8793817044359047,0.9301520777666868,0.5394449476278571,0.8256280911242314,0.8843484887480895,0.8030306340155495,0.8068089104640823,0.8159935026505687,0.3596596159818553
rh_MTG_R_4_2_thickness,0.27495358304473944,0.7973917042937612,0.6336137148083734,0.435437391379738,0.34013681789464334,0.7073501013012928,0.8331879988073991,0.6378144512735444,0.14211291280259,0.6649048587571635,0.44919198785798586,0.41782860757569545,0.6548381218097805,0.49738079622886244,0.495550014534251,0.2305822836201484,0.30781541272331286,0.6980781400285894,0.061996032694255666,0.0013893140160653264,0.21257644890001282,0.06312675227637111,0.198751927471832,0.058320990419858804,0.2740339303105814,0.41377080830499324,0.5456075559134967,0.4067372231054821,0.4957998953904117,0.21390986303284515,0.32990462551066185,0.4602419181339545,0.24787002095244348,0.004476074192379438,0.4883301980889077,0.09783648806564904,0.7973506477322051,0.06081322866515526,0.12191067519623597,0.5447152146563387,0.7916279125694705,0.3177336316878048,0.44986327914675467,0.3781364563121563,0.4559154822144113,0.778931737513699,0.49386665938882457,0.2025499483319782,0.33080458988776945,0.538098585020892,0.07164633975631937,0.4381380511394569,0.2561593609634553,0.0527203979188216,0.4501967882707944,0.4486226289501855,0.4248617114102576,0.5338505142861525,0.4613922157435572,0.4948777990131395,0.5316920855059023,0.07552032246604909,0.41224089255365964,0.1366178060401012,0.0056783083334772015,0.45122476016713864,0.3030883021844696,0.37260240807671124,0.8687388137577019,0.6528945424238396,0.4575213859790429,0.46445693682199096,0.020124367992318152,0.6122475593667501,0.7535121849840967,0.49019424683885904,0.6622544422218958,0.0010629855909052043,0.11949932803056357,0.1730531526468566,0.18576500936566606,0.11167215207620564,0.4699783309180064,0.4653137385281079,0.15597247756209143,0.020169375847786282,0.20625588670665615,0.06650716756358561,0.6127135426944982,0.1500043436013791,0.1928085200182385,0.013092859030505288,0.3202005318959018,0.16435732239760864,0.5524829418468432,0.28612778513021875,0.6309048271969032,0.7264909747498776,0.21334706035846351,0.5047589359795491,0.700734240990041,0.8444834895206946,0.7898326644750688,0.2980982219459659,0.44238486801182286,0.48968396703753864,0.6154510556788515,0.6336808995851083,0.9107248366236755,0.9852441294466014,0.2872609076788118,0.6505069701295672,0.8340451026055253,0.06838944967040972,0.14871400258339523,0.4999829935505476,0.07689676485522362,0.11667330178641988,0.017657987506524656,0.10628642021220894,0.09717616345248054,0.43814767410320477,0.48420594077783,0.0208699765478208,0.07275786422232222,0.5128851080838807,0.7461094277155729,0.21226922263679965,0.0048559390099445635,0.09900142613329045,0.07749962831436218,0.4548487627848772,0.08717042899773216,0.08959236670447279,0.09309910224683965,1.0,0.08717042899773216,0.48897649129920456,0.20385793182037892,0.8438105573935444,0.9982377788053735,0.08216062227386153,0.1946696298857,0.515535674166469,0.5278726151609457,0.08088412331801015,0.744289444844908,0.09633952568994816,0.004509011524582125,0.8288972335695302,0.737008715586926,0.004414697319649398,0.915811555488018,0.497783363041833,0.21560567482780113,0.864531466239779,0.058995855937908674,0.09197681030676351,0.0884438488281318,0.005219275273493858,0.7976627385272608,0.07108468735959748,0.5031519253015011,0.783357925644192,0.5555010708439825,0.7525353548247058,0.7361656126625099,0.044865293516139736,0.8341689442823378,0.9035783951102692,0.07697677193937784,0.804734038684459,0.0009467547769702353,0.027769490759230457,0.2359077494582415,0.2451074475116346,0.08364385606827496,0.8405457311781221,0.74064897690787,0.20655323973947012,0.03518932792459599,0.24515950368891656,0.07432368942257327,0.5675404757815193,0.25120536320605796,0.0318174222457317,0.0461343228129944,0.021710862106872512,0.01882970337215044,0.596315136099003
rh_MTG_R_4_3_thickness,0.8412686502005254,0.30454566243644987,0.43876832093716156,0.6379944165968302,0.7796337940470073,0.11865669239014182,0.021828028384150426,0.4360933755802179,0.000623001455145543,0.06618134814983098,0.6397046491254874,0.705206553567204,0.13724843316608556,0.5321194357329041,0.3281723862402449,0.8837054016110371,0.47200023754770604,0.3708054366816564,0.8134617220462044,0.3842879046333632,0.5879573339944829,0.8618231979365167,0.3601848899293207,0.9151586999754904,0.7731896418035258,0.11107347790425527,0.5293199949558721,0.43835546634310035,0.012618026958117633,0.8387803512457055,0.7784219966977122,0.6506905493216645,0.8556833112261206,0.44266753609734677,0.006473996842769942,0.9983524198258292,0.2896599567660895,0.7090867626915514,0.9665493374331007,0.5141181706568547,0.2531601273148889,0.7242191894193989,0.6355233635362334,0.6937064179820781,0.589674017665905,0.26449409222762343,0.5846510956530186,0.919405298645213,0.7907592610740579,0.5327757169063433,0.9185429268317779,0.22420790757420744,0.7931222735851523,0.7783362315955273,0.47496170976624513,0.6208148697534792,0.38830256447437417,0.01637631844216583,0.3143622212028599,0.5866304573204935,0.5727780460538268,0.906170127098201,0.6474170901238792,0.9536995712849696,0.5537427095494124,0.5120717711725964,0.7379992235628204,0.7440807161595806,0.23516246013362463,0.43006413839573165,0.6027353961028528,0.6318625904140726,0.7858585097126682,0.3170188766102508,0.1799478155170697,0.057156323098297046,0.4096885996780372,0.30173409664300277,0.8611934966354797,0.9355088451788145,0.9260538758820187,0.986626948197556,0.6398132017897935,0.6522013781830733,0.8271856681174503,0.5138331945243756,0.9148477194294136,0.5951006925178689,0.4873099639552436,0.9343627201997743,0.7830280150429418,0.7586601049086876,0.617929640145267,0.7404976035118415,0.3907462010786949,0.8361165584616945,0.4409102117609685,0.3524712873601541,0.9075401062813186,0.5687168907452385,0.008888582425689805,0.027780275179196554,0.2955570095268475,0.0008430168086881819,0.0022268654037917992,0.5880292843633599,0.4562564829626905,0.006353944827394454,0.18274421302976354,0.0857033523466195,0.8231291307440329,0.00693250369542036,0.2524007627318234,0.9505916354925563,0.49742117517022355,0.3313712219433815,0.990861573414179,0.00012905268884043006,0.7474120768787298,0.991095286396688,5.165816855234027e-05,0.6365423097654354,0.4961506049175146,9.840402170788566e-06,0.9779824754070928,0.55965416820804,0.33090040829877726,0.9067095332024396,0.5189347167445683,9.915460969850852e-05,0.9710178098826174,0.6305675086189904,1.0,0.999675860103799,0.9982377788053735,0.08717042899773216,1.0,0.5869068271825514,0.917778103813425,0.25263793857387157,0.08216062227386152,0.9982377788053736,0.9283922157863502,0.5556623705194037,0.5434568946637695,0.9852598849412078,0.3324424163832171,0.998587702172546,0.4525544182770723,0.2633706236556934,0.33867747878168264,0.4202325886422136,0.031828792281815545,0.32323533471259985,0.9061848200157128,0.24174725097861782,0.9260123212655544,0.9993840266701975,0.997945245765629,0.48133506546700255,0.28677101525175486,0.9725334147318401,0.5705331432243539,0.29797934962839856,0.5152530312367017,0.32335622014959997,0.3375898991402443,0.9345843669640822,0.020909966169376515,0.028300373150760214,3.200686292916689e-05,0.28135084386025383,0.23963953855811354,0.8898187743807225,0.87300268720477,0.8649816358876397,0.9919474454777053,0.2549667522437944,0.335546651364258,0.9143342682553999,0.9331588105606772,0.8597816502761944,0.9487925399169579,0.5201530690764373,0.8001887880931804,0.9039485429078,0.7970457847702408,0.8302327784706778,0.8361952120515008,0.3344121165617378
rh_MTG_R_4_4_thickness,0.7944145702175336,0.8449291753829898,0.9638387807427482,0.904982924857272,0.8261630097725294,0.4580818147414073,0.2170620299839438,0.9464439519862051,0.01781076302626841,0.3268809611129633,0.9888228229988087,0.8390515016848845,0.4724383119382914,0.534733971131268,0.3241874068820737,0.7640018947071499,0.2667744140434421,0.9059236448328398,0.35448300830964097,0.0580603539672494,0.5593685232893462,0.3806227828005977,0.4970634551469951,0.49451206620044763,0.7886911010507465,0.3799285153504177,0.9500902374850837,0.18912275225843675,0.11420570963154307,0.7778127249971423,0.7771237534284218,0.730723781267156,0.8907074606768066,0.07413232091544822,0.07714609693737139,0.6211901176957662,0.6205029249932863,0.31534620355731313,0.6937447747182082,0.4025176313656142,0.7721027452889642,0.7620226809828563,0.9934769623352881,0.920337468033585,0.6106956539999755,0.7793453223398554,0.6159092037269202,0.8147722626042968,0.8436151639518167,0.9919592303945122,0.4371855237692648,0.45444517588560035,0.7911596679823698,0.4372270485626189,0.5218024129072015,0.6490433782477756,0.40608211869147326,0.15532302778739634,0.14862447572284054,0.8743758138770635,0.9093311257300454,0.5433797056047585,0.7196926140919133,0.7240090513159595,0.10631827767586252,0.5434861763256548,0.7666441372105866,0.917578262869423,0.7893701843806195,0.926426417883081,0.627729106203256,0.6848616593769551,0.23171950961904605,0.6521293302262331,0.5925314063906493,0.27617812077203924,0.9341487821055856,0.03570971889099157,0.6187597223408383,0.702666744467964,0.7224703433052919,0.6686447582450779,0.7188464509158512,0.7561755319704875,0.5454945624379187,0.15554604756360102,0.8233821449417071,0.3046987183822861,0.8399735147982126,0.7440670107689646,0.6690383334113956,0.2377776330430002,0.5947296179935835,0.6062601494320142,0.6380067349921043,0.8395419539200882,0.9695925957642232,0.9171949192046569,0.8322800826239553,0.9991001301599991,0.12536710965488815,0.2463499994519696,0.8683069124618426,0.024414244620489942,0.048724626948428655,0.9994111761707598,0.9757123254093344,0.10014368056477993,0.7193957850735666,0.49618353555447486,0.9161110883855201,0.10616994454866349,0.8213244663268027,0.4563954413315353,0.51182374724837,0.20716031873456428,0.5292410692340099,0.006090825313963686,0.2073420623698271,0.6534240046844624,0.0027254102562709022,0.9897262281082395,0.4243117521202119,0.0008308197785281178,0.4981637251367398,0.9979775699844249,0.9012044203268673,0.8372880369369218,0.09398716289229701,0.004978716314488244,0.5008107355971088,0.9934093064302727,0.5869068271825514,0.5978188800552442,0.6123059564522718,0.48897649129920456,0.5869068271825514,1.0,0.8180803416348792,0.8171409041356749,0.46802574193265123,0.5614638332534947,0.792656480036354,0.9938673976438419,0.9948389015365049,0.5292461278675303,0.9024056425448796,0.6177638165204747,0.07629860576627226,0.8321157558772705,0.9070771056501984,0.069628378707749,0.2815211056452471,0.19886303052779422,0.8304796269232073,0.7923212352117266,0.4999556704063586,0.5954392340666481,0.5772681559807133,0.08528140886739766,0.8601526159660968,0.4869146272507029,0.9992709807175979,0.8716182637780541,0.9857948035895057,0.8935275376574323,0.9036050378243403,0.4461368518287167,0.21079885850913282,0.2621205515424245,0.00198014485796511,0.8541741044761313,0.025226445454255314,0.3173347523859157,0.8767006586553622,0.8849381491538948,0.5485412279072399,0.8205151142517647,0.9047682981353544,0.8246096972469197,0.3878112149529017,0.8877826096404189,0.4691321749198553,0.8842240446990489,0.7946344726436652,0.33473880430957903,0.42091080758847743,0.26116029878770264,0.26878233933686424,0.6507259077660157
rh_ITG_R_5_1_thickness,0.9474850265839045,0.5172208838036036,0.6746469909079944,0.7896455530881981,0.9151696527037764,0.20045788097693792,0.058443111913444395,0.6645887684176923,0.003578142197926421,0.1188242938249141,0.862366861328814,0.8591547790483064,0.2217199347744766,0.5717158574810681,0.32022962238676106,0.9623765322194808,0.4224728623692537,0.5883486592305589,0.6657775275363005,0.21637546475440414,0.528273881708197,0.7134226176130944,0.43707027045625324,0.7756010596689655,0.806071109936761,0.17573041266427922,0.7385603729609153,0.2989299918552711,0.026523420279153876,0.8571828938367738,0.8917854442233855,0.7622997321402949,0.9762292198987019,0.2427479501575785,0.014997702784829649,0.9362070259118662,0.4521935440194054,0.5752170964492564,0.9363428271620712,0.4673439710937027,0.42752795416413386,0.7479290663999467,0.8594668060063981,0.8423631155238842,0.6563597122583109,0.4402048449586344,0.5778804692325314,0.9999639740747848,0.9315820106919857,0.7661295264572723,0.7869515038573177,0.333885707549915,0.8250327994938006,0.6519852654570663,0.5274790417145983,0.6999627604600862,0.3043543281394332,0.05507638384829403,0.17981467046733204,0.7357299827824769,0.7726980027322621,0.7893152943253675,0.6706883387981019,0.9425734689037524,0.32989759533683205,0.565087725642935,0.761528567157786,0.924752972033684,0.4328663739260361,0.6515683646309657,0.6747331382149137,0.7249872359546646,0.5545691142131398,0.44057570092280846,0.29630990783351535,0.09999996109377343,0.6355233635362326,0.15000434360137913,0.7822278927223714,0.9633582854652395,0.9680695661974439,0.9472712827716117,0.7472717681274412,0.7752101467395266,0.8043642022130932,0.3422153461785935,0.9999182687141259,0.5027294032513897,0.6550825496674519,0.9339659562011182,0.7341322186359766,0.5432032362417444,0.5545691142131395,0.6690912774027353,0.5016518173343252,0.9634882833162639,0.6790303645558005,0.5807811393584754,0.9996097211075143,0.8012784061314753,0.030355180082771653,0.06914606195455528,0.5115337146719142,0.0042331581508839,0.00963171220846399,0.8198840258088399,0.6950786504701477,0.023215434231529795,0.35508798658973273,0.1957026620535029,0.9767135768130436,0.024970090339879916,0.4538673077341307,0.8171756374882767,0.4849486248771694,0.20405485264525286,0.8836601768003404,0.0008641652794475906,0.5138883911153159,0.9434007405369401,0.00024022981115017977,0.8493754627376766,0.3965456526823546,9.398194365513306e-05,0.8586727095027871,0.7926564800363536,0.5538775754920144,0.9987047006704515,0.3015520926091284,0.0006933913671154713,0.8583254101450117,0.8554879934775004,0.917778103813425,0.9224668190455687,0.9278008392741001,0.20385793182037892,0.917778103813425,0.8180803416348792,1.0,0.45634892080782075,0.19523862872826406,0.9046543857897983,0.9979775699844249,0.7858195114691439,0.776840761127215,0.8830687914596849,0.5556623705194029,0.9338174212070325,0.2499744303906925,0.4703464885408992,0.562828704018786,0.22679396493312617,0.08665525656100473,0.19638832169403,0.9994560746270378,0.4412854884046149,0.7874481104298865,0.9252847893742315,0.9157553574267383,0.27206012873506796,0.4998505860315612,0.8486611313666441,0.8029864567755369,0.5135230736602645,0.7480762691158187,0.5434568946637688,0.5596541682080393,0.7705389330221268,0.06551128160571047,0.080113616962427,0.00017486492090301555,0.49313473595334173,0.10820324010584359,0.6757865432539192,0.9857948035895057,0.9866269481975558,0.8975226360554076,0.4594124540853801,0.5592403279305391,0.9998559118727984,0.7432592978695056,0.9788349681997757,0.8257260879970352,0.6975659902773803,0.8339298708668699,0.6975080695649001,0.6581969671687936,0.6016874926177203,0.608597782478584,0.4558363203200512
rh_ITG_R_5_2_thickness,0.4972421953786661,0.9834846395457175,0.9153270929432293,0.7496484769461045,0.5623734979540491,0.680026620702894,0.535046086935629,0.8983854615061002,0.0591351112202653,0.5765286880808902,0.7623568680681403,0.625154007243135,0.656232161123629,0.5242042779164919,0.4230453216298837,0.44785642541313303,0.22055774053737914,0.9254548261094544,0.1546348669365897,0.009737807614736351,0.42580817048486475,0.16148997244740101,0.3473765337138057,0.20215007707081828,0.5581914565639031,0.5048707506080694,0.8598696722381085,0.24268555986597481,0.31432675420325423,0.4892898860968665,0.5316920855059021,0.5961729401039672,0.5434568946637688,0.018488207341858815,0.256376294198701,0.27672031950183584,0.7624933710260274,0.14627571011576573,0.3392030735836453,0.4641159673173125,0.9177812247120148,0.589674017665905,0.7696885741146278,0.7042398538760102,0.5441844434657396,0.9104373021269487,0.63597773927656,0.4533130363376183,0.564461223304126,0.8645314662397785,0.1854175928104688,0.49999080705573923,0.5405389290511038,0.18438463706798056,0.515533622413043,0.5551958389341589,0.5139947358721435,0.3200121616200456,0.2878036561988622,0.7825360048173788,0.7586271295185472,0.24268555986597484,0.6446927490337409,0.36797003064466366,0.025226445454255314,0.521481623098721,0.5782847310440861,0.6406085390043043,0.9976995660033711,0.9300642787512097,0.5509902797885953,0.5772374772735908,0.07122411067007473,0.6788031887097016,0.7805103309146754,0.4753213034865075,0.9130223440238671,0.006201853174783972,0.3284666206610849,0.373285067057349,0.3924795728081244,0.31294144848843264,0.5956596360447061,0.6116879845022272,0.3060190649892165,0.05955782241416595,0.4614507338626767,0.15335805266786454,0.8455436844473276,0.39370331007370163,0.43509314641988117,0.06446340819423815,0.5283908193777768,0.38510003105884394,0.6041928425736518,0.5284508480670085,0.9233670997531389,0.9753693886016043,0.471824770284192,0.8337444531386289,0.3665297405020549,0.5741903819878864,0.9934598706601642,0.10360862278459343,0.17960703003426295,0.8140322328302678,0.9134427091427422,0.3098808959527901,0.9800075828648944,0.8560049894382952,0.5809565477555245,0.323363209082135,0.9949933462454211,0.18697528525467036,0.3442563366886899,0.37378933425598615,0.21971272397858643,0.03155693372797448,0.06271182866229554,0.30054679175975374,0.021675075327982154,0.7764126485047318,0.5292907219181182,0.004869422700522115,0.2046593391636134,0.8417712808579678,0.9774475567587948,0.4751298961721166,0.021830798897231884,0.02611717147639029,0.21031558902580363,0.7733498028797063,0.25263793857387157,0.2597208102107716,0.2696136314811929,0.8438105573935444,0.25263793857387157,0.8171409041356749,0.45634892080782075,1.0,0.8203866893869489,0.23723505902912612,0.4342788497597181,0.8464270206916433,0.8556833112261202,0.22336084337669235,0.976578718114321,0.2740762122251434,0.018811640831612207,0.9992709807175979,0.9729485142503482,0.017853850243323272,0.6281018141069952,0.3656071281301529,0.4718703530523436,0.9958753075267516,0.20380053115137825,0.25983996537051557,0.2489182436600026,0.02142644942911768,0.9934769623352881,0.19924074396940925,0.8321157558772705,0.9890875069318479,0.8784260698396094,0.9762292198987019,0.9675842048151257,0.16528440516994142,0.5021478842111394,0.5990797295382628,0.01614769127445234,0.995258029217416,0.004881313548548441,0.10169269656064679,0.5222153558603049,0.5327189796502791,0.23309305941574035,0.9999639740747848,0.9747943987100625,0.46250322785952025,0.13193965632516383,0.5385988901075341,0.19722359243529944,0.8419115580924168,0.5362980462922693,0.11112509418827372,0.168631694149668,0.07987848704968066,0.07833629778080525,0.6609271042785325
rh_ITG_R_5_3_thickness,0.27000523935536724,0.7749871972319684,0.6102667510251376,0.41036692416331844,0.3344142910796134,0.683747336857814,0.8413415155480948,0.6157223541783203,0.14310349738924377,0.6481938376854697,0.4319921421535834,0.4110244281415298,0.6301039739657002,0.49579332319479474,0.4952508347138074,0.22599124204957236,0.3056282657206029,0.6744353760613017,0.061589782478217,0.00122177850890528,0.1900424761692255,0.062461271077962066,0.18099385367530346,0.0509684803713686,0.25141426149297497,0.3903469402983978,0.5202346878751368,0.4291417301672749,0.5060517575181142,0.19483348776650047,0.32581329127734504,0.4559887776005009,0.2340235591641633,0.004423877264695178,0.50663592671945,0.0921139612506191,0.8062123075878507,0.060688064858776695,0.1120009908801092,0.5533417367894855,0.7663177421696892,0.29315408693339196,0.431772286141586,0.35471387555534417,0.4542257805183656,0.7538257005820701,0.47337578799133473,0.194106645962706,0.3243751194842982,0.5145280874975968,0.0704373859941253,0.43812779365860305,0.23452992703219389,0.04453705390296533,0.4496983436533648,0.44640283716738777,0.40316796144030576,0.5503770015294283,0.4763718236292696,0.46947866974341906,0.5180649253437717,0.06608295099938291,0.3870340729551268,0.12562714764552355,0.005485027817485541,0.45049787894126825,0.278972802746801,0.36240347920447297,0.8470450637877501,0.6276568095010799,0.4555219699232968,0.4611959073188625,0.019526537317730637,0.5910018208598644,0.7280728819530455,0.47541494278465557,0.6393833459560381,0.0010184776950062527,0.10532221698554774,0.16901470962765014,0.18145688190586726,0.10391114792444753,0.46577965013077977,0.46024191813395443,0.15509289687861924,0.020160337765491063,0.19736858985672345,0.06648812636507122,0.589876375454649,0.13745743751982992,0.17267106159120757,0.011295502029338302,0.29478035677315123,0.14538923123938272,0.5356666064119631,0.2794751887280995,0.6067267243125147,0.701022437958445,0.2042784716597111,0.4828495268203433,0.723359216670895,0.8472491070906919,0.764730538223676,0.3190489713125193,0.467163509847197,0.46933984202617096,0.5915984595070777,0.6583026311080244,0.8890310866537238,0.9756828063209377,0.2750319846009833,0.6748115425139927,0.8093661346992156,0.06664661116773721,0.13007271454872749,0.5042442221740417,0.07359084178602922,0.1270674282511659,0.017211897233639657,0.09909339229114378,0.11069403988606968,0.41661308345585435,0.4682482447840081,0.02202081259351163,0.0701893302624771,0.4905252569889048,0.7206576770122413,0.20254994833197815,0.00470484069796722,0.10779886296903403,0.07517951400415782,0.43675776977970854,0.08216062227386152,0.08420217042724865,0.08717042899773216,0.9982377788053735,0.08216062227386152,0.46802574193265123,0.19523862872826406,0.8203866893869489,1.0,0.07796194148663493,0.18731711983720978,0.4923431779243952,0.5047589359795491,0.07792413928062106,0.7188464509158514,0.09061699887491824,0.004447911809624247,0.8047340386844586,0.7116183513403436,0.004379366054626101,0.9230088295476562,0.5030328490251887,0.2068975701712938,0.8433522814916146,0.05180282801684352,0.08714974678999418,0.08419070829467824,0.005143009121107433,0.7725237152253008,0.06873032565708163,0.4813350654670029,0.757995170654862,0.5312616460102145,0.7271028901253116,0.710905616581041,0.039793473121986264,0.8552144518977169,0.9145110420574211,0.0879674303339555,0.7797546783695433,0.0009351243871517037,0.026206750360988577,0.22336084337669235,0.23277287391169416,0.08020036003986644,0.8169429667346433,0.7152288017851194,0.19757555793306805,0.03214566119326463,0.2316416272553274,0.07260759046662718,0.5426530825921607,0.2299596246991723,0.03025468184748982,0.03894129489192925,0.02076924622438829,0.017362688219073795,0.5760400119354354
rh_ITG_R_5_4_thickness,0.8397578213391167,0.2902579204072938,0.4141887761827488,0.6155470553794787,0.775124746986481,0.10302940861372223,0.018868044346761342,0.4108901287984692,0.0006229702385917525,0.055885054185204404,0.6150829176025714,0.6970530368265084,0.11982487360023983,0.5491970453612022,0.3536311093349,0.8837054016110371,0.48491065214693774,0.3464472770354797,0.838780345298983,0.408867449387776,0.5629239957886818,0.8857587182552573,0.3352974967399621,0.905366151960195,0.7481949773595487,0.0956705983595098,0.5078809790068128,0.43747588565962814,0.010012320609862459,0.8134617279929268,0.7806864047691258,0.6522013781830733,0.8337444531386294,0.4628049945243776,0.0050529641199648255,0.9938433727653031,0.28682207409672966,0.7328006429659238,0.9505916414392787,0.5112400399500174,0.23143659811079728,0.7008722256361632,0.6105010624993084,0.6691801692099555,0.6060116919962382,0.2421342411326476,0.5719975226664702,0.9067095332024396,0.7838030342570176,0.5083601765213426,0.9384476717191224,0.23686148056075584,0.7677895155134971,0.7662922807346242,0.49989610267492574,0.6335106351962527,0.37467540431224355,0.0163520930000574,0.3124804407740963,0.567124596087401,0.5510842960838751,0.8911905192124887,0.6287758020892116,0.9357358468720681,0.5786554510048811,0.535586130504993,0.7140790608479939,0.7275555314915381,0.22153529997149402,0.4113136056581179,0.6169047403427803,0.6383345151884963,0.8102306552527161,0.2916127391251692,0.16012409876399647,0.047811913896601166,0.38481907775930957,0.3211331642071112,0.8389023190349245,0.9380239936751933,0.927313149286352,0.9756943012504041,0.64157542298442,0.6501879548921623,0.8495901751792431,0.525956820701897,0.901092368132034,0.6105035720626143,0.472577887054759,0.9140154499118593,0.7575655739789359,0.7742313220391743,0.5967815713860275,0.7152039765376799,0.3663358134524301,0.8284395237710436,0.41705761558919474,0.33212716234878653,0.8933707620413911,0.5434568946637695,0.008038671439670896,0.023794205004771224,0.2772451419486678,0.0007805364789430854,0.002045028253730135,0.5625607475719272,0.432078380078302,0.005797786725306599,0.16911705286763293,0.07843086415462305,0.8032243858566885,0.006323835643196385,0.2350889986145907,0.9665493314863783,0.4722143555716908,0.32768863475140525,0.997090294302801,0.00012321652438223175,0.7725859956582841,0.9817662020876545,3.91230318208222e-05,0.6111886481063462,0.4862409206013879,9.798563854720325e-06,0.9884623802764507,0.5345481312764113,0.31004927585964037,0.8911383160719529,0.5432341658648381,9.542689879265971e-05,0.9830617607435207,0.6055452075820654,0.9982377788053736,0.9964102261750496,0.9929882928220178,0.08216062227386153,0.9982377788053736,0.5614638332534947,0.9046543857897983,0.23723505902912612,0.07796194148663493,1.0,0.9185996677710551,0.530980428755945,0.5187258830194509,0.9934134016819032,0.31149166701666375,0.9940786551120198,0.47340555071620904,0.24695655095337732,0.31733475238591535,0.4385444562203933,0.028699590123626953,0.31974500785028737,0.8928491646792103,0.2285556502106427,0.916683236956521,0.9983764447043681,0.9994560746270378,0.5031519253015008,0.26834907430840127,0.9843575419265815,0.5452472312997114,0.27868747107697883,0.49146920137890865,0.30230648656511555,0.3156804899810386,0.9325709436731713,0.019850694711029033,0.02580490555894034,2.5188036800796734e-05,0.26337062365569314,0.25283113932608864,0.9070771056501987,0.852655416916855,0.8449274380809901,0.9974426513361269,0.2393394684673748,0.3143985826050186,0.9003711978720341,0.9408358452513281,0.8382135069991656,0.9649410459408059,0.5023949952799088,0.7747826506080988,0.9212068741772761,0.7877167004612073,0.8521716365581691,0.8541589364644022,0.3089447972182591
rh_ITG_R_5_5_thickness,0.9583451726971612,0.4962652410987422,0.6475933576687829,0.7625693045276138,0.9230088295476562,0.17817178422987695,0.052561932387303084,0.6382425028296306,0.0035779903749067494,0.10238114439160151,0.8414521690858685,0.863053985946642,0.1978113179898009,0.5969547508786104,0.34528346815501676,0.9746879029103402,0.4452330477510643,0.561187835129773,0.6919654822913691,0.2386615615014651,0.5016374568042594,0.7406489769078697,0.4153498734960443,0.7776234896845406,0.7793832304966487,0.1536603416161766,0.7118930365546485,0.2968979171884332,0.021253619177997656,0.8337444531386294,0.9061848200157128,0.7760157776136845,0.961159973118433,0.258711723982323,0.011891662256781309,0.9440462027557461,0.4465215110806138,0.5959439393086003,0.930587412482701,0.4616028205335632,0.40072902344740585,0.7206576770122413,0.8372880369369218,0.815279530006545,0.6812018550267118,0.4131572281019715,0.5586756292549998,0.9984801644139272,0.936809749027149,0.7389923542215178,0.8134784574363991,0.34251698931981134,0.7990319109077757,0.6513105150677369,0.5542357336779862,0.7225808040113194,0.2840899420085,0.05499900659576241,0.17584204035999582,0.7102118520362692,0.7580738127904088,0.7848832151442745,0.6457988032108378,0.9339659562011182,0.3529183311017673,0.5923656097042913,0.7342599442009488,0.9182107486257463,0.412601987795103,0.6265960980339651,0.6983006935637633,0.742988580209677,0.5816722261772398,0.41489114888948886,0.2705766284044774,0.08475070464053545,0.6086941769217036,0.16513518574890926,0.7665027992636513,0.9779824754070928,0.9815549446194767,0.9479460331609411,0.761217050108698,0.7855771007393484,0.8315835257579304,0.3503985597242484,0.9970896176984314,0.5138140972915503,0.633674819853164,0.9216545855102587,0.709501841913684,0.5676129394174477,0.5280477659328789,0.6457841382919988,0.4813177040513748,0.9679203624973569,0.6517544730631538,0.5547160977272787,0.9962450667332353,0.775063638324014,0.02838418179213602,0.061565089840694774,0.48689910357693716,0.004047957496331045,0.009140066870034472,0.7950418830404389,0.6678593269253106,0.02186584406652548,0.33482360045879966,0.183215345003584,0.9651223192195365,0.02350691699932903,0.4300538404775638,0.8418060142105692,0.46204845199764477,0.19696656036939408,0.9014633338219371,0.0008435013062280033,0.5403579536539687,0.945960917789608,0.00019818500029726436,0.8234503146216514,0.38058187885761013,9.378167792190706e-05,0.8797526701258079,0.7661295264572723,0.5275161702910935,0.9934769623352881,0.3232935390510674,0.0006797830237810158,0.8805041792144881,0.833309224408024,0.9283922157863502,0.9315820106919859,0.934864140560774,0.1946696298857,0.9283922157863502,0.792656480036354,0.9979775699844249,0.4342788497597181,0.18731711983720978,0.9185996677710551,1.0,0.7588321422609489,0.7498897195444596,0.9024056425448802,0.5292461278675296,0.9416565980509123,0.2667781778912674,0.447325752775964,0.5362084524911335,0.24075442233593464,0.08048681392343965,0.18961635168341284,0.997164647355073,0.4214891786491505,0.7900082876825543,0.9366335328880633,0.9294714029001279,0.29006792457918995,0.4751298961721166,0.8706892199654552,0.776840761127215,0.4881547875803105,0.7207951099768397,0.5169873321251159,0.5327757169063425,0.7809058870219486,0.06311477147824118,0.0750369802728034,0.00015098114036309908,0.4687647687250228,0.11729725883947027,0.7011190383902346,0.9734834328986461,0.9747943987100625,0.914720490044713,0.43712635733831917,0.5327189796502787,0.9967590922040763,0.7622239827171754,0.9644355924074484,0.8504634623068761,0.6733776117410116,0.8082453188335503,0.7228405647012155,0.6607571444214615,0.6288246648534748,0.6342823345119036,0.43106412589167864
rh_FuG_R_3_1_thickness,0.753250549771995,0.8804362931369112,0.9622837146165513,0.9346479365988907,0.7802064839108553,0.4911382613484563,0.24298663038688856,0.9361213696802866,0.015801569619444674,0.36877186941693674,0.9670540795571135,0.788179930941747,0.5025219579828765,0.48654005612036655,0.2938569750709222,0.7262100080438356,0.22222130207121743,0.9021690759694867,0.34910511812620754,0.0478872457491851,0.5674606306936827,0.3701761683952062,0.47791562102842966,0.46000149232503057,0.8051856984278573,0.4198342146757436,0.9777092058755076,0.21809341977094915,0.14588481364478006,0.7783362315955273,0.7322657243176263,0.6761085006818068,0.8702226791515284,0.07337819867471762,0.10042679868843932,0.5897975713989216,0.6525739299279367,0.31891957777450936,0.6669310641005055,0.4496919519141441,0.7805103309146753,0.7907592610740579,0.9756943012504039,0.938023993675193,0.564461223304126,0.7850026947548222,0.6737513831041475,0.7822551309568117,0.7989036672302281,0.9992399619010306,0.41980697541317624,0.4420844194373037,0.8027171314962338,0.3991337952131728,0.4896661963298589,0.6002932460539786,0.45436415148804066,0.14654072957452574,0.18189199274352336,0.914720490044713,0.867398572347487,0.512182445980472,0.7665027992636508,0.699475626247037,0.09905263733024687,0.5073090521986412,0.7919495539419388,0.8768046209290801,0.8213598827321402,0.9583710343902883,0.5794931184432626,0.6314898234717226,0.21892564610368975,0.6372350773205091,0.6111854950848223,0.3214559104621029,0.9272050870843656,0.032288281562275076,0.5995650387755749,0.6691801692099548,0.6879173113816088,0.6385230916286919,0.6636140766423425,0.7008395123261255,0.528642613606538,0.16441638964159905,0.7915101089219607,0.31533019211375635,0.8881981582998543,0.7232948283838818,0.6716487425071351,0.20741716406312483,0.6299150694029789,0.6014331193432054,0.6055921043640329,0.7984527038182426,0.9750078394410143,0.9367337637252873,0.8003492492575577,0.9974426513361269,0.1369269445486092,0.2763599327794112,0.8918756951996271,0.025948010524471734,0.05246225428168885,0.9898685422881799,0.97944653230047,0.10859671614679345,0.7486712065401773,0.526796285033604,0.8876302312295219,0.11514925787127027,0.845455475718033,0.4345376841703086,0.4987222730044139,0.24981753127886802,0.5004991549990416,0.006088927857857062,0.19713811754209856,0.6227232865543355,0.0037519531843159806,0.990847593809226,0.4801983448723941,0.000721365768387575,0.4718703530523436,0.9985652115117012,0.916940693160843,0.8068768624797278,0.08795856620897219,0.0048863984380028685,0.4756594909213913,0.9752467307612612,0.5556623705194037,0.5664265989436603,0.5808948069755404,0.515535674166469,0.5556623705194037,0.9938673976438419,0.7858195114691439,0.8464270206916433,0.4923431779243952,0.530980428755945,0.7588321422609489,1.0,0.9994560746270378,0.5015511431711461,0.9177781038134245,0.586368239752586,0.07493058823460276,0.8594668060063986,0.9209684234893767,0.07018933026247703,0.30522806863271745,0.24057365773251016,0.7976627385272603,0.8255281357494271,0.46571126847536654,0.564345829449105,0.5467479121488343,0.0833758105044951,0.882771664512302,0.46155885672721986,0.997164647355073,0.8917854442233852,0.997442651336127,0.9078437946259246,0.9145110420574211,0.4113492830838918,0.2206201829138391,0.28269424230744983,0.0025987505308526153,0.8779408166508456,0.02503771818976018,0.2938854482189852,0.8526554169168543,0.859656279434158,0.5194912305082923,0.849396742820967,0.9194052986452127,0.7929059811985893,0.35680764650250096,0.8663404184151584,0.4474959922275626,0.9263578912559846,0.8044041141598139,0.3119527500412591,0.3820436169799325,0.2432341852706024,0.24408680552757017,0.6315845259054222
rh_FuG_R_3_2_thickness,0.7509972111986745,0.8851828913336923,0.9702807637259556,0.9236933388774702,0.7825526286555436,0.4962394099924292,0.24919750703057064,0.9464439519862051,0.017822568946022632,0.37041986849172615,0.969345388167363,0.7958405525351812,0.5070168778545252,0.5013065011231144,0.30815461511936637,0.7208401909924731,0.2297156889183255,0.9140635584904564,0.3358023736252021,0.04624932288776191,0.561523587701654,0.3570676959972463,0.4795182479360037,0.45174530570855326,0.7912766668517444,0.418470922440863,0.9729137431371196,0.20678622390001605,0.14464330926739272,0.765084201383212,0.7345306005423606,0.6879173113816086,0.8608623906329241,0.06805438048611276,0.09995368630887397,0.5775797365787805,0.6520762873266799,0.305286214151538,0.6546516616142493,0.43427884975971853,0.7938309558550156,0.7763820850304302,0.977113636762619,0.9272050870843656,0.5765448717444921,0.7984402507411272,0.6580619702717192,0.7732830887143515,0.8001887880931804,0.999675860103799,0.4069384304756948,0.4522254113737554,0.7890046035700622,0.3953901396482578,0.5011889645358908,0.6118237982599097,0.4471915612340605,0.15708590730606906,0.17483990215958423,0.9036050378243405,0.8788821739051365,0.5034397772946284,0.7513126728489117,0.6870901058916792,0.09356065187019912,0.5189877228647006,0.7777200491701062,0.8790358557789778,0.8304796269232066,0.9577583394399258,0.5916614674220749,0.6438886760305695,0.20928293093879644,0.6482541186566257,0.6208148697534792,0.31977290119299745,0.9380239936751931,0.03018264266759635,0.5898428455838102,0.6601498181774914,0.6795979735226623,0.6262990530831001,0.6761085006818073,0.7126959532169825,0.5188953256343944,0.15349983220817415,0.7825436730016677,0.30141344723614755,0.8795853946112936,0.7107845834446038,0.6604760102455801,0.20291653854718442,0.6186270918841986,0.5931217614982957,0.617236818948903,0.7962347644926504,0.9810835474308981,0.9438452513061061,0.7917268511383238,0.9982377788053736,0.14269781868958087,0.2824176382331507,0.9007725190310085,0.027800512458186072,0.055571896124947825,0.991694546461473,0.9851166646519313,0.11374997881072815,0.7605052276161539,0.5387004618449474,0.8820410867644233,0.12050937152252741,0.856152319025142,0.4218877705410846,0.49746434320079624,0.24219675794270903,0.4881547875803113,0.006727669552989302,0.1877932349770562,0.6105131564253004,0.0038312166664740367,0.9871406623072416,0.46791110427480853,0.0008456875698592387,0.4594124540853809,0.9992709807175979,0.9261536280187052,0.7978455233997435,0.08282330400743637,0.005437346313908404,0.4631165751224449,0.9770459808576034,0.5434568946637695,0.554235733677987,0.5687168907452385,0.5278726151609457,0.5434568946637695,0.9948389015365049,0.776840761127215,0.8556833112261202,0.5047589359795491,0.5187258830194509,0.7498897195444596,0.9994560746270378,1.0,0.4891229928029459,0.9270067974157576,0.574153435403489,0.069628378707749,0.8688160696502215,0.9302610158793868,0.0648195747114849,0.3143985826050188,0.2331926766485789,0.78937018438062,0.8339298708668696,0.45704482214719655,0.5520957150455067,0.5344616860951659,0.07769032098486761,0.8923395382899648,0.44906502977789686,0.9979775699844249,0.9014633338219367,0.9976995660033711,0.9177781038134245,0.9245916666744475,0.40265727307521176,0.2303476859019037,0.29198580578357136,0.0026933022004733765,0.8874565318004921,0.02282081229195923,0.2840899420085,0.8434182313310014,0.8511273923805647,0.5071278325841712,0.8586727095027866,0.9286657720259694,0.7839120612844133,0.34743541322701754,0.8570362641505652,0.43480252879907066,0.9180348014723789,0.7907592610740579,0.30149399393216336,0.3779999593293154,0.23379210851454757,0.23627470855191912,0.6427255833493603
rh_FuG_R_3_3_thickness,0.8414674133680895,0.2805523671818697,0.38315906059062,0.587863227535733,0.7718291640877886,0.07889993236923358,0.01576697388439746,0.3768756259754926,0.0007370044792362612,0.040445490850920064,0.5819504955831456,0.6865126491757766,0.09225510505530263,0.5814142172777033,0.4050272195888283,0.8871330133918294,0.5011296329706916,0.31350161574426116,0.8835563010246037,0.4452469182804603,0.504394985590906,0.925891499234783,0.2881281852492364,0.8675920538896349,0.7041142190826075,0.07116402645321601,0.4855719700141161,0.4253465140777894,0.006398394623773109,0.7657828235213913,0.7895544288616746,0.6567712355904967,0.7994362886355348,0.4898091933858927,0.0031597522317599537,0.977113372463928,0.2968314638954764,0.7783968188654006,0.9140154499118593,0.5066887021029782,0.2007870228499078,0.6601961449323974,0.5772681559807133,0.636213490642295,0.6393722517535914,0.21013590794609904,0.5517764829242944,0.885803613287685,0.7763286646388506,0.4796139114803526,0.9696100721004021,0.2755171764057336,0.7224907570089415,0.7223700524634512,0.5542872987949565,0.6597044994302581,0.3393109042957364,0.018401759810101087,0.29588736430014956,0.5457346288194755,0.5180952060971008,0.8456688760544984,0.5988282066980343,0.8972605220353524,0.6118119766860723,0.5857236003290944,0.6719564268418863,0.7046543890505242,0.21079885850913282,0.3946158794314263,0.6456873472430256,0.651769246142162,0.8411995713145213,0.2477269670707588,0.12943535746304316,0.03368699226300583,0.3514573077301353,0.3498380355069627,0.784038961859482,0.9434291818290286,0.9310933411787152,0.9480985946814852,0.6461587052379387,0.6483807692864993,0.8962697472930974,0.5422736494722566,0.8785367710583472,0.6438286645965329,0.4619994422661368,0.8722155367753364,0.7019414061177984,0.7812965976653476,0.5503949597690798,0.6554452054375963,0.3214638702064472,0.8194170640621576,0.38855160514600595,0.3104798278685551,0.8705329119545482,0.5121568217675684,0.007704625424103815,0.01916058455437452,0.2584519724099154,0.0008201910415809718,0.0020812125819792567,0.5298648056519828,0.40293652305148,0.005703747374383416,0.1556409201902277,0.07231305997576312,0.7741853855395548,0.0062054925641257044,0.21674727584420173,0.9879310199165225,0.4143960190510129,0.30844724421204334,0.9988889779316965,0.00013974179495799183,0.8057321425228765,0.9565707163461941,2.751683529750443e-05,0.5791999844697383,0.46020981743025896,1.2084086522829501e-05,0.9985652115117012,0.5038022900167213,0.28632209957306964,0.8657494154810356,0.5759870835345864,0.00010982732705517604,0.997403532523426,0.5722857231243187,0.9852598849412078,0.9807653316402172,0.9738791045352226,0.08088412331801015,0.9852598849412078,0.5292461278675303,0.8830687914596849,0.22336084337669235,0.07792413928062106,0.9934134016819032,0.9024056425448802,0.5015511431711461,0.4891229928029459,1.0,0.2875627228525602,0.9770872075850707,0.50154257753564,0.23125514483715673,0.292604993992718,0.4625032278595206,0.02638970365025218,0.30079388184312317,0.8716182637780543,0.21902503083766542,0.8802184539688408,0.9878204774922092,0.9934769623352881,0.5327189796502789,0.2489182436600026,0.9970653872019795,0.5138436826623906,0.25759151287669446,0.4642982867383338,0.2777274462247816,0.2893224330002962,0.9087078044763894,0.0205228907987373,0.024427469780344695,2.0079393061299673e-05,0.24477302127074563,0.27035577213408873,0.9217257526270553,0.8203866893869489,0.8137423299206675,0.9989113633526662,0.2250624315809408,0.29006792457918973,0.8774646766024023,0.9357362844724564,0.8043886358376691,0.9878202131935182,0.4863138283772405,0.7293541251971671,0.9370434718484872,0.7481979522716875,0.8766545761603535,0.8678266481583363,0.26433136704672544
rh_PhG_R_6_1_thickness,0.5786144699221745,0.9571232369436375,0.9778170882371872,0.8002082787611384,0.6457988032108376,0.6471960359623254,0.43081643631749433,0.9675831476212002,0.053496532631274525,0.5080496045345825,0.8600528400097458,0.7095048995104111,0.638509543894742,0.554890120594497,0.4234377981589439,0.5279244920027562,0.25425435060330204,0.9791631175663723,0.18065892114843343,0.01859944742583813,0.4938886247913252,0.19354963750091653,0.4318862546402601,0.2881723434330934,0.6342766032453224,0.4813400735223682,0.8996993270804635,0.1766077529791475,0.2230306152978506,0.5829214062012612,0.6045750792555908,0.6607310635806952,0.6495164601670612,0.024111126809400724,0.1726990965127509,0.3611732130094211,0.6809267695467826,0.16363763521181277,0.43838966455810774,0.3832855057609953,0.9375289449366923,0.6456873472430256,0.865749415481035,0.7768053905929437,0.5822164787618017,0.9360826183411226,0.6028020263470161,0.5520957150455059,0.6521883379669804,0.93179185688197,0.22793342205156758,0.5015586803745509,0.6230593198620127,0.2704261280855934,0.5326722892544333,0.6009804906542691,0.4795328149920246,0.2921496809984165,0.20347672436779737,0.8069822386290985,0.851265136023922,0.3355861191812174,0.6589539275912976,0.46947866974341845,0.036702800457576915,0.5436495248174416,0.6403341719595502,0.7397990651810825,0.9606250544701349,0.9442148863605005,0.5930521185009063,0.6326409334251716,0.09658282867425948,0.7384807701342669,0.7796337940470073,0.4077602947569417,0.9756943012504039,0.010004056700501241,0.42638114527281273,0.44969195191414335,0.4709326575210061,0.4065379280300976,0.6587463634606283,0.6817807971651796,0.34570580711376453,0.06635412877173823,0.5615318067391715,0.1661116085565248,0.8310753902249615,0.49668056003703354,0.520680101110324,0.10672238446773774,0.5584263398275807,0.47272420188687364,0.6791333814034337,0.6190526018683555,0.9792348230459141,0.9961926980524709,0.5724197039389236,0.9136711420792551,0.2841126836658042,0.46979913875877954,0.9944012590982148,0.0752162366903785,0.13315620252024582,0.901638707672026,0.9734743316416719,0.23775924253597003,0.9370053337835109,0.764534688914495,0.6863134788169551,0.24897336465318454,0.9844971377949038,0.2368976891710078,0.42923045371451646,0.28408544526662427,0.2866904287067702,0.023071744377121166,0.08415761948844674,0.39186829119993394,0.011450057511025485,0.8610844196495677,0.47148470977666307,0.00401181361018683,0.2644332880582626,0.9187720151277428,0.9999909932753359,0.5772681559807125,0.031610239692153125,0.01934877742429842,0.2678145053815607,0.869150907219038,0.3324424163832171,0.341834442754296,0.3547138755553442,0.744289444844908,0.3324424163832171,0.9024056425448796,0.5556623705194029,0.976578718114321,0.7188464509158514,0.31149166701666375,0.5292461278675296,0.9177781038134245,0.9270067974157576,0.2875627228525602,1.0,0.35842082094590166,0.02487327368311471,0.9838268520405731,0.9998559118727984,0.02258067563431975,0.5222153558603058,0.27574182753665727,0.571478923793153,0.9565971455237423,0.28953748660605344,0.3389207633686885,0.32402533683590373,0.028415450935327755,0.994303982888207,0.2566277929966595,0.9126074216234304,0.997164647355073,0.9384583200412648,0.9994560746270378,0.9985652115117012,0.24024316291797548,0.4126019877951033,0.49480572030462433,0.008794349387017099,0.9924533741737198,0.006672700325946771,0.14444428004504117,0.6281018141069943,0.6385230916286919,0.30173409664300277,0.9783007261558475,0.9999639740747848,0.562828704018786,0.19172081894301096,0.6447056504851305,0.24724292696069977,0.851457867210019,0.6210526126951343,0.1545525968441665,0.25121557876453426,0.11212138513354387,0.11801425792147238,0.7253055348065487
rh_PhG_R_6_2_thickness,0.8506586740887552,0.3268137397991865,0.46792630186616924,0.6646229014192285,0.7916008067479453,0.13263924055519258,0.02538300553011011,0.46465973429644836,0.000710203940623831,0.07545588068699417,0.6691847184036231,0.7193113965407965,0.15250257195387032,0.5231224974894579,0.31192192186760515,0.8911511695934761,0.46035216097147125,0.39789226275878276,0.7931250409905227,0.35728300439706656,0.5969938336931369,0.8420394543437639,0.3791641117103381,0.9116255607610526,0.7934459347652725,0.12428139200274992,0.5577376010921757,0.43072898041172114,0.015060366451234193,0.8579970185103859,0.7850777690832335,0.6556320718831814,0.8795101591361802,0.4170018078329239,0.007846073858955707,0.9999680208726585,0.30316586530108863,0.690888532164305,0.9767899755824988,0.5164806635397926,0.27569393830359695,0.7429199935947693,0.6655300376678535,0.7213145129712201,0.5833209780491486,0.2874643538055194,0.5953359748645859,0.9350844506466711,0.8047269673534319,0.5633118783664359,0.9020504847096709,0.22387708652586968,0.8134617279929265,0.7746875291736331,0.4632694906207182,0.6173903158704187,0.3892070837284111,0.01799935491679095,0.30523310791865743,0.6113988005111514,0.5970639358670425,0.9074144343996322,0.6636262164707487,0.9665229082555522,0.5237581007321594,0.5010728986517141,0.7569783508646734,0.766014829931466,0.25518889059674876,0.45672517422612324,0.5979063573092767,0.632671137760471,0.7576977098690474,0.33861975892195745,0.19812469649318568,0.06543989323687542,0.4378022226786887,0.27890364130749834,0.8696972359906198,0.9389852365368411,0.9310303396150873,0.99345053315774,0.6442100789199317,0.6598933005066756,0.8164932919029996,0.49742521695134606,0.931440481893242,0.5846191165256769,0.5099276281456215,0.9493250542662468,0.796038254015557,0.7336981176925902,0.6269864097472799,0.7502419753532281,0.41074273809373846,0.8504341378322308,0.47019220627404146,0.37884488646842995,0.9247654826887008,0.5996051861068206,0.010313559649578936,0.032250178962049916,0.31957681419228157,0.0009947941603991321,0.00261010227679335,0.6187464731549288,0.48585862716174183,0.007377997072975269,0.20063834877226477,0.09582346891688814,0.84709414300593,0.008042314550395271,0.2745512326570725,0.9359498717456163,0.5085070196115702,0.32386605063014823,0.9832970430902377,0.0001529044631309508,0.7185098349761355,0.9964102261750496,6.702276452826143e-05,0.6672335034248486,0.49642501110034304,1.1657251225042451e-05,0.9672605436350055,0.5905044739781733,0.35680764650250063,0.9248325885189688,0.48960958343332617,0.00011730986639873463,0.9600078903533016,0.6605517753332408,0.998587702172546,0.9994512193692084,0.9995952841383754,0.09633952568994816,0.998587702172546,0.6177638165204747,0.9338174212070325,0.2740762122251434,0.09061699887491824,0.9940786551120198,0.9416565980509123,0.586368239752586,0.574153435403489,0.9770872075850707,0.35842082094590166,1.0,0.4262959522035491,0.2855998778069304,0.36493381860683183,0.3960488589099792,0.03633783738869063,0.3155582950642888,0.9229341772435251,0.26177366100094557,0.9225244102861666,0.9982113496278253,0.9948124723589568,0.45423595597171906,0.31053882620848694,0.9607581362627693,0.6014248247911944,0.3223983682710694,0.5454265073300155,0.3490546854501896,0.3638910522380746,0.9252143142711162,0.02352881273491454,0.03223874549577174,4.126230149165794e-05,0.3047841872167658,0.2216612615533874,0.8668301298829113,0.8953484271586183,0.8875912544495705,0.9857683744119575,0.27658141395177294,0.3616653959828393,0.9310834397461141,0.9169406931608433,0.8832781389798086,0.9348656597207304,0.5451267462528233,0.8207006647267032,0.8818915149179314,0.7911257535002192,0.8034537236884951,0.8107354702773796,0.3558682147721211
rh_PhG_R_6_3_thickness,0.24117997911346667,0.03258468153317983,0.038843457079542,0.15483308151431058,0.19728697911164628,0.0027559166616954837,0.0002956720530192243,0.03615967031913231,8.545255842829381e-06,0.0009731569541411739,0.08675957215297142,0.15531970182461569,0.0036544384979304394,0.30305157462720794,0.45326208926465966,0.2754173306864154,0.2574903732127176,0.02577557483170255,0.723962315747612,0.9179033936878774,0.5156702462578708,0.6821386147178993,0.033208168915323126,0.564876144740283,0.3001117399698325,0.002516526162541696,0.08899706643124167,0.44155034410600985,6.470805306842371e-05,0.3227218486650547,0.23659777983273078,0.19552766760076556,0.20519226520922088,0.9995588612344246,2.3463138044577013e-05,0.4228823167744403,0.053021297212026273,0.7850026947548222,0.3784128918756737,0.2947927011053884,0.011774034379023995,0.3050589371118679,0.0866552565610048,0.16610376589672915,0.3042896299196693,0.012735516708026088,0.29624271836692184,0.25211073701399433,0.18966416470497718,0.06827001054066188,0.6068854404668704,0.4701917859254909,0.303141294007351,0.6031647790883838,0.42931751389263945,0.2739742114989717,0.5018327506848306,0.0006516673238478846,0.4997129973910559,0.14663198499166527,0.07271569670532435,0.5300840949451756,0.2850890275515721,0.35443648778592685,0.9738791045352226,0.39533102564774975,0.3077717510264885,0.13569965717555416,0.018127920553603016,0.05926495308591883,0.28440834656238956,0.22538193256032407,0.8388005795523312,0.02118101336894516,0.00599098301220833,0.0007632086445361954,0.031828792281815475,0.9464089314169858,0.4783394550001624,0.3355466513642583,0.3172019130979,0.3894882861742002,0.1949851932598119,0.17477676851757012,0.5122845511296754,0.8753509545157611,0.2464438365893333,0.7583947957374381,0.10882109051549393,0.34227966192310927,0.4336251923460205,0.7804177413790332,0.44827409768454973,0.4970617094102032,0.03794803060925783,0.20741575832158454,0.04213548177825614,0.030567349011654567,0.23880839538044563,0.07326215503853586,0.0001491408614113083,0.0003541836289656633,0.022406348018579353,8.722674813217446e-06,2.8422281621115733e-05,0.07466219298248372,0.044900173898943484,0.00010383534569149492,0.009619672471793184,0.0031200195280875324,0.17118581174019343,0.00011586753351786935,0.01602714647254616,0.5790340867054166,0.46706836643264865,0.4992475724255962,0.5021478842111394,9.670603959265859e-07,0.8723559193661532,0.40077078088394774,7.28505635174376e-08,0.10151170588330405,0.44240833619836384,4.7717415868937953e-08,0.5327189796502789,0.07188581412117133,0.024759181186502412,0.23782299498483828,0.984361770688871,7.210851538100131e-07,0.5306965513809409,0.08478431517209385,0.4525544182770723,0.4440572350265599,0.43315535071296385,0.004509011524582125,0.4525544182770723,0.07629860576627226,0.2499744303906925,0.018811640831612207,0.004447911809624247,0.47340555071620904,0.2667781778912674,0.07493058823460276,0.069628378707749,0.50154257753564,0.02487327368311471,0.4262959522035491,1.0,0.019290753857420913,0.025347880429358968,0.9948389015365049,0.0007413063878905552,0.49978569246943694,0.23828328173668514,0.020063498457952127,0.5584848826414723,0.44291062839162215,0.45787725642151494,0.9985652115117012,0.020503003629500534,0.5444805887721522,0.07354843987284657,0.021170692267103917,0.06624423297162661,0.02291149407500996,0.024039499471571125,0.5979439841609573,0.0006655711578003742,0.0007115290088132051,5.9588139905348345e-08,0.020200895830326887,0.9059294920515382,0.7244331148684177,0.213767616136506,0.20465933916361329,0.48322592134194775,0.018911673576543175,0.025106882041162612,0.24579742205694233,0.647237120514517,0.20685789284034173,0.566591599980716,0.1103463782137243,0.3012518217565222,0.7065050815535312,0.6166211639443735,0.7945750247099311,0.7730135839928524,0.02437314844985038
rh_PhG_R_6_4_thickness,0.5079026096422812,0.9811436015897946,0.9281771641819019,0.7590893663438021,0.5738971635358361,0.6796215078625338,0.5187070952063486,0.9125338943538299,0.059078716174708334,0.5684323860336176,0.7786467054890629,0.6377290049918898,0.6584128475384258,0.5294909567174579,0.4246598898156961,0.4580829755841235,0.2270815493590003,0.9379105709062164,0.15665898224265887,0.010781549134684664,0.4395560625601832,0.16438423901779728,0.3635766394651608,0.21519698008706417,0.5718553302371915,0.5041417313256674,0.8678266481583365,0.22868799213289634,0.2979486709252773,0.5051430498504283,0.5412698274450816,0.6059664204262872,0.5596541682080396,0.018911673576543185,0.24089002806008095,0.2882439850836228,0.7461304793348689,0.14711105201287952,0.3539877282434215,0.44775981947263005,0.9261536280187055,0.6004813760230063,0.7858195114691443,0.7169931962147068,0.5496953608085481,0.9197479060210672,0.6312712139018224,0.4671895245682859,0.5766908829129579,0.877087638724118,0.18981455378130993,0.5001063058770184,0.5550549957627087,0.1980759670339523,0.5178837292438032,0.5617821024699939,0.5106974861609123,0.31685239710242646,0.2717183655997758,0.7877038201471875,0.7747826506080988,0.25720215027957205,0.648620611082787,0.3832855057609953,0.026389703650252158,0.524563783457197,0.5900037538118088,0.6555463427990962,0.9944023162921398,0.9341487821055856,0.557145871196338,0.5856126100771005,0.07390426975853544,0.6935894385013073,0.7861344749019779,0.46588041408880976,0.9264264178830813,0.006575413998946844,0.3447187389160621,0.3827910612113916,0.4023451077879481,0.32631545190435585,0.6053811279689573,0.622492907669563,0.3095456120310768,0.05966205592330074,0.47562616786497325,0.1535482124428265,0.8438453943279536,0.40959057262807447,0.4505119225530122,0.0702040665902984,0.5359248771520957,0.40098931549257666,0.6205259386460078,0.5408884478093566,0.934976150824997,0.9817419056102805,0.48611615442689704,0.848043910082052,0.35265325227138733,0.5583746630787475,0.9969153471520797,0.0985405839239079,0.1714392126495514,0.8293480800917694,0.9255898836082351,0.29758169020862235,0.9767103331536633,0.8437537508794738,0.5967449325367513,0.31071991039756697,0.9970134460032989,0.1926003920179351,0.3602460657808298,0.35776875265979896,0.22815734954088118,0.030099202188777735,0.06487944221581926,0.313460408276089,0.019447894875204545,0.7909982612452495,0.5206457068345417,0.004800947126492467,0.21188624997364625,0.8556833112261204,0.9845515773829928,0.48980919338589235,0.022795601678295512,0.024989166079829116,0.21709101870084346,0.7894807402342228,0.2633706236556934,0.2708861437219299,0.2813508438602541,0.8288972335695302,0.2633706236556934,0.8321157558772705,0.4703464885408992,0.9992709807175979,0.8047340386844586,0.24695655095337732,0.447325752775964,0.8594668060063986,0.8688160696502215,0.23125514483715673,0.9838268520405731,0.2855998778069304,0.019290753857420913,1.0,0.9807653316402174,0.018165103841773576,0.6118119766860726,0.3494761907756364,0.4859277206695952,0.9919474454777053,0.21671414766771355,0.27035577213408896,0.25871172398232267,0.021996061168513957,0.9970902943028013,0.20607981923990717,0.8464887422928091,0.9939483203302013,0.8899239924085967,0.9836207042703577,0.9762292198987021,0.1760893283372773,0.4875222106725905,0.5827099873760666,0.014556327265386344,0.9982377788053736,0.005009171498741885,0.10692418714399984,0.5381026184146778,0.5485412279072399,0.24174725097861782,0.9995588612344246,0.9823284564843814,0.4767369068501649,0.13997028415996354,0.5547320053708429,0.20279143332872496,0.8445725250139802,0.5510842960838751,0.11635658477162678,0.1815453106660033,0.08357737861713,0.08335056102179922,0.6762780304592585
rh_PhG_R_6_5_thickness,0.5848228306863175,0.9528973175937514,0.9808786086375428,0.8012134134282188,0.6523118008717678,0.6436897085165403,0.42392358160213517,0.9715756962155291,0.05348819603491139,0.5019941030783733,0.8662907336973747,0.7163418385210887,0.6360428539572986,0.5585967580751777,0.4248157885082675,0.5339682227030723,0.2586229414684105,0.9819632137233553,0.18233182349347046,0.01954296754850997,0.49758020119589774,0.19581368182382236,0.4379417560964692,0.2951346680566973,0.6379068071092951,0.4777098696583954,0.8999154398064708,0.1718536950121703,0.21631476521963122,0.5884811504281033,0.6103593503088935,0.666603322081623,0.6565387252616859,0.02453630234548821,0.16703419900073435,0.3676862106703513,0.6740898305361052,0.16441378410380192,0.4456563196730095,0.3764295743271364,0.937960960229496,0.6474684141251534,0.871688575793282,0.77980202335646,0.586047007908163,0.9370164117093638,0.5977655133513802,0.5592403279305391,0.6589251951979964,0.9346577709293624,0.2311305240647608,0.5016906565843605,0.6273425077797768,0.27753489004043685,0.5345718162811742,0.605381127968957,0.4749699873973339,0.2914167296325005,0.19729528363845072,0.805834754126526,0.8583206796905057,0.3428276607013899,0.6572425935854097,0.476756001248135,0.03773995278614915,0.5460358245282342,0.6426656126045105,0.7470748198418403,0.9560622268754443,0.9425734689037524,0.5972291268346566,0.6379049047394962,0.09870536939159297,0.7429885802096773,0.778700000678766,0.4013545842910239,0.979138136808429,0.010384201875016461,0.4333490624810689,0.4554465909058645,0.4768339270229331,0.4135785043058038,0.6645894488298799,0.6880423380306822,0.34837454670591717,0.06647435866078195,0.5687273675531281,0.16631887071909926,0.8270828416306326,0.5038674302359146,0.5257667792937951,0.11067802316111736,0.5584263398275807,0.47832831674415616,0.6854876482018999,0.6258505179355535,0.981498262523024,0.9956169681086711,0.5796324661861887,0.9177812247120144,0.2794229067476316,0.462603577944823,0.9924813069320781,0.07393844944616594,0.1308680201094748,0.9066245509267283,0.9760752202557695,0.2338349865421902,0.9324425061888202,0.7575299481213327,0.6935285056221714,0.24489156374688648,0.9819632137233554,0.2407906309461863,0.4349643882412965,0.2769523509225763,0.2919858057835712,0.02276963657794752,0.08593110334471432,0.39879662267178584,0.010960476927320238,0.8654244359987777,0.46528213482356695,0.004001520227508032,0.2691552100322311,0.9225851757951331,0.9997748805493285,0.5845262398551816,0.03249101253044633,0.01912260376005452,0.27231141789005486,0.8750900675312849,0.33867747878168264,0.34822486106356165,0.3612971475992891,0.737008715586926,0.33867747878168264,0.9070771056501984,0.562828704018786,0.9729485142503482,0.7116183513403436,0.31733475238591535,0.5362084524911335,0.9209684234893767,0.9302610158793868,0.292604993992718,0.9998559118727984,0.36493381860683183,0.025347880429358968,0.9807653316402174,1.0,0.0229035390558345,0.5152530312367019,0.2686590964509457,0.5786554510048811,0.9518189440518994,0.29646581807790534,0.34507507042038804,0.3298975953368315,0.02896891014321911,0.9924533741737198,0.2611568316623893,0.9167756374573541,0.9958753075267516,0.9406535167376155,0.9993840266701975,0.999140941455501,0.2465047037834781,0.4074960820183223,0.4881547875803114,0.008460659112902563,0.9903266547658811,0.006817428666257091,0.14812015330730072,0.6352886843058754,0.6457293019677599,0.3071232021504322,0.9747943987100625,0.9999639740747848,0.5700330965815656,0.19682672471979207,0.6517769506423288,0.25110462559943747,0.8491944277329091,0.6255604227705447,0.15822847010642604,0.25814391023638616,0.11489726130001121,0.12156797889025026,0.7303253823681117
rh_PhG_R_6_6_thickness,0.20867234832852158,0.03178718820472702,0.03423502211285519,0.15188190673464594,0.16703988581807638,0.0017628577544311953,0.00025851984996642853,0.030479340271393623,8.545252366258935e-06,0.0005894404590191636,0.076461055100494,0.12795151155146067,0.002335718611797464,0.25984020799896435,0.42024871069480396,0.24180790728624002,0.21586983122930678,0.02142385526064259,0.6870433703233318,0.8940059197972623,0.5103669653201323,0.6406494408279539,0.023498733189457267,0.5388523891849503,0.29488145407908567,0.0015587355742527587,0.08651349330514443,0.4415452708713072,3.4832896316873845e-05,0.3143285362039333,0.2013869437469969,0.1608428383176867,0.19085283823535698,0.9974037968221168,1.2538108148232539e-05,0.39263522348087043,0.05298673713238887,0.7662922807346242,0.3577994435043629,0.2947572963855211,0.00916957266249967,0.30156913090583326,0.0772877187780085,0.16156061827516807,0.26129341959445984,0.009829679292627624,0.29564122816357785,0.22855565021064295,0.16133393462173679,0.06385521537085773,0.5632750593498845,0.49548647863621054,0.29706335357801555,0.5790447599294191,0.39022440078868054,0.2324561314838745,0.5011195933423224,0.0006516419181474055,0.4996956883558234,0.14480923302880738,0.05807652554372141,0.5085661273602193,0.28349573900324443,0.3357558531014881,0.9475636760331869,0.35328001201280734,0.30384150966032647,0.1156214969610738,0.01741476321109475,0.05764441655883338,0.2422212412731913,0.187378324012102,0.7981029435898248,0.014769792963618654,0.004075158881681217,0.0004496237788060273,0.026812750462260226,0.9472712827716114,0.46444270619415035,0.30016239367991493,0.28269424230744933,0.3644197952448451,0.16012409876399608,0.14264129147094332,0.4693068342686405,0.902333469566248,0.22382199309966466,0.7743606406605466,0.10796257419394192,0.3260876037196716,0.42622546661659344,0.7376797911449893,0.44590665437420984,0.48856393124274017,0.027232664201232677,0.1796627424874951,0.038262651151308835,0.028487379077041304,0.21655658600666342,0.06742528105974009,0.0001443346439423957,0.0002916972598446172,0.02089244478309983,8.625333425965982e-06,2.7962017053680433e-05,0.06745020501599659,0.04073334195061255,0.00010135257110824863,0.008906515129284916,0.002929849006124176,0.15451080334314174,0.00011301339486555426,0.014731214486227474,0.5361617169227868,0.45825154201263923,0.49919324787397407,0.4642982867383334,9.635205730119376e-07,0.8343960131412853,0.37436352100929465,6.27117420273309e-08,0.09535172487765099,0.44205421663784444,4.771234164232147e-08,0.49234317792439486,0.06643414289729725,0.022503248816841917,0.21684953370409701,0.9622661495153362,7.191638224870244e-07,0.48949908302189693,0.07541677738909755,0.4202325886422136,0.4128609145515209,0.40348138280502865,0.004414697319649398,0.4202325886422136,0.069628378707749,0.22679396493312617,0.017853850243323272,0.004379366054626101,0.4385444562203933,0.24075442233593464,0.07018933026247703,0.0648195747114849,0.4625032278595206,0.02258067563431975,0.3960488589099792,0.9948389015365049,0.018165103841773576,0.0229035390558345,1.0,0.0007004148414362013,0.4997362455219291,0.2152894800760059,0.01940206671617644,0.5320776227668194,0.4100331514318506,0.4231924271384361,0.9891608722691043,0.018963027195244612,0.5033943071184537,0.0676320484235672,0.019407812748431213,0.06242812906033275,0.020581727420976637,0.021351731876017722,0.5658085071143304,0.0006587592944270277,0.000683766697706366,5.520749257140964e-08,0.01876293451636108,0.9294714029001276,0.6811748757936373,0.19757555793306836,0.18814616616095212,0.4458467981725189,0.017918614669278885,0.022739438730822768,0.22336084337669265,0.6084858494631581,0.19206747407199168,0.5236559751052348,0.1089571909821787,0.2948406013511957,0.663246842478751,0.5902139040697204,0.7513640755602278,0.7295962249739932,0.017098670287885576
rh_pSTS_R_2_1_thickness,0.12479065782867554,0.5716264918103778,0.412110767295831,0.2719254987880482,0.17065555727872217,0.7911523648959906,0.9788425802087791,0.4265383806259715,0.29736447183599796,0.782358076883122,0.24949698088029276,0.23678147364211746,0.7452546259520815,0.37840628888622435,0.4602214828008944,0.09759218223194983,0.45559904501308546,0.49708287797760425,0.017064904043803883,0.00036471479576325984,0.15295085427349878,0.01764532166051584,0.2604361154422345,0.028780338820585876,0.17144908408308346,0.3990107052797093,0.34230170019386225,0.44650546719607564,0.5607710383528346,0.12392475033155063,0.16421558818972534,0.2933307290865299,0.11790089884674448,0.0007268782401499456,0.6275397022660975,0.03686662792766762,0.6556595180463436,0.016495385337470046,0.05493762319639167,0.5159710299725715,0.6549869210385687,0.2123096460245967,0.24997443039069234,0.22290644986675928,0.2987697860873127,0.6431088209484934,0.3936347094461505,0.08576855513900444,0.16305704608314112,0.32329353905106717,0.021092962726268302,0.2807349235113402,0.1563324884055006,0.03031121446589259,0.2956814301532327,0.2863585784115496,0.3624748202432811,0.6521439432316957,0.4898299818226213,0.32667118613715695,0.3422796619231093,0.03963226990633044,0.2991142444327454,0.06314456440440704,0.001097526266022194,0.2962118112913111,0.19945686768979104,0.1924533885465347,0.6565387252616868,0.43114212242143657,0.29968083391527534,0.30375376002847615,0.004735295999197841,0.6331758520734698,0.7609468431942341,0.4935687312228259,0.45255441827707266,0.00016918224508893247,0.0697215991360615,0.06662678346155586,0.07316850972348371,0.04597796411509617,0.3071199475800242,0.29650340094963157,0.0566869166405523,0.00417065373277604,0.08821406421067823,0.01844610408845323,0.42847701604226635,0.07271569670532436,0.12469993609942914,0.005109071748004635,0.2415466596688404,0.10876882429317451,0.5861685101479877,0.1319717933383952,0.40525973994163833,0.49756073142620993,0.09198843384987904,0.2946803813518326,0.9016947545739353,0.9760769626387819,0.5675220680090074,0.5067377782600135,0.6721719105360574,0.2817553154806855,0.39078515097134703,0.8497781523455199,0.7364673941683875,0.9197238191573083,0.13601020281555082,0.863085760008493,0.6270362008854982,0.020509581236095607,0.10325131882546898,0.49951161171225456,0.025488244963950288,0.2504678449391138,0.003960387035585727,0.042820629917636015,0.1825692436223773,0.24661310532049685,0.42411086848982,0.06977085805376336,0.02302921003634343,0.30155209260912824,0.5239660854692305,0.09242115154112365,0.0008991722835550443,0.22168898556422245,0.024368958355722718,0.2538647022948738,0.031828792281815545,0.033364001322392575,0.03561050811666941,0.915811555488018,0.031828792281815545,0.2815211056452471,0.08665525656100473,0.6281018141069952,0.9230088295476562,0.028699590123626953,0.08048681392343965,0.30522806863271745,0.3143985826050188,0.02638970365025218,0.5222153558603058,0.03633783738869063,0.0007413063878905552,0.6118119766860726,0.5152530312367019,0.0007004148414362013,1.0,0.500166371470768,0.09264280442144904,0.6494942448173718,0.028471172243660577,0.033184237913789424,0.030981140265780516,0.0008853730614172101,0.579080822273764,0.022175229140023407,0.2933292042307673,0.5646265185063264,0.33867747878168286,0.5344616860951659,0.5189347167445686,0.019324177599021084,0.956597145523742,0.9976995660033711,0.15481277248187664,0.5863434398946403,0.00012048202450219695,0.007986119844550405,0.10915983749928385,0.11333532426895088,0.028044452332641013,0.6244941591301371,0.5187258830194509,0.08849103252515877,0.012457566754771143,0.11581137060146952,0.02255186249993328,0.3795915862823975,0.15154869394706147,0.009038031383781044,0.025670439790703495,0.005568843002912384,0.005691021793506445,0.6209684678845182
rh_pSTS_R_2_2_thickness,0.10498138301089499,0.39851507462820646,0.2056789939849446,0.3822729375371482,0.07993037739107958,0.34431124218356574,0.4989517254510854,0.1764396437775997,0.005545737212703334,0.42645870891704396,0.15297915811572993,0.06115486938959803,0.3153942188966669,0.012999902268425479,0.003639429589869716,0.13002895933930614,0.006513977261937476,0.19871453414483758,0.3064862501368846,0.42939974738458264,0.6635188623018486,0.30721759887130284,0.10316593423100198,0.486311272924604,0.4598398948033475,0.3477145307392957,0.3344011170137527,0.8813620487445908,0.4960437922533651,0.42257166231792637,0.07275928751518092,0.03448653838934253,0.23027177100316218,0.499768285248532,0.46758506941602046,0.3121322249671775,0.5550822764553894,0.30586865311436295,0.3486550810139593,0.8038646159988061,0.2462879953857799,0.5147135998849843,0.1655889487265457,0.3410252018221564,0.02259295214905169,0.23414919541698243,0.6963580036167447,0.19541694320964886,0.08915121806836948,0.24242387610848104,0.29477351197447255,0.020156023521518525,0.4440572350265603,0.5328835467226113,0.01903596106744627,0.026640889720799883,0.8753136203838501,0.14186129421380314,0.9836207042703576,0.4305491651869454,0.08797670872082927,0.4894874215885569,0.5868654595881913,0.34129616755649345,0.5003661589121161,0.019653062294991783,0.502888459859517,0.10385933218277574,0.39352994658167617,0.35253354441723295,0.02363094995351511,0.028236074804404286,0.4506513791024682,0.14457140378599753,0.2760600441471704,0.4403210853065517,0.1874754244308702,0.4404808857800488,0.5077698330641415,0.1742461982197874,0.16438490689492677,0.3225523792193986,0.03201083567456075,0.03802418715508002,0.16298620781976314,0.43811861874864777,0.1974885216166915,0.29131994793848626,0.4717933113631909,0.3516596444770076,0.5478828404820985,0.5050565620072454,0.701297704161762,0.5902031327275961,0.09491499336351415,0.11294114028837089,0.2308354204026453,0.29330671276359405,0.19275565463161037,0.2126440287173378,0.42945468357424077,0.49934715494063303,0.3207594238750997,0.20251359883185072,0.2898430035639749,0.1870946697335375,0.22473133174714136,0.3924892674566315,0.38427058697516453,0.4716026899102952,0.17211170820533525,0.4006070622813978,0.3309125993505575,0.3104555897718357,0.5412880296437991,0.9997221285263498,0.3161444177869205,0.07723863241620829,0.4584957970961905,0.3227218486650547,0.10762964808962691,0.23559651476567234,0.881362048744591,0.006500490314000043,0.3133711667962314,0.21981867323265594,0.2775206456316139,0.20268943140164533,0.4999745497863671,0.06308478078008811,0.29814306080872194,0.1636060455455499,0.32323533471259985,0.32494217544132964,0.3274340154998265,0.497783363041833,0.32323533471259985,0.19886303052779422,0.19638832169403,0.3656071281301529,0.5030328490251887,0.31974500785028737,0.18961635168341284,0.24057365773251016,0.2331926766485789,0.30079388184312317,0.27574182753665727,0.3155582950642888,0.49978569246943694,0.3494761907756364,0.2686590964509457,0.4997362455219291,0.500166371470768,1.0,0.18589682519039152,0.40255052380634443,0.47725073928964484,0.30840513146785803,0.30594688722601104,0.5001132309717916,0.3167963322479344,0.3138490222594601,0.2112315528836561,0.30225795996630034,0.2583345324743582,0.2717183655997762,0.2558961173428158,0.46712814719356294,0.44757557568797024,0.49558137642727845,0.0827514612337393,0.3240770615059164,0.44042155010627765,0.4400588679498755,0.22085200807573901,0.2083962362291871,0.3026563050675769,0.36204274761782074,0.272193744123279,0.19839733922024924,0.44761478404686533,0.22742106047734897,0.29607664646757864,0.4232966497159343,0.43542973564316934,0.4228586772967931,0.5280063213398851,0.45161732337256816,0.47843021130057817,0.13174563723286042
rh_SPL_R_4_1_thickness,0.9539907863228783,0.5321109832771762,0.690273963746989,0.7915222042409993,0.9252669152025516,0.20464723896572012,0.06216408385702211,0.6803365441702401,0.004133789441056047,0.12108415263434741,0.8748732078705397,0.872031317299419,0.2255775995786729,0.5827648488085564,0.3281895903448303,0.9657208787391629,0.4232271845460217,0.6038769581011025,0.6533121770783342,0.2094387616497657,0.5188124676777939,0.7008624781952126,0.43857535553258403,0.7614504660876118,0.7975955083341884,0.1772804265097223,0.7477193825342761,0.2851141590328849,0.026930067322302173,0.8479168363576566,0.9014633338219371,0.7752937972568253,0.976578718114321,0.23111228905530037,0.01534764741421859,0.9254983259590568,0.463595514498227,0.5631412903907056,0.9258293396254943,0.45700876737069585,0.44041802668363017,0.7389923542215178,0.8716182637780546,0.8436151639518167,0.6686447582450779,0.4531049857852215,0.568467994534597,0.9993840266701975,0.9411594454336304,0.7786782053374042,0.7750898905007324,0.3473869131513442,0.8164983913555888,0.641251283088219,0.5397137770508571,0.7124106923249953,0.2951318420497974,0.06061896749446487,0.16912310087568855,0.7380034523251093,0.7875801046278705,0.775499822909573,0.662324237776096,0.9329439498932024,0.31733475238591535,0.5772681559807133,0.7525248077485276,0.9358046143600687,0.4482719463905471,0.6640311197611166,0.6870901058916788,0.7376777871775149,0.5388103902990065,0.44777653136019735,0.3035970987423572,0.10110093535121094,0.6512784133980156,0.14310484137756732,0.7691295505086904,0.9617312308670383,0.9675842048151257,0.9370164117093636,0.7602155167928126,0.788417515280452,0.8020090099028739,0.32768986931054506,0.9994663992460873,0.49199547849395076,0.6609454616658923,0.9245916666744476,0.7217480358056256,0.5305338435857092,0.5423936684992672,0.6570880166252924,0.5084076296074517,0.9704106272079254,0.6942753481935828,0.5963933364562064,0.9997502035443275,0.8137423299206679,0.033150591499667696,0.07298745985248756,0.5272491627321246,0.004803271279684097,0.010769052394438067,0.8326853164974353,0.7101595748638284,0.02553225684061,0.3692791844437399,0.20618014479602315,0.9816456155214843,0.027424293932790618,0.4692372551155531,0.8047256452512933,0.48088875494387257,0.19336530373324923,0.8716139804718911,0.0010092173603709661,0.498281500626601,0.9328626047004724,0.0002652609318882223,0.8584183768108531,0.3837055067923566,0.00011362763936118803,0.8464270206916433,0.8051471317868916,0.569691303017959,0.9983764447043681,0.28952743175659723,0.0008133721715179208,0.8467201530493143,0.867869807182579,0.9061848200157128,0.910969879481925,0.9164366821434151,0.21560567482780113,0.9061848200157128,0.8304796269232073,0.9994560746270378,0.4718703530523436,0.2068975701712938,0.8928491646792103,0.997164647355073,0.7976627385272603,0.78937018438062,0.8716182637780543,0.571478923793153,0.9229341772435251,0.23828328173668514,0.4859277206695952,0.5786554510048811,0.2152894800760059,0.09264280442144904,0.18589682519039152,1.0,0.4566964685959022,0.7731662206323795,0.9143342682553993,0.9046543857897977,0.25983996537051557,0.5155356741664687,0.8363006597013528,0.8154445879340757,0.52924612786753,0.7606455926895901,0.5592403279305399,0.575456929884323,0.7557489817863055,0.07122703875230058,0.08602327522335622,0.00019761847716063012,0.5087988169354525,0.10169269656064664,0.6600228321499562,0.9859516996694522,0.9878204774922092,0.8862036430381823,0.4749475588006493,0.5750622019934137,0.9993840266701975,0.7278715722683116,0.9791754806280295,0.8139737406771725,0.7036027651512514,0.8255281357494271,0.6818081074954951,0.6468980569305928,0.5858999443728274,0.5933611287063982,0.4629239487863416
rh_SPL_R_4_2_thickness,0.48846848395933185,0.988639162288511,0.8872480043719839,0.7387794782781335,0.5491516432658814,0.6640200454942689,0.5581090337116508,0.8653062476308613,0.0538792711461902,0.5819600518765241,0.7355470094339827,0.6051331005502731,0.6353842433109433,0.5076836345585315,0.408065431475188,0.44109312999969214,0.19681324347500812,0.8920618689128539,0.16159682688541974,0.008461200708500559,0.39528021221710397,0.16678752917487252,0.30867462314640587,0.18041539421471434,0.5364304519106462,0.5006366629347988,0.8505160879704134,0.2809795519392856,0.349836373463414,0.4638535639176877,0.5227547326370008,0.5772374772735908,0.5223532731521705,0.0198387914420895,0.2898084728524179,0.26452605306446497,0.8081355304224614,0.15544419495212483,0.3188137069893604,0.5105310645982435,0.8849381491538948,0.5727780460538265,0.7434358054518577,0.6870901058916785,0.5331391312093097,0.8757375090327699,0.6519852654570659,0.438544456220393,0.5503279515072226,0.8438105573935437,0.18822223815513842,0.500334620891309,0.5173560564195225,0.1581482627494254,0.5107051213017193,0.5430282438205267,0.5182287537463901,0.31439648055194874,0.3263248543994867,0.7803212132331796,0.7242191894193986,0.2177436478617223,0.642129918059354,0.3466305397117291,0.025458310572049433,0.5152460516069926,0.5596303589638139,0.6192543067549419,0.9993209932245004,0.9261536280187052,0.5386352615764476,0.5602695956452245,0.07169976357135742,0.630214016609989,0.7493269155400828,0.4912559291015252,0.8801911623096195,0.0062163613494728275,0.2991076220167993,0.36842958441675516,0.38688176081789133,0.29647012532867806,0.5758103466546073,0.5905375652498406,0.3134469845304646,0.06524537858551699,0.44595309370144465,0.16413282569457616,0.8577364156208804,0.37072663014117835,0.4061939276549674,0.05573560925863005,0.5126968556860636,0.3532546959393332,0.553886840879932,0.5156767390387589,0.8994778938538666,0.9598751234139113,0.4560651318231448,0.8099943505481291,0.3874885464954011,0.5951597469512713,0.98129919309459,0.11127277750530429,0.1921365381428901,0.7881918936566543,0.8890646272111409,0.32845440794056946,0.9757012725378764,0.8675163994815871,0.5608452232371992,0.3423963365277282,0.9826218243697105,0.1868703663809615,0.3086175691608657,0.4104316010579488,0.2137676161365057,0.033209991094458734,0.06381349966702074,0.2850616199440281,0.02703525279312645,0.7547253793730269,0.549323939166975,0.00447690623197004,0.20126801961170349,0.8186675007997888,0.9577583394399258,0.4583681729734662,0.02220614754008041,0.02716876465360525,0.20831728494101112,0.7468372971898608,0.24174725097861782,0.24787002095244348,0.25647932787910255,0.864531466239779,0.24174725097861782,0.7923212352117266,0.4412854884046149,0.9958753075267516,0.8433522814916146,0.2285556502106427,0.4214891786491505,0.8255281357494271,0.8339298708668696,0.21902503083766542,0.9565971455237423,0.26177366100094557,0.020063498457952127,0.9919474454777053,0.9518189440518994,0.01940206671617644,0.6494942448173718,0.40255052380634443,0.4566964685959022,1.0,0.18273081535014762,0.24987619981166942,0.24053175052879922,0.022737481317198768,0.9799597007660593,0.19661183805303306,0.8082453188335501,0.9729485142503482,0.8596562794341578,0.9548875706524368,0.943729886612026,0.14899993100263653,0.5222153558603053,0.6212955876750477,0.01987503251096193,0.9830857856220598,0.005322632929751759,0.09769933712179338,0.5021478842111391,0.5128851080838803,0.2271522215081947,0.995124735687791,0.9542344899332676,0.4468594705568647,0.1220930388153677,0.5177312507559724,0.19769178708230983,0.8445851328467977,0.5127858591708564,0.1078076539209187,0.14440890750862848,0.07837691521577692,0.07309027005521265,0.6115059834584642
rh_SPL_R_4_3_thickness,0.677600584889694,0.22475655408605388,0.38763256538549873,0.54143570626803,0.6345426986448911,0.15448228678951306,0.024847789218219386,0.3987868508167398,7.829904289843425e-05,0.09278408080206932,0.550115630130123,0.5914091126877324,0.17783981518650463,0.4262485915937633,0.24118944361838543,0.7144820685470822,0.430046662451458,0.3490635882077916,0.6919380651805223,0.48023628415789765,0.7855410331627846,0.7407777701769562,0.4114960891373492,0.999541274833011,0.7558928159160844,0.1507398490871385,0.42648517024551114,0.5066163242062376,0.020530108898320416,0.826967952255256,0.6186270918841988,0.5413257408854751,0.7489502666463559,0.550305912996838,0.010882017379657034,0.9197805888577193,0.15698769249910965,0.5953244372694415,0.9260123212655544,0.4574021897221236,0.26265485307041697,0.7135251112024453,0.5449522415406125,0.6016874926177203,0.4567277345206866,0.27503679106506657,0.5527387609150979,0.7880218835921945,0.6477149492744629,0.44613685182871676,0.792393122568129,0.10752000045676198,0.7756057700267649,0.9402447581874303,0.3301852554478377,0.48917338704632,0.5708507782544883,0.0037167275403753738,0.4638215622168948,0.4835082832155483,0.5196223388712289,0.9939483203302013,0.6180287739228745,0.9079830791339695,0.6441695589752645,0.36834103202596113,0.7289831231414666,0.6278282633872438,0.18237222275692583,0.33414694862566574,0.4736291631655054,0.5174977710312344,0.7952646528402454,0.36010609341657657,0.21595551260273205,0.0827521749427407,0.3774140646331041,0.41439898133485753,0.954471918493786,0.7697173690644965,0.7596966305999362,0.9231801696795232,0.535151365287191,0.550421596147308,0.6252310866403485,0.5453045232007557,0.7859566025430995,0.4903964325259103,0.36866137365243656,0.8951980618545532,0.8711973322652871,0.8591832796751144,0.7345306005423603,0.8892169902731355,0.4276236944690077,0.6862978727099395,0.3792724185629653,0.29499098423387127,0.7779333124372737,0.4822825550699562,0.007312207037046406,0.03363937749533517,0.2478377516825918,0.0005276405122724395,0.0015439861344855139,0.5032533214253833,0.3923579388798823,0.004815396402581003,0.15829879029592034,0.07415233953950996,0.701734224884749,0.005283835642911401,0.21850568183306213,0.8413776465309561,0.6973293981688553,0.4836170995639828,0.9000933631563894,5.27313751552775e-05,0.7658950429279151,0.926114184111117,9.050403630311257e-05,0.5380041474994373,0.5885440374281969,1.0256375139224506e-06,0.8788581789490704,0.47331924550242055,0.28781649094996314,0.7825266777337729,0.6156451245135972,3.512495110836501e-05,0.8582680015307418,0.5413367254594234,0.9260123212655544,0.9289956899808863,0.9319971705108632,0.058995855937908674,0.9260123212655544,0.4999556704063586,0.7874481104298865,0.20380053115137825,0.05180282801684352,0.916683236956521,0.7900082876825543,0.46571126847536654,0.45704482214719655,0.8802184539688408,0.28953748660605344,0.9225244102861666,0.5584848826414723,0.21671414766771355,0.29646581807790534,0.5320776227668194,0.028471172243660577,0.47725073928964484,0.7731662206323795,0.18273081535014762,1.0,0.9133170993625008,0.9064846835777778,0.5806735963653528,0.2442736953638415,0.8718079538965603,0.4840663859726258,0.2572021502795717,0.4279431849998543,0.2858621449853405,0.30158014055908466,0.9919592303945122,0.011560069120391061,0.023156216222494298,4.957006731316833e-05,0.23795988617459882,0.36572989225318064,0.8946888339749826,0.7616210670172242,0.7495593592282246,0.8922257932908403,0.2066179210847937,0.29299296629515625,0.7860880473566578,0.9582456425309472,0.7518125258833861,0.8286175958175863,0.40797217437352107,0.7801841945179446,0.8911994554832483,0.9492444179497597,0.8423631155238842,0.8842869025133151,0.3768562915183794
rh_SPL_R_4_4_thickness,0.8549447691251241,0.31417630975494154,0.4455882889560633,0.6435398609045608,0.7929533061305432,0.11595805233071706,0.02218037075853303,0.44172407387890833,0.0007370583213231415,0.06412005864159256,0.6484341827923034,0.7167288637864435,0.1340067626035704,0.5438855473860295,0.33827504604599506,0.8967017578349752,0.4756867617379339,0.375163599013428,0.8183809893174268,0.3788861683924769,0.5685223490981901,0.8665071647818958,0.3549346580402314,0.9018199442328181,0.768086747516069,0.10764314844703926,0.5383170615068599,0.4271768332873552,0.012017258592850077,0.8328513681335274,0.7931956917390968,0.6623944034152076,0.8611934966354796,0.4328663739260368,0.006160772582986932,0.9982375145066826,0.3029704922873365,0.7135483709619849,0.9628233668169415,0.5129181092248126,0.25434931708155717,0.7185932366889228,0.6442071132408175,0.6984553836622082,0.6040293289596368,0.2655539018732728,0.5812782556081278,0.9270067974157581,0.8035833613602299,0.5414721383454273,0.9235174231816696,0.2378778532805969,0.7879680308733488,0.7620226809828563,0.4909907361534426,0.6348710266646631,0.3712599959441816,0.01844809780697764,0.29989859555863535,0.5930814729456715,0.5793633293746426,0.8922257932908403,0.6438289288952237,0.9505916414392783,0.5449997583757653,0.5278476664717076,0.7321664641645326,0.7547553968058129,0.242747950157578,0.43991111959250456,0.6166466539195555,0.6441696153022496,0.7801841945179446,0.31363749471383706,0.17765412398251798,0.05504636481254533,0.4149448488771655,0.2946803813518325,0.846488742292809,0.9464089314169861,0.9373760290742954,0.9850864960312908,0.6511217482604036,0.6631501851280069,0.8421818601321855,0.5060831373868976,0.9222397729483437,0.5988279423993433,0.49675675378166906,0.9307110212935241,0.7687022975846745,0.7481979522716876,0.602311331836138,0.7225188017765581,0.3876521854428888,0.8484577573856275,0.44854357185593385,0.36013832482568436,0.9152052787625273,0.5772681559807133,0.009471422270947457,0.027899998648305308,0.3025677572410431,0.0009420056021590181,0.002444262048617288,0.5965097349362456,0.46399265843043636,0.006846090791206525,0.18759001183867285,0.08870733715477928,0.8317434848102487,0.0074588046446117775,0.2582035577845133,0.9537031295733394,0.4814558730480736,0.31649508716083713,0.9919474454777053,0.00015061881560074974,0.7413293101837302,0.9896693617398541,5.119871578219634e-05,0.6447915075803521,0.48294147703974694,1.215652336108451e-05,0.9799597007660593,0.5682288303088151,0.33739934025182694,0.9136711420792556,0.5100765558915082,0.00011672195373356322,0.9744137588848298,0.6392246803844228,0.9993840266701975,0.9987360620693,0.9968688781738189,0.09197681030676351,0.9993840266701975,0.5954392340666481,0.9252847893742315,0.25983996537051557,0.08714974678999418,0.9983764447043681,0.9366335328880633,0.564345829449105,0.5520957150455067,0.9878204774922092,0.3389207633686885,0.9982113496278253,0.44291062839162215,0.27035577213408896,0.34507507042038804,0.4100331514318506,0.033184237913789424,0.30840513146785803,0.9143342682553993,0.24987619981166942,0.9133170993625008,1.0,0.9991001301599991,0.47187035305234354,0.2933292042307668,0.9746951385569689,0.5790808222737636,0.30435432813943275,0.5240696525223368,0.32936521063491137,0.34342257825216266,0.9234772203178969,0.022739438730822778,0.029800092177667027,3.282225961244713e-05,0.2880025000868758,0.23125514483715653,0.88366017680034,0.8788821739051367,0.8716182637780543,0.9939483203302013,0.2621205515424243,0.34198429664624796,0.9216545855102587,0.9248598173295195,0.8654040126342457,0.9530330034165642,0.5289521152008695,0.7952646528402454,0.898977896021772,0.7812965976653476,0.8241007327774696,0.827653050226891,0.33101710826031194
rh_IPL_R_6_1_thickness,0.8536854957207909,0.3040503775591373,0.42806560328642174,0.6275660194235806,0.7895544288616746,0.10487609239406441,0.02009679056354631,0.4237391795594434,0.0007370368306823174,0.056836459930447926,0.6308004694290793,0.7107331179781903,0.12164086699055453,0.5559583996274186,0.3564687128748575,0.8965217060659758,0.48475895467853036,0.35780309511474173,0.8364534817841072,0.39648408569274757,0.5506646441290357,0.8835527427362339,0.33711856734237444,0.8946578142448824,0.7502578018730475,0.09672142673652626,0.5230702622495474,0.42655986554013225,0.010183812087149979,0.8147446113582468,0.7946344726436652,0.6632942732552085,0.845431674646965,0.4473257527759642,0.0051627066834792155,0.9948386372378141,0.3009731344187924,0.7305402022049594,0.9512840254036012,0.5108923316557774,0.23889758469415268,0.7019685719993087,0.6262990530831001,0.6809717955775368,0.6155686703729769,0.24964324550739558,0.5723171280249054,0.9177812247120148,0.7984402507411272,0.5240696525223368,0.9376324606760722,0.2469916378057126,0.7698845620036081,0.7532600741884704,0.5087732709805834,0.6437888926695658,0.3616051052023439,0.01843123879066285,0.2985758453037126,0.5792238676797268,0.5637736975875796,0.8813796478850244,0.6305911749637766,0.9376324606760722,0.5628287040187867,0.544584963474247,0.7151254669355346,0.7428141220066545,0.23309305941574035,0.42659508442593197,0.6266244080912581,0.648620611082787,0.7975505393650066,0.2954965953020131,0.16356843414092656,0.04843929006005153,0.39720863463342493,0.3086143115517159,0.8304796269232069,0.948027064484411,0.9380960416320332,0.977113636762619,0.6522013781830733,0.661532052060582,0.8581100143369671,0.5148170703270907,0.9122620187766411,0.6099099023359961,0.4863138283772405,0.9160690561194342,0.7505067072349801,0.7591850115630709,0.5872739540933956,0.704428478104882,0.37016435200951997,0.8428012725425484,0.4315517406129592,0.3456789459757569,0.9049337847837342,0.55924032793054,0.00887531958731234,0.02509131448945432,0.2895659876891906,0.000898443466587538,0.002317196644166559,0.5783124906915675,0.4467636858469298,0.006456439143346648,0.17793512109683524,0.08357106844545455,0.8174135071082659,0.007032267848691544,0.24591764179536468,0.9649686291077149,0.4634232604002595,0.3139009585177715,0.9962241735557783,0.0001465678103554793,0.7592914774591515,0.982836945955131,4.248592077052109e-05,0.6266918666688299,0.47593271001769083,1.2127708167656466e-05,0.9872855588439111,0.5503168969505497,0.32257555536413485,0.9024056425448802,0.5274790417145987,0.00011413647828034284,0.9828631108339884,0.6213166202267054,0.997945245765629,0.9962241735557782,0.99294204368699,0.0884438488281318,0.997945245765629,0.5772681559807133,0.9157553574267383,0.2489182436600026,0.08419070829467824,0.9994560746270378,0.9294714029001279,0.5467479121488343,0.5344616860951659,0.9934769623352881,0.32402533683590373,0.9948124723589568,0.45787725642151494,0.25871172398232267,0.3298975953368315,0.4231924271384361,0.030981140265780516,0.30594688722601104,0.9046543857897977,0.24053175052879922,0.9064846835777778,0.9991001301599991,1.0,0.4875222106725908,0.2802485934045099,0.9829865254689661,0.5610332694948585,0.2906502082955317,0.5071278325841712,0.3143985826050186,0.3278368750212175,0.921859087250472,0.02199606116851396,0.028044452332641013,2.808787321466063e-05,0.2752382112255982,0.24075442233593428,0.8958633877966236,0.8642402087310468,0.8571828938367736,0.9976995660033711,0.25103859160577163,0.32694691890350547,0.911529438076852,0.9301746266898115,0.8499026636520421,0.9644360047131273,0.5163468440257017,0.7771237534284214,0.9111811070180555,0.7744641818806246,0.8396903645645328,0.8403652964592341,0.31281983223715537
rh_IPL_R_6_2_thickness,0.2634428194595716,0.036527215372245465,0.044209743830256096,0.1672537764694137,0.21675737061144618,0.0033406395250266765,0.0003612107428083722,0.04140682337003018,1.0602604675547253e-05,0.0012012396095705971,0.0972050404810398,0.17173941943998142,0.004406170860153557,0.32235122168172686,0.4653644458477014,0.29961449995836287,0.2754506517445515,0.02973489770519068,0.7516599622990844,0.9144295822116051,0.5192740432718999,0.7124106923249952,0.03812168012369171,0.5862247416174926,0.31685352944839595,0.003053679204639789,0.09777921890681106,0.45137644601979365,8.32695970425037e-05,0.34103382027770623,0.25798109456669294,0.21347780467995023,0.22335311098427096,0.9968688781738189,3.060602835963072e-05,0.45080789119138204,0.058434561459456094,0.8040024890411409,0.40233149697292947,0.30884352009060323,0.013833172940757473,0.32094785901978945,0.09694195295262803,0.17958005746558717,0.3245572383618015,0.014950086737189627,0.31061439379672606,0.2743567888446602,0.20877697549497004,0.07613441422275818,0.6388656099252842,0.4596537116999496,0.3203027654381978,0.6140328743352317,0.4462381185597417,0.29418442431617453,0.5017018863078256,0.0007705663998614663,0.5000211199679268,0.15826501281449043,0.08222835256129726,0.5501910823258775,0.2999590956683512,0.3774669247352694,0.9828633751326792,0.414012246655523,0.32388460002701625,0.15089100921730825,0.020609646829715278,0.06569280467291204,0.3045521215239623,0.24429891327801045,0.8643852196517103,0.024619229606864374,0.007156842459994276,0.0009456728677472036,0.03653545052425008,0.9329439498932024,0.4959687674780168,0.36254119607760654,0.34342257825216266,0.4152861082234717,0.2127803073513675,0.19175427547585863,0.5406338128325867,0.872521342794661,0.2682737832381038,0.7630084493931453,0.11821391918469969,0.364194127981655,0.44913019137740395,0.7988772380526797,0.4593797374045038,0.5087539691951573,0.04345526134971714,0.22777757585074768,0.047682422272626174,0.03464146149826756,0.2602467987815099,0.0818350670661887,0.0001807769105154652,0.00043484786737561917,0.02552936222101665,1.084823720735873e-05,3.4964876534891496e-05,0.08362555063585814,0.050758700301040516,0.00012616726105416028,0.011126298644924093,0.003660185078141615,0.18827575616831232,0.0001406353427673078,0.018409109052875752,0.6112416309979112,0.46075532939150976,0.500112566569459,0.5329636492431234,1.225876208335796e-06,0.8957218558138775,0.42714275006525004,9.66924790836096e-08,0.11214656849633037,0.45243641153877845,6.20126054295418e-08,0.5643458294491049,0.08026799343044863,0.02828226772531056,0.2589539092999148,0.9903266547658811,9.162696321383933e-07,0.5625171412410206,0.09492643711796342,0.48133506546700255,0.47239710547202185,0.4608884030554202,0.005219275273493858,0.48133506546700255,0.08528140886739766,0.27206012873506796,0.02142644942911768,0.005143009121107433,0.5031519253015008,0.29006792457918995,0.0833758105044951,0.07769032098486761,0.5327189796502789,0.028415450935327755,0.45423595597171906,0.9985652115117012,0.021996061168513957,0.02896891014321911,0.9891608722691043,0.0008853730614172101,0.5001132309717916,0.25983996537051557,0.022737481317198768,0.5806735963653528,0.47187035305234354,0.4875222106725908,1.0,0.02342940388083694,0.5763089612077137,0.08216062227386142,0.024214904462558896,0.07380647184057833,0.026252401301434303,0.027565916968769467,0.6224460297711729,0.0007888321285408456,0.0008476769273023075,7.837762497523371e-08,0.023073129004937305,0.8836601768003398,0.7533845783632422,0.23277287391169416,0.22336084337669235,0.5138436826623904,0.021545547100118863,0.028687983109189553,0.26756321622657375,0.6749343125421902,0.22520967638743855,0.5987681667604967,0.1200244955142659,0.31856425378495046,0.7364034000440637,0.6292842915599614,0.8218592238160196,0.7985488552486779,0.0282315463757102
rh_IPL_R_6_3_thickness,0.5311609576392028,0.9722049868779276,0.9510378647737554,0.7742833074171771,0.5988361119373926,0.6744649629202493,0.4860068305915214,0.9384941406973832,0.058994518093691266,0.5486745766760625,0.8105677235320239,0.6646613448044315,0.6584128475384258,0.5416281854561718,0.4285763519989931,0.4804837615038875,0.24186958343313708,0.9598556989386405,0.1615246616923207,0.013354790167032638,0.4645435298577362,0.1712350151435486,0.3951427548611844,0.24300112348321679,0.5966408634249885,0.49834771294335767,0.8798143928699824,0.20240320972080697,0.2654495793542393,0.5355861305049927,0.562373497954049,0.6275032898484745,0.5923656097042909,0.019987239449154648,0.21117952522101285,0.3131829334851794,0.7134773487402666,0.14918656937720154,0.3848190777593091,0.415088725968066,0.9390327260257916,0.6186890597470388,0.8171409041356748,0.7396283837329267,0.5623170211182917,0.9346577709293626,0.6178046428831222,0.49648207643126646,0.6029756653250473,0.8992650214751301,0.2000118469023794,0.5004106865926004,0.5819253934226227,0.22704194055333965,0.5234977721768654,0.5767025586252927,0.4999158741391302,0.3115198520450824,0.2404098512041957,0.7938156574851688,0.8074694607105768,0.2875921025617766,0.6521743589825222,0.4149448488771655,0.02924643665842452,0.5318382738934536,0.6102623424684159,0.6866236868963659,0.9836207042703577,0.9380239936751931,0.5711504584689547,0.6042689429713648,0.08027019219082643,0.7211419452082506,0.7931956917390968,0.44370303133779754,0.9505916414392783,0.007527860308555569,0.37744989332837053,0.40375025701220146,0.4240262480626792,0.35471387555534384,0.6267736513239812,0.6460350424311476,0.3178159616769239,0.05993748912284877,0.5054378918065956,0.15404263158235437,0.8361549917731812,0.44202109743774975,0.4797247033204489,0.0833202138895992,0.5470098223496175,0.43154069612256885,0.6526518803401886,0.5675640602194585,0.9549853719018488,0.9903698196366306,0.5161262496546726,0.8743758138770633,0.3266326077075556,0.5259795265240028,0.9995025436052988,0.08978847272523145,0.1569144703532254,0.8582827627311043,0.946825067815554,0.2748941593284522,0.9659287211318812,0.8167089620872203,0.6290569412733431,0.2873195188015055,0.9966896795833036,0.2054680604823259,0.391106267100713,0.3251727979023042,0.24695655095337704,0.027713955750799324,0.07007528110416178,0.34101995597221696,0.015744345392902377,0.8180430500375029,0.49989460281661335,0.0046982505878566914,0.22815734954088096,0.8810673082090426,0.9947231105691179,0.5204685894643365,0.025180848116273934,0.02316003111311197,0.23241174689155797,0.8208021329007533,0.28677101525175486,0.2951318420497975,0.30669979046259793,0.7976627385272608,0.28677101525175486,0.8601526159660968,0.4998505860315612,0.9934769623352881,0.7725237152253008,0.26834907430840127,0.4751298961721166,0.882771664512302,0.8923395382899648,0.2489182436600026,0.994303982888207,0.31053882620848694,0.020503003629500534,0.9970902943028013,0.9924533741737198,0.018963027195244612,0.579080822273764,0.3167963322479344,0.5155356741664687,0.9799597007660593,0.2442736953638415,0.2933292042307668,0.2802485934045099,0.02342940388083694,1.0,0.22153494487601677,0.8730026872047694,0.9994238965799946,0.9096818017661519,0.9944023162921398,0.9896957909174022,0.19963146309886187,0.4598398948033475,0.5503168969505502,0.011944061721653233,0.9998559118727984,0.005345216110498515,0.11894191756886299,0.570533143224353,0.58089480697554,0.2609762403875965,0.99440231629214,0.9934134016819032,0.5066485020987591,0.15791581634999463,0.587403098875407,0.21553578608367732,0.8455436844473276,0.5786368027908184,0.12837431519648992,0.20910485836213125,0.0922316822441619,0.09489687513851641,0.7053070602355462
rh_IPL_R_6_4_thickness,0.8135337058982616,0.255169202590822,0.3454517155566363,0.5555171002470715,0.7406422434831657,0.06525920985937665,0.012800713831411282,0.33880847737213676,0.0006136257299332832,0.03247234109629524,0.5378130000306114,0.6530812751332112,0.07687297083126161,0.5824264098224197,0.42749859952978025,0.8618335365848249,0.5041353700711304,0.278968217265659,0.9099343098606674,0.48583815668630953,0.49411769293160474,0.9480943659191956,0.2592709184036684,0.859379479247872,0.678288186535376,0.05859922896265104,0.4511127885890669,0.4367799728570599,0.00479673313436747,0.7379992235628204,0.7652770739542385,0.6348673692980602,0.7597165488769907,0.5322268516632591,0.002322975089974376,0.960499662610794,0.27986909441729463,0.8080001505965855,0.8890763909984636,0.5054324784194713,0.17441244039310977,0.6384355946255051,0.5333079709468029,0.6008286501923956,0.6363119247041029,0.18287247372744123,0.5424550162156733,0.8517263731042556,0.7428208729718067,0.4402133339454282,0.982986525468966,0.2831262221284647,0.6956126393001605,0.7150397957125599,0.5670786882510949,0.6511025769005009,0.34376341222712586,0.01613943391929931,0.31004668893021997,0.5168993632258387,0.4774096748002319,0.8327977104115467,0.5821172186087081,0.8698621693867847,0.6559251325408091,0.5948867603012815,0.6493417077013907,0.6635699317492647,0.18845373236265592,0.3631796349152368,0.6395636337206799,0.6359102995854299,0.8758582098591059,0.2186240918808771,0.10970763838247495,0.026827239180938843,0.3147573373646323,0.3885198996977679,0.7661269582467847,0.9236626228618484,0.9092251731086775,0.9257922390816897,0.6250140410568847,0.622823418437157,0.9037253419771987,0.5723880891122225,0.8436226391540198,0.665943011573984,0.43623231534988216,0.843515903798723,0.6838706235851424,0.803964278006494,0.5431667688389723,0.6407680009686226,0.29019697759549823,0.7856054014432581,0.35147366445035766,0.27915555477649256,0.83491488315099,0.47069446370915835,0.006392460785781711,0.015462354924892808,0.23072601632852824,0.0006690983079715143,0.001711685513526036,0.48714111777939295,0.3650954398698403,0.004736045392631955,0.13627955148686047,0.06214239535054367,0.7324894776963271,0.005157305552293797,0.19168445782320293,0.9964056743103623,0.39745011963017185,0.32136564557098096,0.9948346727742157,0.00011266187006914265,0.8434445266959376,0.9358689286647024,1.9699203849468215e-05,0.537677923598841,0.46477611111319916,9.560345865838178e-06,0.9996716313415097,0.4628185368212533,0.25551560799906753,0.8295505831106078,0.6203145128461716,8.846829321976452e-05,0.9993306827676969,0.5283554342939205,0.9725334147318401,0.966545108670811,0.9577541106776366,0.07108468735959748,0.9725334147318401,0.4869146272507029,0.8486611313666441,0.19924074396940925,0.06873032565708163,0.9843575419265815,0.8706892199654552,0.46155885672721986,0.44906502977789686,0.9970653872019795,0.2566277929966595,0.9607581362627693,0.5444805887721522,0.20607981923990717,0.2611568316623893,0.5033943071184537,0.022175229140023407,0.3138490222594601,0.8363006597013528,0.19661183805303306,0.8718079538965603,0.9746951385569689,0.9829865254689661,0.5763089612077137,0.22153494487601677,1.0,0.47228895371215396,0.22919630779621075,0.4260522314441787,0.24715360944259912,0.25759709549250753,0.9071139417856489,0.017679281607821222,0.020651298415513247,1.4767432259036209e-05,0.21788974764160454,0.3027405336661636,0.9425074712211701,0.7813260871442129,0.7740762610884451,0.9928427835338964,0.20071110809707607,0.2588762454904806,0.8424232376790152,0.9439613220979797,0.7647746163106117,0.9953834232412491,0.457350101588186,0.7018693118462151,0.9565274390791312,0.7431447492240588,0.9061380508923247,0.8924407897754345,0.23449704393612647
rh_IPL_R_6_5_thickness,0.7780448280553374,0.8604455170238512,0.9674521127102613,0.9130792269045447,0.809824018043249,0.47293227088169254,0.2285856955657308,0.9476581966342491,0.017814359820611542,0.3432590443909402,0.98259869119964,0.8230013766359672,0.4861021856115798,0.5216870681150221,0.3177257474202837,0.7476797133702988,0.25242587537622685,0.9101643515921208,0.3469921303567917,0.053257623894864076,0.5613886230472239,0.37125999594418163,0.49159084307023304,0.4786963472913086,0.7908717874655433,0.3949033670920133,0.9596604401048427,0.19527834366617947,0.12508282996952066,0.7741993930296291,0.7609468431942341,0.7144888947813013,0.8803824429268221,0.07162130738746394,0.08517672477217107,0.6048511259664858,0.6318119011957468,0.3112383072920547,0.6795963418704782,0.4138982827678109,0.7812821033178543,0.7685429081865502,0.9884623802764507,0.9241082674156436,0.5973863304656237,0.7875801046278704,0.6319875667182635,0.7995647119869032,0.8274368275790649,0.9960437337488882,0.42530670228894624,0.4535105133170567,0.7915647808227301,0.42185906609774515,0.513565689426734,0.6346382464855576,0.42185906609774515,0.1559024544881198,0.15791581634999458,0.8862036430381826,0.8987627940508908,0.5288636388931535,0.7323479880012418,0.7107845834446038,0.10114162398405963,0.5337646844014035,0.771964634490736,0.9036662325012703,0.8051471317868913,0.9389825903674206,0.6137315384701775,0.6691801692099549,0.22278356812285993,0.6518862450115366,0.6040293289596368,0.292488464085113,0.936809749027149,0.03342171188691072,0.60880753043148,0.6865112233784124,0.7062182250503148,0.6530362070156753,0.7026298489620677,0.7397990651810825,0.5349787556743454,0.1546832850261234,0.8084688211176929,0.3033248967339268,0.8552893620597141,0.7323479880012418,0.6670182336535179,0.2242119771301383,0.6046818099029418,0.6024893500499557,0.6312779483850391,0.8234366547862655,0.9750652078409853,0.928120157847386,0.8174938328323496,0.9999909932753359,0.13140250642879714,0.25939690246821545,0.8812524667371104,0.025542250017051134,0.05104352386685827,0.9977128860513858,0.9804188507840721,0.10484279801877211,0.7351727324798385,0.5119015311282193,0.9040691753632344,0.1111307881371293,0.8350723584021211,0.442957148915336,0.507583040489089,0.21980361741913235,0.5135230736602653,0.006296313407950104,0.1995155883648868,0.6375347202507295,0.003085697044526709,0.9899693133229359,0.44067640102101346,0.0008353625971155642,0.48322592134194786,0.999675860103799,0.9115294380768518,0.8229885799934986,0.08944075553052336,0.005125890442561995,0.48623930126766207,0.9883947243714353,0.5705331432243539,0.5814461374358195,0.596001960700886,0.5031519253015011,0.5705331432243539,0.9992709807175979,0.8029864567755369,0.8321157558772705,0.4813350654670029,0.5452472312997114,0.776840761127215,0.997164647355073,0.9979775699844249,0.5138436826623906,0.9126074216234304,0.6014248247911944,0.07354843987284657,0.8464887422928091,0.9167756374573541,0.0676320484235672,0.2933292042307673,0.2112315528836561,0.8154445879340757,0.8082453188335501,0.4840663859726258,0.5790808222737636,0.5610332694948585,0.08216062227386142,0.8730026872047694,0.47228895371215396,1.0,0.8836601768003398,0.9914189475768082,0.9036050378243405,0.9125190715402182,0.4297603850393117,0.21763793377963067,0.27278096580603967,0.0022107033073861995,0.8673985723474869,0.024214904462558896,0.3043543281394331,0.8649816358876394,0.8730026872047697,0.5327189796502791,0.83536557039205,0.9147204900447128,0.8097592411066344,0.3723249488142816,0.8770942236035704,0.455758171503932,0.8976281185582632,0.7943913874289688,0.3217583800630964,0.40502152315474466,0.2503553756203667,0.25607101830738355,0.6489197228953687
rh_IPL_R_6_6_thickness,0.5423084533329533,0.966474372653493,0.95982886276693,0.7793500772418505,0.610695653999975,0.670349814057762,0.4716175411325281,0.9488630337737576,0.05896672725430506,0.5385032543932734,0.8242962744862148,0.6773395545037351,0.6565456636429448,0.5477355657334165,0.43065122710511716,0.4912616074041948,0.2492216826807359,0.9681904119394348,0.164080848339797,0.01473867802761487,0.4744108907148286,0.1747826308871514,0.4086366113340059,0.2560260148914107,0.6064049081515337,0.4939582575399174,0.8833757624928673,0.1915013254072108,0.2512593471802628,0.5483951920551906,0.5725850921557303,0.6379049047394962,0.6068854404668698,0.020581727420976626,0.19860487334907126,0.32504247554776183,0.6991464648421131,0.15031080699384725,0.39895561070475677,0.4007374711512657,0.9430100541481174,0.6251961272547777,0.8304796269232066,0.7483066355094661,0.5686537514301745,0.9395901001884206,0.610179907830162,0.5100765558915075,0.6153915132422494,0.9077151204570995,0.20519226520922046,0.5005846746940243,0.5927700224801369,0.24051435928817094,0.5264299667880932,0.5841161770047204,0.49340880663139136,0.30952692336536747,0.22697942770925766,0.7946795013999544,0.822005625684594,0.30158014055908466,0.6518862450115365,0.42933413833615885,0.030777262128446115,0.5355951513473532,0.6177659071306326,0.7008395123261255,0.977113636762619,0.937879928906026,0.5781373009941662,0.6133913292593741,0.08357737861712991,0.7323479880012418,0.7944904078744982,0.4325857176565271,0.9600398694806432,0.00805614291852215,0.39193696972539804,0.41389828276781027,0.4344909482010034,0.36797003064466327,0.6371120480925587,0.6573039723036047,0.3220616832875198,0.06009531516028294,0.5192221547123064,0.15432180387748534,0.8309543203748195,0.45657458712083027,0.49183340920449403,0.08989018768417606,0.5501517963222174,0.4444133506909762,0.6665238025495436,0.5801387120914001,0.9623669847928111,0.9923796554938287,0.5299814289936357,0.8849381491538942,0.3158547618072482,0.5114270057142719,0.9987825310475609,0.08644202249528264,0.15119848745589584,0.8702375054739813,0.9548085112465572,0.26564320589541335,0.9594216536241423,0.803773896009262,0.6435953135549771,0.27774722128075746,0.9946798437261055,0.21192093921856575,0.4041626040403544,0.3106163139835644,0.25614321596794976,0.026849671658484786,0.07279770845478052,0.35394841088794715,0.01438048629823736,0.8289796505130891,0.48933226753978243,0.004664196181502289,0.23619478914055872,0.8911383160719524,0.9974426513361269,0.5345481312764104,0.026466926645060063,0.022503248816841875,0.2400109330937258,0.8341408556882852,0.29797934962839856,0.306699790462598,0.318730248711594,0.783357925644192,0.29797934962839856,0.8716182637780541,0.5135230736602645,0.9890875069318479,0.757995170654862,0.27868747107697883,0.4881547875803105,0.8917854442233852,0.9014633338219367,0.25759151287669446,0.997164647355073,0.3223983682710694,0.021170692267103917,0.9939483203302013,0.9958753075267516,0.019407812748431213,0.5646265185063264,0.30225795996630034,0.52924612786753,0.9729485142503482,0.2572021502795717,0.30435432813943275,0.2906502082955317,0.024214904462558896,0.9994238965799946,0.22919630779621075,0.8836601768003398,1.0,0.9169406931608428,0.9974037968221168,0.9939483203302013,0.21090039297131896,0.448271946390547,0.5362084524911344,0.010994464244364986,0.9987047006704515,0.005536834745033878,0.12499259276382675,0.5850866329074336,0.5954392340666477,0.27035577213408873,0.9902871674296526,0.9965553756545031,0.5204685894643365,0.16671719011473857,0.6019457962914485,0.22193047056096943,0.8441056031489022,0.5898428455838096,0.13442499039145367,0.22203331327786144,0.0966647989355012,0.10072334878482772,0.7173138901741476
rh_PCun_R_4_1_thickness,0.7228510109703646,0.9095323953295542,0.9688419828213872,0.9308099682699345,0.7538257005820702,0.5186340086986853,0.2730256118620718,0.9407275441377714,0.017835551145773502,0.39874233117247765,0.95155426011886,0.7667579370510854,0.5263207675175163,0.48152197830901894,0.2994719551511508,0.6930731461283671,0.207302912096878,0.9137756779736297,0.32554067374887025,0.04001281937206172,0.5572227556846454,0.3438063468735344,0.462862564192409,0.42265069614093326,0.7872604610840344,0.44121368105435216,0.9830386608264583,0.2208838698799413,0.16741770245379195,0.7513232932104715,0.7074323568859702,0.6605834578706138,0.8372880369369218,0.06498873944383891,0.11768537952354224,0.548852808505307,0.6755588342084645,0.300037768942238,0.6266563441971253,0.457877256421515,0.8031467761158648,0.7803982907981402,0.961159973118433,0.9260538758820187,0.556250435583049,0.805834754126526,0.6843886631956114,0.74444562457247,0.7711761529701926,0.9991001301599991,0.38933489348130834,0.45116673660026085,0.7818879741775979,0.3664601616775019,0.48975259526933895,0.589289971934642,0.47239524553697393,0.15871081671726062,0.19487972483109875,0.9185996677710548,0.8549909216823832,0.47511731461387685,0.7681989602238156,0.6600228321499565,0.0867834107555609,0.5051311181999383,0.7794462444395175,0.8512651360239223,0.8556833112261202,0.9744140231835208,0.5699846054574598,0.6183370798321771,0.1967209460712369,0.6400308623999467,0.6350737600404168,0.34857501462808926,0.9348641405607738,0.027411074576898134,0.566760753467895,0.6331328028854393,0.6521883379669808,0.5972594558763415,0.6488518190412651,0.6844360540423876,0.5036944405144724,0.15252788348046856,0.7539057499323049,0.29981429716275715,0.9033193314700132,0.6854466937484816,0.6492874922881281,0.1821154359698215,0.6295514200466495,0.5791111293283402,0.5986950654029206,0.7671741214328618,0.983096970721809,0.9568484367252101,0.763184803252785,0.9919592303945122,0.15655442335434322,0.3085532261235184,0.9183401138318841,0.03082267512150236,0.06144134768757614,0.9810355663554761,0.9856923945957312,0.12485913229570278,0.7857089119190672,0.5677470948016439,0.8563146781971351,0.13216664001740352,0.8756646703744648,0.4013395321163569,0.48271343034538144,0.26774835414110143,0.4625032278595209,0.007341029708606468,0.17700622337030286,0.5814115192779581,0.004872030652046552,0.9797461589218427,0.49645315216034724,0.0008619295176439164,0.4356988552833155,0.99440231629214,0.9378669435290146,0.7697122907354513,0.07695385244480804,0.005884811942038329,0.4402227001905717,0.9610923172134174,0.5152530312367017,0.525720680420029,0.5398844788611867,0.5555010708439825,0.5152530312367017,0.9857948035895057,0.7480762691158187,0.8784260698396094,0.5312616460102145,0.49146920137890865,0.7207951099768397,0.997442651336127,0.9976995660033711,0.4642982867383338,0.9384583200412648,0.5454265073300155,0.06624423297162661,0.8899239924085967,0.9406535167376155,0.06242812906033275,0.33867747878168286,0.2583345324743582,0.7606455926895901,0.8596562794341578,0.4279431849998543,0.5240696525223368,0.5071278325841712,0.07380647184057833,0.9096818017661519,0.4260522314441787,0.9914189475768082,0.9169406931608428,1.0,0.9289666217708765,0.9333630775741134,0.3743973739006168,0.24579742205694183,0.3143985826050188,0.00337702247848257,0.9056892531718229,0.021668814839142087,0.2644332880582629,0.8180803416348792,0.8255281357494273,0.4811826211991149,0.8810673082090426,0.9395901001884204,0.75532092143893,0.32239836827106993,0.8329899732946924,0.41438108221926706,0.936701690142825,0.7825360048173788,0.2818373399819262,0.34889832218197314,0.21809234945691547,0.21713063769071606,0.6318886933223128
rh_PCun_R_4_2_thickness,0.5675640602194588,0.9509338468188188,0.9753693886016043,0.7864660738120963,0.6373519711790954,0.6580451220352022,0.44168372012902385,0.9681160351757047,0.05892221604423598,0.5144338954935859,0.8520801877780084,0.7055442677673098,0.6488376577382301,0.5622678938485973,0.43585154561932726,0.5157748004680787,0.2665048087845011,0.9826760454545951,0.17043329356607584,0.018260323975118422,0.49247183431274,0.18347168403938863,0.43576389250143355,0.28485855943621613,0.6242217858113124,0.4810999705067714,0.8871879406167775,0.17000632714390992,0.22194403060240359,0.5736930537792511,0.5959439393086005,0.6616532790489831,0.6372853167671868,0.022137232457739693,0.1733492664625657,0.35169879272688204,0.6694040229487772,0.15319258321416607,0.429569883035317,0.3709295481815873,0.9477300138460372,0.6355237433146212,0.8571828938367736,0.76358580582702,0.5836973645505041,0.9464089314169861,0.590926906428215,0.5398844788611858,0.6431088209484934,0.9224668190455684,0.21763793377963062,0.5010558430295722,0.6131660480930312,0.2701208704508426,0.5336740498576076,0.6015337118687529,0.4763350393494156,0.305955567275187,0.19967346218288556,0.7926930973095945,0.8525000485446544,0.3319932395331152,0.6474684141251534,0.4602147642666127,0.034658626083970065,0.5447717225308154,0.6303480612854161,0.73155098312197,0.9600398694806432,0.9337647026927864,0.5946193661561386,0.6344800437990328,0.0917039553470355,0.753621480363756,0.7934202279956212,0.40679735485759605,0.977113636762619,0.009443359317329056,0.42217664190398474,0.43712635733831917,0.45836817297346694,0.39720863463342493,0.6607310635806956,0.6828013478082225,0.33236997760698217,0.06052378805432583,0.5493318790808142,0.15506837361225495,0.8164686868596591,0.48739715794031646,0.515340970038737,0.10545172820694781,0.5530524952947521,0.4698771388495837,0.6947205993942995,0.6081521755852781,0.9746716768153709,0.9928383865682542,0.5601995754461621,0.9046543857897978,0.2946304396116392,0.48059414878159024,0.9934598706601642,0.0803185233524991,0.1404589295402481,0.8933590133887224,0.9684869451937651,0.24768590424902498,0.9423478863421666,0.7748659275224667,0.6744702781297165,0.25911135527943663,0.9866770563551522,0.22722272230644028,0.43010959759106465,0.27993524460832786,0.27736753816355875,0.02534393088452652,0.07954523047689412,0.382608405593716,0.011969120034770787,0.8495981782593154,0.46454662884196174,0.00460942605909016,0.2549667522437944,0.9096818017661521,0.9994290554264867,0.5650877256429346,0.02974819774188308,0.021368425862240078,0.2578329978734412,0.8608441226018522,0.32335622014959997,0.3327876163288457,0.3457160712445758,0.7525353548247058,0.32335622014959997,0.8935275376574323,0.5434568946637688,0.9762292198987019,0.7271028901253116,0.30230648656511555,0.5169873321251159,0.9078437946259246,0.9177781038134245,0.2777274462247816,0.9994560746270378,0.3490546854501896,0.02291149407500996,0.9836207042703577,0.9993840266701975,0.020581727420976637,0.5344616860951659,0.2717183655997762,0.5592403279305399,0.9548875706524368,0.2858621449853405,0.32936521063491137,0.3143985826050186,0.026252401301434303,0.9944023162921398,0.24715360944259912,0.9036050378243405,0.9974037968221168,0.9289666217708765,1.0,0.9992709807175979,0.23639776847593685,0.4253067022889462,0.5071278325841712,0.00933523727098107,0.9924823641260032,0.006054447541453919,0.1393982038968868,0.6159092037269197,0.6262990530831001,0.2919858057835712,0.9779824754070928,0.9994560746270378,0.5506334218754969,0.1871258181487332,0.6324838384111194,0.2371029655575026,0.8372867719203367,0.6111163379463237,0.14883060152451374,0.25069330798363026,0.10740435685114896,0.11462675862609617,0.740565743888854
rh_PCun_R_4_3_thickness,0.5817394942217551,0.9409816549094606,0.9817419056102803,0.7881643639314705,0.6521883379669803,0.6496727187285116,0.4263243716054983,0.9766251870925817,0.05890492519467362,0.5005218651254335,0.8658280798533267,0.7210712371179071,0.6427625710911856,0.5708520542897203,0.43909032507496526,0.5295900304799317,0.2765868337196833,0.9884511228374834,0.1743557705087116,0.020487504427895983,0.500288651702609,0.18875836284035455,0.4490788006274264,0.30064694421744265,0.6318976258955662,0.47245495542319516,0.8871069092933077,0.15956284109400154,0.20700622680761202,0.5858402282447437,0.609188202500027,0.6750915714651821,0.6529379674696767,0.02314877344943609,0.1608428383176867,0.366535159514767,0.6541785823807775,0.15502845085753067,0.4459396251975129,0.35565871259470333,0.9481351266863973,0.6389792198065369,0.8702226791515284,0.7698099376261884,0.5925626363630083,0.9479460331609411,0.5792078836604926,0.556039999950737,0.6584242960648247,0.92839221578635,0.22506243158094066,0.5013728842623179,0.6223454061219211,0.28620616104992863,0.5381204629214635,0.6116879845022272,0.4656466533125674,0.30438713778421905,0.18598213221691415,0.7895544288616746,0.8682368954747324,0.3483261548596617,0.6430719583219164,0.47656294752142525,0.03710429907888697,0.5503395634242407,0.6350545866601537,0.7479290663999465,0.949351483443795,0.9295239959335055,0.6042689429713648,0.6465699610794456,0.09666479893550119,0.7633200121709114,0.7907592610740579,0.3921435283631066,0.984361770688871,0.010348678170921163,0.43769298354484576,0.45030519010750447,0.4718703530523436,0.4131572281019711,0.6741050669966185,0.6970927319509272,0.3385861498156601,0.06081281528465124,0.565583997335791,0.15556451278414296,0.8070277974619616,0.5034755209316594,0.5263829871188367,0.11460052376997118,0.5524853985994108,0.48212837740840475,0.7087459982134382,0.623596930174754,0.9792234109222233,0.9909790913372006,0.5764829638785685,0.9134343657150577,0.28433158959947463,0.4644844467884801,0.9885990572618109,0.07756835745907345,0.13549808595178242,0.9041663717458235,0.9738074424739145,0.239101743807902,0.9316595003053183,0.7589766430887344,0.6906255598275335,0.2501754137832507,0.9804529245559837,0.2362294783854784,0.44266577007540386,0.26398665113978165,0.28952743175659723,0.02470249340068132,0.0837003929349131,0.39832640116746015,0.010925378514822486,0.8589087821534336,0.45032202405476884,0.004588051950463147,0.2658438725817717,0.9177781038134245,0.9983764447043681,0.5814461374358186,0.03182879228181549,0.020889312836431386,0.26820416241210804,0.873883907916607,0.3375898991402443,0.3473590506582921,0.3607035783216409,0.7361656126625099,0.3375898991402443,0.9036050378243403,0.5596541682080393,0.9675842048151257,0.710905616581041,0.3156804899810386,0.5327757169063425,0.9145110420574211,0.9245916666744475,0.2893224330002962,0.9985652115117012,0.3638910522380746,0.024039499471571125,0.9762292198987021,0.999140941455501,0.021351731876017722,0.5189347167445686,0.2558961173428158,0.575456929884323,0.943729886612026,0.30158014055908466,0.34342257825216266,0.3278368750212175,0.027565916968769467,0.9896957909174022,0.25759709549250753,0.9125190715402182,0.9939483203302013,0.9333630775741134,0.9992709807175979,1.0,0.25068915261864155,0.41406950162119993,0.49234317792439536,0.008626166931931465,0.9871618668458538,0.006401877374662506,0.14791250715670928,0.6319875667182626,0.6424299904376161,0.30435432813943286,0.9696100721004023,0.9988889779316965,0.5669017103447109,0.1988630305277942,0.648260785817391,0.24603890705368855,0.8316626279330344,0.6208148697534792,0.15734490478433621,0.2664113035573744,0.11386601631293881,0.12286348210656352,0.7514522033694494
rh_PCun_R_4_4_thickness,0.6867029855502997,0.18862499664776422,0.3333328855594174,0.4897060149871545,0.6372326026298407,0.11549366070766529,0.0161614130815516,0.34439297348640396,7.815444901326662e-05,0.06564899331095422,0.5015341328382232,0.5860365484305439,0.13516503325836346,0.47063569132752103,0.2943879470767619,0.7267440982812229,0.4673024758937689,0.2949324779315835,0.7462010564701358,0.5295306078459756,0.7310812608332756,0.7946675399106841,0.3618341602513204,0.9904388741724053,0.7014317533675138,0.11222372310570167,0.3763630693220735,0.5038333056664888,0.012815783592155168,0.7751665306694528,0.6355362692919584,0.5567001445581694,0.7091221590878457,0.5881100185964246,0.006508854404347223,0.9224704928426688,0.14863512704550708,0.6420257305747162,0.902177578503872,0.4489394541668121,0.2120640688225054,0.6605194450931652,0.49469535854268754,0.5474245013281066,0.49989460281661335,0.2234402310186015,0.5202059837658469,0.7721341768755442,0.6450250452895133,0.3919581730519117,0.8411995713145213,0.12961282422175086,0.7213788369513624,0.9259018282058497,0.38464502777734666,0.5260465705679216,0.5361594236731174,0.0036264149402210747,0.45813009619726125,0.4368069899102736,0.4805099333621957,0.9725376434941293,0.5729630161464889,0.8790437977458334,0.6946065304027328,0.421833316142447,0.6752833471461903,0.6025687414816596,0.14768086817555492,0.2888715016018034,0.5131013715000595,0.5427572929368185,0.8494915859156478,0.30608713589490244,0.16866757482190844,0.05786449665396037,0.32297249320057253,0.4505305387731472,0.913599797753208,0.7871346079105708,0.7745560907435055,0.9114417859373077,0.5510390720038412,0.558462365752796,0.6774674010004993,0.5663657593356016,0.7675288517751427,0.5179897288388083,0.3315725051772985,0.8598920739654647,0.8181005950342093,0.901063362001659,0.6848983841551826,0.8375693982764467,0.37984490715596086,0.681997040692931,0.3256479583186045,0.2467614430358499,0.7585028779998866,0.4279431849998543,0.004617937304517854,0.022192784780473027,0.2034092861033681,0.00030341852584047106,0.0009211850132131163,0.44995013432740194,0.3383908431586615,0.003011715788986405,0.12360743571454944,0.054294563399180665,0.6676412231841401,0.0033191846069974607,0.1760550437930515,0.8839093609039801,0.6461699501051645,0.4729790075255096,0.9248805411183989,2.9795000832702676e-05,0.8203043946624777,0.9180734145056291,4.258901552803464e-05,0.48382295113236545,0.5623170211182917,8.334475617847435e-07,0.9117070104513654,0.4188738750289948,0.23869439722827562,0.7596543857081719,0.6640572437034684,2.0242866833169047e-05,0.8939712251988002,0.4910798424614984,0.9345843669640822,0.9343682542380749,0.9330735381026733,0.044865293516139736,0.9345843669640822,0.4461368518287167,0.7705389330221268,0.16528440516994142,0.039793473121986264,0.9325709436731713,0.7809058870219486,0.4113492830838918,0.40265727307521176,0.9087078044763894,0.24024316291797548,0.9252143142711162,0.5979439841609573,0.1760893283372773,0.2465047037834781,0.5658085071143304,0.019324177599021084,0.46712814719356294,0.7557489817863055,0.14899993100263653,0.9919592303945122,0.9234772203178969,0.921859087250472,0.6224460297711729,0.19963146309886187,0.9071139417856489,0.4297603850393117,0.21090039297131896,0.3743973739006168,0.23639776847593685,0.25068915261864155,1.0,0.008243494475076238,0.015746606539795118,2.2920065430902945e-05,0.19418032134244564,0.38887913175062494,0.939370450675963,0.7263150791281356,0.7150585166969989,0.9155805388396108,0.16762929500294593,0.2433607499079785,0.7671579503703885,0.9858263078101112,0.7130637995497194,0.8714689573641545,0.3646312005961358,0.7261652369962704,0.9358810721842288,0.9412036483442718,0.894010707520573,0.9301039216006346,0.32362032766061305
rh_PoG_R_4_1_thickness,0.11403175441018082,0.4445805452058539,0.32639011972221055,0.17006511232829008,0.15784653262494608,0.6655143813511786,0.9401466414544134,0.3491790391681889,0.31150752358526845,0.6594356208924348,0.19705364579199558,0.22098114255585735,0.6232209426016424,0.37555037899525073,0.4597854941777949,0.08775306000510141,0.45147037713733446,0.40914336798734463,0.016451936834088278,0.0001353322717570694,0.07280443370827305,0.016579879598281395,0.2055204329562254,0.011408296375387414,0.09074471169090922,0.27305677538385353,0.23501811854498184,0.5024545706963968,0.532891736455038,0.06286591304530444,0.15563392148265479,0.28434564998926337,0.07902103311689082,0.0006631193866033011,0.6493006792105384,0.024057603273891528,0.620536925823737,0.01632905274532932,0.029748197741883024,0.4796534553340116,0.5491443758828403,0.11619552197502882,0.19354963750091664,0.1366301569239768,0.2957021278866505,0.5407405044709412,0.2665794009193676,0.06516039245424937,0.14830946315199103,0.23590774945824144,0.019000162078439256,0.28072403455355277,0.08175061327069216,0.010487508601773315,0.29491104175302113,0.2821586090967065,0.2351822228491242,0.7681131766936176,0.4892048551672243,0.21109247309942963,0.30422020287120655,0.015947627598585038,0.1805610395708728,0.0344045209986395,0.000828900064154696,0.2950351136697992,0.10766675165609735,0.16632855556459222,0.5292461278675299,0.31294144848843275,0.2959583118060354,0.29718329197275833,0.0037907573205216505,0.5608045142935225,0.6465699610794456,0.37409922527528505,0.3701761683952062,0.00011560421548002282,0.029590684559044,0.05817619247520386,0.06404551354784993,0.02741107457689812,0.2982710521674263,0.28542271782568673,0.055227773101350186,0.004161156461140909,0.06624689625796414,0.01842482896819354,0.30176822788454993,0.03859283947884383,0.05832784210488182,0.0018160108017086683,0.13285392808124008,0.0482323189269839,0.5353839974953043,0.11659942665463927,0.3129239921494636,0.3852828660900415,0.06945936940751099,0.21843356404647418,0.9598538975049504,0.9124998837573373,0.44794611044025945,0.6333412480469719,0.7927847950897087,0.21430296964114484,0.3011893884334147,0.9323513967028123,0.6091747967742306,0.8127189168696172,0.1030141394908553,0.9409249893988052,0.5047243038098055,0.01733097231795227,0.044270983202824396,0.44245453281091296,0.018811640831612207,0.3384073549293733,0.003279916898990391,0.0259095267943665,0.28644456533918305,0.17258497340713108,0.30244687457395847,0.08578864611577314,0.018055567146058184,0.22252121189696356,0.4138982827678106,0.06784173737480104,0.00069449133119838,0.30016239367991443,0.01994864659843522,0.1974399094050981,0.020909966169376515,0.02144447892193332,0.02224267266781213,0.8341689442823378,0.020909966169376515,0.21079885850913282,0.06551128160571047,0.5021478842111394,0.8552144518977169,0.019850694711029033,0.06311477147824118,0.2206201829138391,0.2303476859019037,0.0205228907987373,0.4126019877951033,0.02352881273491454,0.0006655711578003742,0.4875222106725905,0.4074960820183223,0.0006587592944270277,0.956597145523742,0.44757557568797024,0.07122703875230058,0.5222153558603053,0.011560069120391061,0.022739438730822778,0.02199606116851396,0.0007888321285408456,0.4598398948033475,0.017679281607821222,0.21763793377963067,0.448271946390547,0.24579742205694183,0.4253067022889462,0.41406950162119993,0.008243494475076238,1.0,0.9734834328986459,0.24605600439721603,0.46579868146849923,0.00010800903367294804,0.0051810945259175,0.07503698027280331,0.07996645284623136,0.02104069920006385,0.498856175585325,0.4100331514318506,0.06624423297162647,0.006396582900204702,0.07815800470589114,0.019429161065005533,0.25843200043877,0.07917735616711415,0.00623300606514814,0.008759336667433979,0.003992779046436814,0.003081639668970095,0.5538785910165818
rh_PoG_R_4_2_thickness,0.12131085802194268,0.5429019001193478,0.3893363741094318,0.24588454720844755,0.16655646538580327,0.7620974398325018,0.9776913690064322,0.40561123795598825,0.29941959896694514,0.7568883280837178,0.23454369483480084,0.23179293389483158,0.7162419908290936,0.3774175045407738,0.46005908791316064,0.09439310018111778,0.45419382292787625,0.4738339800357169,0.01683928059959705,0.0002774566257688947,0.13139808600557987,0.01726107269683552,0.24486150921551494,0.02333050516994962,0.14977222211846833,0.36998862071097693,0.31528468490181005,0.4658093568590667,0.5622098192574031,0.10683273511861303,0.16140346000291542,0.2903940411533904,0.10646452958019267,0.0007016889409187035,0.6400308623999462,0.03276753603474873,0.6553716375295169,0.01643147712912345,0.04724674234022572,0.5153953000287715,0.6282214008477305,0.18737832401210208,0.23402355916416345,0.20001257493488606,0.29771111131381817,0.6169732330581258,0.36578675578442027,0.0793807661247481,0.15837974770433277,0.3001623936799148,0.02035848427373326,0.28073042249638747,0.13603805224405763,0.024149394483629513,0.2954001933754898,0.2849302644550692,0.3340379090885895,0.6756264901134803,0.4975015670948498,0.29835689629257756,0.3310619941185819,0.032366388680466665,0.2704261280855939,0.05446190443619152,0.0009958528633577815,0.2957890632361048,0.17540188334219675,0.18449974536171887,0.6281018141069952,0.40249461595833325,0.2984075969055519,0.3015691309058333,0.004393086814618933,0.6133913292593743,0.7328006429659243,0.469522440366953,0.4305076425043084,0.00014791373658542956,0.05795306964491624,0.06385521537085764,0.0701893302624771,0.04018002017998542,0.3042252630153376,0.2929258298904056,0.05616713445929456,0.004166715290584332,0.08143682309604003,0.018437452387967415,0.39960646344869655,0.06255728533933125,0.10632645245766796,0.003976284935160923,0.21428997802829822,0.09180435128946962,0.5716354966283361,0.1271095547471051,0.38109241936715094,0.4697266346336067,0.08505089934917526,0.27400558557901067,0.9214136025716667,0.9686824592533829,0.5387229760789738,0.5342217872979768,0.7011939951047896,0.26312489389779625,0.36718674430955056,0.8738244432013927,0.7080304830136959,0.900004971159577,0.126158046220921,0.8863341815049921,0.5980055753179718,0.01941439035502628,0.08666846629354599,0.49379520386382086,0.023270208424539786,0.2667972399403645,0.0037108522054549193,0.037505673896469735,0.20273646659044245,0.22644588235243168,0.3991826121256623,0.07212676023391688,0.02135173187601774,0.28024859340451036,0.4964820764312673,0.0849022126430322,0.000821031641056989,0.23590774945824106,0.022869425975050588,0.2379138310683449,0.028300373150760214,0.02953256768733395,0.03134403988209157,0.9035783951102692,0.028300373150760214,0.2621205515424245,0.080113616962427,0.5990797295382628,0.9145110420574211,0.02580490555894034,0.0750369802728034,0.28269424230744983,0.29198580578357136,0.024427469780344695,0.49480572030462433,0.03223874549577174,0.0007115290088132051,0.5827099873760666,0.4881547875803114,0.000683766697706366,0.9976995660033711,0.49558137642727845,0.08602327522335622,0.6212955876750477,0.023156216222494298,0.029800092177667027,0.028044452332641013,0.0008476769273023075,0.5503168969505502,0.020651298415513247,0.27278096580603967,0.5362084524911344,0.3143985826050188,0.5071278325841712,0.49234317792439536,0.015746606539795118,0.9734834328986459,1.0,0.17190478769481424,0.5574499912945982,0.00011534291944401761,0.007014171116844819,0.09900142613329073,0.10338168778799436,0.025723659185275936,0.5954392340666481,0.4914692013789087,0.08163396769781553,0.010433801218069076,0.10470221711649491,0.021475063112209043,0.3506446756118409,0.131764171132966,0.008066082656075458,0.020355483769537216,0.005009156912228429,0.004783956181428978,0.6024241218217096
rh_PoG_R_4_3_thickness,0.0004334353381628768,0.01557194502740618,0.0047642661288369624,0.003599693166788175,0.0008894694521522095,0.14467780933644234,0.20609441631680522,0.005556414493553638,0.5795203369411092,0.2554394683504047,0.0014917132551901515,0.001999556700548703,0.16105042048966675,0.01033746484657136,0.025752678595032216,0.0002514871783098047,0.14652213981016515,0.008450423837327341,1.0636812287847653e-05,4.167772831550979e-08,0.0015908343681878575,1.0875445315259958e-05,0.43279805220733863,5.2000172980025035e-05,0.0016357891654887012,0.5114008211265272,0.004699010665420505,0.1992477003550388,0.6042094792864083,0.0007736084703955003,0.0008745003666791927,0.004109207723487842,0.0003651325145141918,5.7908530544753724e-08,0.5998725842796021,4.192164120730209e-05,0.09867649579259352,1.0476088313925035e-05,0.00011714180104403073,0.09671831065422426,0.021710862106872474,0.00283788579324123,0.0014878717204903837,0.002085251387658632,0.00472280850459905,0.02121212818698606,0.017079283355579192,0.00017116329002648357,0.0007664472893725614,0.002926911500312485,1.4200669856301856e-05,0.004094062710942961,0.0013077939078822343,6.637457995890975e-05,0.004720694683619462,0.004098081190318997,0.01481144811629755,0.5413888439946548,0.13059123878741635,0.006175072603694866,0.004347473127169678,9.503998213904772e-05,0.006987980961165599,0.00015260255473808354,1.1749833608973169e-07,0.004720937133853586,0.0024301680097791735,0.0009754214299764864,0.01953183701057474,0.007714155096306454,0.004723716948224624,0.004729137135140939,1.1274046828522539e-06,0.06546729588750334,0.07001349216784516,0.5280063213398851,0.006445646603067816,7.808862446095122e-09,0.0002857774530592582,0.00011317937946739466,0.00013601030718356138,7.133932246942584e-05,0.004735177105218682,0.004116204788461389,0.00010030955040501214,1.0133923555781928e-06,0.0001814362141270488,1.3004890135355891e-05,0.012845596038890291,0.000213157874095863,0.0009471428348963557,2.729480807988197e-06,0.004531474714883806,0.0007471991184790297,0.06536687132581757,0.00045314896696486626,0.00458668180188419,0.008061465845130398,0.00019603949784101728,0.002238840150214409,0.33612580166441725,0.18518910725225246,0.011471053402872501,0.7371027893134084,0.578949881013512,0.0019525881126337815,0.004193492632237925,0.39585260882069795,0.025146759345639657,0.06492275417940811,0.0004200698165786432,0.3810488366523285,0.014929919223706147,1.2971746200016333e-05,0.0006997430001902835,0.07904483261973677,1.939574455292655e-05,0.9318866490267574,8.368787735802091e-07,6.113689965446824e-05,0.9948124723589568,0.001681319769433177,0.02567060878852944,0.7879349963659406,1.5817217473334213e-05,0.002387742557395006,0.008881251495191785,0.00020115348864710184,8.512123778204347e-08,0.9401541889080436,1.7388209279509755e-05,0.0015397705144863626,3.200686292916689e-05,3.5767773219707105e-05,4.1759099649352156e-05,0.07697677193937784,3.200686292916689e-05,0.00198014485796511,0.00017486492090301555,0.01614769127445234,0.0879674303339555,2.5188036800796734e-05,0.00015098114036309908,0.0025987505308526153,0.0026933022004733765,2.0079393061299673e-05,0.008794349387017099,4.126230149165794e-05,5.9588139905348345e-08,0.014556327265386344,0.008460659112902563,5.520749257140964e-08,0.15481277248187664,0.0827514612337393,0.00019761847716063012,0.01987503251096193,4.957006731316833e-05,3.282225961244713e-05,2.808787321466063e-05,7.837762497523371e-08,0.011944061721653233,1.4767432259036209e-05,0.0022107033073861995,0.010994464244364986,0.00337702247848257,0.00933523727098107,0.008626166931931465,2.2920065430902945e-05,0.24605600439721603,0.17190478769481424,1.0,0.012464770573175708,3.840785187465615e-09,3.1073901544141802e-06,0.0002998244562146614,0.000311361585625891,2.26703128848149e-05,0.015775939290008548,0.008624759437914293,0.0001828165840075361,8.565872016401652e-06,0.0003478376175247199,1.544262013229509e-05,0.008254159423361952,0.0012050310608655041,3.5772606020920874e-06,4.885635831177382e-05,1.5708712371682887e-06,2.184835075664152e-06,0.06585242232634585
rh_PoG_R_4_4_thickness,0.5257718521317734,0.9746716768153709,0.9463127930490846,0.7713518789603506,0.5930814729456716,0.6761063803769976,0.4932483721116939,0.9330247657513195,0.05901042045042285,0.5534527781479055,0.8035810983977432,0.6584799040750848,0.6589167473701564,0.5387429124087386,0.4276198738530851,0.4752828212885256,0.23837636480343524,0.9553478888632302,0.16034156943463507,0.012721412411289795,0.4593094228970056,0.1695817443243051,0.38825560737147014,0.236635996036123,0.5914553843969017,0.5001287798254854,0.8776191961736317,0.20803792660839068,0.2726159128536224,0.5289985103771493,0.5574590226527277,0.6224929076695628,0.5850866329074336,0.019718706443689667,0.21761976469598948,0.3074282944934583,0.720698014635475,0.14867379241112136,0.377840324415195,0.4223168255435738,0.9366335328880633,0.6150588558830661,0.8103205851320334,0.7349569206276081,0.5593201685946484,0.9317918568819702,0.6212484784411473,0.48980919338589196,0.596931934624731,0.8947021938804394,0.19757555793306794,0.500333360033087,0.5762341805108727,0.2204358181289278,0.5221368697772567,0.5731791384432878,0.5027817881865226,0.31259925656897297,0.24724679021487322,0.7929533061305432,0.80018878809318,0.2806992478464173,0.6518862450115365,0.4078117545331175,0.028544598649879273,0.530085229975481,0.6061522598356567,0.6795979735226616,0.9864866183177502,0.937663909591122,0.5678362508095524,0.5999003521062564,0.07873133327530468,0.7152831884712587,0.7921193241472865,0.4489852462307009,0.9455551284436424,0.007289634252816635,0.37017746201071666,0.398867817920692,0.41898397692252126,0.3482248610635613,0.6217952006712731,0.6405839006747314,0.3158291656238129,0.0598674284103192,0.4986599968295954,0.15391781947298203,0.838350188469532,0.4347630135632806,0.4734520740963646,0.08020968613599774,0.5450207324139283,0.4249248358113169,0.6456057448515509,0.5614370957405973,0.9509338468188188,0.9889391796699186,0.5093086506689705,0.8688160696502212,0.33220658985980533,0.5332356397767878,0.9994304956484585,0.09158255853315003,0.15993954880335648,0.8520801877780081,0.9424850514663439,0.27971244771913023,0.9687946351792736,0.8229815913113047,0.6218153997531706,0.2922979694542136,0.9972654095271034,0.20241462652286224,0.38440926066590086,0.3324501294070207,0.24255591363868917,0.028188562497043584,0.06881365561069303,0.3347061467829743,0.01648791083781551,0.8123091155107228,0.5048804460713155,0.0047176974204191716,0.22432682039451984,0.8757375090327697,0.99294204368699,0.5135230736602645,0.024592958679462467,0.0235221509267525,0.22879713520738923,0.8139818138971119,0.28135084386025383,0.28952743175659723,0.3008567050933464,0.804734038684459,0.28135084386025383,0.8541741044761313,0.49313473595334173,0.995258029217416,0.7797546783695433,0.26337062365569314,0.4687647687250228,0.8779408166508456,0.8874565318004921,0.24477302127074563,0.9924533741737198,0.3047841872167658,0.020200895830326887,0.9982377788053736,0.9903266547658811,0.01876293451636108,0.5863434398946403,0.3240770615059164,0.5087988169354525,0.9830857856220598,0.23795988617459882,0.2880025000868758,0.2752382112255982,0.023073129004937305,0.9998559118727984,0.21788974764160454,0.8673985723474869,0.9987047006704515,0.9056892531718229,0.9924823641260032,0.9871618668458538,0.19418032134244564,0.46579868146849923,0.5574499912945982,0.012464770573175708,1.0,0.005259953092231248,0.11608420154992449,0.5632750593498839,0.5736472648388682,0.2564793278791022,0.9960437337488882,0.991424311746214,0.4998505860315612,0.15370697580809906,0.580122369617425,0.21251070763354624,0.8458317984183135,0.5727780460538265,0.12551659917755142,0.20279104917288857,0.0901550330019995,0.09214799785754263,0.699080757334515
rh_INS_R_6_1_thickness,0.10738661284522029,0.009518176177633304,0.011244622556460384,0.06531998553618183,0.08539891171683225,0.0006325201497590122,4.3310258542874586e-05,0.010452297635592394,8.554888758501936e-07,0.00019862494935175243,0.029293943837230788,0.06541267591373856,0.0008811205443598816,0.1774363170797688,0.3411001417541357,0.12509243326753083,0.14521007405757802,0.007061225241279856,0.4748997773219892,0.8901225927412864,0.4402404425535206,0.4260287372246365,0.011427328424076786,0.376842545510207,0.1596004983002524,0.0005872667869221086,0.03205693848224541,0.3134198279360684,1.000652004564225e-05,0.17264450662263883,0.10991899229641862,0.0934915321214528,0.08622152851385599,0.9136711420792551,3.2380725532830753e-06,0.218995191607335,0.017621530483399022,0.5763166172790756,0.1979180461181806,0.16330642536676454,0.0029347597046309316,0.16623283035024222,0.02924643665842451,0.07043738599412531,0.1738768096773319,0.003235850375104823,0.1636288941465175,0.10933522287140168,0.07999128992717744,0.02235221295419788,0.35471387555534417,0.5047223752425845,0.1606898196168998,0.49294287514242763,0.2959219628336383,0.1487764235884796,0.4485819430454114,0.00010614844025162903,0.44040907731534423,0.06164889351036754,0.02547688575543712,0.35051202166317164,0.15330672744607973,0.18186997706686597,0.8171409041356748,0.2581197508462379,0.1677242468532866,0.051580049776322974,0.004704840697967199,0.01949243521591397,0.1578504693295456,0.11420421689885502,0.586931793664234,0.006606576485756984,0.0014844333108055426,0.0001538648339420038,0.008994337395513821,0.9725376434941294,0.3137370274458246,0.15886961541388325,0.14791250715670912,0.2000118469023795,0.0938309163350483,0.08040813576329249,0.3008375795932353,0.7969321594877394,0.10633098446050429,0.648379347939144,0.042484054340255525,0.17605911136751828,0.2808954254131109,0.6040563576481269,0.31521473274521683,0.3644905307405072,0.013217845889627464,0.08729500676796755,0.012407173223080485,0.00856397983748449,0.10211726033811908,0.024111126809400724,2.0083138517737588e-05,5.3831284524808235e-05,0.005945893449717744,8.719396452264485e-07,3.2020897495510083e-06,0.024500669975157822,0.01337398791166386,1.3441075333422272e-05,0.0022206174000878576,0.000612300563887565,0.06726900075736096,1.5182353131188089e-05,0.004005378750613752,0.3298599203936619,0.5093940183619081,0.43520376040048947,0.2720601287350675,7.855796985258135e-08,0.6283961942727838,0.206946593282739,4.88123766460369e-09,0.036312596043526164,0.3135962150901427,2.9914598455174064e-09,0.293885448218985,0.023616410216773232,0.0066381512776164265,0.10190213039822829,0.8470450637877496,5.705423451284912e-08,0.29174454263992816,0.028483304996222876,0.23963953855811354,0.23444473172416325,0.22793342205156752,0.0009467547769702353,0.23963953855811354,0.025226445454255314,0.10820324010584359,0.004881313548548441,0.0009351243871517037,0.25283113932608864,0.11729725883947027,0.02503771818976018,0.02282081229195923,0.27035577213408873,0.006672700325946771,0.2216612615533874,0.9059294920515382,0.005009171498741885,0.006817428666257091,0.9294714029001276,0.00012048202450219695,0.44042155010627765,0.10169269656064664,0.005322632929751759,0.36572989225318064,0.23125514483715653,0.24075442233593428,0.8836601768003398,0.005345216110498515,0.3027405336661636,0.024214904462558896,0.005536834745033878,0.021668814839142087,0.006054447541453919,0.006401877374662506,0.38887913175062494,0.00010800903367294804,0.00011534291944401761,3.840785187465615e-09,0.005259953092231248,1.0,0.4718703530523432,0.09015570551065591,0.08491722742466448,0.2575915128766944,0.004907745539867497,0.006743736757884349,0.10601066272100482,0.4135843218353641,0.08693074856082636,0.3200585889633024,0.04289559605779806,0.1587108167172605,0.4501706917124422,0.4927151135724222,0.5410562365075895,0.5383170615068599,0.00780429693111382
rh_INS_R_6_2_thickness,0.6462034300447212,0.13424078968309178,0.2115500411037144,0.394536706343593,0.5786368027908187,0.04360941815730694,0.005089482873768088,0.21398532522253705,0.00010088955056963749,0.02112443156401125,0.36550295732141175,0.5061341115175068,0.053166758697464865,0.5335132697527422,0.440411478253933,0.6957529205986919,0.4965985905242618,0.17209636381495388,0.8962374059848714,0.6605183205199977,0.5820917949037846,0.9252847893742315,0.21242686587475954,0.8897385640506403,0.580179132875664,0.04134037785821216,0.28599256760247593,0.4997491697672032,0.002883498656348997,0.6409778359590339,0.6133703580261705,0.524065318490801,0.5822577628073708,0.7117144701601614,0.001306675891481995,0.8642997147341194,0.15161071224719985,0.8047340386844586,0.7905342681354968,0.45146712557716306,0.10628373140962945,0.5535522805805697,0.3596427417937076,0.43551811114770655,0.5601283245167963,0.11323375769553734,0.4774100753486176,0.6792408080119017,0.5747794000777542,0.2764788345050894,0.9358046143600687,0.2358897384640391,0.5953801365888044,0.8029864567755369,0.5215134170859007,0.561565008268291,0.4605563831142985,0.004302994106762011,0.4376422443706724,0.36093870646390636,0.34343073247929645,0.850314565216973,0.49816388608575973,0.7606455926895896,0.830479626923207,0.5416536942559831,0.5635983018694116,0.48919522705177265,0.09356065187019905,0.21301489920126027,0.5580530099708387,0.5383359193745605,0.9706261826025058,0.16502511384486337,0.0729478016943427,0.017884796967353456,0.19614555914660609,0.5664265989436599,0.7681131766936168,0.7710106093390616,0.7513126728489117,0.8221927097412296,0.5192593970060537,0.5066280005337869,0.7978319667555733,0.662161768519733,0.6700688993002257,0.64696005954259,0.28212390384162844,0.7333697011969431,0.6758651255315962,0.9350432911152692,0.5790093061801249,0.6844578334822162,0.2308775509177449,0.6100609392631471,0.21154305637986612,0.1563638792801451,0.6592703488848944,0.30294941403969966,0.0018200653217834582,0.006815255352011734,0.12389703557167928,0.00012830736762881604,0.000380724091770444,0.31878787747673115,0.2218218533122667,0.0012479452145369718,0.06672948438013765,0.02618845956691615,0.5458849859008915,0.001378505915895062,0.10071608440973454,0.9476976725378109,0.47903916238447763,0.44558777188135934,0.9252847893742313,1.6264179378168e-05,0.9515984754173987,0.8360431167817617,5.262686707761552e-06,0.35964509683635465,0.5186624380718148,9.929563718538e-07,0.9384583200412651,0.29603931380296145,0.14354445632446572,0.6546783733265096,0.7995647119869035,1.224196676540307e-05,0.9318216171812396,0.35580925908878225,0.8898187743807225,0.8816843680329692,0.8702187202210121,0.027769490759230457,0.8898187743807225,0.3173347523859157,0.6757865432539192,0.10169269656064679,0.026206750360988577,0.9070771056501987,0.7011190383902346,0.2938854482189852,0.2840899420085,0.9217257526270553,0.14444428004504117,0.8668301298829113,0.7244331148684177,0.10692418714399984,0.14812015330730072,0.6811748757936373,0.007986119844550405,0.4400588679498755,0.6600228321499562,0.09769933712179338,0.8946888339749826,0.88366017680034,0.8958633877966236,0.7533845783632422,0.11894191756886299,0.9425074712211701,0.3043543281394331,0.12499259276382675,0.2644332880582629,0.1393982038968868,0.14791250715670928,0.939370450675963,0.0051810945259175,0.007014171116844819,3.1073901544141802e-06,0.11608420154992449,0.4718703530523432,1.0,0.6040091126639708,0.5936191945553977,0.9125190715402183,0.10281268894543014,0.1462668560379488,0.668818626045663,0.9820634340902263,0.5871774388774076,0.9375491569548373,0.2983462957518974,0.5988361119373928,0.9987102998044222,0.8314117151796026,0.9904683767698593,0.9899062798772387,0.17935680882718258
rh_INS_R_6_3_thickness,0.902162597201116,0.580709009642307,0.7419820351304256,0.8616580384947023,0.8767006586553622,0.2667661073115859,0.08000542885060483,0.7276056356508729,0.0035791232511853495,0.17141442388375988,0.9037663721653397,0.8300444621453178,0.2910925894979667,0.5000279830148879,0.2604762160736276,0.9138701860875786,0.3539934029005624,0.6566110502214405,0.6017924273575963,0.16535266607938268,0.5928771016547614,0.6438886760305698,0.4812941243502445,0.7511069225831868,0.8709740304815672,0.24159684771676337,0.8110124973036432,0.30711314506138965,0.04605828719945546,0.9077151204570999,0.8388343020341129,0.7107845834446035,0.9987047006704515,0.20864528045495315,0.027081589094857087,0.897738031863452,0.4730657234912174,0.5286426136065383,0.9320533686868989,0.48844461178093845,0.4999248480201839,0.8188311293146152,0.9053316506186599,0.9099388617253545,0.5850866329074339,0.5122845511296752,0.6373519711790956,0.984361770688871,0.8992650214751304,0.8341689442823381,0.7144888947813015,0.316852397102426,0.8863179651977351,0.6343002481755124,0.46095446216982033,0.6317003694692047,0.3662936745180206,0.055458207192867606,0.19493939501879068,0.8074694607105768,0.7938156574851685,0.7814632611845778,0.7416170873768846,0.9461487225960374,0.2766856025145831,0.49480572030462394,0.8311867120646712,0.9226072044289833,0.49480572030462355,0.7226138280518126,0.6050749933080285,0.6648100920788726,0.48605878976359373,0.5003721111111935,0.3682787106604776,0.14944131668890737,0.7012900918404298,0.11795452596351652,0.8067220298081502,0.9099388617253547,0.917043344221125,0.9261536280187054,0.695272799254498,0.7309862928455354,0.7328006429659243,0.3261562282556143,0.9878198008878395,0.48022482231311064,0.7195543484390865,0.9481711526116126,0.7893719391732925,0.4724363493566274,0.6270291557518045,0.7191244787727767,0.5410579265375969,0.9330856507915771,0.7488643987894177,0.6530374526407722,0.9889223474900337,0.8636199407319334,0.038311178473654374,0.09619413274751581,0.5820868802804129,0.005104935775877735,0.011816036997605847,0.876001747000211,0.7639745490445884,0.02881932646433863,0.4170273329683202,0.23750278397694913,0.9888120446393301,0.031010029064047893,0.5230748887050145,0.7461441610681742,0.5334549710090716,0.22953459995087366,0.8238637666119554,0.0009730251325321901,0.44870664382787023,0.9175736971242778,0.0004542347838068461,0.9102970035488692,0.44788320455967223,9.526269650265767e-05,0.79290598119859,0.8566426992023567,0.6262990530830996,0.9929882928220178,0.25211073701399445,0.0007664922210976617,0.7907496639435412,0.9013528380897622,0.87300268720477,0.8810673082090431,0.8911383160719529,0.2359077494582415,0.87300268720477,0.8767006586553622,0.9857948035895057,0.5222153558603049,0.22336084337669235,0.852655416916855,0.9734834328986461,0.8526554169168543,0.8434182313310014,0.8203866893869489,0.6281018141069943,0.8953484271586183,0.213767616136506,0.5381026184146778,0.6352886843058754,0.19757555793306836,0.10915983749928385,0.22085200807573901,0.9859516996694522,0.5021478842111391,0.7616210670172242,0.8788821739051367,0.8642402087310468,0.23277287391169416,0.570533143224353,0.7813260871442129,0.8649816358876394,0.5850866329074336,0.8180803416348792,0.6159092037269197,0.6319875667182626,0.7263150791281356,0.07503698027280331,0.09900142613329073,0.0002998244562146614,0.5632750593498839,0.09015570551065591,0.6040091126639708,1.0,0.9994290554264867,0.8389023190349245,0.5257206804200281,0.6317003694692043,0.9884623802764507,0.6812641187574033,0.9992703041132283,0.754570944907867,0.7674109650995277,0.893726281055255,0.6257306389749517,0.6323699237561313,0.5297904723777658,0.5365180763075432,0.511662322895392
rh_CG_R_5_1_thickness,0.9122790764361516,0.5907429324211941,0.7527237441803161,0.8582149713620347,0.8899239924085969,0.26590813265620467,0.08198777068354915,0.7388320286884278,0.00413467631944631,0.16959231306451747,0.9134717777428951,0.8453777729277447,0.2897049630859571,0.5164464721198408,0.27277159641765647,0.9210485119311836,0.35993062190450775,0.6671735207426164,0.5939894277555386,0.16209191752356975,0.5787622639934551,0.6364359379031188,0.4797785396606572,0.7390802174426012,0.857819878007071,0.2381290531076578,0.8147886621614906,0.2926192472173343,0.044884804822853064,0.8949333800266929,0.852655416916855,0.7278223053038011,0.9977028601570754,0.19943914210573957,0.026440334402971943,0.8901554031651021,0.48278293941587536,0.5199118115745754,0.9221880767480721,0.47640680991553325,0.507444355855323,0.8046887147889452,0.9143342682553997,0.906284850422473,0.602719906684045,0.5198571593280548,0.6233636513673915,0.9852598849412078,0.911529438076852,0.841771280857968,0.7080160395378536,0.33155327585710215,0.8734047710737435,0.6251961272547778,0.47805179378169027,0.6493176168044315,0.35232219366898726,0.06096713924316705,0.18301497053052299,0.8043642022130928,0.8074491604941765,0.7685582904555818,0.7279157608867097,0.9365852127706245,0.2679626774153615,0.5121568217675684,0.8170929643993101,0.9341487821055858,0.505462298009737,0.7297329609261678,0.6226872735525325,0.6821386147178994,0.4753228491519762,0.5033157038198128,0.3701774620107168,0.14669040577638748,0.7122937901945923,0.1133353242689507,0.7921193241472865,0.912487425375569,0.9205676611460893,0.9177781038134244,0.7122937901945927,0.7477270501911455,0.7357299827824773,0.3127609724348822,0.9885899321031505,0.4710821173925747,0.7204937402936853,0.9380690224314822,0.7730979481944509,0.46508729263433657,0.6094622131114035,0.7036449338616343,0.5451672683314785,0.9425576483488858,0.7590034053406477,0.6632523999215594,0.9901814591011817,0.8716182637780546,0.04044688661528836,0.09787138639804524,0.5924863023434978,0.005599328705743002,0.012766975445376716,0.8848428925434835,0.7740338101173554,0.0306675666896338,0.42646953606292975,0.2446949600300563,0.9931742285203694,0.03296007145280733,0.5332097835490145,0.739029284683866,0.526039090470246,0.21680207204055385,0.8164297949723202,0.0011082847601371505,0.4378559670808591,0.9092557432963175,0.0004602216738573665,0.914990901283206,0.43105235091855254,0.0001147858556574904,0.7856698549020733,0.8645314662397787,0.6367162060510878,0.9934134016819032,0.24364405350147095,0.0008798567966406237,0.7842703726159872,0.9105858116599239,0.8649816358876397,0.8729043036552099,0.8827716645123023,0.2451074475116346,0.8649816358876397,0.8849381491538948,0.9866269481975558,0.5327189796502791,0.23277287391169416,0.8449274380809901,0.9747943987100625,0.859656279434158,0.8511273923805647,0.8137423299206675,0.6385230916286919,0.8875912544495705,0.20465933916361329,0.5485412279072399,0.6457293019677599,0.18814616616095212,0.11333532426895088,0.2083962362291871,0.9878204774922092,0.5128851080838803,0.7495593592282246,0.8716182637780543,0.8571828938367736,0.22336084337669235,0.58089480697554,0.7740762610884451,0.8730026872047697,0.5954392340666477,0.8255281357494273,0.6262990530831001,0.6424299904376161,0.7150585166969989,0.07996645284623136,0.10338168778799436,0.000311361585625891,0.5736472648388682,0.08491722742466448,0.5936191945553977,0.9994290554264867,1.0,0.8321157558772704,0.5362084524911339,0.64213074660555,0.9891608722691043,0.6706366625269231,0.9984137885239687,0.7481604771564518,0.7681735637230807,0.8810673082090426,0.6154044699009367,0.6232911955264379,0.519319581104468,0.5266683615853627,0.5148131977964665
rh_CG_R_5_2_thickness,0.8479690878723571,0.2894659736691464,0.40096735963003133,0.6033986988490933,0.7805103309146754,0.08879928310612996,0.017325222472848095,0.39559297933113363,0.0007370142839087709,0.046574760054116086,0.6019630052871978,0.6977299325590863,0.10352424856409509,0.5723817639471928,0.38544917566001763,0.8925055002982658,0.49594747263598243,0.3310375749239035,0.8647759444648586,0.42524801101596144,0.5228305473364325,0.9094039430770566,0.3081381045572143,0.8799069013894676,0.7224907570089415,0.08089624249226401,0.5001763873176742,0.4257713573702442,0.007756384913661043,0.7856443610020727,0.7931956917390968,0.6609938392585796,0.818667500799789,0.47193462403876657,0.0038682373305879087,0.9857945392908148,0.2983204169656482,0.7586271295185472,0.9301761026452261,0.5082004653611292,0.21564868675226534,0.6766199070788759,0.5972594558763415,0.6539547802854846,0.631046029711883,0.22558826115980135,0.5595239190807643,0.8999900966635119,0.7867269352308177,0.49721901797277646,0.9577583394399258,0.2631946253614651,0.7414664959884161,0.7361449199950758,0.5362980462922693,0.6547132208320167,0.3477485005375816,0.01841146915482943,0.29684437509112693,0.5586756292549993,0.5372235041751167,0.8612537691211708,0.6110625155894512,0.9145503685601569,0.5917994669820201,0.5697886477771604,0.688989879045167,0.7211419452082506,0.21923645475097803,0.4069384304756948,0.6393722517535912,0.6520662967805358,0.8241007327774696,0.2668914804132601,0.14264129147094334,0.03918312263014387,0.36965167935013576,0.3324424163832171,0.8034123531814841,0.946875853282064,0.9355088451788143,0.961159973118433,0.6501879548921623,0.6552535036497207,0.8816843680329695,0.5303916765538103,0.8933808782084655,0.6293104564388187,0.47123690419743647,0.890731166423312,0.7215359442717468,0.77369067001572,0.5647401277681279,0.675326488794876,0.34145719992910495,0.8303101124086998,0.4055107890333586,0.324126177707838,0.8856298951207432,0.530980428755945,0.008114245680699898,0.021311744476791558,0.27042191682798755,0.0008463370946475895,0.00216144986791909,0.5493913565316653,0.4202609758162644,0.005964908522277766,0.1640785164320729,0.0764706548558673,0.7924852507441081,0.006492860374511856,0.22792939477069535,0.9799632590544292,0.43432865083263955,0.31042115871103865,0.9993840266701975,0.00014194550548646812,0.7872867948762754,0.9685780556681935,3.240067029003242e-05,0.5982244498252288,0.46608055342306104,1.2097349550307825e-05,0.9955088151005902,0.5223532731521707,0.30040632134776724,0.8816843680329696,0.5560399999507379,0.00011121019085519973,0.992988028523327,0.592277023019947,0.9919474454777053,0.9885525882835497,0.9830857856220596,0.08364385606827496,0.9919474454777053,0.5485412279072399,0.8975226360554076,0.23309305941574035,0.08020036003986644,0.9974426513361269,0.914720490044713,0.5194912305082923,0.5071278325841712,0.9989113633526662,0.30173409664300277,0.9857683744119575,0.48322592134194775,0.24174725097861782,0.3071232021504322,0.4458467981725189,0.028044452332641013,0.3026563050675769,0.8862036430381823,0.2271522215081947,0.8922257932908403,0.9939483203302013,0.9976995660033711,0.5138436826623904,0.2609762403875965,0.9928427835338964,0.5327189796502791,0.27035577213408873,0.4811826211991149,0.2919858057835712,0.30435432813943286,0.9155805388396108,0.02104069920006385,0.025723659185275936,2.26703128848149e-05,0.2564793278791022,0.2575915128766944,0.9125190715402183,0.8389023190349245,0.8321157558772704,1.0,0.2349617823178372,0.3044130925782379,0.8924359578719365,0.9350432911152695,0.8234630313287927,0.9796727911580361,0.4978448936444506,0.7485186385396685,0.9278367907616503,0.760205291593687,0.8626038988125191,0.8579328912601096,0.28388121583260206
rh_CG_R_5_3_thickness,0.4995549318945043,0.9830892100561699,0.9182566121005735,0.7518467892929109,0.5648786996806787,0.6800626466281092,0.5314236214959921,0.9015884642171821,0.05912160998328703,0.574838108031256,0.765987512611489,0.6278950394273569,0.6568414328241989,0.52533626068205,0.4233861393726483,0.4500727742937061,0.2219592136774473,0.9283005707168284,0.1550631401024504,0.009957202981971322,0.4289272631394484,0.16210481404660124,0.3509921557462436,0.20499758464941936,0.5612928894503371,0.5048347246828542,0.8617460519274998,0.23952859589336153,0.3106871326482152,0.492840559008342,0.5337646844014035,0.5982932880497362,0.5470401728640295,0.018576533603551108,0.252903442415952,0.27922552122846545,0.7588627264826788,0.14645094538275155,0.34244764862058286,0.4604877726617751,0.9197479060210672,0.5921670644236985,0.7732918213892765,0.7071488485774217,0.5453651730253306,0.9126074216234306,0.6350523853197083,0.45634892080782063,0.567124596087401,0.8673985723474869,0.1863566095798514,0.5000146672818551,0.5438184701483647,0.187378324012102,0.5160316791250479,0.5566109525480399,0.5133854641715736,0.31927931078236665,0.2842104071873949,0.7838030342570176,0.7621995453211301,0.2458681853668375,0.6456873472430256,0.37133854024495827,0.02547121130029297,0.5221368697772568,0.5809732918509256,0.6438886760305695,0.9970902943028012,0.9310933411787152,0.5523114015725923,0.5790447599294191,0.0717929592247116,0.6821386147178994,0.7818773941710235,0.47332492581611874,0.9160690561194342,0.006279692664309754,0.3320645155859583,0.3753417968504793,0.3946158794314263,0.3158630305560344,0.5977640454829548,0.6140328743352317,0.30677002618335586,0.059579340292976686,0.4645549688437176,0.15339747514538257,0.8452917209235232,0.3972086346334248,0.438557655718125,0.06569412701234809,0.5301751387820353,0.38865770347170747,0.6078297972174309,0.5311609576392028,0.9260321311548285,0.9769002296041873,0.47495559770161666,0.8369789595328347,0.36339891308463024,0.5707062750996167,0.9943504518664679,0.1024401971698631,0.1777383071321661,0.8174759554825735,0.9162227171959831,0.3070938755930054,0.9793983111643245,0.8533637510688619,0.5844378050947454,0.3205007427192065,0.9955671194077291,0.18818085540587187,0.347833262308098,0.3702535374380162,0.22153529997149402,0.031216115985209875,0.06317080227257593,0.30336418169316914,0.021156534818447866,0.7797066073104884,0.527475525202937,0.0048530483930129195,0.20621457178077934,0.8449248174274684,0.979138136808429,0.47835008129356593,0.02203345480458152,0.02585282598844742,0.21177203849913256,0.776953050154355,0.2549667522437944,0.26214600388272213,0.27216659794819686,0.8405457311781221,0.2549667522437944,0.8205151142517647,0.4594124540853801,0.9999639740747848,0.8169429667346433,0.2393394684673748,0.43712635733831917,0.849396742820967,0.8586727095027866,0.2250624315809408,0.9783007261558475,0.27658141395177294,0.018911673576543175,0.9995588612344246,0.9747943987100625,0.017918614669278885,0.6244941591301371,0.36204274761782074,0.4749475588006493,0.995124735687791,0.2066179210847937,0.2621205515424243,0.25103859160577163,0.021545547100118863,0.99440231629214,0.20071110809707607,0.83536557039205,0.9902871674296526,0.8810673082090426,0.9779824754070928,0.9696100721004023,0.16762929500294593,0.498856175585325,0.5954392340666481,0.015775939290008548,0.9960437337488882,0.004907745539867497,0.10281268894543014,0.5257206804200281,0.5362084524911339,0.2349617823178372,1.0,0.976578718114321,0.4656208148495232,0.13367118967734887,0.5421655455814312,0.1984167036128789,0.842626916547605,0.5396334723004671,0.11224508657305707,0.17144908408308346,0.08066662426092078,0.07940912119485666,0.6643779230505793
rh_CG_R_5_4_thickness,0.5817052436963145,0.9550390215961548,0.9793802130813511,0.8007464915631408,0.6490433782477752,0.6454740279207989,0.4273609566283916,0.9696090149064768,0.053492265980475164,0.5050408151739405,0.8631893008109407,0.7129137847283403,0.6373098833969374,0.5567280351730809,0.424118210446431,0.53093233823287,0.25642262901409635,0.9805961504670071,0.18148551625499437,0.019064762987970156,0.49576500448071653,0.19466962988569986,0.4349329667358272,0.2916451952158425,0.6361224877050367,0.4795557541181097,0.8998433918496305,0.17421465826042004,0.21966210569755595,0.585723600329094,0.6074524347205387,0.663652645648297,0.653036207015675,0.02432034467263135,0.1698515889341498,0.3644177880463587,0.6774987157540343,0.1640201857017421,0.4420210974377498,0.37984813073473894,0.9377809084604967,0.6466127011998772,0.8687388137577015,0.7783362315955269,0.5841161770047204,0.9365852127706247,0.6003089795892226,0.5556623705194029,0.6555463427990958,0.933257648642903,0.22951745239394522,0.5016234448005065,0.6252294393584945,0.2739742114989717,0.5336113060238159,0.6031647790883838,0.4772787949121779,0.29177792901397265,0.20037248938675645,0.806444025827096,0.854800932841892,0.33920376831194926,0.6581331747917134,0.4731182912984575,0.03721444222028493,0.5448302543770326,0.641533832457355,0.7434358054518577,0.9583710343902883,0.9434291818290284,0.5951247173964078,0.6352571965308403,0.09763254597754159,0.7407623001749843,0.7792025951082682,0.4045734865880425,0.9774475567587948,0.010191063036437534,0.42987460591688337,0.452554418277072,0.47386882730190283,0.41005088427546577,0.6616532790489831,0.6848983841551826,0.3470269288977615,0.06641311718752758,0.5651250557506389,0.16621341973666806,0.8291087089159092,0.5002791153992434,0.5232483966471971,0.10868449533947369,0.558462365752796,0.47554830869091513,0.6823270271697117,0.6224416327176243,0.9804006055426909,0.9959407345286665,0.5760220157414129,0.9157553574267379,0.2817517204175545,0.4661968269562904,0.9934759051413629,0.07456922407092166,0.13200000287503288,0.904157090318624,0.9748081908161308,0.23578143965433146,0.9347513137036643,0.7610412282704244,0.6899252583475227,0.24691663486005413,0.9832637271539524,0.23882852007445032,0.4321186436339226,0.28051302946404144,0.2893224330002962,0.02291816937853606,0.08503410096165143,0.3953237708890367,0.011201475315516591,0.8632827319963743,0.4684012274781506,0.004006547245616737,0.2667781778912671,0.9207087961057417,0.9999189453184956,0.5808948069755395,0.032044519736812146,0.019233726963806107,0.2700469014847809,0.8721403054957044,0.335546651364258,0.34501706825515865,0.35799401258160946,0.74064897690787,0.335546651364258,0.9047682981353544,0.5592403279305391,0.9747943987100625,0.7152288017851194,0.3143985826050186,0.5327189796502787,0.9194052986452127,0.9286657720259694,0.29006792457918973,0.9999639740747848,0.3616653959828393,0.025106882041162612,0.9823284564843814,0.9999639740747848,0.022739438730822768,0.5187258830194509,0.272193744123279,0.5750622019934137,0.9542344899332676,0.29299296629515625,0.34198429664624796,0.32694691890350547,0.028687983109189553,0.9934134016819032,0.2588762454904806,0.9147204900447128,0.9965553756545031,0.9395901001884204,0.9994560746270378,0.9988889779316965,0.2433607499079785,0.4100331514318506,0.4914692013789087,0.008624759437914293,0.991424311746214,0.006743736757884349,0.1462668560379488,0.6317003694692043,0.64213074660555,0.3044130925782379,0.976578718114321,1.0,0.5664265989436594,0.1942578883565393,0.6482490317624351,0.2491581724872962,0.8503602102296859,0.6233341427358517,0.15637517283707417,0.2546710584536371,0.11349578815994305,0.11977594319898917,0.7278407514743883
rh_CG_R_5_5_thickness,0.9439786991381195,0.5230931423045313,0.6817620443318021,0.7969187802150359,0.9124356712428581,0.206666241741081,0.060196155831416895,0.671431959806894,0.0035781960032082727,0.1235140707430867,0.8675031961579537,0.8574434450424187,0.22832605719888846,0.5647672412945545,0.31376486222837413,0.9585031714212369,0.4160671519033359,0.5955138996866383,0.6589599285505983,0.21071056724238763,0.5352224978947108,0.7062182250503148,0.4424471267049973,0.774382581888617,0.8130390271450172,0.1818847197159787,0.7457731352081804,0.29955404929793744,0.028099774830945796,0.8630821351234417,0.8873890446922106,0.7580738127904088,0.979673055456727,0.23879231146419883,0.015941222907501492,0.9334730444509478,0.4538862392803831,0.56998460545746,0.9372051785166968,0.4690566208281509,0.4347630135632806,0.7552014977176005,0.8649816358876394,0.8494915859156478,0.6494942448173715,0.4474750377479828,0.5833006406240326,0.999675860103799,0.9295239959335055,0.7732830887143515,0.779754678369543,0.3318090583077526,0.8317556619700806,0.6514813656253357,0.5204685894643368,0.6935894385013068,0.3100492758596404,0.055101692397060115,0.1810131679519289,0.7427087361265912,0.7760157776136845,0.7898191941570981,0.6775252778087794,0.9442148863605007,0.32402533683590423,0.5578461841227624,0.7687595303020287,0.9258293396254942,0.4385613216462434,0.6584242960648247,0.6681455180870703,0.7197050210617613,0.5474245013281066,0.44719156123406034,0.3033356212072196,0.10436855195888184,0.6425456286308573,0.146266856037949,0.7858580965863441,0.9589059530385863,0.9639013503635203,0.9464089314169861,0.7429885802096772,0.7718291640877882,0.7970839396568505,0.3402506100564052,0.9999903166709662,0.5000340953322986,0.6610698332291067,0.9366335328880633,0.7404048478600609,0.5364304519106469,0.5617553852262598,0.6749500341397272,0.5066162298169582,0.9616376746017768,0.6862684520278755,0.5878770960282169,0.9998258338335215,0.8080752561694847,0.030960932681076317,0.07138612575848999,0.5183116096489144,0.004292865968699237,0.009787413894644645,0.8262243705472397,0.7022754759579225,0.023633914421074282,0.36078293430994,0.1993172737376716,0.9791802667504871,0.025422954074220887,0.4604505797780756,0.8103553184846353,0.49068255940394945,0.20615436744181012,0.8784260698396098,0.0008710592383968395,0.5069776148817078,0.9420406774637115,0.00025411190951995675,0.8560724691724887,0.40110682919722085,9.405270341937283e-05,0.852655416916855,0.7995647119869032,0.5610332694948581,0.9994238965799946,0.29603931380296183,0.0006979580791795005,0.8520527809209274,0.8610028233587417,0.9143342682553999,0.919405298645213,0.9252669152025517,0.20655323973947012,0.9143342682553999,0.8246096972469197,0.9998559118727984,0.46250322785952025,0.19757555793306805,0.9003711978720341,0.9967590922040763,0.7929059811985893,0.7839120612844133,0.8774646766024023,0.562828704018786,0.9310834397461141,0.24579742205694233,0.4767369068501649,0.5700330965815656,0.22336084337669265,0.08849103252515877,0.19839733922024924,0.9993840266701975,0.4468594705568647,0.7860880473566578,0.9216545855102587,0.911529438076852,0.26756321622657375,0.5066485020987591,0.8424232376790152,0.8097592411066344,0.5204685894643365,0.75532092143893,0.5506334218754969,0.5669017103447109,0.7671579503703885,0.06624423297162647,0.08163396769781553,0.0001828165840075361,0.4998505860315612,0.10601066272100482,0.668818626045663,0.9884623802764507,0.9891608722691043,0.8924359578719365,0.4656208148495232,0.5664265989436594,1.0,0.7377444679882644,0.9820891866634047,0.8188828966078334,0.7042388733227549,0.8405457311781217,0.6905401523566439,0.6568369040955649,0.5944085158208627,0.6015585834495987,0.46215424158094703
rh_MVOcC_R_5_1_thickness,0.6882663102291168,0.16098148828309095,0.27470538035196157,0.44578403809991785,0.6286434074319375,0.07569320350482234,0.00935332755087177,0.2821190441292232,9.671294790784382e-05,0.03997435035708105,0.4430750777259008,0.5650400253486683,0.09036135531796753,0.5155921125909905,0.3666399624860098,0.7335763156868373,0.4961633253242858,0.23445794770595724,0.8266901330545893,0.5836181597425874,0.6523148732576465,0.8695143668964928,0.29164180404184376,0.9544609021377604,0.6455374052426679,0.0728531143967537,0.33362168481037746,0.5011359315569894,0.0066172601892061905,0.7159079348959799,0.645467416963881,0.5593494839111697,0.6604277700353254,0.6355794537459907,0.0031834094344788035,0.9143728331803397,0.15336090841737113,0.7213145129712196,0.8635752065842462,0.45347692782967913,0.1572525060038356,0.6096495893631206,0.43598704227816265,0.4968390305378587,0.5448824132414661,0.16671041899072278,0.4996559630955713,0.7459478586763453,0.630403242447079,0.3378501006584745,0.903356515212797,0.17485733425371658,0.6640311197611166,0.8740606313324426,0.45796152082809766,0.5606068219551188,0.4898546638011809,0.004190268654509032,0.442553018775065,0.40151097338263225,0.4232678473095358,0.924316776259105,0.5367528010519407,0.8362517347300427,0.7538654399927565,0.4897986309454845,0.6224975179086589,0.562830106651659,0.11914644738102267,0.2518763931448429,0.5515699737779637,0.558862490201289,0.9138900580525179,0.23696042091000533,0.11755110720345541,0.03462478588037593,0.2615911002995672,0.4922394948055161,0.8494651567380996,0.8016705709423213,0.7855491270781465,0.8863639518369502,0.5539265111884654,0.5514337859367799,0.7511819656370755,0.6042689429713648,0.7386411691703894,0.5766560076992235,0.3088401578927836,0.8114095919616418,0.7503688440145571,0.9265674286331482,0.6286504102298706,0.7627467786601317,0.31104941439189615,0.6669951701700082,0.2704474064833502,0.2012526713005706,0.7285430506212647,0.3706279094690913,0.0028348291121247406,0.012849037898090422,0.16244179516977922,0.00018416463832219703,0.000562054096596764,0.39087000952409123,0.2823845535020298,0.001875655093417499,0.09278757518737354,0.03816877875025425,0.6228834490679467,0.0020727546086985738,0.13653489126020907,0.9331259189425255,0.5600182064295307,0.45339986734238247,0.9456728038186223,2.0261404887431025e-05,0.8869443763747706,0.8970110013952839,1.5803858391988462e-05,0.4280835785639091,0.5369438583659335,9.66821786951443e-07,0.9447016443852747,0.3622200678867934,0.19046422893607395,0.7261944983395225,0.7214237386415888,1.4607908148493002e-05,0.9322962805802704,0.43218937075605757,0.9331588105606772,0.9288603188475024,0.9222261636135252,0.03518932792459599,0.9331588105606772,0.3878112149529017,0.7432592978695056,0.13193965632516383,0.03214566119326463,0.9408358452513281,0.7622239827171754,0.35680764650250096,0.34743541322701754,0.9357362844724564,0.19172081894301096,0.9169406931608433,0.647237120514517,0.13997028415996354,0.19682672471979207,0.6084858494631581,0.012457566754771143,0.44761478404686533,0.7278715722683116,0.1220930388153677,0.9582456425309472,0.9248598173295195,0.9301746266898115,0.6749343125421902,0.15791581634999463,0.9439613220979797,0.3723249488142816,0.16671719011473857,0.32239836827106993,0.1871258181487332,0.1988630305277942,0.9858263078101112,0.006396582900204702,0.010433801218069076,8.565872016401652e-06,0.15370697580809906,0.4135843218353641,0.9820634340902263,0.6812641187574033,0.6706366625269231,0.9350432911152695,0.13367118967734887,0.1942578883565393,0.7377444679882644,1.0,0.6652021199709701,0.9220238066939441,0.33356654344623937,0.6685729533635958,0.9804054210703292,0.8970110013952837,0.9499313309316394,0.9698713518457864,0.25380178939865083
rh_MVOcC_R_5_2_thickness,0.8894939446463839,0.5967182279463078,0.7559686676411421,0.8771948410896389,0.8653752008358476,0.2828045142452279,0.0863335478080619,0.7401460284834369,0.003598097335492287,0.18495353651866003,0.9101004920158328,0.8205696197250282,0.30746496869838696,0.4841340135760491,0.24900077737780932,0.9005480736375633,0.33779836892064996,0.670926762216292,0.5885079268145643,0.15542824761148755,0.6050274038420436,0.6289462760112198,0.4879661044313568,0.7415643938059707,0.8832781389798088,0.2574848165435795,0.8272469631908008,0.30915938524681363,0.05174163950581064,0.9157165580738875,0.825003262195128,0.6972909784567017,0.9999182687141259,0.20216403385743537,0.030740770528484344,0.8856741981120344,0.4795024898319078,0.5195472569232202,0.9268215895986422,0.49416897821400996,0.5161644941919165,0.8333734874487263,0.9128292361910663,0.9235167465773002,0.5692131624380941,0.5282341488898782,0.6518173722770778,0.9771129601582491,0.8890667831682868,0.8483104013058649,0.6981099808154183,0.31452940281737957,0.8974646223556356,0.6262384936167154,0.4478220244688199,0.6159411584737341,0.3811785956303618,0.05578667506630559,0.1990374439617274,0.8238549877849903,0.7952050578448184,0.7753411799575556,0.757649767808072,0.9426646513013279,0.2660574343575307,0.4804656252095949,0.8451865640193605,0.9186043135739546,0.5105728275843643,0.7393859191697261,0.5892230817460719,0.6499905165102274,0.4713271735332295,0.5116040018316891,0.38478548811291413,0.1622884853380148,0.714731917808554,0.11205281453010196,0.807921561467508,0.8956387281775617,0.9031686576725728,0.9174358218652251,0.6816981267195681,0.7187314877511521,0.7174406178380286,0.3230116829928356,0.9813002502885153,0.4760480587758472,0.7354087245654092,0.9470967304824209,0.7985756350675635,0.4556596434743536,0.6425813435610024,0.7268759575055774,0.5466551684700822,0.9231607734335621,0.7637918382470825,0.6697719321201032,0.9827186766449401,0.8758413348412606,0.04087917117164928,0.10393046975677908,0.5989551022528874,0.00542903881488098,0.012585900031006469,0.8863626620192808,0.7785228427614435,0.030679010875624205,0.43274673621406307,0.24900077737780932,0.9877676474854695,0.03300418990015007,0.5398433767871131,0.7293968102520725,0.541068861855297,0.2363556404638491,0.8082304308549708,0.001019198845916891,0.43496701574605534,0.9079118278190725,0.0005344036139074572,0.9219595512155501,0.46062953051137956,9.646012739118642e-05,0.7765144339124996,0.8693903619288856,0.6429285276819294,0.9878198008878394,0.24236203568303527,0.0007986309105279531,0.7742047472084912,0.9088582282807417,0.8597816502761944,0.8684451039603186,0.8793817044359047,0.24515950368891656,0.8597816502761944,0.8877826096404189,0.9788349681997757,0.5385988901075341,0.2316416272553274,0.8382135069991656,0.9644355924074484,0.8663404184151584,0.8570362641505652,0.8043886358376691,0.6447056504851305,0.8832781389798086,0.20685789284034173,0.5547320053708429,0.6517769506423288,0.19206747407199168,0.11581137060146952,0.22742106047734897,0.9791754806280295,0.5177312507559724,0.7518125258833861,0.8654040126342457,0.8499026636520421,0.22520967638743855,0.587403098875407,0.7647746163106117,0.8770942236035704,0.6019457962914485,0.8329899732946924,0.6324838384111194,0.648260785817391,0.7130637995497194,0.07815800470589114,0.10470221711649491,0.0003478376175247199,0.580122369617425,0.08693074856082636,0.5871774388774076,0.9992703041132283,0.9984137885239687,0.8234630313287927,0.5421655455814312,0.6482490317624351,0.9820891866634047,0.6652021199709701,1.0,0.7378524499659745,0.783916766385397,0.9044228952885653,0.6089028877355201,0.6226611401494444,0.5137655657874485,0.5197513843199221,0.5217184358884546
rh_MVOcC_R_5_3_thickness,0.8058744808450148,0.25692724035927955,0.32960137945689894,0.5427924435623125,0.7299247467713088,0.05203122252138588,0.012144726283323925,0.3194471244835832,0.0007397300876756108,0.024618081522513525,0.516252386734982,0.6375609052589158,0.06114571127100956,0.5970081347315719,0.46615034798817157,0.8548814536054903,0.5028013280726795,0.26097621346926714,0.9397657152748489,0.5111486185561904,0.4476413262919906,0.9710178098826177,0.22265147019740425,0.8151721428831611,0.6479200296448356,0.044785354633195426,0.4438268768339333,0.4241671787131617,0.0032459226450700673,0.7019445471207699,0.7626113127383622,0.627981831422014,0.7327518433682509,0.5539256233139911,0.0015725440012980488,0.9348976388480721,0.2936675329026915,0.8453749699759473,0.8524760236661155,0.5031331260535453,0.15799028041755758,0.6116639596236882,0.5124684023656352,0.5828665922186897,0.65244286317982,0.1652723366927648,0.5312793303666167,0.8291126293775746,0.7296238299858575,0.4269066650239991,0.9956593900373982,0.32427662599089135,0.6636206665209554,0.6661710385856026,0.6066863598377518,0.6609493592323127,0.316501382892945,0.018432032834182648,0.2933972843385526,0.5094869175821576,0.4515400224610928,0.7851935606191864,0.5646388844976682,0.8333860224831342,0.6768140304424712,0.6286810898031863,0.6211348901636341,0.6427415710356832,0.18854093246708392,0.36045465679513,0.6515520000644833,0.6353152450371634,0.8888703521503127,0.18800421496984682,0.09213551264826891,0.01962601258346152,0.2962807987997079,0.41291596495832844,0.716805034364737,0.9169910332653988,0.9016947445784421,0.8940104432218822,0.6179518593721269,0.6116441570916807,0.9334730444509478,0.5890936074415716,0.8202572742112981,0.6992469228223979,0.4373936486456573,0.8061841321895191,0.6396834976032089,0.7912084025465538,0.50898297275977,0.5911879845154003,0.25519813107009537,0.7713518955251706,0.33832764103283575,0.27194656527192673,0.8116639055790865,0.4543083900321631,0.00682954538142758,0.014049705552644263,0.22536021895789643,0.000771868854093431,0.0019241354034700779,0.4685135323382451,0.35131221255903,0.0051603874265005335,0.13332231674484304,0.06202511299185916,0.7087662931755147,0.005604590969566874,0.18611579608794745,0.9994356870672726,0.34973903305956544,0.30344892764376113,0.9815309197409376,0.00013632367751907864,0.859928329793139,0.905215254007575,1.855379239783492e-05,0.5204072068839143,0.4448519857813907,1.2120388154675818e-05,0.9929180188084512,0.4471710511549322,0.24629695982029565,0.8049494344925031,0.6422355182668624,0.00010781490314482592,0.9964102261750496,0.5074856080501675,0.9487925399169579,0.9410886782422729,0.9301520777666868,0.07432368942257327,0.9487925399169579,0.4691321749198553,0.8257260879970352,0.19722359243529944,0.07260759046662718,0.9649410459408059,0.8504634623068761,0.4474959922275626,0.43480252879907066,0.9878202131935182,0.24724292696069977,0.9348656597207304,0.566591599980716,0.20279143332872496,0.25110462559943747,0.5236559751052348,0.02255186249993328,0.29607664646757864,0.8139737406771725,0.19769178708230983,0.8286175958175863,0.9530330034165642,0.9644360047131273,0.5987681667604967,0.21553578608367732,0.9953834232412491,0.455758171503932,0.22193047056096943,0.41438108221926706,0.2371029655575026,0.24603890705368855,0.8714689573641545,0.019429161065005533,0.021475063112209043,1.544262013229509e-05,0.21251070763354624,0.3200585889633024,0.9375491569548373,0.754570944907867,0.7481604771564518,0.9796727911580361,0.1984167036128789,0.2491581724872962,0.8188828966078334,0.9220238066939441,0.7378524499659745,1.0,0.45464286965387346,0.669582495114473,0.9528922638330626,0.6965366903629748,0.911190840174879,0.886147466415244,0.20258570427380093
rh_MVOcC_R_5_4_thickness,0.6306386020824172,0.9073848540017715,0.8435744444604063,0.9723359573301564,0.6233456439068776,0.5332739774942697,0.3344678271458541,0.7896089054235698,0.007072285101226993,0.47304751862763894,0.8205036845841086,0.5960519959868371,0.5299470581030676,0.3199933969203733,0.18217221432931527,0.6280342909437386,0.10309374454094439,0.7717630128190062,0.40124675458211423,0.04629280481101308,0.5556858663924724,0.4102497111552888,0.36526273159050043,0.39948922080384425,0.8319653933885482,0.4962907585295221,0.9839339938351266,0.38403026816024455,0.2719344477200485,0.76712868236841,0.5881465257996759,0.48006921771380867,0.7892029343273071,0.10988025852492074,0.20390202882210265,0.5481983392841736,0.751028386047216,0.38989462456454227,0.6158416639498026,0.667406315932473,0.6946281764054352,0.854617774393333,0.8399735147982126,0.9402981716377281,0.4037315434648481,0.6895561728273558,0.864341271272394,0.6942628552597008,0.6448626186561226,0.9254361906084496,0.4399607065931394,0.36033047699390075,0.8165002262027975,0.3074565111955332,0.3673494474422496,0.4314961594819769,0.5944047630515795,0.1027721058131363,0.346273274638609,0.9905555604700553,0.6565825764723571,0.45041056662774004,0.8952001597073945,0.6478295493394017,0.1253296846270324,0.37510674708053365,0.8452477459833887,0.7092051530002916,0.8336883018357378,0.9704726813927802,0.41209100348226535,0.44363186982648317,0.25111934210827147,0.5019051963115743,0.5810860256462279,0.4470703984438985,0.7888300841958737,0.04485240719027159,0.5501878374083748,0.6042315200934529,0.6146511951379573,0.5885829464748209,0.4652217986395589,0.4979384602033011,0.522625452257943,0.24175073057207636,0.7027354031554345,0.39746135720518666,0.9934769623352881,0.6747080006410986,0.6657341748929003,0.17427714596620733,0.7170529506225206,0.5704988529069481,0.4323387073788878,0.665929641046608,0.8804021754367815,0.8878217045576329,0.7084770014840396,0.899066977361332,0.19149130987916813,0.37444511332232006,0.8586727646793746,0.040564311030623454,0.07878071438541188,0.8693689842434866,0.8808528820288051,0.1530559391024335,0.7527804520054354,0.5810763876963276,0.7735093854306117,0.16125400680949947,0.8161964353910698,0.4424043145261042,0.41489696037896395,0.4351498550773034,0.4818692276819128,0.008918725475768254,0.23420384552742535,0.5747636001863075,0.01225222806262169,0.9168940545126782,0.6804258671416092,0.00044872581783215364,0.4639236954918815,0.9060993395232542,0.8519810009415101,0.7178333527829959,0.11460114733603079,0.006737898879940226,0.47063797607786645,0.8372475715147027,0.5201530690764373,0.5282366132512135,0.5394449476278571,0.5675404757815193,0.5201530690764373,0.8842240446990489,0.6975659902773803,0.8419115580924168,0.5426530825921607,0.5023949952799088,0.6733776117410116,0.9263578912559846,0.9180348014723789,0.4863138283772405,0.851457867210019,0.5451267462528233,0.1103463782137243,0.8445725250139802,0.8491944277329091,0.1089571909821787,0.3795915862823975,0.4232966497159343,0.7036027651512514,0.8445851328467977,0.40797217437352107,0.5289521152008695,0.5163468440257017,0.1200244955142659,0.8455436844473276,0.457350101588186,0.8976281185582632,0.8441056031489022,0.936701690142825,0.8372867719203367,0.8316626279330344,0.3646312005961358,0.25843200043877,0.3506446756118409,0.008254159423361952,0.8458317984183135,0.04289559605779806,0.2983462957518974,0.7674109650995277,0.7681735637230807,0.4978448936444506,0.842626916547605,0.8503602102296859,0.7042388733227549,0.33356654344623937,0.783916766385397,0.45464286965387346,1.0,0.8133545259968227,0.3195976053922621,0.2952534288378643,0.2622804397709413,0.23973633392452223,0.4861953858456138
rh_MVOcC_R_5_5_thickness,0.6538844622805673,0.5845105344328703,0.6883739042805664,0.9170816584519188,0.6154426212294211,0.39347097308875983,0.1363251982663143,0.6620633170828073,0.0007509322961268798,0.30070670475352884,0.7720284227721489,0.5719609627728865,0.41771838588992793,0.25924064428611354,0.10705280711737772,0.6848403060130737,0.1994933646995793,0.6231536421097584,0.5706190981090268,0.18112571970616453,0.7968491367224074,0.5961729401039672,0.4904208926279921,0.7734317301783049,0.9979511408068767,0.38410122936879304,0.8183390805155788,0.4766031887465817,0.116956880435356,0.9955088151005902,0.5664265989436602,0.44041802668362995,0.9082110220922558,0.29916760306532564,0.07556678574627046,0.8207268296055605,0.4140015440661267,0.5326722892544333,0.9078487752878134,0.6249821426687462,0.5328563164839754,0.9830857856220598,0.7866747577196818,0.9425734689037526,0.32029985210694556,0.5397904119495212,0.8400382383324085,0.8305812185066799,0.64752481106943,0.7881924896604579,0.6384398233877944,0.1692417760542482,0.9998294826952503,0.658061970271719,0.23309305941574035,0.3593087494110327,0.637285316767187,0.021668814839142125,0.3841634431109535,0.8784260698396092,0.6210526126951343,0.8241007327774696,0.9292935239907896,0.924977086766744,0.33889997079090917,0.25427901542478837,0.9884533281304563,0.7077378713490368,0.5087732709805834,0.7254265486186937,0.33710876906292,0.39370331007370163,0.5141588736949392,0.5183728418735917,0.46263764713391564,0.28075434496455154,0.6493006792105386,0.1687537057954933,0.9014633338219371,0.7180821437927688,0.7170367858703963,0.8687718141230304,0.42752795416413425,0.46583820180638036,0.5627389455951423,0.4412090175794321,0.838556916188135,0.5091928107964869,0.769705494047308,0.9455551284436424,0.9523341309307958,0.46570587374456385,0.8836611779257417,0.8829916830800681,0.5029395321734984,0.6991308776504536,0.7059308312791271,0.6441266441833399,0.836678342788971,0.7942743885595942,0.05769543260867182,0.16612588072144457,0.5877694231319534,0.007712022000857833,0.01783471664834867,0.784137536643893,0.7156654472372483,0.0423002107396335,0.45361533266167836,0.28646778584109167,0.838493467731287,0.04532890286060054,0.5416504761102864,0.6705517937834014,0.6352850323595074,0.4479530656184245,0.7427087361265914,0.0011848910446698284,0.48881820502640383,0.8565364568952978,0.0019599366111492686,0.8548997403688349,0.7152492210145687,2.9893417310003787e-05,0.7118773866107034,0.7934202279956212,0.6198914187789507,0.8534183857465292,0.31832659956791354,0.0008369583164551513,0.700871961337472,0.7816923248632872,0.8001887880931804,0.8111082603616526,0.8256280911242314,0.25120536320605796,0.8001887880931804,0.7946344726436652,0.8339298708668699,0.5362980462922693,0.2299596246991723,0.7747826506080988,0.8082453188335503,0.8044041141598139,0.7907592610740579,0.7293541251971671,0.6210526126951343,0.8207006647267032,0.3012518217565222,0.5510842960838751,0.6255604227705447,0.2948406013511957,0.15154869394706147,0.43542973564316934,0.8255281357494271,0.5127858591708564,0.7801841945179446,0.7952646528402454,0.7771237534284214,0.31856425378495046,0.5786368027908184,0.7018693118462151,0.7943913874289688,0.5898428455838096,0.7825360048173788,0.6111163379463237,0.6208148697534792,0.7261652369962704,0.07917735616711415,0.131764171132966,0.0012050310608655041,0.5727780460538265,0.1587108167172605,0.5988361119373928,0.893726281055255,0.8810673082090426,0.7485186385396685,0.5396334723004671,0.6233341427358517,0.8405457311781217,0.6685729533635958,0.9044228952885653,0.669582495114473,0.8133545259968227,1.0,0.6141538311588248,0.6481636928207913,0.5429752827411289,0.5423084533329532,0.5173139179135243
rh_LOcC_R_4_1_thickness,0.6662022484497383,0.1475442560310563,0.22346675798383167,0.41630549023984076,0.5960408547144821,0.043933044512568985,0.005541733645444151,0.22406317099399303,0.00013535632242879888,0.02121374717317233,0.3824238189803322,0.5198219865491344,0.05341406529760637,0.5395073672123057,0.44333176915854916,0.7170292571908187,0.4968677837698867,0.18016739968808226,0.9103712789885775,0.6389996992840403,0.5653911839261294,0.9394145579013091,0.21243247561324302,0.884803238444861,0.5952405179106841,0.041340871853754735,0.30599138600749287,0.49625979127546893,0.0028839344404588303,0.6551076044861113,0.6307744099498338,0.5341736352899262,0.6039792891183517,0.6937864368452751,0.0013110643796398064,0.8796428216123446,0.16877204706002175,0.8188638072115362,0.8046640366625744,0.46559689410424054,0.1103316628961307,0.5676820491076471,0.37704679371737093,0.45723963745868745,0.5695607221444232,0.11728168918203859,0.4915398438756951,0.7009623343228826,0.592846701900028,0.29388288642875277,0.9511223335815007,0.24599805526316443,0.6104415216238245,0.7850584234606505,0.5309458147135276,0.5716733250674163,0.44262834979941207,0.00535490564599265,0.42044205371759,0.3827239818094454,0.35353904927842184,0.8468251867252388,0.5134816053071917,0.7759633119110216,0.8134984486040284,0.55108609188361,0.5776182697273727,0.506599278975436,0.10299304949782598,0.2304189511249236,0.5674854075984657,0.5477683170021874,0.9671368041107715,0.16607702538409402,0.07399971323357334,0.017885266837801134,0.20557795677423302,0.5447269376037588,0.7668234764980391,0.7927321356500425,0.7730979481944507,0.8375104289626616,0.5286917946336807,0.5167363173329123,0.8195534930665542,0.660503755499836,0.6917943481583382,0.6623031664208152,0.3033752134819931,0.7486874204183751,0.677154825727174,0.9178431004621868,0.5755199276883907,0.6762008444724559,0.23191629779187864,0.630059757668164,0.22484652272783065,0.16828059616026242,0.6810391327811423,0.320353465963363,0.0021436916770454974,0.007267506123687798,0.13397488134313526,0.00016277413948797743,0.00047003970093152143,0.3357087391356516,0.23550972834389428,0.001495251814678471,0.0727235818397012,0.02910875047153233,0.5671613224930183,0.0016476991615199696,0.10878712028286291,0.961831545541517,0.4575205411485203,0.4288871609037041,0.9394145579013089,2.1873917861644107e-05,0.9466631498116194,0.8511045018167818,5.7566822503396425e-06,0.3796439152413716,0.5151730595800805,1.428740481687224e-06,0.9525880885683427,0.3134433657266248,0.15365277312359107,0.6763998996374905,0.781636678672017,1.663045492321458e-05,0.9471647240594648,0.37297059390160414,0.9039485429078,0.8958141365600467,0.8843484887480895,0.0318174222457317,0.9039485429078,0.33473880430957903,0.6975080695649001,0.11112509418827372,0.03025468184748982,0.9212068741772761,0.7228405647012155,0.3119527500412591,0.30149399393216336,0.9370434718484872,0.1545525968441665,0.8818915149179314,0.7065050815535312,0.11635658477162678,0.15822847010642604,0.663246842478751,0.009038031383781044,0.4228586772967931,0.6818081074954951,0.1078076539209187,0.8911994554832483,0.898977896021772,0.9111811070180555,0.7364034000440637,0.12837431519648992,0.9565274390791312,0.3217583800630964,0.13442499039145367,0.2818373399819262,0.14883060152451374,0.15734490478433621,0.9358810721842288,0.00623300606514814,0.008066082656075458,3.5772606020920874e-06,0.12551659917755142,0.4501706917124422,0.9987102998044222,0.6257306389749517,0.6154044699009367,0.9278367907616503,0.11224508657305707,0.15637517283707417,0.6905401523566439,0.9804054210703292,0.6089028877355201,0.9528922638330626,0.3195976053922621,0.6141538311588248,1.0,0.8142115245265202,0.9869789982781251,0.9816492908674784,0.18039555570131632
rh_LOcC_R_4_2_thickness,0.5785060794076741,0.17031981789597836,0.34045069858683125,0.4137972398769919,0.55549783582701,0.1537175786488284,0.023744796957499457,0.36060887411432774,1.0338417576143316e-05,0.09259492739697092,0.4742929581128513,0.5348821544499113,0.17726951461729587,0.4058938274465469,0.23235233026172047,0.6014098559298695,0.4294211619398162,0.3200005464778646,0.5629602550938413,0.6108459236584532,0.8314497424114817,0.6118112336816426,0.4114862819651633,0.9574520656626526,0.624494159130137,0.15073909675881078,0.32739066476349127,0.45586074215599726,0.02052944956665815,0.6980014157599422,0.5395822290663177,0.503003833043956,0.619699123385263,0.6084421942997391,0.010874459385727876,0.7876996834031078,0.07957544258142182,0.46635790077412786,0.7970457847702408,0.3284356532268099,0.2497933199455027,0.5845585747071316,0.4659073787227313,0.47243634935662737,0.42155889751897635,0.2621752579401523,0.4237722244197842,0.6587707403311016,0.5640472977790288,0.3670919890108356,0.6603726208709757,0.06919809261524282,0.6442071132408174,0.9983810394903314,0.2950164184461274,0.45085147920480084,0.6289870595573894,0.0009159950874182907,0.5145771442671351,0.3572401195137615,0.48130043102970976,0.943192738279961,0.48600827222572124,0.7759625774368162,0.6927802541698731,0.3331721950242509,0.6003199184689652,0.5487834005693626,0.14720338575521558,0.25510208580778454,0.4384603261637951,0.4823289340295241,0.7445090707900051,0.35730536096361953,0.21315478014977496,0.0827514612337393,0.3422452276313938,0.5413842026540991,0.891194799698406,0.6404662258034037,0.6334284668981495,0.7911596679823699,0.4999825282854807,0.5120996883057889,0.49597994337925577,0.4840698820650921,0.6568052168091578,0.3583155270712989,0.2559426281167798,0.7631775601574,0.794209401308559,0.9099388617253547,0.6837750184921201,0.8684615477405448,0.424861903260841,0.5872033672279195,0.32483568237288973,0.24780911743520379,0.6502948460462358,0.40323769225207506,0.006547498896361763,0.03253638523461524,0.20965977498017974,0.00045967988695014864,0.0013548327293871213,0.42743064940811154,0.3358309806420612,0.004245095833372249,0.13794402614870388,0.065315226182845,0.5886620122675363,0.004658335131269581,0.18944264010313505,0.7123998364442752,0.8279390376694109,0.52952580881268,0.7711268266610757,4.292420296934335e-05,0.7238058337575568,0.7947155273251696,8.975170797540278e-05,0.43890964201741745,0.5377884553779566,3.66305851656577e-07,0.7498916424537566,0.3942743826845394,0.249494583108444,0.6532755344726802,0.6737814058164984,2.7566957179206382e-05,0.7261870960761303,0.4639244755417355,0.7970457847702408,0.8000291534855726,0.8030306340155495,0.0461343228129944,0.7970457847702408,0.42091080758847743,0.6581969671687936,0.168631694149668,0.03894129489192925,0.7877167004612073,0.6607571444214615,0.3820436169799325,0.3779999593293154,0.7481979522716875,0.25121557876453426,0.7911257535002192,0.6166211639443735,0.1815453106660033,0.25814391023638616,0.5902139040697204,0.025670439790703495,0.5280063213398851,0.6468980569305928,0.14440890750862848,0.9492444179497597,0.7812965976653476,0.7744641818806246,0.6292842915599614,0.20910485836213125,0.7431447492240588,0.40502152315474466,0.22203331327786144,0.34889832218197314,0.25069330798363026,0.2664113035573744,0.9412036483442718,0.008759336667433979,0.020355483769537216,4.885635831177382e-05,0.20279104917288857,0.4927151135724222,0.8314117151796026,0.6323699237561313,0.6232911955264379,0.760205291593687,0.17144908408308346,0.2546710584536371,0.6568369040955649,0.8970110013952837,0.6226611401494444,0.6965366903629748,0.2952534288378643,0.6481636928207913,0.8142115245265202,1.0,0.7916075334736439,0.8635314599807246,0.3740945003102127
rh_LOcC_R_4_3_thickness,0.5839995335108674,0.11079565439143947,0.1667334737555805,0.3477012069730778,0.5154720120472196,0.028530989965640127,0.0032199510143549933,0.16697954931589257,7.80702411830479e-05,0.013036510195076997,0.30212093879337654,0.4428993681623263,0.03530876232230281,0.5198496429725898,0.47733530788886125,0.6341399707719994,0.47608245581902897,0.1314232291477786,0.9150524968745425,0.7277490109835076,0.5571222864932381,0.931003599863796,0.16366360796310078,0.8383576520039314,0.528182814628168,0.02681780498544091,0.24388488267185288,0.5003503122330077,0.0015593982106900687,0.5811633347681923,0.5587001336159306,0.4745314218722302,0.5091724689449905,0.7821132144976852,0.0006783147372631028,0.8007099022600478,0.13627735366593816,0.8429770676248577,0.7207726533391171,0.43638961575337476,0.07697677193937788,0.5091769537141349,0.29741375457876784,0.3815904640305968,0.541523882295867,0.08229575214108877,0.453038546059731,0.6053238436143145,0.5086889853364014,0.2276693385407219,0.9215988784295235,0.27759052109001675,0.5406819770946467,0.7622671514212302,0.541523882295867,0.5328763889363166,0.4627002232039157,0.003546889994551833,0.4502310185112406,0.32084764886039363,0.28097955193928564,0.7952646528402454,0.4638643120838956,0.6899390506147874,0.8903454659952639,0.5510390720038412,0.51735036263262,0.41887387502899487,0.07422166770635319,0.17892065248643346,0.5335561214337736,0.49732630727974025,0.9939483203302012,0.1228971816397609,0.05011395052026272,0.01087437231747381,0.1518897087174505,0.6413902369079512,0.7131327188033341,0.7120918812171694,0.6906262948897354,0.753399940250066,0.47063976488883896,0.452473073273369,0.789900225480568,0.7100864601769282,0.59573077285626,0.6861048266520977,0.2507551606655385,0.6633674672150949,0.6287359027747867,0.9350392215392654,0.5550334224071471,0.6431582915247397,0.179759515094845,0.5415399443174073,0.16852718050149804,0.12386619820112019,0.5848175866523566,0.24919498805929302,0.0012604886154446062,0.004232529012235641,0.09685614716365251,8.988908157520984e-05,0.0002665961749063155,0.2616289596138237,0.1772468422155045,0.0008759063480147638,0.05014823524534771,0.019058939172494457,0.4723184514269158,0.0009680997210824759,0.07702541639169574,0.921719744306039,0.45059943022441357,0.4565235535511831,0.8775556335410915,1.1620499106271934e-05,0.9839390714470972,0.7684772996350012,2.472944783934301e-06,0.302491303983139,0.5120052032819877,7.198422168826572e-07,0.8990296427005644,0.24351360043879855,0.11144424605427913,0.5798550261377824,0.8635876251263785,8.807606558027438e-06,0.8949471160921243,0.2937982384975787,0.8302327784706778,0.8203520919440037,0.8068089104640823,0.021710862106872512,0.8302327784706778,0.26116029878770264,0.6016874926177203,0.07987848704968066,0.02076924622438829,0.8521716365581691,0.6288246648534748,0.2432341852706024,0.23379210851454757,0.8766545761603535,0.11212138513354387,0.8034537236884951,0.7945750247099311,0.08357737861713,0.11489726130001121,0.7513640755602278,0.005568843002912384,0.45161732337256816,0.5858999443728274,0.07837691521577692,0.8423631155238842,0.8241007327774696,0.8396903645645328,0.8218592238160196,0.0922316822441619,0.9061380508923247,0.2503553756203667,0.0966647989355012,0.21809234945691547,0.10740435685114896,0.11386601631293881,0.894010707520573,0.003992779046436814,0.005009156912228429,1.5708712371682887e-06,0.0901550330019995,0.5410562365075895,0.9904683767698593,0.5297904723777658,0.519319581104468,0.8626038988125191,0.08066662426092078,0.11349578815994305,0.5944085158208627,0.9499313309316394,0.5137655657874485,0.911190840174879,0.2622804397709413,0.5429752827411289,0.9869789982781251,0.7916075334736439,1.0,0.9886832450878507,0.13494547855646616
rh_LOcC_R_4_4_thickness,0.5898428455838096,0.10114109290898077,0.17903987527346915,0.3305407731541109,0.530068718374027,0.04080343630119585,0.004002215880353314,0.18570359780899992,4.3245187653314935e-05,0.019740116697690477,0.3174920434094692,0.4675389259729493,0.05010518487957459,0.5203891986730271,0.44013527350526566,0.6346864810102724,0.49440056000450544,0.1493666928850185,0.8529164887959934,0.7277803316557041,0.6136834036866238,0.8804190659454922,0.20578933568231517,0.8833791025412041,0.5246478529303232,0.039170576914660866,0.23125514483715653,0.49584750727787896,0.0026682033748276464,0.5863915404050801,0.5660982027516799,0.4964639456113391,0.514841358426335,0.7602772943492297,0.0011964399569700315,0.807614997401334,0.10938730392462419,0.7634920733971433,0.735111219563714,0.40297805408666093,0.09402655342233858,0.500904937185404,0.31037328286410076,0.3703188169279194,0.5384370982736576,0.1007574165941098,0.4275295687726394,0.6120912431226546,0.5238169773454427,0.22885503152396813,0.8860367294144307,0.21905716800956448,0.5395095168326808,0.8374211959027895,0.5046661070237026,0.5369076402313722,0.5000417398506776,0.002275477020635619,0.47617604585266277,0.29812436519508567,0.31334166907724037,0.8393563653526768,0.4444778999403169,0.7026115587505235,0.874882222091923,0.5235278882449307,0.5109320088333132,0.43927968903290493,0.07055847562697795,0.16736477634925734,0.5355763437311092,0.5135801407395802,0.970535600110923,0.1572439098075633,0.06769503409048237,0.016804700349546405,0.16975729251983612,0.6339125325640382,0.750997211198674,0.7062819556965722,0.6868593930677915,0.7646715683213572,0.493400607489327,0.47832831674415616,0.7399425638334544,0.6591251742408493,0.6028412455433239,0.6028069819921711,0.22417784957448061,0.675326488794876,0.6528765331380095,0.972931004633899,0.5715515480554676,0.6880423380306822,0.22207142815947217,0.5526898092401085,0.17576072371672585,0.12549064961209352,0.5922690431071527,0.2546966494952728,0.0011741279380981717,0.00561669989334646,0.09826702377205193,6.788981472472327e-05,0.0002167919000534216,0.2714982209983945,0.18484619692112653,0.000768236415644936,0.05200667619461686,0.019444893014509634,0.482577287331902,0.0008538330531391749,0.08027894036263322,0.8987945844334042,0.5331639276103952,0.48217784605968966,0.8734078794297808,7.217781056249725e-06,0.956526337324533,0.7792484288920432,4.079340736493136e-06,0.3029494140396993,0.513651455123547,3.5147218959349535e-07,0.8877449240233439,0.24794088061573216,0.11714473498767003,0.5873039675023514,0.8476852375587369,5.249184395322531e-06,0.8790065666497571,0.3072639455721386,0.8361952120515008,0.8277897232172847,0.8159935026505687,0.01882970337215044,0.8361952120515008,0.26878233933686424,0.608597782478584,0.07833629778080525,0.017362688219073795,0.8541589364644022,0.6342823345119036,0.24408680552757017,0.23627470855191912,0.8678266481583363,0.11801425792147238,0.8107354702773796,0.7730135839928524,0.08335056102179922,0.12156797889025026,0.7295962249739932,0.005691021793506445,0.47843021130057817,0.5933611287063982,0.07309027005521265,0.8842869025133151,0.827653050226891,0.8403652964592341,0.7985488552486779,0.09489687513851641,0.8924407897754345,0.25607101830738355,0.10072334878482772,0.21713063769071606,0.11462675862609617,0.12286348210656352,0.9301039216006346,0.003081639668970095,0.004783956181428978,2.184835075664152e-06,0.09214799785754263,0.5383170615068599,0.9899062798772387,0.5365180763075432,0.5266683615853627,0.8579328912601096,0.07940912119485666,0.11977594319898917,0.6015585834495987,0.9698713518457864,0.5197513843199221,0.886147466415244,0.23973633392452223,0.5423084533329532,0.9816492908674784,0.8635314599807246,0.9886832450878507,1.0,0.17132244214468978
rh_MeanThickness_thickness,0.42511742730610536,0.5691349421409156,0.7340465335958235,0.5220772792085482,0.48931457519163346,0.8332898809837438,0.595776350465505,0.776817585500448,0.2923899598743749,0.6504787283562097,0.6516681493056771,0.5770766293490334,0.8433185182893814,0.5499751957670149,0.5247675535103431,0.3885526499648988,0.6612132282496651,0.8104767357936655,0.09576244315132573,0.045851144970657454,0.49577277109629186,0.12335526574763672,0.6620804314411235,0.37984338199170237,0.5122284062197825,0.43385194340931543,0.560841567084747,0.050264034235535014,0.16863113452685063,0.5149440349165872,0.44033768846620636,0.573991710578946,0.5245612257206795,0.02201580907385747,0.2205914343559751,0.3563916755585881,0.2676084113078524,0.0540483510358803,0.43913238357785317,0.12987756671447348,0.8820496361923963,0.49172688429508016,0.6474176805074809,0.5435757877196302,0.47613586826681753,0.8899536194246853,0.3392375684017469,0.4526280381111846,0.49651902732796355,0.6391606059741748,0.16983490957488714,0.286384762967688,0.5159998274411552,0.3941123173156593,0.3835201078551803,0.4911893764142363,0.34001300108586596,0.5027322178593125,0.0837928813533157,0.48668368491264447,0.7475967154091654,0.419060893373391,0.4332080002014252,0.4566937598249016,0.05088403003228049,0.4063185044087595,0.4982730300999509,0.5785180697025323,0.6326859274223342,0.5676945996136076,0.49364885759742416,0.5518873488852278,0.10411512385712426,0.9991531404076878,0.9311710607872463,0.3282047140630454,0.786465108753563,0.019322092591139137,0.47740615282024496,0.3416810078269406,0.35626479906699393,0.40336342699462263,0.5861595486919391,0.5994556684026984,0.18064377719022126,0.010563175171196674,0.4607759068824178,0.029017690854477418,0.44073651133957426,0.47553206647628393,0.5052559699467006,0.18983154996574406,0.45200541073230294,0.5008658350355961,0.9910025160436087,0.46986697442736597,0.7006202800289981,0.6822330047594622,0.4667150336923833,0.6486298128009368,0.5077879749398857,0.6239104844759592,0.6903973625956966,0.2982559579348078,0.38288428859304946,0.6588408644287268,0.6976649401269633,0.47842210332466495,0.7126977649235755,0.6801873494039585,0.5368084431626081,0.48628218228227815,0.7192709033606277,0.20205409722329765,0.4979726826989003,0.1370204501136934,0.2764564360068436,0.1678146927249127,0.08740044288280358,0.39104441814262764,0.06783996360876883,0.6071766912262764,0.27760045469341593,0.06289491858967368,0.244886098218998,0.6469147924095195,0.7240192732266479,0.47436279238165224,0.04348052488081651,0.1538903628503431,0.23508932069274244,0.6512920465545702,0.3344121165617378,0.34528146574247776,0.3596596159818553,0.596315136099003,0.3344121165617378,0.6507259077660157,0.4558363203200512,0.6609271042785325,0.5760400119354354,0.3089447972182591,0.43106412589167864,0.6315845259054222,0.6427255833493603,0.26433136704672544,0.7253055348065487,0.3558682147721211,0.02437314844985038,0.6762780304592585,0.7303253823681117,0.017098670287885576,0.6209684678845182,0.13174563723286042,0.4629239487863416,0.6115059834584642,0.3768562915183794,0.33101710826031194,0.31281983223715537,0.0282315463757102,0.7053070602355462,0.23449704393612647,0.6489197228953687,0.7173138901741476,0.6318886933223128,0.740565743888854,0.7514522033694494,0.32362032766061305,0.5538785910165818,0.6024241218217096,0.06585242232634585,0.699080757334515,0.00780429693111382,0.17935680882718258,0.511662322895392,0.5148131977964665,0.28388121583260206,0.6643779230505793,0.7278407514743883,0.46215424158094703,0.25380178939865083,0.5217184358884546,0.20258570427380093,0.4861953858456138,0.5173139179135243,0.18039555570131632,0.3740945003102127,0.13494547855646616,0.17132244214468978,1.0
