,CG_5_1_thickness,CG_5_2_thickness,CG_5_3_thickness,CG_5_4_thickness,CG_5_5_thickness,FuG_3_1_thickness,FuG_3_2_thickness,FuG_3_3_thickness,IFG_6_1_thickness,IFG_6_2_thickness,IFG_6_3_thickness,IFG_6_4_thickness,IFG_6_5_thickness,IFG_6_6_thickness,INS_6_1_thickness,INS_6_2_thickness,INS_6_3_thickness,IPL_6_1_thickness,IPL_6_2_thickness,IPL_6_3_thickness,IPL_6_4_thickness,IPL_6_5_thickness,IPL_6_6_thickness,ITG_5_1_thickness,ITG_5_2_thickness,ITG_5_3_thickness,ITG_5_4_thickness,ITG_5_5_thickness,LOcC_4_1_thickness,LOcC_4_2_thickness,LOcC_4_3_thickness,LOcC_4_4_thickness,MFG_7_1_thickness,MFG_7_2_thickness,MFG_7_3_thickness,MFG_7_4_thickness,MFG_7_5_thickness,MFG_7_6_thickness,MFG_7_7_thickness,MTG_4_1_thickness,MTG_4_2_thickness,MTG_4_3_thickness,MTG_4_4_thickness,MVOcC_5_1_thickness,MVOcC_5_2_thickness,MVOcC_5_3_thickness,MVOcC_5_4_thickness,MVOcC_5_5_thickness,MeanThickness_thickness,OrG_6_1_thickness,OrG_6_2_thickness,OrG_6_3_thickness,OrG_6_4_thickness,OrG_6_5_thickness,OrG_6_6_thickness,PCL_2_1_thickness,PCL_2_2_thickness,PCun_4_1_thickness,PCun_4_2_thickness,PCun_4_3_thickness,PCun_4_4_thickness,PhG_6_1_thickness,PhG_6_2_thickness,PhG_6_3_thickness,PhG_6_4_thickness,PhG_6_5_thickness,PhG_6_6_thickness,PoG_4_1_thickness,PoG_4_2_thickness,PoG_4_3_thickness,PoG_4_4_thickness,PrG_6_1_thickness,PrG_6_2_thickness,PrG_6_3_thickness,PrG_6_4_thickness,PrG_6_5_thickness,PrG_6_6_thickness,SFG_6_1_thickness,SFG_6_2_thickness,SFG_6_3_thickness,SFG_6_4_thickness,SFG_6_5_thickness,SFG_6_6_thickness,SPL_4_1_thickness,SPL_4_2_thickness,SPL_4_3_thickness,SPL_4_4_thickness,STG_6_1_thickness,STG_6_2_thickness,STG_6_3_thickness,STG_6_4_thickness,STG_6_5_thickness,STG_6_6_thickness,pSTS_2_1_thickness,pSTS_2_2_thickness
CG_5_1_thickness,1.0,0.9286815439668494,0.71304479345523,0.7523595120831859,0.9572234207916279,0.9076457832719365,0.7624576109703857,0.84570786537817,0.6681505013119299,0.5975471523681741,0.9931472093198184,0.2582839221625886,0.513615245395066,0.7508328468371239,0.12900719539764202,0.7881924896604577,0.9994448164493603,0.9376639095911219,0.3029494140396993,0.786938471760152,0.9145053196500696,0.8804114926186927,0.46806249039151715,0.9404508900631023,0.7541901579854935,0.28143966048156027,0.8246096972469197,0.9994087919842689,0.8165008026707087,0.6199150859911824,0.7709148278660833,0.7345340727805658,0.061733437234789496,0.5816343103785495,0.004150272754506425,0.02566557420373493,0.8366429709569202,0.8279801954981938,0.061133224497980074,0.6838395668965402,0.2857047865084037,0.886823805871891,0.8329310427439143,0.49656222146180296,0.9873229026635117,0.6359641097124281,0.6631880662621779,0.8688160696502214,0.46901363453171463,0.5139369677211154,0.2930197974916478,0.8131078934668248,0.02623952915138764,0.6835748831696218,0.8935306498375972,0.7593361012630035,0.9830857856220598,0.6901583345686997,0.7743885827818968,0.7628117021952638,0.6836787433510509,0.7517067196760703,0.909722944424771,0.48928988609686663,0.7877038201471875,0.7867269352308177,0.636833452201836,0.15706130271973287,0.14405080851797186,0.0047352409975459225,0.5574499912945977,0.009635336472716268,0.7821927074039956,0.3065918029272921,0.0003606322688288891,0.9261594428587892,0.9201949116244723,0.9701858025668598,0.5882068640169157,0.6214638036726261,0.9167191452372814,0.9106426918508271,0.06801850440632551,0.8964509201713726,0.6121985269083523,0.775634787564003,0.868108673378322,0.2728097989465046,0.0016387818284685877,0.9069409439589446,0.5893330163501962,0.7661295264572723,0.9272681205300628,0.0634959886815016,0.17211104129635776
CG_5_2_thickness,0.9286815439668494,1.0,0.5175176897325239,0.5589336780371399,0.935664408929655,0.724813515943159,0.5601364800705158,0.9530332677152551,0.503872215659603,0.47704506896446097,0.8862396043116083,0.18842216567832396,0.3237716411299688,0.8801947205979894,0.25157366570860046,0.937832666700387,0.9395901001884206,0.9941774916510744,0.49477435197697045,0.6187597223408376,0.9582717742371945,0.6887262348457425,0.2802485934045099,0.8405457311781219,0.5682794410271714,0.14953039077005387,0.8409335825098398,0.9372586595434604,0.9439992631882818,0.7855491270781466,0.8956803882733024,0.881734345036119,0.02687483711186324,0.37939214987892694,0.0007438229826688577,0.01172197114200661,0.6361316919502171,0.6294937327953569,0.03093424463094915,0.7003373069878649,0.15288890560733592,0.915534137471136,0.6334958785708749,0.6967191535919057,0.9061596008739046,0.7529388157051806,0.5212933244444438,0.8798817390725331,0.37303573353936315,0.6293450963438183,0.39743956461506813,0.9350507040716898,0.01554492313133815,0.8756237134717035,0.9137610852280708,0.5677520549985041,0.8993780600278033,0.4915358243279179,0.5971218875980042,0.5800756615938873,0.8766545761603537,0.6417052976463866,0.9362443363428179,0.6835950344534503,0.6203065597778317,0.6056007175172033,0.7799102268624586,0.08499655693585768,0.07516236836563961,0.0025049524398520202,0.3588176630100023,0.005401406340123769,0.6026179678532385,0.44249731503107087,0.00012552213795547225,0.9823284564843813,0.7434421499047277,0.8545396562847638,0.3840717730842993,0.41350851765235996,0.8062352621344062,0.7289223581003388,0.03385300909940203,0.7786782053374035,0.40829252298089597,0.9097640856275335,0.8790358557789774,0.4578772564215151,0.0005310984114142945,0.9932345239913527,0.4025392058929439,0.8942910757389185,0.9916880257866842,0.020029581601665278,0.30505383462105595
CG_5_3_thickness,0.71304479345523,0.5175176897325239,1.0,0.9965553756545031,0.5787161870750738,0.9187681227883753,0.911117480324337,0.3850110278736615,0.9767103331536633,0.8991855067683849,0.7660005082219687,0.5770094449527778,0.9188984113205241,0.296586536818314,0.02176628840151687,0.43513741496615976,0.6967914868137747,0.5598132019292101,0.06838949209353787,0.957758339439926,0.6061522598356568,0.9355088451788143,0.8459339135027844,0.7784219966977117,0.991418947576808,0.7207830782746885,0.6399366241742315,0.7027699983037403,0.48811510772515476,0.3368050146950608,0.504268409435607,0.44598588662683036,0.31259893589746957,0.9404973590413633,0.05904933532514709,0.1634793476864293,0.9446843152872321,0.9761639798844162,0.29037624278291263,0.5694406996705702,0.7271028901253116,0.6329943705612282,0.9360826183411224,0.13632508692555115,0.7472451691855216,0.22573398434213615,0.6882309398674128,0.651560066470816,0.7929943468097653,0.3044068864494615,0.3197121081555722,0.3514914940963174,0.11225439508887428,0.2953502690256982,0.642030707062774,0.9945157317799054,0.7527815105225446,0.8623535861240679,0.976673369859473,0.9864866183177501,0.2858621449853403,0.7756855103080369,0.6318976258955663,0.19116008125493014,0.9560114927797008,0.9778761057428801,0.39786403265141995,0.533589819377118,0.5113153408388875,0.028746280757135777,0.932816809755554,0.04761374068101437,0.8501460083169292,0.1578855345190785,0.006631579092614663,0.576473061832492,0.9120556823837972,0.764671568321357,0.8783952169062914,0.9368945775932905,0.7884794971030074,0.9213491159367723,0.3165137467450301,0.7929533061305432,0.9606250544701349,0.48164223746789514,0.6516342814877321,0.05763442246195152,0.02448167121217525,0.46863997842832167,0.7652130182849846,0.3089209214969817,0.5553629373900391,0.31232402484433686,0.10064406242780588
CG_5_4_thickness,0.7523595120831859,0.5589336780371399,0.9965553756545031,1.0,0.6253968638783723,0.9365852127706246,0.9018066767301741,0.4278190738605786,0.9754042218995025,0.8968209519280066,0.8045373990640816,0.5367640643921133,0.8879949096053121,0.3340273906831691,0.027926942920702677,0.47076476079417073,0.7363631490942794,0.5975011040303776,0.08337069983584389,0.975694301250404,0.633336528295477,0.9481621458869482,0.8129268093446285,0.794679501399954,0.997945245765629,0.678724088850304,0.6433527781427943,0.7415486281223662,0.5200303481094611,0.37140559393519895,0.5295530425192331,0.4769438933174409,0.28141671453935935,0.9153098312690213,0.053547032525755114,0.1422913740942952,0.9487539272050306,0.9866635734277208,0.2575593828813061,0.5526898092401085,0.6848616593769553,0.6506905493216646,0.938458320041265,0.15956653377516838,0.7776927015476321,0.253581793271482,0.6693226548587559,0.6624820694233261,0.7741854415714842,0.33763965372959776,0.289464157990813,0.3928294254013436,0.09301178849871053,0.33257348040443185,0.6596034379938984,0.9997276183436894,0.781541845201815,0.8446220727829852,0.9894586779414196,0.9955088151005902,0.32298716635816604,0.8089142500526656,0.6542701326819645,0.2216941791491318,0.9743386696412293,0.9911423932350569,0.42908595806921007,0.4889812855311552,0.4679763334875177,0.022397489931212648,0.9054996496984062,0.037666401565275294,0.8409102552425354,0.14455865766652182,0.00538350573670286,0.6099687243476632,0.9363146742856837,0.8067442156019058,0.8531066589945202,0.9148461040787321,0.7992678049618436,0.9423486442626867,0.28233894767038165,0.799606033237904,0.9389825903674205,0.5108901016863633,0.6623944034152076,0.07068424344618396,0.02070228554518897,0.5121490243845142,0.7422918462714503,0.3474205811767767,0.5918636614410911,0.2939598285129026,0.08716652775451748
CG_5_5_thickness,0.9572234207916279,0.935664408929655,0.5787161870750738,0.6253968638783723,1.0,0.7920234907380479,0.6282214008477303,0.9363146742856839,0.5462010253876731,0.4881292108736282,0.9443155886215694,0.14875658582675994,0.38980364047431837,0.8764487612534146,0.21150257131820988,0.7923651640940831,0.9594746306603239,0.9136711420792555,0.427819073860579,0.6990516968244007,0.8447788215655709,0.7562246043708418,0.36681872260806636,0.8270676005851161,0.6346408730756912,0.2051922652092206,0.7116183513403431,0.954830150017973,0.7882243255746322,0.6596034379938988,0.7164707314908505,0.7145500830549709,0.038529638714251,0.45193131118141877,0.0035800428934945356,0.012911087288623734,0.7028633908439532,0.7049636258703554,0.032390682554519004,0.5826163441402161,0.2075916267464024,0.7920234907380481,0.6981599305330258,0.6345022663527078,0.906819092466401,0.7691136423239084,0.5726524859678095,0.761632880604539,0.3414540944932317,0.559951273208084,0.2306983342868983,0.9160875237637905,0.009097293746577407,0.770360972214539,0.7972620797387454,0.6352886843058756,0.8972605220353526,0.5684679945345967,0.6698030504550935,0.6486300197513073,0.778187835281841,0.7934202279956208,0.8241853934447096,0.6076328742084727,0.7012900918404299,0.6804742455804267,0.632705004322095,0.09615623526073022,0.08944075553052325,0.0012670674893457484,0.430064138395731,0.002771779877271345,0.6535477659349418,0.30038772339446784,0.0001374498614013621,0.8817201006161586,0.82135988273214,0.9511280187579085,0.4728373751066456,0.49122797188857537,0.7960090736933787,0.8029864567755371,0.03754882784118897,0.7720770070147775,0.4772732246075254,0.7393957970515644,0.7607236910309318,0.3910846769596863,0.0008293467163182312,0.9474866785796562,0.4979539427080578,0.8874565318004927,0.8992650214751305,0.05557193192701575,0.1679539238353367
FuG_3_1_thickness,0.9076457832719365,0.724813515943159,0.9187681227883753,0.9365852127706246,0.7920234907380479,1.0,0.9364181317805746,0.5967389198746219,0.8543363591234032,0.7490222131682611,0.9394061788306116,0.4215644047124601,0.7738498358400461,0.49726575394208156,0.04847624473590083,0.587542811022579,0.8958633877966233,0.7599513672399156,0.13958909348852708,0.9138357935293173,0.7843309629421908,0.9977028601570754,0.7171598877415797,0.9360826183411224,0.9273491752115672,0.5129996057621904,0.7771941643033191,0.9003711978720337,0.6408362057378063,0.43887639853893784,0.6310934560926132,0.5691613856498046,0.15842985387263783,0.832467199653576,0.015876548892543425,0.07505919209445999,0.9849362130291219,0.9797344128172967,0.15339566044961445,0.6737513831041473,0.5189347167445684,0.7947155273251696,0.9807653316402174,0.2695590258265359,0.9296175349640652,0.41277202757413795,0.7644385762248702,0.8042054921608066,0.6283868558410062,0.3747905396629026,0.3130349838393758,0.5583448270388522,0.06790222624409069,0.441818326971951,0.805606572291091,0.9375986721213707,0.9322825400077718,0.8742490523503942,0.9235783560539406,0.9267730717915618,0.43660927916536063,0.7705902300955203,0.8038646159988062,0.28542546990243034,0.9127918819744691,0.9350319518737273,0.49035706898909226,0.3288293257775965,0.30892092149698197,0.01565854466333629,0.8122731916800413,0.028561492599039333,0.9168722621947167,0.2227626969967814,0.001820609098165148,0.7662922807346242,0.9945157317799055,0.9205149194882307,0.8173432176163471,0.8603879324093026,0.9346479365988907,0.9980597466217782,0.16845397453991967,0.9302610158793871,0.8586727095027867,0.6156834070157771,0.8040024890411409,0.12191067519623588,0.007175053669307152,0.6804127888141267,0.7662326657125444,0.5113153408388872,0.7507270201048706,0.15226972192257945,0.12209303881536768
FuG_3_2_thickness,0.7624576109703857,0.5601364800705158,0.911117480324337,0.9018066767301741,0.6282214008477303,0.9364181317805746,1.0,0.44059734245317117,0.8130421517399116,0.6883599793552952,0.7985277061692405,0.5467838167278738,0.8988664679449028,0.3688195207606842,0.02534788042935898,0.4275279541641346,0.7489831646869405,0.6063587063351203,0.08350459236541208,0.8145941923290794,0.6677349878487608,0.9548301500179732,0.873690671076685,0.8833606679912681,0.8750580987855701,0.680959996599061,0.7650842013832121,0.7562246043708419,0.49396699944508893,0.2790611245602592,0.5051745559000356,0.42023472384383204,0.2699484061137661,0.9407275441377714,0.018544743903097675,0.1564628526655519,0.9798211397754415,0.9322122009664214,0.27813790761246304,0.7682156870123834,0.6869329095536114,0.7176754811232136,0.9854427067629021,0.18818850619756816,0.8168233599205283,0.3311161704858366,0.9040185104307361,0.7591517963369878,0.6294990658191564,0.21948543018782118,0.46003291833476534,0.4087606391911138,0.1643855068614088,0.28632523957828865,0.7305833971153659,0.8950042534088094,0.8262230863877046,0.9857948035895057,0.8449248174274684,0.8638081009956776,0.284014287597843,0.6299519497767923,0.7084256603136978,0.1568856131846022,0.8120342792766055,0.8581100143369671,0.33736961132309495,0.4909907361534424,0.4674899149142822,0.0525080984282842,0.9278008392740997,0.08554375522445873,0.9891504981644396,0.31682249586088096,0.0068690082789220055,0.625764829827995,0.9020769138872194,0.7680778958983723,0.9522150990525985,0.9643101387376614,0.9073568054749175,0.9190778454800761,0.29649189568763923,0.9228312291843513,0.9469814202588344,0.47511731461387685,0.759685446319124,0.07340483000987291,0.019827672677211174,0.5124684023656353,0.9175106069644071,0.37743028944660634,0.5996347803716962,0.1916465922861953,0.2063476364199552
FuG_3_3_thickness,0.84570786537817,0.9530332677152551,0.3850110278736615,0.4278190738605786,0.9363146742856839,0.5967389198746219,0.44059734245317117,1.0,0.3741762000172537,0.35191840060060936,0.8013036277054725,0.09362993665000038,0.22530385701480238,0.9783042844442174,0.352269209559538,0.884300714831187,0.8581100143369672,0.9183292661300604,0.6253968638783729,0.5105310645982432,0.8452997347013926,0.5574499912945977,0.20794114249019427,0.7091179958058467,0.4402048449586344,0.09882383447620327,0.7093811524635993,0.8518373851128829,0.8610255845996024,0.7712738622046723,0.7915288975020651,0.8064098742240553,0.013674828125404295,0.2732776726817232,0.0007377406852255824,0.004394201302140492,0.5039947112635159,0.49956406891683697,0.012782340171818788,0.5993654334579585,0.10045320372298902,0.7874595414025989,0.5021478842111398,0.828146888964181,0.7928681488984768,0.8849237521697833,0.45011911795913256,0.7476371728028992,0.24074909578791306,0.6280445829132213,0.33885436155583104,0.9978262825415134,0.004460136797223866,0.9127814605363618,0.7852457009687444,0.43770946230176244,0.782457975751313,0.39195048326853543,0.47746837620091565,0.4547543134589094,0.9236213084450986,0.6579170614802898,0.8134352988153783,0.769499475513995,0.5131596330817534,0.48492826273058154,0.7217082394057412,0.043118157530274266,0.03874704067734055,0.0005445414323616842,0.2559262436421071,0.0012956629631240067,0.48750751151445804,0.4291072782919879,2.8720350328979093e-05,0.8885457011124548,0.6253968638783727,0.7992456003106633,0.2956057519968427,0.3063411141682303,0.6737427561216556,0.6054491939410638,0.014708961567917362,0.6471918110482489,0.2938854482189852,0.8200722286164712,0.7467566110202575,0.5850866329074341,0.00017860793627854466,0.9808991675260323,0.337224502328322,0.984907788114604,0.9117199568204157,0.01870746276490065,0.29529287632832757
IFG_6_1_thickness,0.6681505013119299,0.503872215659603,0.9767103331536633,0.9754042218995025,0.5462010253876731,0.8543363591234032,0.8130421517399116,0.3741762000172537,1.0,0.9684480449429158,0.7186086551957203,0.6084841037939033,0.8743865494253817,0.28198939676505463,0.02729249131639421,0.4488331649403528,0.6535356847973157,0.5406674988482932,0.07713357803196387,0.9643978801292981,0.5756399563380723,0.8675545456296392,0.7830317236030016,0.7022150240756353,0.9819838769653224,0.7186525283851607,0.5759834937572047,0.6583665326587721,0.49194410987053716,0.3722009322772027,0.5065380786456418,0.4635765779760437,0.36585313305725203,0.8806101692111412,0.0990093069469596,0.20068860761516472,0.8677128300638293,0.9311407337765951,0.33195043141212993,0.47823779564131175,0.7246877760199467,0.588833035984358,0.8539254526391504,0.13479736797536213,0.6908858673349383,0.19446821012560894,0.5620439141700766,0.5946063467047359,0.8647691098811954,0.34746584550119886,0.26482044491404005,0.34209625588443043,0.1084258206602787,0.31788369032291586,0.5950748662474084,0.9758250957627363,0.6940864365930942,0.753054665518119,0.9760228253340131,0.9805457956668968,0.3061118229868322,0.7974793501404511,0.5916674469783574,0.22270772291044483,0.9632074486862465,0.9704681488901594,0.42909578368418216,0.5714644932346187,0.5510339932153185,0.026749484687172146,0.8771340112487398,0.04093499715172291,0.7398297311229249,0.10848942934165215,0.0111816938861006,0.5546571653482019,0.8603535934846269,0.7259922983886273,0.7879605701638916,0.8628735404090918,0.7039507127348683,0.8650575525666744,0.36084948968112174,0.7022093836961125,0.9051388846558677,0.4895897246393837,0.5944562434109492,0.06493279298330054,0.03920269640880542,0.458182502356259,0.6508774557657944,0.295764453982824,0.5378837984601171,0.3864539970258751,0.07019053663996258
IFG_6_2_thickness,0.5975471523681741,0.47704506896446097,0.8991855067683849,0.8968209519280066,0.4881292108736282,0.7490222131682611,0.6883599793552952,0.35191840060060936,0.9684480449429158,1.0,0.6376740823599534,0.6878661440637421,0.7933692583019109,0.2604218162497381,0.03191934284434797,0.4502558258912177,0.586425984651911,0.5096243066344152,0.08398097084036815,0.9047339586404378,0.5384615885734518,0.7588439249256327,0.6874579186325039,0.6144080471788014,0.9123924111490286,0.698523204292578,0.5191364086500114,0.5904480735170349,0.48550983612120946,0.3912509225485811,0.500297698697669,0.46861929779140715,0.4567298998065529,0.7822405173505415,0.17468339538303665,0.2854644751378068,0.7532097756198225,0.8331075189701971,0.42157124146144426,0.4082451602779254,0.7042986271443199,0.5431567728547295,0.7373335266156509,0.13235367325135394,0.6149480858577157,0.16196341437812264,0.43886479899391917,0.5398832810927904,0.9405403142591728,0.3717950540976815,0.2334416939735604,0.3227388288053497,0.14004203524135792,0.3285712200945185,0.5464972514222339,0.8986666280518578,0.6167611935727146,0.6234570588104889,0.9117474302564015,0.9130404778895735,0.3152893855058453,0.7486815251609333,0.5471247396059242,0.2424166065953773,0.903904303000129,0.9000671922084857,0.4443180695944914,0.6337890166732834,0.6146603742656392,0.0387773286619123,0.7835390777741265,0.050968022259159876,0.6156541665842588,0.07886138826445892,0.025745797184675092,0.5230634167984803,0.7613604625729758,0.6440242844030194,0.66770040081772,0.752176841821312,0.6100666582239945,0.7632388044613494,0.4503964058042863,0.6038162558119599,0.8085698790699595,0.4871646357795786,0.5396067267510392,0.07091453216854471,0.07728833527028449,0.43433080337400587,0.5203518618896863,0.2748822121449084,0.5093070807592939,0.4689553126675792,0.05431629726609577
IFG_6_3_thickness,0.9931472093198184,0.8862396043116083,0.7660005082219687,0.8045373990640816,0.9443155886215694,0.9394061788306116,0.7985277061692405,0.8013036277054725,0.7186086551957203,0.6376740823599534,1.0,0.27226686549340956,0.567195375521865,0.7040094301240887,0.10936710570067165,0.7376436432854168,0.9887827781225108,0.8961168266797748,0.2642302422740195,0.8379264346147925,0.8723916501301109,0.9154674626321443,0.5210814433081972,0.9325081515802957,0.8064064556511934,0.3269488140691107,0.7846259647089835,0.9888908476244582,0.766401589826325,0.5823441639541098,0.7229798560373174,0.6883191487347475,0.0770252931352666,0.6348637544583364,0.0068286633452615654,0.0313296309233457,0.8741670217925437,0.8746071064296064,0.0722065241559012,0.6442006260118066,0.3312699906849389,0.8458613497030567,0.8686241518094135,0.4438444852987817,0.9781504537468657,0.5915305796433403,0.6733430455133137,0.8303590613835337,0.495292941980385,0.49507637770103735,0.2592953252115544,0.7665566062716799,0.027720207409979367,0.6325217356946212,0.8541007447713183,0.8113750003048474,0.9739795953521254,0.7261573295672576,0.8259918966132644,0.8147989696881399,0.631777983444524,0.7986627540725042,0.8698420737860788,0.4514779460873217,0.8386399666549504,0.8380147880463193,0.6017301797793472,0.18252700794099264,0.169311411320059,0.005020838311382507,0.611009388494438,0.01007912284107113,0.804384732857234,0.25871255977214674,0.0004793293307784144,0.8833343365447301,0.9541766642122351,0.9877955031040282,0.6366329860573596,0.6726429414498644,0.9112257227402359,0.9449699831253981,0.08095713117510543,0.8928608967296489,0.6654361552198162,0.7270950822505569,0.8296626557177309,0.23600133451533878,0.0022858544668641944,0.8636724515986648,0.6256421774313654,0.7193333134091915,0.883921420925941,0.08696355950077062,0.13722743731146242
IFG_6_4_thickness,0.2582839221625886,0.18842216567832396,0.5770094449527778,0.5367640643921133,0.14875658582675994,0.4215644047124601,0.5467838167278738,0.09362993665000038,0.6084841037939033,0.6878661440637421,0.27226686549340956,1.0,0.6902751323233347,0.05347576256035448,0.00286933475411097,0.19294758409140683,0.25333723041034384,0.23015792515676628,0.01091670528046359,0.45533503066024505,0.306904418072974,0.45161515260557633,0.652010936447982,0.40456534812324085,0.5255984843521699,0.743667669411104,0.43583172833630085,0.2602995550339478,0.2383417809375835,0.14532323021636173,0.2805895058491195,0.22467142909370297,0.7514535594883174,0.6510702800945067,0.4241962200991125,0.6663020560272168,0.4955504028281348,0.47793417440647507,0.7996418927068298,0.5033273960852467,0.748063644375893,0.36449019895451845,0.5010407066424012,0.01992679622752524,0.3223400863279228,0.022847421773285012,0.5170297821032803,0.4031540910893396,0.8715157061987839,0.13189109979127933,0.4645764640731506,0.08031803897369029,0.5322090559737004,0.09735666604698226,0.3676256686768795,0.527427078464171,0.3331773607031822,0.5668771727841229,0.48897105929344065,0.5114582316330165,0.08929717588886554,0.26951303691582273,0.3401164447033157,0.05833541640433956,0.4526110462235904,0.48142159908216187,0.19854671415183264,0.8698873990700069,0.8497410774692413,0.23857164101067213,0.663634218718183,0.2893360384112961,0.5311371477961412,0.2608072240958625,0.1567851936170438,0.26179622045291767,0.3855320266700521,0.2387182953972715,0.609168629723909,0.6233250275001168,0.43310225787840484,0.4054104168657546,0.8062616813692045,0.45326790145363394,0.6421744759892548,0.250154134002294,0.403959810397941,0.008551651936238502,0.3100443321597733,0.14825025682323198,0.5464513799220319,0.05910332761265101,0.23635335449493267,0.5229154626578294,0.22264482413551617
IFG_6_5_thickness,0.513615245395066,0.3237716411299688,0.9188984113205241,0.8879949096053121,0.38980364047431837,0.7738498358400461,0.8988664679449028,0.22530385701480238,0.8743865494253817,0.7933692583019109,0.567195375521865,0.6902751323233347,1.0,0.1738721790178728,0.0063893093241128105,0.2515720281446998,0.49724078289776297,0.36643025071851587,0.026206478574135383,0.7992233524164662,0.43405766599193163,0.8093306916432483,0.9792866136770119,0.6478147372578966,0.8689461693976628,0.9046354798514038,0.5608422271139727,0.5043028970903954,0.30565821190988984,0.16808163265181214,0.33450710428905206,0.2666185195358701,0.48346634905659336,0.9931852128848763,0.07355551363217978,0.2969628144673723,0.855441365400539,0.8494355845205539,0.4717715071620301,0.6203388510751613,0.9093094634373264,0.49187782560541926,0.8568111415180268,0.06899181550240607,0.5671284467427606,0.1499980473842542,0.7964263472267519,0.5385490432238522,0.7530355110844114,0.14313964440285962,0.471875061162875,0.20233437988748665,0.25295630486201065,0.14282611303850457,0.5019105024975347,0.8788890082620333,0.5775268268590532,0.9144686713308166,0.8327763224558833,0.8550318614674266,0.13801769944664344,0.6178291731953625,0.4748058791324461,0.07562209319233439,0.7964932166535323,0.8335816981232067,0.2216249397046927,0.7344311340596807,0.7135728920950791,0.09195520680393346,0.9970134460032989,0.13841750447426698,0.850175533569679,0.29139783025925026,0.018463679433823904,0.38953299917511647,0.7442833290609991,0.5642753748693576,0.9675070181047438,0.9807253571500933,0.6817550748398291,0.7639962831716796,0.5014918823180643,0.7060824155667977,0.9864925759319891,0.30382603491381577,0.5393277308633788,0.021967866766184282,0.05278008065608506,0.282528981737186,0.8892461053587959,0.17984137422570923,0.3637648604059503,0.39192251953073787,0.22539500191097436
IFG_6_6_thickness,0.7508328468371239,0.8801947205979894,0.296586536818314,0.3340273906831691,0.8764487612534146,0.49726575394208156,0.3688195207606842,0.9783042844442174,0.28198939676505463,0.2604218162497381,0.7040094301240887,0.05347576256035448,0.1738721790178728,1.0,0.44852872845833125,0.8194954312777448,0.7643027914818283,0.8355547582885857,0.7224852168523582,0.4115211034104959,0.7573756358556498,0.4610009826935345,0.17043329356607578,0.6168298051003387,0.3441136028769465,0.07602946629131396,0.6364510941701986,0.757052131386654,0.7857194254703012,0.727627634982904,0.7143942448486359,0.7368680632247735,0.009382981740299185,0.215234260756402,0.000623428293339039,0.0024987128003390534,0.4148080221671324,0.40251319767115357,0.007401985894496149,0.5564348896004933,0.07691590878150509,0.7025034847008846,0.41524899501708773,0.9071240252151045,0.6942592893675754,0.9554561865716376,0.41109046727134085,0.6668141381526336,0.16273739121386632,0.5877219235148579,0.33250758653905343,0.9887770388729319,0.0017844135635376704,0.8964108889725328,0.699737930877051,0.34266392094865317,0.6840167475205381,0.3354562460981253,0.3787437637331257,0.3573697579662659,0.9133935222643308,0.6058821176365511,0.725605177629669,0.793029992946634,0.4142220378924157,0.3859116665715378,0.659106860743097,0.027823613359264268,0.025573110466281846,0.00018191260534599173,0.2005635636536236,0.00045551473710844304,0.41991373220471845,0.4367293240587309,1.3933469053906705e-05,0.8025439226044502,0.5231367518773196,0.7100954717126946,0.2471467454741245,0.24646042108859775,0.58580318766976,0.5041365238283388,0.008857042938769804,0.5631782208530538,0.22948407079158017,0.7452915440760792,0.6660719617216949,0.6853999581801345,0.00010786394198660978,0.9236932315593072,0.2998388146279485,0.9993496756163565,0.8288754232125526,0.016405834760354496,0.3069870285262127
INS_6_1_thickness,0.12900719539764202,0.25157366570860046,0.02176628840151687,0.027926942920702677,0.21150257131820988,0.04847624473590083,0.02534788042935898,0.352269209559538,0.02729249131639421,0.03191934284434797,0.10936710570067165,0.00286933475411097,0.0063893093241128105,0.44852872845833125,1.0,0.3883025644743736,0.1362007689719945,0.22679396493312576,0.8911383160719524,0.05178545812371498,0.20761572141179363,0.041012088821423695,0.005602981685636784,0.08861025771944114,0.032099173667539914,0.0014587099756022013,0.17741244391206318,0.13293069411314112,0.34166961741544283,0.5703536679586063,0.36440877046918363,0.4300019617546044,6.712621770291066e-05,0.009124502367861064,8.557629667836077e-07,1.5953133516292235e-05,0.03230072151537506,0.0347936544610039,7.916436683392163e-05,0.16681637906250296,0.0015028946585215737,0.19109939665858028,0.03215498757465653,0.7007046330868492,0.1091162246422338,0.5619079834894489,0.04322565872888536,0.17212493437071838,0.016021330398986764,0.6425399210718978,0.4359553266998208,0.3858114594416979,2.6780476285663816e-05,0.5131061685147882,0.18184388188155695,0.02987545959318589,0.10601066272100482,0.021732051681244362,0.04138758124675142,0.035465376789031625,0.513477315332389,0.16713569239053694,0.18854465983492125,0.7091179958058462,0.052720397918821514,0.04103655725585567,0.5377080186824926,0.00046455702085217653,0.00037166820323107375,1.4242890734402586e-06,0.00805614291852215,4.785279274900398e-06,0.03599119816059686,0.31345612141210955,1.7275381031155016e-08,0.2229829025608099,0.05701529520121082,0.12220254047233352,0.011351907181788827,0.01140338565296339,0.08014948974255609,0.051580049776323,9.220797721775143e-05,0.07435883187670804,0.010634507339581753,0.3765024068597816,0.17197367798774355,0.9172802742177377,1.5472221524584018e-07,0.28384867886485665,0.01861741571971254,0.43320526443636465,0.23444473172416336,0.00010690191636902912,0.4404249787605924
INS_6_2_thickness,0.7881924896604577,0.937832666700387,0.43513741496615976,0.47076476079417073,0.7923651640940831,0.587542811022579,0.4275279541641346,0.884300714831187,0.4488331649403528,0.4502558258912177,0.7376436432854168,0.19294758409140683,0.2515720281446998,0.8194954312777448,0.3883025644743736,1.0,0.8029219514747998,0.9345152745317473,0.6293172417011228,0.5324125237956716,0.9140004278798362,0.5550829886668468,0.19548853960825086,0.7100236410991712,0.4846019817348379,0.10921515876072614,0.7994362886355348,0.8009674042587076,0.9921872621397104,0.9269147036327281,0.9761630659556699,0.9866372328835484,0.021885943904103106,0.2919593878547787,0.00010887683223955192,0.011155258609725001,0.5056320586541286,0.5162553934218556,0.02926768475531672,0.65808722372351,0.11272452623323316,0.8724196903789829,0.5008138468820563,0.7511419030618376,0.7726819703755271,0.6811169516259276,0.37653015738428347,0.8271856681174505,0.3687495048424422,0.7645184203897337,0.5457970080804174,0.8760364292977627,0.01681888533567112,0.9533754782638322,0.8624512796092301,0.4793293230747421,0.7665027992636514,0.3579940125816098,0.512172388019367,0.49593906668745535,0.9452450956675404,0.5397904119495212,0.8840187642592912,0.8213598827321401,0.5338368768661139,0.51565846249467,0.9272050870843656,0.07544450873312303,0.06509856455769084,0.00277437603245369,0.27611308970439374,0.005948628064072792,0.46062135791271325,0.5195788202552324,0.0001308136859942083,0.9349974704882584,0.6076328742084726,0.7032209052900344,0.27301663850664976,0.312865957804109,0.6740227491615138,0.593858006676848,0.031235403154825602,0.6450943440139756,0.32102011389642615,0.9887452201104534,0.8263577658407255,0.596184397889677,0.0004920863627927109,0.9281604642806909,0.26773087649884264,0.8339298708668701,0.9430100541481176,0.0061453075766923085,0.4504661799195
INS_6_3_thickness,0.9994448164493603,0.9395901001884206,0.6967914868137747,0.7363631490942794,0.9594746306603239,0.8958633877966233,0.7489831646869405,0.8581100143369672,0.6535356847973157,0.586425984651911,0.9887827781225108,0.25333723041034384,0.49724078289776297,0.7643027914818283,0.1362007689719945,0.8029219514747998,1.0,0.947898770955302,0.31614351116369893,0.7721413782711487,0.9243378713899522,0.867670196694479,0.4518055848376701,0.9389825903674205,0.7384807701342666,0.26855793979147474,0.832931042743914,0.9998559118727984,0.8304457212323646,0.6323699237561313,0.7842218052588439,0.7481994763604453,0.057806520861007044,0.5649031755509746,0.0035939614162321925,0.02417589961719306,0.8230708339777391,0.8128466081560124,0.05809414380168404,0.6919307489387676,0.2727809658060394,0.8958633877966236,0.8197237537780766,0.5130591940794031,0.986825641272276,0.6484453730714577,0.656568694785037,0.8767518880600915,0.46117601371797406,0.5211315112288586,0.30224279895081885,0.8263577658407257,0.025544820592569968,0.6996710572939404,0.9020084364945242,0.7434421499047273,0.9824786369781495,0.6767501707531925,0.7591334550855188,0.747271768127441,0.6999831753331242,0.7396270300154362,0.9185345872089525,0.502589201596544,0.7729453751293229,0.7713888971846422,0.6480642747872577,0.1499554903946128,0.1370983017747248,0.0045887724453153094,0.5407765163295346,0.009375285541713498,0.7721034488643863,0.3199161011009264,0.00033244915634012917,0.9365852127706248,0.9082486070362903,0.9634882833162639,0.5722494659598345,0.604912097354434,0.9143852091183426,0.8984398519780044,0.06451084765884336,0.8934757888722749,0.5954392340666474,0.7893939951708482,0.8760364292977625,0.2853862369812076,0.0014924375410408923,0.9184938717830478,0.5762196005911595,0.7795735495148357,0.938084783454356,0.05787059022307719,0.1826003486530705
IPL_6_1_thickness,0.9376639095911219,0.9941774916510744,0.5598132019292101,0.5975011040303776,0.9136711420792555,0.7599513672399156,0.6063587063351203,0.9183292661300604,0.5406674988482932,0.5096243066344152,0.8961168266797748,0.23015792515676628,0.36643025071851587,0.8355547582885857,0.22679396493312576,0.9345152745317473,0.947898770955302,1.0,0.4554465909058649,0.6403539065818087,0.9826098887786833,0.7275323370807237,0.31512989482155124,0.8795868482153328,0.6034172923239282,0.17621714568556204,0.8852237996069595,0.9473589487797303,0.9529816288125542,0.7682741766074184,0.9150402560219066,0.8873297770476027,0.035495679940951874,0.4237391795594434,0.0007509322961268799,0.01685190753661991,0.6796925503135116,0.6665529439224354,0.04230021073963343,0.7435855565952945,0.18028553556307664,0.9506719887678927,0.6779651989701914,0.6523721239113892,0.9306891248975022,0.7090864983928606,0.555781514510565,0.9205676611460893,0.41629621223884045,0.6079513039686808,0.4272848289451655,0.8967256033870545,0.02294254123171661,0.8433611889779917,0.9493250542662468,0.6049418950243187,0.9261536280187055,0.5344616860951659,0.6256938178063836,0.6128120399887105,0.8419505745751588,0.6151132173071078,0.9670421587237651,0.6407965969162788,0.6412978918395853,0.634871026664663,0.7784219966977121,0.10790970794447194,0.09561031914718249,0.004067201167541245,0.40249461595833286,0.008455034428119006,0.6484267298156119,0.45122643068660306,0.00022199198967331836,0.9963919848687319,0.7709447472238715,0.8519076985673691,0.4240757291049414,0.4580598033494315,0.8487022036151022,0.7602155167928126,0.045751569366160046,0.8230290648251715,0.4540134751770435,0.921859087250472,0.9198239830853812,0.4211685770419796,0.0008529681650791877,0.9753290530596694,0.43492868673610996,0.8507302173756242,0.9993209932245004,0.021119440079955393,0.311667589481041
IPL_6_2_thickness,0.3029494140396993,0.49477435197697045,0.06838949209353787,0.08337069983584389,0.427819073860579,0.13958909348852708,0.08350459236541208,0.6253968638783729,0.07713357803196387,0.08398097084036815,0.2642302422740195,0.01091670528046359,0.026206478574135383,0.7224852168523582,0.8911383160719524,0.6293172417011228,0.31614351116369893,0.4554465909058649,1.0,0.13117895329776041,0.41481525153768695,0.12228968399944934,0.023858811720481002,0.22447426392505787,0.09165495631124371,0.007513540839584897,0.35064072087869347,0.3105543000232037,0.571862899169481,0.7440940460660443,0.5707168499238735,0.6374670248730352,0.00048784171042845275,0.0356129256442301,1.0607116802629946e-05,0.00012346518886847702,0.10148453438767634,0.10337755145725439,0.0005122013976136948,0.32166400282608854,0.007694092899619691,0.382026574261377,0.10141642076460011,0.9291807568194839,0.2671615982405118,0.7858229121242117,0.12078506991221055,0.3504462849076265,0.04705204888525093,0.68844941192609,0.503414818757136,0.6635453926656171,0.00017473739887298038,0.775639198817349,0.36982955199421064,0.08769719117576977,0.2610583187381635,0.07275786422232217,0.11093547823659995,0.09879315618932685,0.7820442121810465,0.3068504009828996,0.38392832124146636,0.8918396599182113,0.13294063485712143,0.11120868658236963,0.6843634655068846,0.0025309004243692693,0.0021206549388269233,1.2219738404847512e-05,0.03204451973681213,3.673022028979599e-05,0.10925230192593413,0.45159908180213415,2.394249169037131e-07,0.4438795554645082,0.15601308001217362,0.2781701446646502,0.04297241563049567,0.04320004535554329,0.20645771022146409,0.1450045396204862,0.0005977090891644786,0.19382739726998882,0.04013481349596626,0.5924816949508729,0.3500967691638346,0.9975749819396529,1.9588761845291313e-06,0.5411605755676612,0.06270452499003419,0.709223884156096,0.46372088441269915,0.0007773426846618943,0.500114936308671
IPL_6_3_thickness,0.786938471760152,0.6187597223408376,0.957758339439926,0.975694301250404,0.6990516968244007,0.9138357935293173,0.8145941923290794,0.5105310645982432,0.9643978801292981,0.9047339586404378,0.8379264346147925,0.45533503066024505,0.7992233524164662,0.4115211034104959,0.05178545812371498,0.5324125237956716,0.7721413782711487,0.6403539065818087,0.13117895329776041,1.0,0.6402111316024385,0.9134343657150579,0.7208201468412991,0.7551364538778615,0.9864866183177502,0.6052916308142405,0.5825612316958205,0.7741993930296287,0.5620087860300769,0.452790303865778,0.5527891203631056,0.5269865950482686,0.25395075108632814,0.826579150915079,0.05887404189179682,0.12309383538905148,0.8933590133887226,0.9626253286364266,0.21957266483630233,0.4513994410276694,0.610359350308894,0.6280620413021702,0.8770876387241182,0.21836889176088659,0.7807123261518704,0.30530110781297404,0.5633091187859272,0.6192789728090509,0.7439607916029867,0.4242508408540724,0.19922043288957364,0.4758622461241203,0.059594267511052415,0.4208091947807768,0.635250469390694,0.9803645131764254,0.7790836318841521,0.7433793658637218,0.99692690351703,0.9914189475768082,0.4113821817099219,0.8991427428363172,0.6442100789199317,0.3106503846127178,0.9999797350976584,0.9956942621940754,0.4920763683641761,0.42594990328725435,0.4098745657439468,0.012532128044817362,0.8161881085238377,0.02028194854106823,0.7465299993133387,0.09872572669652663,0.004989003301325917,0.6386657172872212,0.9359458389177628,0.8608154616426251,0.7542955005668748,0.8239608618870329,0.7450856493514137,0.9318198568291873,0.24353268474241685,0.7350365488080817,0.8560279674245482,0.5485225343564979,0.6187597223408379,0.11300302862103755,0.019979869264486992,0.585268679660038,0.6418251017735769,0.4268475531307123,0.6321519185945721,0.3001522345069302,0.05203888968982007
IPL_6_4_thickness,0.9145053196500696,0.9582717742371945,0.6061522598356568,0.633336528295477,0.8447788215655709,0.7843309629421908,0.6677349878487608,0.8452997347013926,0.5756399563380723,0.5384615885734518,0.8723916501301109,0.306904418072974,0.43405766599193163,0.7573756358556498,0.20761572141179363,0.9140004278798362,0.9243378713899522,0.9826098887786833,0.41481525153768695,0.6402111316024385,1.0,0.7607825206532479,0.37345291333393793,0.9176706239584556,0.6315138437821929,0.22719014592214193,0.9499689328379604,0.9268717954615006,0.9511939984179144,0.7318510704704367,0.9341318536462704,0.8838852173313057,0.05654025664254089,0.49044324035380427,0.0006581842772060734,0.030551207180576488,0.7262969688607366,0.696605633598616,0.06984538248927774,0.8225363155706029,0.23243525305285798,0.9908573446518898,0.7275808650462178,0.5962127354965691,0.9368006183868725,0.6424881842462843,0.6112435857153165,0.9733164552257081,0.47488339837178684,0.5623907316298391,0.5050978548005505,0.8216297607130839,0.04228587385164788,0.7859404300484526,0.9895917597340539,0.6373894422101374,0.9367956117717237,0.5974868058137404,0.6394625380152359,0.6354911719045188,0.7814711018789784,0.5394993825117305,0.9966884574471374,0.5776087782398405,0.6400019519310924,0.6496078662175138,0.7650710718386092,0.15656674758090877,0.13976774003889825,0.008820504475486891,0.46952769952728846,0.017213164990438345,0.7114068929739739,0.48555383859614043,0.0005776792678905551,0.9943980875298506,0.7788319519278113,0.8065996104327158,0.48607428433372396,0.5235843301080941,0.895684919661538,0.7760691352438409,0.07426562780596357,0.8757132814197931,0.5200184791507331,0.9277601328111764,0.9728492540972544,0.38549881630336413,0.0019374274463748633,0.9221234500819276,0.48610858563316994,0.7726076969007865,0.9861385484201457,0.022284061705166953,0.3444781525772653
IPL_6_5_thickness,0.8804114926186927,0.6887262348457425,0.9355088451788143,0.9481621458869482,0.7562246043708418,0.9977028601570754,0.9548301500179732,0.5574499912945977,0.8675545456296392,0.7588439249256327,0.9154674626321443,0.45161515260557633,0.8093306916432483,0.4610009826935345,0.041012088821423695,0.5550829886668468,0.867670196694479,0.7275323370807237,0.12228968399944934,0.9134343657150579,0.7607825206532479,1.0,0.7533845783632421,0.927340168486903,0.936342827162071,0.5511122604829898,0.7724136597488289,0.8729043036552095,0.6119208810933959,0.40857919556760824,0.6082397958332323,0.5416186880227689,0.1788898723003181,0.864564104881506,0.017939285900471603,0.08743512416652531,0.9941376323591008,0.9855753957263567,0.17453995431869393,0.6827993445815603,0.5572630983633935,0.7789602094997146,0.9908615734141791,0.2433947997769964,0.909439804413483,0.3840665768483241,0.7828448796851326,0.7940652088882483,0.6464029288918245,0.3477476186702112,0.33187571764838575,0.5195967227462894,0.08012539145674785,0.4063285148040822,0.7901954720180215,0.9477907598392377,0.9134919523940022,0.8980681918675362,0.9274988067061289,0.9337647026927864,0.40086693643926957,0.7552655752418362,0.7845890995699631,0.25650409985630374,0.9120556823837971,0.9387476482217645,0.46397936424318925,0.3621264560196349,0.34104277710943465,0.01944839885796442,0.8457078653781701,0.034802127696214886,0.9323568122664356,0.22520198871747693,0.0023260456957960654,0.7373195762180832,0.9874932563180424,0.895297601139357,0.8484132822712598,0.8901858014928412,0.9304964657506187,0.9937148084724898,0.19083078726511718,0.9295239959335058,0.8884921740945243,0.5893393798860322,0.7939865080427676,0.10646452958019273,0.008783213721966424,0.6418517154780562,0.7924691728648199,0.4743287225365693,0.7190314102384567,0.1656634127808482,0.12692386046151286
IPL_6_6_thickness,0.46806249039151715,0.2802485934045099,0.8459339135027844,0.8129268093446285,0.36681872260806636,0.7171598877415797,0.873690671076685,0.20794114249019427,0.7830317236030016,0.6874579186325039,0.5210814433081972,0.652010936447982,0.9792866136770119,0.17043329356607578,0.005602981685636784,0.19548853960825086,0.4518055848376701,0.31512989482155124,0.023858811720481002,0.7208201468412991,0.37345291333393793,0.7533845783632421,1.0,0.5978188800552433,0.7898107125300126,0.9336138593745147,0.511210163018704,0.45787725642151444,0.24313280466144196,0.11565671050066065,0.264640353940736,0.20135431525334063,0.5377585063223745,0.9686206719360884,0.06316331185266247,0.35512637698448024,0.805334584929175,0.783869006899083,0.5287766068551122,0.6195578983915129,0.9359916301038218,0.4313861355144326,0.8103205851320334,0.06925936642824805,0.5148837754407455,0.16188155965752735,0.8458317984183135,0.4828917214609405,0.6497973308417277,0.09124224289722499,0.5133907177062338,0.1884514762044752,0.32830794657149986,0.11015088923420896,0.44234459139762705,0.8029191484363292,0.5248429059379329,0.918190872065178,0.7529390800038713,0.7753175692563967,0.10879225960187311,0.5744862480559672,0.4143325632331618,0.05115974450018142,0.7182840784370205,0.755955473036675,0.15674131621641083,0.7638246489312951,0.7495456773431428,0.1424953976502392,0.9748735882895274,0.20330727926752146,0.8360586513235371,0.3837428385726196,0.029614472289727564,0.33278761632884535,0.6857422211595967,0.5244440768365378,0.9773728022077361,0.9603481132351428,0.6362029669401181,0.7053202032066823,0.5565517906004911,0.665211875513346,0.9500567227909804,0.23717799977057094,0.4837939106656678,0.02050300362950054,0.07237293969242581,0.2486346224830389,0.9403609423918522,0.17409227840974825,0.31041064566252996,0.40693843047569506,0.3095205775871764
ITG_5_1_thickness,0.9404508900631023,0.8405457311781219,0.7784219966977117,0.794679501399954,0.8270676005851161,0.9360826183411224,0.8833606679912681,0.7091179958058467,0.7022150240756353,0.6144080471788014,0.9325081515802957,0.40456534812324085,0.6478147372578966,0.6168298051003387,0.08861025771944114,0.7100236410991712,0.9389825903674205,0.8795868482153328,0.22447426392505787,0.7551364538778615,0.9176706239584556,0.927340168486903,0.5978188800552433,1.0,0.7787000006787657,0.3963308601513299,0.9303279927916799,0.944264805260324,0.7714517948461066,0.5085076334591236,0.7591534352138951,0.6792346375501703,0.11542739818559875,0.7124216863595763,0.0037225797044705207,0.062449073115533126,0.9142435030129737,0.862919021292212,0.12922099104180187,0.8417712808579678,0.40249461595833286,0.9360826183411226,0.9187681227883753,0.39818947355644146,0.9808987552203536,0.5364371179622863,0.8019409555787553,0.9476647763762858,0.5499629971425088,0.389750169915393,0.43816175539017077,0.6752386998604837,0.07670151117699679,0.5529410589409375,0.9443581449046347,0.7942091510898426,0.9854427067629021,0.8270268366961825,0.7694994755139946,0.7759804599117567,0.5509911568020036,0.5999898448321936,0.9384793078408267,0.3522692095595386,0.7537348626619802,0.7847091239148869,0.5598132019292106,0.2663958345888706,0.2452343100982148,0.018975615573489365,0.6898848122699786,0.034488247114612666,0.91226443403922,0.3780948831503987,0.0016363158131395786,0.8935275376574326,0.914175493088213,0.8723156142810293,0.723531903653102,0.7518057702050995,0.9972386373803026,0.9205839635016106,0.13811541246963577,0.991424311746214,0.7363631490942794,0.7400174752080194,0.9475950491916071,0.2032006646963331,0.0052241962988518005,0.793428947553311,0.7177255774266149,0.6301136962599317,0.8750580987855703,0.06848866053077166,0.22944692177685128
ITG_5_2_thickness,0.7541901579854935,0.5682794410271714,0.991418947576808,0.997945245765629,0.6346408730756912,0.9273491752115672,0.8750580987855701,0.4402048449586344,0.9819838769653224,0.9123924111490286,0.8064064556511934,0.5255984843521699,0.8689461693976628,0.3441136028769465,0.032099173667539914,0.4846019817348379,0.7384807701342666,0.6034172923239282,0.09165495631124371,0.9864866183177502,0.6315138437821929,0.936342827162071,0.7898107125300126,0.7787000006787657,1.0,0.6664552310486334,0.6240540599625696,0.742988580209677,0.5292604722554184,0.39182189593761413,0.5355401389975658,0.489757758995338,0.2821651916007518,0.8943375447171795,0.058937195398137424,0.14192330654739158,0.9317470370249876,0.9808839395823359,0.25428037454788976,0.5206112787633976,0.6723903420310113,0.64157542298442,0.9194052986452128,0.1678534651318196,0.772361095622254,0.2561677286388538,0.6320471039938992,0.6476714172448191,0.7811633670322968,0.36024606578082935,0.2639866511397814,0.4052047226981027,0.0846835620555835,0.35113758655661276,0.6497874977254501,0.9989587051163753,0.774899922345415,0.8128890193553897,0.9962291808423734,0.9994238965799946,0.3410559620703132,0.8319502630905249,0.6480455414331652,0.2413671958037351,0.985442706762902,0.9963919848687319,0.446298794890397,0.48196943011834614,0.46206102583773156,0.019650169075861805,0.8849240164684742,0.0326758740114413,0.810115789333546,0.12720937990173392,0.0056341238807251955,0.6131521763938745,0.933155698784901,0.8137584466270602,0.8249576663664246,0.8913477172013655,0.7793500772418505,0.9366997136267736,0.27942592742897243,0.7768053905929442,0.9200327424977912,0.5201300899207295,0.6474684141251534,0.07785240109754062,0.021828955606724595,0.5238084898788424,0.7089814319717611,0.35817523649813765,0.5975869157641209,0.305409826263329,0.07503853621404397
ITG_5_3_thickness,0.28143966048156027,0.14953039077005387,0.7207830782746885,0.678724088850304,0.2051922652092206,0.5129996057621904,0.680959996599061,0.09882383447620327,0.7186525283851607,0.698523204292578,0.3269488140691107,0.743667669411104,0.9046354798514038,0.07602946629131396,0.0014587099756022013,0.10921515876072614,0.26855793979147474,0.17621714568556204,0.007513540839584897,0.6052916308142405,0.22719014592214193,0.5511122604829898,0.9336138593745147,0.3963308601513299,0.6664552310486334,1.0,0.3574373836243182,0.2733922744802374,0.14286444004538182,0.06597506088966433,0.16699831104612017,0.12155038558212947,0.7462671063940309,0.8561457913205693,0.14770261808454108,0.5342222349997572,0.6056875409875674,0.609400205824563,0.7230440324063505,0.49176913957118795,0.9998896788016762,0.27863752240448847,0.6085581159007372,0.025151207036524778,0.3206863345251164,0.0710589262953347,0.6942926274362271,0.3236871667712121,0.7096152499444276,0.05476209163005201,0.5029848825751081,0.08717042899773211,0.4406757351582501,0.05219983679082145,0.28576731446032894,0.6691801692099553,0.32936521063491137,0.7436420986717971,0.6330695367667953,0.6531325673254704,0.050173458770057716,0.4834702213820284,0.2601573638880692,0.023609388512065118,0.6031475772005868,0.6261473863873802,0.09685668662717656,0.9241082674156434,0.9182107486257463,0.21528425394395473,0.8745975704946939,0.2862445802166785,0.637604236017399,0.41813602767710045,0.061148694052005896,0.19288016043158643,0.48897649129920473,0.33855984711793247,0.8453812081315393,0.8239448939491317,0.4327288269978704,0.5063721104229504,0.7539581131022038,0.46128802963594223,0.8296588219620258,0.14443025466871084,0.3245777234111923,0.006221048234203595,0.1423760458567926,0.12650296772379283,0.8067182362838653,0.07823717321127094,0.1749212369509975,0.5932121185088861,0.3692331392060894
ITG_5_4_thickness,0.8246096972469197,0.8409335825098398,0.6399366241742315,0.6433527781427943,0.7116183513403431,0.7771941643033191,0.7650842013832121,0.7093811524635993,0.5759834937572047,0.5191364086500114,0.7846259647089835,0.43583172833630085,0.5608422271139727,0.6364510941701986,0.17741244391206318,0.7994362886355348,0.832931042743914,0.8852237996069595,0.35064072087869347,0.5825612316958205,0.9499689328379604,0.7724136597488289,0.511210163018704,0.9303279927916799,0.6240540599625696,0.3574373836243182,1.0,0.8393842296321434,0.8595614431740424,0.5999820519373784,0.8681065891101033,0.7848484629996091,0.12660485841304572,0.6094864200715495,0.0009143060486753965,0.07967950034763795,0.7706604533461461,0.698751489555045,0.15341428879400637,0.9461956664744893,0.36380751105209497,0.9824786369781495,0.7807021657919995,0.5118214020460427,0.8883257241060731,0.5617580775914548,0.7492163368115934,0.995124735687791,0.5155864250584056,0.4277076906237743,0.6378977560312642,0.6880423380306824,0.10549185167633994,0.6482391051561215,0.9832970430902376,0.6400308623999466,0.8958633877966236,0.7236846905466863,0.6049337084496594,0.6173566214798238,0.6445094448006436,0.4042636711197394,0.9697836621832706,0.44969195191414385,0.5805580133518404,0.6177103743753805,0.6530362070156754,0.27902963383820045,0.25604132863876866,0.029249374638964078,0.5921670644236985,0.05100124210339906,0.8175068768238916,0.5551639545870484,0.0027830368748321998,0.9153108884629465,0.7407623001749843,0.69519609930654,0.6199561987931397,0.6414280026974678,0.9308054541930344,0.7522991841037956,0.1602417877197419,0.9273469235151908,0.6270839731972648,0.8429770676248579,0.9953189712312219,0.32909985188898316,0.007831987132657876,0.7910689690426332,0.6234810388895448,0.6479520087721772,0.8923745785665094,0.03793905594576932,0.40180958977198744
ITG_5_5_thickness,0.9994087919842689,0.9372586595434604,0.7027699983037403,0.7415486281223662,0.954830150017973,0.9003711978720337,0.7562246043708419,0.8518373851128829,0.6583665326587721,0.5904480735170349,0.9888908476244582,0.2602995550339478,0.5043028970903954,0.757052131386654,0.13293069411314112,0.8009674042587076,0.9998559118727984,0.9473589487797303,0.3105543000232037,0.7741993930296287,0.9268717954615006,0.8729043036552095,0.45787725642151444,0.944264805260324,0.742988580209677,0.2733922744802374,0.8393842296321434,1.0,0.8304096967672732,0.6283773751618025,0.7858982034872894,0.7476237464166454,0.059529208462826874,0.5721199481234478,0.0035958266938406667,0.02523401637281157,0.8293434632018234,0.817729614645485,0.06032227658726612,0.6990518915509316,0.2777274462247815,0.9003711978720339,0.8262230863877046,0.5064990628295962,0.9893930817450618,0.6419928402618853,0.6625842945824474,0.8823779833867816,0.4673769856409283,0.5165686836341679,0.3075695030947099,0.8196739111393454,0.027037707700775588,0.6936925458039749,0.9065985987957963,0.7483510514437308,0.9854427067629021,0.6838395668965402,0.7624194949480483,0.7513232932104712,0.6937105461090398,0.7343688038585231,0.9222261636135252,0.4954673669373737,0.7748999223454152,0.7748013510336498,0.6463878765588121,0.15418026346841407,0.14091327458127703,0.004930784681130587,0.5479375855443256,0.010022856169504954,0.7793830483956532,0.32165898578023555,0.0003558991745529393,0.9373760290742956,0.9113424504668688,0.9616376746017768,0.579007006409398,0.6121437363152364,0.9204025017042748,0.9022227635010945,0.0668355315091269,0.8999445056840729,0.6027199066840443,0.7898619590518701,0.8816843680329693,0.28024859340451047,0.001567516241257845,0.9144130152179817,0.5819295231137869,0.7723918714963981,0.937832666700387,0.0581129556331016,0.18394431874462108
LOcC_4_1_thickness,0.8165008026707087,0.9439992631882818,0.48811510772515476,0.5200303481094611,0.7882243255746322,0.6408362057378063,0.49396699944508893,0.8610255845996024,0.49194410987053716,0.48550983612120946,0.766401589826325,0.2383417809375835,0.30565821190988984,0.7857194254703012,0.34166961741544283,0.9921872621397104,0.8304457212323646,0.9529816288125542,0.571862899169481,0.5620087860300769,0.9511939984179144,0.6119208810933959,0.24313280466144196,0.7714517948461066,0.5292604722554184,0.14286444004538182,0.8595614431740424,0.8304096967672732,1.0,0.8886794431079797,0.9903989522378218,0.9812870027593533,0.03220342704600797,0.3496244652054613,0.0001522454193135655,0.01717530415396585,0.5676382404857374,0.5673626614640548,0.04244191631819326,0.7187913128236629,0.14712956607222522,0.9217755517990138,0.5644404312186174,0.7032769725164127,0.8177916277140306,0.650844054328489,0.43558682235602303,0.8841337888716536,0.41450425728826035,0.7177482489864468,0.562047321282962,0.8480596393939478,0.025316804649117713,0.912252642963733,0.9132234364747762,0.5270069372892788,0.814086690405064,0.42166772304340283,0.5494588970518216,0.5378820164651887,0.9031628677227896,0.5193775557023458,0.9294157310619501,0.7571356050091276,0.5627741344171124,0.5543977712570931,0.9046791711140967,0.10205382055566387,0.08904332635390286,0.004616333894602047,0.3325203055645225,0.009511354950743527,0.5294243850856031,0.5260759272990305,0.00024897244636811844,0.9611111887859121,0.6517043000991756,0.7174174802484675,0.329739271905477,0.3725523029154804,0.7395433066563886,0.6421520803255305,0.045077096450691544,0.7129517228420812,0.3798693629346275,0.9951189119357414,0.8834263925997541,0.5406555178587654,0.0008838935181248894,0.9218208885750054,0.3205146616046084,0.8010812723843954,0.9622198664571857,0.0084885065174327,0.44087539841315493
LOcC_4_2_thickness,0.6199150859911824,0.7855491270781466,0.3368050146950608,0.37140559393519895,0.6596034379938988,0.43887639853893784,0.2790611245602592,0.7712738622046723,0.3722009322772027,0.3912509225485811,0.5823441639541098,0.14532323021636173,0.16808163265181214,0.727627634982904,0.5703536679586063,0.9269147036327281,0.6323699237561313,0.7682741766074184,0.7440940460660443,0.452790303865778,0.7318510704704367,0.40857919556760824,0.11565671050066065,0.5085076334591236,0.39182189593761413,0.06597506088966433,0.5999820519373784,0.6283773751618025,0.8886794431079797,1.0,0.8915508622117547,0.9515644769825908,0.012550579372171322,0.19490062851977907,1.3336462090871285e-05,0.006362251726690497,0.35957931484586836,0.39693047183709984,0.01786034859409855,0.466357900774128,0.06865301847280149,0.6795560681133408,0.35071552222143076,0.7461094277155724,0.5846435284014784,0.5911031133050703,0.2091322677173907,0.6258876298876457,0.30881644336822694,0.9281652566532728,0.5735802737451373,0.772695425094746,0.010088020354134112,0.9432828951773735,0.6660721472995281,0.3810897060852927,0.5761040588096233,0.21620808785458823,0.4254954820391788,0.40531575241043566,0.9289174734064867,0.5151911083394803,0.691976049360522,0.9406621475312802,0.4548457154465786,0.4245982396545725,0.9884533836395337,0.0488555819038677,0.04125733217813634,0.0014811095997126805,0.1837556083150249,0.003327523777456899,0.2909658432690354,0.46175041813422174,5.920576325391943e-05,0.7633851766333586,0.4713424851206741,0.5779316734231477,0.16379894476719628,0.20491054059583125,0.4717316410710495,0.45391360403917697,0.01903716616942336,0.443253697393064,0.2210126835474399,0.9120583975227097,0.6249870935297706,0.7188044941571007,0.00023431173973842247,0.7912691923257167,0.14223558523519012,0.7398336679686017,0.7786392691610722,0.0017083777188365897,0.5087353840094272
LOcC_4_3_thickness,0.7709148278660833,0.8956803882733024,0.504268409435607,0.5295530425192331,0.7164707314908505,0.6310934560926132,0.5051745559000356,0.7915288975020651,0.5065380786456418,0.500297698697669,0.7229798560373174,0.2805895058491195,0.33450710428905206,0.7143942448486359,0.36440877046918363,0.9761630659556699,0.7842218052588439,0.9150402560219066,0.5707168499238735,0.5527891203631056,0.9341318536462704,0.6082397958332323,0.264640353940736,0.7591534352138951,0.5355401389975658,0.16699831104612017,0.8681065891101033,0.7858982034872894,0.9903989522378218,0.8915508622117547,1.0,0.9863486759876194,0.043246278096322484,0.37531014319693623,0.00011021320050859775,0.024425494888400758,0.5720235933614474,0.568307601997877,0.05711988500654612,0.7344070297657586,0.17192208600688702,0.9170720106668959,0.5695481680735618,0.6666851880049227,0.7880265407819771,0.5841014262633649,0.4344502320451557,0.8847812815635315,0.44716561781842856,0.727036222441197,0.6257935081067465,0.7787434562888609,0.03560611366215695,0.8811461635408737,0.9074144343996324,0.534691585651498,0.7868034058118458,0.4333971253100871,0.5479004035559213,0.5412050236934877,0.8679075890569665,0.46684605968890747,0.9178054131656048,0.7459042597300718,0.5529174138922147,0.5524106860829971,0.9220346769313359,0.12781165694108224,0.11230906282358988,0.007099146959342273,0.3592458985076262,0.014118990612031236,0.536230597391163,0.5424592449779625,0.0004304926268042422,0.9331880389588225,0.6341762062187297,0.6651500358666929,0.34769859162868927,0.3948979312968237,0.7322468197014343,0.6289940458840206,0.06024603631878417,0.7088927360851325,0.40528697330761554,0.9974037968221168,0.8842229635260715,0.544155760799791,0.0014446009971895702,0.8636913841655816,0.32572914973307787,0.7298580265289918,0.9280703360240345,0.008463439201738312,0.4808590901222257
LOcC_4_4_thickness,0.7345340727805658,0.881734345036119,0.44598588662683036,0.4769438933174409,0.7145500830549709,0.5691613856498046,0.42023472384383204,0.8064098742240553,0.4635765779760437,0.46861929779140715,0.6883191487347475,0.22467142909370297,0.2666185195358701,0.7368680632247735,0.4300019617546044,0.9866372328835484,0.7481994763604453,0.8873297770476027,0.6374670248730352,0.5269865950482686,0.8838852173313057,0.5416186880227689,0.20135431525334063,0.6792346375501703,0.489757758995338,0.12155038558212947,0.7848484629996091,0.7476237464166454,0.9812870027593533,0.9515644769825908,0.9863486759876194,1.0,0.027841759892099766,0.303287687000099,5.6999665153704306e-05,0.015056835924411642,0.49741946131975934,0.5119260257067071,0.03775796949457563,0.6431681013060242,0.12560470842528712,0.8505160879704133,0.49191112312300533,0.7084770014840397,0.7305189496795814,0.5969634073671423,0.34737006912080703,0.8071560118293601,0.39956654826620863,0.8079414490781001,0.605929497004258,0.7979926383986711,0.02264495495627554,0.9283314055794707,0.8388944317108487,0.48441648660748443,0.7260736253438773,0.3483753492798863,0.5121785495236991,0.4992059870367028,0.9142841282326386,0.4958584138296516,0.8567171465643908,0.8295986299537751,0.5279431623757136,0.5145213546625211,0.9664901723408246,0.09130695414367652,0.07905790652614297,0.0040170341142975715,0.2885671130976848,0.008369753695848713,0.4447472136775729,0.5226125955882625,0.000207811848928341,0.8966835387352112,0.5852822557233416,0.6493006792105386,0.27277849591073866,0.3196413486692907,0.6462511402181472,0.5744709762218921,0.0399966400408566,0.6191281104004243,0.3332413904260967,0.9933161833405134,0.8064098742240551,0.6097682011027888,0.000743129826042788,0.8628285347506488,0.2509030157194942,0.7520749721606208,0.8997420919752355,0.00498760607126584,0.4943653896829529
MFG_7_1_thickness,0.061733437234789496,0.02687483711186324,0.31259893589746957,0.28141671453935935,0.038529638714251,0.15842985387263783,0.2699484061137661,0.013674828125404295,0.36585313305725203,0.4567298998065529,0.0770252931352666,0.7514535594883174,0.48346634905659336,0.009382981740299185,6.712621770291066e-05,0.021885943904103106,0.057806520861007044,0.035495679940951874,0.00048784171042845275,0.25395075108632814,0.05654025664254089,0.1788898723003181,0.5377585063223745,0.11542739818559875,0.2821651916007518,0.7462671063940309,0.12660485841304572,0.059529208462826874,0.03220342704600797,0.012550579372171322,0.043246278096322484,0.027841759892099766,1.0,0.4193553656404391,0.42592803129396856,0.929793018288975,0.21125863627237557,0.2191538516109425,0.9861345938631578,0.24612517616896396,0.7405867579457042,0.0805329985546675,0.2139754699590922,0.0021289105372790515,0.07816518949529042,0.0087816333790407,0.37895854883378,0.10290635592568037,0.5900648988483261,0.010454662213889906,0.3733433691131773,0.01145871787774343,0.744212145884659,0.007389478116076655,0.08262970853809866,0.27624571276220766,0.08201690131871134,0.3360372351614817,0.2660289483594376,0.2755067922253658,0.0067378553972165306,0.20458362458582377,0.06998236854469193,0.002987831788529228,0.2530675206288392,0.2548743093765292,0.02169614657834686,0.9068519450221311,0.9245417967796232,0.5054857576812394,0.4416837201290241,0.5665058993879399,0.2557537634607947,0.5013410103166897,0.2634993300926124,0.04260114293286089,0.1478270027937394,0.08363265923671537,0.4230972052337544,0.3849449046233169,0.13497316807129195,0.15587749656578548,0.9905715428052542,0.15160948279069997,0.3914960320441732,0.03455722494408529,0.10342549749660351,0.00037793736493633935,0.4741258883693741,0.020316623898822935,0.44689026395550246,0.009767355079855086,0.036074065453751386,0.83818463890534,0.49647620562300726
MFG_7_2_thickness,0.5816343103785495,0.37939214987892694,0.9404973590413633,0.9153098312690213,0.45193131118141877,0.832467199653576,0.9407275441377714,0.2732776726817232,0.8806101692111412,0.7822405173505415,0.6348637544583364,0.6510702800945067,0.9931852128848763,0.215234260756402,0.009124502367861064,0.2919593878547787,0.5649031755509746,0.4237391795594434,0.0356129256442301,0.826579150915079,0.49044324035380427,0.864564104881506,0.9686206719360884,0.7124216863595763,0.8943375447171795,0.8561457913205693,0.6094864200715495,0.5721199481234478,0.3496244652054613,0.19490062851977907,0.37531014319693623,0.303287687000099,0.4193553656404391,1.0,0.054991894682476665,0.25004324699941016,0.9056046268706966,0.8927913272979741,0.4114326069597347,0.6509158767997412,0.8613512890407132,0.5465540750188401,0.9072138819760773,0.09053588966515266,0.6351640570205007,0.18724724828894443,0.8259664720313592,0.592085860355999,0.7286174715955689,0.16423168814291442,0.46089423219486414,0.24738771667632958,0.2214669383737341,0.17337033391537587,0.5575560541187077,0.9068187118768456,0.6453575562534382,0.9464439519862051,0.8595857165519006,0.8810804131126106,0.168699030152547,0.6411177621291044,0.5316521520577138,0.09285952110071752,0.8238641129436507,0.8635665696720832,0.2510765840412533,0.6687658757513661,0.6466500931834234,0.07697228276439155,0.9991874104337619,0.11882115993130213,0.8964646363399429,0.2824328832554319,0.013763419717584154,0.44608329537556923,0.8025401841576458,0.627869694944716,0.980473419195502,0.9963590466442782,0.7441915302041638,0.8216684822356617,0.43878263167382925,0.7664548585039855,0.9975528429219782,0.34439297348640396,0.5927959613868341,0.030183095909041842,0.040231784347091896,0.3356338034828825,0.9065752166938432,0.22203890762084966,0.4198412573252407,0.3381323148506846,0.2088681093353181
MFG_7_3_thickness,0.004150272754506425,0.0007438229826688577,0.05904933532514709,0.053547032525755114,0.0035800428934945356,0.015876548892543425,0.018544743903097675,0.0007377406852255824,0.0990093069469596,0.17468339538303665,0.0068286633452615654,0.4241962200991125,0.07355551363217978,0.000623428293339039,8.557629667836077e-07,0.00010887683223955192,0.0035939614162321925,0.0007509322961268799,1.0607116802629946e-05,0.05887404189179682,0.0006581842772060734,0.017939285900471603,0.06316331185266247,0.0037225797044705207,0.058937195398137424,0.14770261808454108,0.0009143060486753965,0.0035958266938406667,0.0001522454193135655,1.3336462090871285e-05,0.00011021320050859775,5.6999665153704306e-05,0.42592803129396856,0.054991894682476665,1.0,0.5610078638502259,0.01960468256468999,0.03212452641674395,0.46359750021260626,0.0022629337982211584,0.14718629684297305,0.0007232137833892436,0.018099598772979526,9.670655469356561e-05,0.0036414398658956566,0.0007397382506725141,0.011379424630814018,0.0009105036417352697,0.2926236943151413,3.0655359362644996e-06,0.006804842523861868,0.0006234148025064842,0.5085540098342175,6.663369979655803e-05,0.0008141717158771841,0.053529705439465884,0.0036304545488540178,0.019523126046943236,0.058896806955827295,0.058919072259756525,7.882604970130855e-05,0.05341066224319635,0.00078074054116809,8.790891229557214e-06,0.058872610493042835,0.05347209595283968,1.7489093042150703e-05,0.3031815317191518,0.30602700253640636,0.47589873252182713,0.06036409129553028,0.42431746909208967,0.01131862576592802,0.04726100866550074,0.7115160398997118,0.0006459711396800419,0.017853404955268267,0.01040126181310024,0.03639004640381421,0.04259720023170224,0.004095045701687582,0.01787130351741048,0.44073216487945766,0.004428159909518048,0.05436476283774285,9.849278080351065e-05,0.0009125939580290235,8.547901879766367e-06,0.7525024760758303,0.0007428136009738324,0.024004659147190098,0.0006231274976694948,0.0006384842492716075,0.4910369571748878,0.061946348216225564
MFG_7_4_thickness,0.02566557420373493,0.01172197114200661,0.1634793476864293,0.1422913740942952,0.012911087288623734,0.07505919209445999,0.1564628526655519,0.004394201302140492,0.20068860761516472,0.2854644751378068,0.0313296309233457,0.6663020560272168,0.2969628144673723,0.0024987128003390534,1.5953133516292235e-05,0.011155258609725001,0.02417589961719306,0.01685190753661991,0.00012346518886847702,0.12309383538905148,0.030551207180576488,0.08743512416652531,0.35512637698448024,0.062449073115533126,0.14192330654739158,0.5342222349997572,0.07967950034763795,0.02523401637281157,0.01717530415396585,0.006362251726690497,0.024425494888400758,0.015056835924411642,0.929793018288975,0.25004324699941016,0.5610078638502259,1.0,0.1093270575353954,0.10593203491525677,0.9447352624977514,0.17640711073962936,0.527896700535005,0.04660987327670004,0.11293638613093235,0.00048310175832027983,0.037037633528491085,0.002000182377820436,0.2759818727957468,0.06186187525236297,0.44067473732989937,0.005293711378757163,0.3034898025333827,0.003527841753613297,0.8842517748335355,0.003212706088752967,0.047706657303802975,0.1386671198630542,0.03960005212891636,0.2121250497387306,0.1310018572962771,0.13737048991152592,0.0028126082179006947,0.09310216599775653,0.03908996901895717,0.0012964183694596657,0.1225254638800516,0.12407849398397855,0.011644711942988788,0.7331150131477513,0.7552307957156941,0.6818270593403435,0.26643839203732717,0.7232821991042558,0.15634815976906427,0.4860162480285667,0.4425811507742574,0.021608982086567367,0.06618068462706295,0.03170348205370872,0.2693623542361447,0.2287636547683537,0.07578703162326816,0.07155548926915464,0.9269696903296802,0.08745132409887668,0.2267467157343683,0.018952901644356365,0.062233835538775116,8.97923908312942e-05,0.6902426406554463,0.007972725961032929,0.3154758967755858,0.0026854954032119564,0.017573878478519538,0.7905914689125317,0.49695919455099247
MFG_7_5_thickness,0.8366429709569202,0.6361316919502171,0.9446843152872321,0.9487539272050306,0.7028633908439532,0.9849362130291219,0.9798211397754415,0.5039947112635159,0.8677128300638293,0.7532097756198225,0.8741670217925437,0.4955504028281348,0.855441365400539,0.4148080221671324,0.03230072151537506,0.5056320586541286,0.8230708339777391,0.6796925503135116,0.10148453438767634,0.8933590133887226,0.7262969688607366,0.9941376323591008,0.805334584929175,0.9142435030129737,0.9317470370249876,0.6056875409875674,0.7706604533461461,0.8293434632018234,0.5676382404857374,0.35957931484586836,0.5720235933614474,0.49741946131975934,0.21125863627237557,0.9056046268706966,0.01960468256468999,0.1093270575353954,1.0,0.9804006055426909,0.2101801441836168,0.7099154253698772,0.6120467476594813,0.7574194533202069,0.9992941773013854,0.21266219797364855,0.8769927572592628,0.35180098094399065,0.8222656378150626,0.7824204560421986,0.6588072422992728,0.301014530142077,0.37322680780831385,0.4677531320052052,0.10499311182754478,0.35520531975576397,0.7692548873289359,0.9459480001098862,0.8833036547133398,0.9353209387869486,0.9143695403133629,0.9257550381215949,0.35016593998726775,0.7166459140815236,0.757090948369254,0.21408393071943216,0.8914560851817268,0.9258962836412665,0.41907200986258497,0.41289919481328374,0.3901741663858991,0.02797823678942653,0.8888754709666983,0.04849310216741717,0.9576962706457073,0.2450163411622484,0.0034066284206760037,0.6944502581841264,0.9657617828652856,0.8501732207452785,0.8938074823946925,0.9291271129687627,0.9252638128910335,0.9764086859264338,0.227829127111151,0.9302842627140149,0.9244156789752315,0.5478626382157993,0.7825661219296661,0.08825795178820149,0.01178141866213266,0.5868110688748863,0.8378181971216256,0.42662207566859967,0.6722120162779026,0.17987466427239332,0.14575267788261576
MFG_7_6_thickness,0.8279801954981938,0.6294937327953569,0.9761639798844162,0.9866635734277208,0.7049636258703554,0.9797344128172967,0.9322122009664214,0.49956406891683697,0.9311407337765951,0.8331075189701971,0.8746071064296064,0.47793417440647507,0.8494355845205539,0.40251319767115357,0.0347936544610039,0.5162553934218556,0.8128466081560124,0.6665529439224354,0.10337755145725439,0.9626253286364266,0.696605633598616,0.9855753957263567,0.783869006899083,0.862919021292212,0.9808839395823359,0.609400205824563,0.698751489555045,0.817729614645485,0.5673626614640548,0.39693047183709984,0.568307601997877,0.5119260257067071,0.2191538516109425,0.8927913272979741,0.03212452641674395,0.10593203491525677,0.9804006055426909,1.0,0.20352542193600576,0.6019893996603144,0.6154510556788513,0.7108170944714273,0.9725031528096821,0.20158424699111915,0.850798792077932,0.3207213138136036,0.7208505962204467,0.7220872902215055,0.7043260242320047,0.35256851469921235,0.29440034733343734,0.4624265654763886,0.07927080234401412,0.3746869545408945,0.7210614449000609,0.9869854616275453,0.8540716203223695,0.8726082825994359,0.9745598666379547,0.9793026483323362,0.3669518013948007,0.8068075882175021,0.7173775603052597,0.24553899656635203,0.9614109020563919,0.9811652049749963,0.4521158585921359,0.41206685390362474,0.39155189524609957,0.018630074855714853,0.8777759985192837,0.032757819917873666,0.8869485687444458,0.17205454645413903,0.0031674517234107817,0.6756945022488209,0.97770776354642,0.8702008151083258,0.8528908863251589,0.9060691949151478,0.8653133656119572,0.9826033993710404,0.2239153818356281,0.8639351549278567,0.9176987346174457,0.5511088627987278,0.7219460656638113,0.08872677105397006,0.012644479266569185,0.5837365318044082,0.767695017093396,0.4162196479508605,0.6587256487241719,0.22563552852616087,0.09742429501887451
MFG_7_7_thickness,0.061133224497980074,0.03093424463094915,0.29037624278291263,0.2575593828813061,0.032390682554519004,0.15339566044961445,0.27813790761246304,0.012782340171818788,0.33195043141212993,0.42157124146144426,0.0722065241559012,0.7996418927068298,0.4717715071620301,0.007401985894496149,7.916436683392163e-05,0.02926768475531672,0.05809414380168404,0.04230021073963343,0.0005122013976136948,0.21957266483630233,0.06984538248927774,0.17453995431869393,0.5287766068551122,0.12922099104180187,0.25428037454788976,0.7230440324063505,0.15341428879400637,0.06032227658726612,0.04244191631819326,0.01786034859409855,0.05711988500654612,0.03775796949457563,0.9861345938631578,0.4114326069597347,0.46359750021260626,0.9447352624977514,0.2101801441836168,0.20352542193600576,1.0,0.2839089484810667,0.7181115524334727,0.09921108881967759,0.2154951570078938,0.0016835229325508523,0.08387743530711116,0.005490634482153082,0.4031011927516977,0.12526662276436296,0.584571267885707,0.015179048426695499,0.41083916467892656,0.010458920405526536,0.7921107168542731,0.009860826006463553,0.1012584219339584,0.25138715555347346,0.08872974498327617,0.3484199129507742,0.2346025078908645,0.24621138306846332,0.008771287765088615,0.16042577566115399,0.08589752344800086,0.004385471207878042,0.2184620354154763,0.22545985373868033,0.030184143631154924,0.9022892586505291,0.9161076726200575,0.5074098868877008,0.4326551698044737,0.5770849734613125,0.27288675278439495,0.49634464379541976,0.27327632153931675,0.052185688105710025,0.13690666467538354,0.07084207048687191,0.4251280251525523,0.3815667249566852,0.15130884260715605,0.14680601541227994,0.9980970064009732,0.16983338934753678,0.381887449518638,0.046050162484661386,0.125877931438561,0.00038033835083581074,0.4916756661615898,0.022047692741194214,0.4569491116696857,0.007978307054170235,0.04377626476274559,0.7625354546596106,0.48335875647019677
MTG_4_1_thickness,0.6838395668965402,0.7003373069878649,0.5694406996705702,0.5526898092401085,0.5826163441402161,0.6737513831041473,0.7682156870123834,0.5993654334579585,0.47823779564131175,0.4082451602779254,0.6442006260118066,0.5033273960852467,0.6203388510751613,0.5564348896004933,0.16681637906250296,0.65808722372351,0.6919307489387676,0.7435855565952945,0.32166400282608854,0.4513994410276694,0.8225363155706029,0.6827993445815603,0.6195578983915129,0.8417712808579678,0.5206112787633976,0.49176913957118795,0.9461956664744893,0.6990518915509316,0.7187913128236629,0.466357900774128,0.7344070297657586,0.6431681013060242,0.24612517616896396,0.6509158767997412,0.0022629337982211584,0.17640711073962936,0.7099154253698772,0.6019893996603144,0.2839089484810667,1.0,0.4966242094878338,0.8790358557789776,0.7288210253758259,0.4684676798252805,0.7611808238300032,0.5204420181435572,0.8592702408825805,0.9147759698146485,0.45230811236278123,0.2980572227468852,0.7644587087899853,0.5860962919137258,0.21839480214440346,0.5336373880256968,0.8812452016025274,0.5437641585130654,0.772391871496398,0.7806661413269079,0.48483240501405583,0.5068827278092067,0.5344937257950029,0.28088385593586895,0.854477271661772,0.3613392423874357,0.4486698456146437,0.499034992462557,0.5113153408388872,0.4191677736278814,0.3978640326514202,0.08135741216826672,0.6414651017860963,0.12615532202170493,0.834512445215233,0.6752124141823526,0.011531594449825619,0.7771237534284214,0.6186053563390514,0.5536899621841909,0.7003049646662822,0.6801984008640466,0.8615043129137478,0.6381647427384631,0.292352091224126,0.8741822760087643,0.6461587052379387,0.7036051672328021,0.9155341374711361,0.30488728410145727,0.027493970365559083,0.6580002169042806,0.7417930425754227,0.5626995785033149,0.7511683322393858,0.08015311812175875,0.5097674854535883
MTG_4_2_thickness,0.2857047865084037,0.15288890560733592,0.7271028901253116,0.6848616593769553,0.2075916267464024,0.5189347167445684,0.6869329095536114,0.10045320372298902,0.7246877760199467,0.7042986271443199,0.3312699906849389,0.748063644375893,0.9093094634373264,0.07691590878150509,0.0015028946585215737,0.11272452623323316,0.2727809658060394,0.18028553556307664,0.007694092899619691,0.610359350308894,0.23243525305285798,0.5572630983633935,0.9359916301038218,0.40249461595833286,0.6723903420310113,0.9998896788016762,0.36380751105209497,0.2777274462247815,0.14712956607222522,0.06865301847280149,0.17192208600688702,0.12560470842528712,0.7405867579457042,0.8613512890407132,0.14718629684297305,0.527896700535005,0.6120467476594813,0.6154510556788513,0.7181115524334727,0.4966242094878338,1.0,0.28457263338686645,0.6149288563119348,0.02547981861672122,0.32594383039225583,0.07136436185273833,0.6965538164914292,0.32993627876455767,0.715966989262391,0.05719688935843307,0.5038487926844941,0.08856216504097829,0.4347129593463979,0.05398220836335982,0.29172848262066176,0.6752386998604835,0.3347680821900936,0.7483977363570786,0.6385884800422762,0.65891792329618,0.051802828016843466,0.4855964562162447,0.2658193932551928,0.024668249067917047,0.6081764039947777,0.631711340198926,0.10047680284272298,0.9228102075486488,0.9161262200312211,0.2096652512479633,0.8795868482153328,0.27997171072975563,0.6433496106438626,0.4124825977319459,0.059141254201091134,0.19746549206002648,0.4944263784066316,0.34211065340585073,0.8492648629364549,0.8292185084743557,0.4390550405104698,0.512065797099265,0.7491823535099524,0.4676584754683019,0.8353655703920502,0.14889097930681416,0.3308317796562453,0.006360410248837881,0.13899024104953148,0.12914370849804543,0.8083527316869288,0.07922945055344006,0.17910212192576447,0.5880802387922627,0.3631157499103211
MTG_4_3_thickness,0.886823805871891,0.915534137471136,0.6329943705612282,0.6506905493216646,0.7920234907380481,0.7947155273251696,0.7176754811232136,0.7874595414025989,0.588833035984358,0.5431567728547295,0.8458613497030567,0.36449019895451845,0.49187782560541926,0.7025034847008846,0.19109939665858028,0.8724196903789829,0.8958633877966236,0.9506719887678927,0.382026574261377,0.6280620413021702,0.9908573446518898,0.7789602094997146,0.4313861355144326,0.9360826183411226,0.64157542298442,0.27863752240448847,0.9824786369781495,0.9003711978720339,0.9217755517990138,0.6795560681133408,0.9170720106668959,0.8505160879704133,0.0805329985546675,0.5465540750188401,0.0007232137833892436,0.04660987327670004,0.7574194533202069,0.7108170944714273,0.09921108881967759,0.8790358557789776,0.28457263338686645,1.0,0.7620226809828564,0.5547627991946824,0.9288764759018515,0.6031569152075327,0.6692203006342492,0.9949261136887837,0.5039486155586168,0.5080501477402853,0.5576380144637737,0.7636292997136827,0.06358076182169033,0.7274154610970096,0.9996560739175382,0.6517040086724107,0.9322825400077721,0.6555064016930332,0.6378046038267935,0.6409993195644146,0.7225878337396432,0.4846955666465603,0.9979141176252533,0.5197875532601323,0.6270181297473221,0.6491372884247673,0.7247191523467942,0.20354907266194888,0.18364066838133425,0.014940180007443921,0.5264994394528941,0.027816085718175582,0.7640614175147564,0.508741251571064,0.0011411162866487633,0.9715767534094546,0.7757730811225445,0.7677040748082706,0.5452184673108995,0.5794563250843605,0.9230723623371373,0.7793170959644172,0.10462864393163061,0.9094390384793418,0.5727780460538267,0.9016619615900596,0.9947231105691179,0.35627275855393786,0.0035437712629921656,0.8707976764475214,0.5429817306270832,0.7165998135137176,0.956011492779701,0.0269894688069318,0.3627727083897706
MTG_4_4_thickness,0.8329310427439143,0.6334958785708749,0.9360826183411224,0.938458320041265,0.6981599305330258,0.9807653316402174,0.9854427067629021,0.5021478842111398,0.8539254526391504,0.7373335266156509,0.8686241518094135,0.5010407066424012,0.8568111415180268,0.41524899501708773,0.03215498757465653,0.5008138468820563,0.8197237537780766,0.6779651989701914,0.10141642076460011,0.8770876387241182,0.7275808650462178,0.9908615734141791,0.8103205851320334,0.9187681227883753,0.9194052986452128,0.6085581159007372,0.7807021657919995,0.8262230863877046,0.5644404312186174,0.35071552222143076,0.5695481680735618,0.49191112312300533,0.2139754699590922,0.9072138819760773,0.018099598772979526,0.11293638613093235,0.9992941773013854,0.9725031528096821,0.2154951570078938,0.7288210253758259,0.6149288563119348,0.7620226809828564,1.0,0.2144469114241512,0.8764693627393336,0.3562070985930858,0.8399735147982126,0.7897661777533731,0.6503901278113156,0.28967739589592656,0.3899364726945922,0.4664043492772478,0.11216868050717861,0.35002490821696,0.7740794437260948,0.9349974704882581,0.8833606679912681,0.9449115026902668,0.8998198576831418,0.9125190715402183,0.34556482935581156,0.6975721481532379,0.7602052915936872,0.20766622057604142,0.8750580987855698,0.9120702058484835,0.41049940287013603,0.4176313376530834,0.3945781855670023,0.030732339008799597,0.8905327842902647,0.0528713080829565,0.9676003770916715,0.26054298572303636,0.003669233336036743,0.6937447747182082,0.9583338511090818,0.8413155040283626,0.9006842403158959,0.9320766277339043,0.9316439502531911,0.9701073233633908,0.23279222704896793,0.9380960416320335,0.9244003725103143,0.5441670408165459,0.7899735565425856,0.08849103252515889,0.012242000172825401,0.5839295679653529,0.8503111607837903,0.4266042458223426,0.6706292063035448,0.17434725468499432,0.156851655134915
MVOcC_5_1_thickness,0.49656222146180296,0.6967191535919057,0.13632508692555115,0.15956653377516838,0.6345022663527078,0.2695590258265359,0.18818850619756816,0.828146888964181,0.13479736797536213,0.13235367325135394,0.4438444852987817,0.01992679622752524,0.06899181550240607,0.9071240252151045,0.7007046330868492,0.7511419030618376,0.5130591940794031,0.6523721239113892,0.9291807568194839,0.21836889176088659,0.5962127354965691,0.2433947997769964,0.06925936642824805,0.39818947355644146,0.1678534651318196,0.025151207036524778,0.5118214020460427,0.5064990628295962,0.7032769725164127,0.7461094277155724,0.6666851880049227,0.7084770014840397,0.0021289105372790515,0.09053588966515266,9.670655469356561e-05,0.00048310175832027983,0.21266219797364855,0.20158424699111915,0.0016835229325508523,0.4684676798252805,0.02547981861672122,0.5547627991946824,0.2144469114241512,1.0,0.45377385735155934,0.9353548338202946,0.25083979337824047,0.5209031891618972,0.07613640746425304,0.6090574627736387,0.4498444347723323,0.8597844581204421,0.0004109584660220964,0.8768996123929956,0.5451695041113938,0.16538658932768485,0.4460729835410717,0.17145164870478882,0.1929145715388617,0.17723299687831184,0.8917142680588704,0.4153259843078358,0.5636221096737417,0.8747073287623855,0.22054632360921028,0.19618154358111428,0.6739163013157111,0.0076818837513755265,0.006906376150444802,3.273619293707881e-05,0.08276031520972085,9.187634229419022e-05,0.23388579754243372,0.49987128851932444,1.4899716533353519e-06,0.6324640375887686,0.287582719307654,0.4489644712765763,0.11237401861177954,0.10852158955038124,0.3741772946306458,0.2734549014334197,0.0020452278020104383,0.3570283556198385,0.0976928258984016,0.6929459813345892,0.52042340605069,0.9077783014792116,1.3748256594428547e-05,0.7462708549920882,0.15423684961921416,0.8972038511310141,0.6559130148267207,0.004178106925538406,0.43843207147563606
MVOcC_5_2_thickness,0.9873229026635117,0.9061596008739046,0.7472451691855216,0.7776927015476321,0.906819092466401,0.9296175349640652,0.8168233599205283,0.7928681488984768,0.6908858673349383,0.6149480858577157,0.9781504537468657,0.3223400863279228,0.5671284467427606,0.6942592893675754,0.1091162246422338,0.7726819703755271,0.986825641272276,0.9306891248975022,0.2671615982405118,0.7807123261518704,0.9368006183868725,0.909439804413483,0.5148837754407455,0.9808987552203536,0.772361095622254,0.3206863345251164,0.8883257241060731,0.9893930817450618,0.8177916277140306,0.5846435284014784,0.7880265407819771,0.7305189496795814,0.07816518949529042,0.6351640570205007,0.0036414398658956566,0.037037633528491085,0.8769927572592628,0.850798792077932,0.08387743530711116,0.7611808238300032,0.32594383039225583,0.9288764759018515,0.8764693627393336,0.45377385735155934,1.0,0.5905117338800571,0.7188661651216384,0.9222397729483438,0.5139997730712684,0.4689309931424197,0.358053461377857,0.7584611765710461,0.04326348256346536,0.6363260953635119,0.935932845733389,0.7817006828872328,0.9996751834994294,0.7466550898371305,0.7801300657398632,0.7762693528154005,0.6345887755017037,0.6826371519622123,0.9428949384679175,0.43256587299234794,0.7804896831047949,0.7936942289834097,0.6204289552789364,0.19612567563097633,0.17927530590529867,0.008985965888235166,0.6109973341921642,0.017441505840642375,0.8411418202756311,0.33988593979229076,0.0006685388645094407,0.931911574317869,0.92716663673977,0.9349527502986192,0.6404308585437961,0.6751416634745127,0.9648252205062151,0.9245018323638517,0.09133627170747935,0.9494755867715523,0.6648488046037668,0.7815056067625621,0.9217763837919228,0.24086393935828204,0.00252547452600444,0.8700893050453617,0.6361840375084523,0.7094451542852849,0.9235288862563003,0.06122538046894999,0.19825659699789794
MVOcC_5_3_thickness,0.6359641097124281,0.7529388157051806,0.22573398434213615,0.253581793271482,0.7691136423239084,0.41277202757413795,0.3311161704858366,0.8849237521697833,0.19446821012560894,0.16196341437812264,0.5915305796433403,0.022847421773285012,0.1499980473842542,0.9554561865716376,0.5619079834894489,0.6811169516259276,0.6484453730714577,0.7090864983928606,0.7858229121242117,0.30530110781297404,0.6424881842462843,0.3840665768483241,0.16188155965752735,0.5364371179622863,0.2561677286388538,0.0710589262953347,0.5617580775914548,0.6419928402618853,0.650844054328489,0.5911031133050703,0.5841014262633649,0.5969634073671423,0.0087816333790407,0.18724724828894443,0.0007397382506725141,0.002000182377820436,0.35180098094399065,0.3207213138136036,0.005490634482153082,0.5204420181435572,0.07136436185273833,0.6031569152075327,0.3562070985930858,0.9353548338202946,0.5905117338800571,1.0,0.4051697622184867,0.5808824102093121,0.08648442973814231,0.4586568058170216,0.30440844792918387,0.9062608255439338,0.000492696355533206,0.7844518489703003,0.6020366513897092,0.2592051984549018,0.5828665922186897,0.315247105528489,0.2804900784012568,0.26525798132865297,0.8082943791511439,0.5059086779340798,0.6199292964040497,0.7193949106977657,0.30742829449345843,0.2890626237272398,0.5166772217611204,0.021655265601070412,0.020937926519522785,4.1164421714932595e-05,0.17458873968174088,9.478067577357703e-05,0.38667519747665474,0.4238512226968804,1.259334117197125e-05,0.6789012358769865,0.426906665023999,0.5959018798993425,0.23268678824001873,0.21873722917769042,0.5153159419755144,0.4131724951495882,0.006916268283879528,0.5002726991451845,0.19427865325930876,0.6098374565566148,0.5804200500170442,0.762109384584053,0.00010926008996865113,0.802543928551172,0.29765546000055065,0.9449961849168055,0.7019445471207697,0.018437672238789685,0.2915842380003312
MVOcC_5_4_thickness,0.6631880662621779,0.5212933244444438,0.6882309398674128,0.6693226548587559,0.5726524859678095,0.7644385762248702,0.9040185104307361,0.45011911795913256,0.5620439141700766,0.43886479899391917,0.6733430455133137,0.5170297821032803,0.7964263472267519,0.41109046727134085,0.04322565872888536,0.37653015738428347,0.656568694785037,0.555781514510565,0.12078506991221055,0.5633091187859272,0.6112435857153165,0.7828448796851326,0.8458317984183135,0.8019409555787553,0.6320471039938992,0.6942926274362271,0.7492163368115934,0.6625842945824474,0.43558682235602303,0.2091322677173907,0.4344502320451557,0.34737006912080703,0.37895854883378,0.8259664720313592,0.011379424630814018,0.2759818727957468,0.8222656378150626,0.7208505962204467,0.4031011927516977,0.8592702408825805,0.6965538164914292,0.6692203006342492,0.8399735147982126,0.25083979337824047,0.7188661651216384,0.4051697622184867,1.0,0.7228438637125156,0.4365484930578096,0.12317003087868635,0.6133114349338162,0.4287052456609889,0.31242877134038594,0.2746496743777238,0.6818852630632439,0.6593122928925188,0.729098268079435,0.9496127250663602,0.5952688198851538,0.617578895962019,0.2805342320400741,0.43278075125315896,0.6539296462153619,0.14049375368414482,0.5607886254670106,0.6124377168193784,0.24435924223923233,0.5554176102085888,0.5415063661152343,0.14068344399434005,0.8188802563111681,0.2019341419693866,0.941042153377768,0.5604782003480421,0.026081516079886145,0.5710833590145608,0.7153221759187747,0.6293265307023114,0.9079251368194755,0.8579527220150822,0.8351857896417557,0.7348310003888646,0.416396624362727,0.8598980778968781,0.8075972314969917,0.40719695017535995,0.7237480093547628,0.11063854432151331,0.05677978001316083,0.49015660586940724,0.9674837424509721,0.41465569315634454,0.5489039642811975,0.19889472642568154,0.40873728451293045
MVOcC_5_5_thickness,0.8688160696502214,0.8798817390725331,0.651560066470816,0.6624820694233261,0.761632880604539,0.8042054921608066,0.7591517963369878,0.7476371728028992,0.5946063467047359,0.5398832810927904,0.8303590613835337,0.4031540910893396,0.5385490432238522,0.6668141381526336,0.17212493437071838,0.8271856681174505,0.8767518880600915,0.9205676611460893,0.3504462849076265,0.6192789728090509,0.9733164552257081,0.7940652088882483,0.4828917214609405,0.9476647763762858,0.6476714172448191,0.3236871667712121,0.995124735687791,0.8823779833867816,0.8841337888716536,0.6258876298876457,0.8847812815635315,0.8071560118293601,0.10290635592568037,0.592085860355999,0.0009105036417352697,0.06186187525236297,0.7824204560421986,0.7220872902215055,0.12526662276436296,0.9147759698146485,0.32993627876455767,0.9949261136887837,0.7897661777533731,0.5209031891618972,0.9222397729483438,0.5808824102093121,0.7228438637125156,1.0,0.5162770174894389,0.4570708245912052,0.5838834880633265,0.7236842707711008,0.0828851226084391,0.6751978711630614,0.99601730457134,0.6612718432396334,0.9278442080683396,0.7062006541477153,0.6358310891780952,0.6439016139622252,0.6712584812479978,0.4549221858246788,0.9881170924965232,0.4687647687250234,0.6177103743753803,0.6483807692864993,0.6763618354762726,0.24259203129299017,0.22087633252119845,0.021173108092335143,0.5727780460538265,0.03813403090572467,0.8080140627655944,0.5192809444898044,0.0018082973754907584,0.9456607478261914,0.776015777613685,0.7465345686556673,0.5973501900752095,0.6256526335388924,0.9418554314365156,0.7838030342570175,0.1315649470130744,0.9335660806937791,0.6145011806713992,0.8639423299280105,0.9999977483036235,0.3269894356329499,0.005349713019415507,0.8315832614592396,0.5977374738276501,0.6796971128271816,0.9258914992347831,0.033784039806590414,0.3666219734522105
MeanThickness_thickness,0.46901363453171463,0.37303573353936315,0.7929943468097653,0.7741854415714842,0.3414540944932317,0.6283868558410062,0.6294990658191564,0.24074909578791306,0.8647691098811954,0.9405403142591728,0.495292941980385,0.8715157061987839,0.7530355110844114,0.16273739121386632,0.016021330398986764,0.3687495048424422,0.46117601371797406,0.41629621223884045,0.04705204888525093,0.7439607916029867,0.47488339837178684,0.6464029288918245,0.6497973308417277,0.5499629971425088,0.7811633670322968,0.7096152499444276,0.5155864250584056,0.4673769856409283,0.41450425728826035,0.30881644336822694,0.44716561781842856,0.39956654826620863,0.5900648988483261,0.7286174715955689,0.2926236943151413,0.44067473732989937,0.6588072422992728,0.7043260242320047,0.584571267885707,0.45230811236278123,0.715966989262391,0.5039486155586168,0.6503901278113156,0.07613640746425304,0.5139997730712684,0.08648442973814231,0.4365484930578096,0.5162770174894389,1.0,0.28997735530912916,0.31235495415699827,0.21623086239089986,0.2641462172466506,0.23940798360550983,0.5064852483315506,0.7715737719911704,0.5203593549543449,0.5838804470899983,0.7644482212950336,0.7754386622785048,0.22608563338761842,0.5448289417313733,0.4948331596340336,0.1665702216859914,0.7420966343683927,0.7523822811607147,0.3720746963010339,0.7493161952250127,0.7266989422769381,0.09110073464203612,0.7342397437961348,0.11247822894853632,0.5776843104321256,0.11508145831064912,0.06527541505540459,0.44259028551094975,0.619268522972238,0.47574048626636584,0.6226525733645271,0.6953053816719335,0.5570673138461533,0.629575851397793,0.6066754060197928,0.5591986800513294,0.7468652522607635,0.4233829781780437,0.516404494821265,0.03878454783948599,0.16008702319670454,0.32355977684288145,0.48920661479359684,0.17472296851623645,0.42062781146205913,0.5192966814396929,0.0892297168153669
OrG_6_1_thickness,0.5139369677211154,0.6293450963438183,0.3044068864494615,0.33763965372959776,0.559951273208084,0.3747905396629026,0.21948543018782118,0.6280445829132213,0.34746584550119886,0.3717950540976815,0.49507637770103735,0.13189109979127933,0.14313964440285962,0.5877219235148579,0.6425399210718978,0.7645184203897337,0.5211315112288586,0.6079513039686808,0.68844941192609,0.4242508408540724,0.5623907316298391,0.3477476186702112,0.09124224289722499,0.389750169915393,0.36024606578082935,0.05476209163005201,0.4277076906237743,0.5165686836341679,0.7177482489864468,0.9281652566532728,0.727036222441197,0.8079414490781001,0.010454662213889906,0.16423168814291442,3.0655359362644996e-06,0.005293711378757163,0.301014530142077,0.35256851469921235,0.015179048426695499,0.2980572227468852,0.05719688935843307,0.5080501477402853,0.28967739589592656,0.6090574627736387,0.4689309931424197,0.4586568058170216,0.12317003087868635,0.4570708245912052,0.28997735530912916,1.0,0.48892342181300663,0.6281606315269124,0.00851417967126249,0.8028853702272276,0.49711815716813434,0.34751034897740835,0.45964919959504114,0.15931258766620432,0.3952369533133114,0.37417952789615966,0.785617353838572,0.5026145681375839,0.5239257957447011,0.8910442983920818,0.42646694029755017,0.39250608443180035,0.9191058385272277,0.04226354335190958,0.03543679855293042,0.0012045840648693097,0.15512371871369687,0.0027466007916304796,0.2140423388396391,0.3090611064487596,4.574233394463193e-05,0.5970423901110818,0.4126150130836535,0.5104091403168203,0.12600327888971635,0.16900445201988715,0.35576415414717044,0.39435254264216746,0.01617335209091372,0.32977990631718823,0.18915175110295515,0.7496623944089089,0.45616224607391215,0.6736736757042954,0.00018425298493883173,0.6400019519310927,0.09138213594331615,0.5989546771546085,0.6143012412403892,0.0008663584954436266,0.43641594380495796
OrG_6_2_thickness,0.2930197974916478,0.39743956461506813,0.3197121081555722,0.289464157990813,0.2306983342868983,0.3130349838393758,0.46003291833476534,0.33885436155583104,0.26482044491404005,0.2334416939735604,0.2592953252115544,0.4645764640731506,0.471875061162875,0.33250758653905343,0.4359553266998208,0.5457970080804174,0.30224279895081885,0.4272848289451655,0.503414818757136,0.19922043288957364,0.5050978548005505,0.33187571764838575,0.5133907177062338,0.43816175539017077,0.2639866511397814,0.5029848825751081,0.6378977560312642,0.3075695030947099,0.562047321282962,0.5735802737451373,0.6257935081067465,0.605929497004258,0.3733433691131773,0.46089423219486414,0.006804842523861868,0.3034898025333827,0.37322680780831385,0.29440034733343734,0.41083916467892656,0.7644587087899853,0.5038487926844941,0.5576380144637737,0.3899364726945922,0.4498444347723323,0.358053461377857,0.30440844792918387,0.6133114349338162,0.5838834880633265,0.31235495415699827,0.48892342181300663,1.0,0.34607972954361216,0.35215182492245234,0.5066197429527507,0.5493663536557907,0.2796217256575129,0.3681378009604328,0.5167948764852024,0.22890447252599117,0.25006352226735146,0.4942005110436513,0.07673222313586084,0.5225493276941906,0.5235102887349706,0.1969099714160203,0.23459810235679313,0.6084639317863315,0.4902006693912345,0.4808927347502837,0.17334703575666524,0.46645581690126314,0.24061911749717377,0.5052742987341869,0.8287414784035463,0.035841484234736286,0.4661961838034635,0.26692614118108726,0.19798812340315308,0.5103659295949075,0.4654860093202167,0.4627151860691738,0.2853322990775132,0.41700163185391514,0.481407850584315,0.43742003741663,0.6012175341728492,0.5847906375674047,0.5017434290778857,0.07328308820529544,0.3707234691100587,0.5585027323511507,0.3352790116859182,0.44646672662498743,0.14463583993702697,0.8368510587975865
OrG_6_3_thickness,0.8131078934668248,0.9350507040716898,0.3514914940963174,0.3928294254013436,0.9160875237637905,0.5583448270388522,0.4087606391911138,0.9978262825415134,0.34209625588443043,0.3227388288053497,0.7665566062716799,0.08031803897369029,0.20233437988748665,0.9887770388729319,0.3858114594416979,0.8760364292977627,0.8263577658407257,0.8967256033870545,0.6635453926656171,0.4758622461241203,0.8216297607130839,0.5195967227462894,0.1884514762044752,0.6752386998604837,0.4052047226981027,0.08717042899773211,0.6880423380306824,0.8196739111393454,0.8480596393939478,0.772695425094746,0.7787434562888609,0.7979926383986711,0.01145871787774343,0.24738771667632958,0.0006234148025064842,0.003527841753613297,0.4677531320052052,0.4624265654763886,0.010458920405526536,0.5860962919137258,0.08856216504097829,0.7636292997136827,0.4664043492772478,0.8597844581204421,0.7584611765710461,0.9062608255439338,0.4287052456609889,0.7236842707711008,0.21623086239089986,0.6281606315269124,0.34607972954361216,1.0,0.0034699335150358067,0.9207254224253576,0.7606231820141138,0.402494615958333,0.7479290663999469,0.36441979524484513,0.44229912972589847,0.419602950878352,0.9329545748785577,0.6393722517535914,0.788578798861996,0.7903751816612586,0.4785602651284554,0.4492943245645878,0.7167630949345694,0.036515167474024626,0.032838490756528324,0.00040303999162343533,0.23111228905530035,0.0009768651428668622,0.45702994943281366,0.4388799312409506,2.122564576812513e-05,0.866175315827715,0.586906827182551,0.7669807095641697,0.27126902539245934,0.2791521786997792,0.6404696437597723,0.5669017103447118,0.012118966711431157,0.6146030780047437,0.2661889414199391,0.8085226046086544,0.7228326539619858,0.6235909564844443,0.000139029682705236,0.9680455413189049,0.31547025944722784,0.9934769623352881,0.890731166423312,0.016539837121950215,0.3084816901573004
OrG_6_4_thickness,0.02623952915138764,0.01554492313133815,0.11225439508887428,0.09301178849871053,0.009097293746577407,0.06790222624409069,0.1643855068614088,0.004460136797223866,0.1084258206602787,0.14004203524135792,0.027720207409979367,0.5322090559737004,0.25295630486201065,0.0017844135635376704,2.6780476285663816e-05,0.01681888533567112,0.025544820592569968,0.02294254123171661,0.00017473739887298038,0.059594267511052415,0.04228587385164788,0.08012539145674785,0.32830794657149986,0.07670151117699679,0.0846835620555835,0.4406757351582501,0.10549185167633994,0.027037707700775588,0.025316804649117713,0.010088020354134112,0.03560611366215695,0.02264495495627554,0.744212145884659,0.2214669383737341,0.5085540098342175,0.8842517748335355,0.10499311182754478,0.07927080234401412,0.7921107168542731,0.21839480214440346,0.4347129593463979,0.06358076182169033,0.11216868050717861,0.0004109584660220964,0.04326348256346536,0.000492696355533206,0.31242877134038594,0.0828851226084391,0.2641462172466506,0.00851417967126249,0.35215182492245234,0.0034699335150358067,1.0,0.005019802260742189,0.06476740472771973,0.08834251127287826,0.04676433864428202,0.2276214109389721,0.07027115864524214,0.07871745791574776,0.004337373913688159,0.025597950783964016,0.05344787097114961,0.0021939984856781795,0.05881769281484864,0.06920347404063372,0.017884690256394945,0.5757556110114501,0.5951102732768849,0.8452331329468257,0.23362582920027747,0.9011427111218473,0.17683110145980216,0.4984911267287308,0.6011670239133622,0.029982511200539838,0.05228716460841732,0.019928444092366757,0.26739977826962236,0.2130864958996074,0.09292987500875917,0.05944707958421535,0.7641101080022898,0.10688312483456804,0.19525370759984084,0.028017283654688772,0.08335713691751817,0.00012309444297810791,0.7655188772841299,0.009970170305924281,0.33514283737717976,0.0020963661075246846,0.024314774156722764,0.5456984883586293,0.4993508367056964
OrG_6_5_thickness,0.6835748831696218,0.8756237134717035,0.2953502690256982,0.33257348040443185,0.770360972214539,0.441818326971951,0.28632523957828865,0.9127814605363618,0.31788369032291586,0.3285712200945185,0.6325217356946212,0.09735666604698226,0.14282611303850457,0.8964108889725328,0.5131061685147882,0.9533754782638322,0.6996710572939404,0.8433611889779917,0.775639198817349,0.4208091947807768,0.7859404300484526,0.4063285148040822,0.11015088923420896,0.5529410589409375,0.35113758655661276,0.05219983679082145,0.6482391051561215,0.6936925458039749,0.912252642963733,0.9432828951773735,0.8811461635408737,0.9283314055794707,0.007389478116076655,0.17337033391537587,6.663369979655803e-05,0.003212706088752967,0.35520531975576397,0.3746869545408945,0.009860826006463553,0.5336373880256968,0.05398220836335982,0.7274154610970096,0.35002490821696,0.8768996123929956,0.6363260953635119,0.7844518489703003,0.2746496743777238,0.6751978711630614,0.23940798360550983,0.8028853702272276,0.5066197429527507,0.9207254224253576,0.005019802260742189,1.0,0.7157795625019758,0.3425442029328492,0.6262269516588592,0.2351449913537171,0.3882707590177909,0.3656901073663436,0.9990011973382209,0.5511956430066367,0.7439376526523265,0.9335524193368283,0.42337762900413306,0.3897278615392469,0.9015152591729441,0.030915630968069152,0.026089955792144157,0.0006348651395196815,0.16139976942960962,0.0015123278889511219,0.3192645840855858,0.5059072614509541,2.128074465505961e-05,0.826948446433057,0.47424716050931454,0.6303505792649299,0.16671324679043864,0.190797220453384,0.5148983656042768,0.4544627526688389,0.01071843855459322,0.48626808627073015,0.19476056221376264,0.9087396823338643,0.6743044071506011,0.7401190642867661,9.551224164131522e-05,0.8999215468725877,0.17838362863233403,0.9041278580526673,0.8491200703132079,0.0035121009435323176,0.46177464914007216
OrG_6_6_thickness,0.8935306498375972,0.9137610852280708,0.642030707062774,0.6596034379938984,0.7972620797387454,0.805606572291091,0.7305833971153659,0.7852457009687444,0.5950748662474084,0.5464972514222339,0.8541007447713183,0.3676256686768795,0.5019105024975347,0.699737930877051,0.18184388188155695,0.8624512796092301,0.9020084364945242,0.9493250542662468,0.36982955199421064,0.635250469390694,0.9895917597340539,0.7901954720180215,0.44234459139762705,0.9443581449046347,0.6497874977254501,0.28576731446032894,0.9832970430902376,0.9065985987957963,0.9132234364747762,0.6660721472995281,0.9074144343996324,0.8388944317108487,0.08262970853809866,0.5575560541187077,0.0008141717158771841,0.047706657303802975,0.7692548873289359,0.7210614449000609,0.1012584219339584,0.8812452016025274,0.29172848262066176,0.9996560739175382,0.7740794437260948,0.5451695041113938,0.935932845733389,0.6020366513897092,0.6818852630632439,0.99601730457134,0.5064852483315506,0.49711815716813434,0.5493663536557907,0.7606231820141138,0.06476740472771973,0.7157795625019758,1.0,0.6604690304504754,0.9394739060501114,0.6689403463253234,0.6454674169638808,0.6489955587959093,0.7113863142574095,0.49057180215164375,0.9978407905610654,0.5063431419459438,0.6341695333166626,0.6572033965217261,0.7116912324456042,0.2075167228642644,0.18747542443087006,0.01530194496571979,0.5372308500205212,0.028425270035842276,0.7769310601850477,0.5015748251811536,0.0011789549397438286,0.9697836621832706,0.7860031230400852,0.7762025111856738,0.557847818678297,0.5912819727701187,0.9320949410543178,0.7898385855533188,0.10684607988548055,0.919016377977746,0.5835769309362432,0.89161417357876,0.9958274607019717,0.3442567537749285,0.003657269098413606,0.868739834995689,0.5565335355944889,0.7137596284301628,0.9539108287531475,0.028856883713635727,0.35294075823712845
PCL_2_1_thickness,0.7593361012630035,0.5677520549985041,0.9945157317799054,0.9997276183436894,0.6352886843058756,0.9375986721213707,0.8950042534088094,0.43770946230176244,0.9758250957627363,0.8986666280518578,0.8113750003048474,0.527427078464171,0.8788890082620333,0.34266392094865317,0.02987545959318589,0.4793293230747421,0.7434421499047273,0.6049418950243187,0.08769719117576977,0.9803645131764254,0.6373894422101374,0.9477907598392377,0.8029191484363292,0.7942091510898426,0.9989587051163753,0.6691801692099553,0.6400308623999466,0.7483510514437308,0.5270069372892788,0.3810897060852927,0.534691585651498,0.48441648660748443,0.27624571276220766,0.9068187118768456,0.053529705439465884,0.1386671198630542,0.9459480001098862,0.9869854616275453,0.25138715555347346,0.5437641585130654,0.6752386998604835,0.6517040086724107,0.9349974704882581,0.16538658932768485,0.7817006828872328,0.2592051984549018,0.6593122928925188,0.6612718432396334,0.7715737719911704,0.34751034897740835,0.2796217256575129,0.402494615958333,0.08834251127287826,0.3425442029328492,0.6604690304504754,1.0,0.7850026947548219,0.835594240004342,0.9924533741737198,0.9973058719127674,0.3328775547993499,0.8189123496773549,0.6566470602261963,0.23078514713259313,0.979138136808429,0.9939483203302013,0.43745068735366777,0.47996935351673875,0.45941245408538073,0.020898386975584098,0.8967256033870543,0.035178009231202505,0.8334376619524919,0.13934504026079886,0.005225001656054188,0.6161094381446085,0.9395901001884205,0.8152353349940814,0.8434574745098624,0.9064556996740263,0.7971315009828487,0.9445813787866619,0.2759899716209582,0.7962377161417673,0.9314156956037201,0.5173683187913822,0.6611350638162738,0.07445481590180628,0.02027454094937861,0.5218662421007016,0.7323140469087687,0.35635103316789296,0.5990434857049345,0.29282638077774825,0.08284003641459162
PCL_2_2_thickness,0.9830857856220598,0.8993780600278033,0.7527815105225446,0.781541845201815,0.8972605220353526,0.9322825400077718,0.8262230863877046,0.782457975751313,0.6940864365930942,0.6167611935727146,0.9739795953521254,0.3331773607031822,0.5775268268590532,0.6840167475205381,0.10601066272100482,0.7665027992636514,0.9824786369781495,0.9261536280187055,0.2610583187381635,0.7790836318841521,0.9367956117717237,0.9134919523940022,0.5248429059379329,0.9854427067629021,0.774899922345415,0.32936521063491137,0.8958633877966236,0.9854427067629021,0.814086690405064,0.5761040588096233,0.7868034058118458,0.7260736253438773,0.08201690131871134,0.6453575562534382,0.0036304545488540178,0.03960005212891636,0.8833036547133398,0.8540716203223695,0.08872974498327617,0.772391871496398,0.3347680821900936,0.9322825400077721,0.8833606679912681,0.4460729835410717,0.9996751834994294,0.5828665922186897,0.729098268079435,0.9278442080683396,0.5203593549543449,0.45964919959504114,0.3681378009604328,0.7479290663999469,0.04676433864428202,0.6262269516588592,0.9394739060501114,0.7850026947548219,1.0,0.7571278070165344,0.7804973112436693,0.7779716908585217,0.62433113674747,0.6720550669025475,0.9448072113620453,0.4221213760888942,0.7787000006787655,0.7942743885595938,0.614476534423074,0.2041586903689415,0.18669653976831346,0.009935495282526394,0.6212955876750468,0.019125422671454482,0.8510594476748264,0.3443871684395022,0.0007488669078191418,0.9292474415917547,0.927313149286352,0.9281240124400829,0.6508450349668539,0.6852978411497721,0.9709255173246227,0.9258293396254943,0.0963514376112869,0.9566445140247843,0.6745972663977025,0.7785066938842204,0.927427478118442,0.23543379662691666,0.002759449417258308,0.8614088924435241,0.6458875488691589,0.6990518915509317,0.919405298645213,0.061731068274896564,0.2018561471438091
PCun_4_1_thickness,0.6901583345686997,0.4915358243279179,0.8623535861240679,0.8446220727829852,0.5684679945345967,0.8742490523503942,0.9857948035895057,0.39195048326853543,0.753054665518119,0.6234570588104889,0.7261573295672576,0.5668771727841229,0.9144686713308166,0.3354562460981253,0.021732051681244362,0.3579940125816098,0.6767501707531925,0.5344616860951659,0.07275786422232217,0.7433793658637218,0.5974868058137404,0.8980681918675362,0.918190872065178,0.8270268366961825,0.8128890193553897,0.7436420986717971,0.7236846905466863,0.6838395668965402,0.42166772304340283,0.21620808785458823,0.4333971253100871,0.3483753492798863,0.3360372351614817,0.9464439519862051,0.019523126046943236,0.2121250497387306,0.9353209387869486,0.8726082825994359,0.3484199129507742,0.7806661413269079,0.7483977363570786,0.6555064016930332,0.9449115026902668,0.17145164870478882,0.7466550898371305,0.315247105528489,0.9496127250663602,0.7062006541477153,0.5838804470899983,0.15931258766620432,0.5167948764852024,0.36441979524484513,0.2276214109389721,0.2351449913537171,0.6689403463253234,0.835594240004342,0.7571278070165344,1.0,0.7768853996024025,0.7990542965307134,0.23536742841320726,0.5736882139286565,0.6419796234367514,0.11945613146391051,0.7406489769078695,0.7905342681354967,0.2672292879265527,0.5590301539785083,0.5379691031629952,0.08455791606614677,0.9377809084604966,0.13020338030894987,0.9820095983989525,0.383130722195529,0.01281958365415676,0.5533343563574169,0.8333862867818255,0.6983092228412546,0.9796928423255813,0.9685995972128336,0.8591092240867978,0.8530349671929525,0.3672996614158105,0.8817201006161588,0.9409086351416107,0.40265727307521176,0.7069704027938836,0.06457042911359609,0.03270637789461215,0.45000353251221104,0.9685368289407261,0.3415269449878636,0.5274790417145987,0.21803484323895705,0.2673464644887746
PCun_4_2_thickness,0.7743885827818968,0.5971218875980042,0.976673369859473,0.9894586779414196,0.6698030504550935,0.9235783560539406,0.8449248174274684,0.47746837620091565,0.9760228253340131,0.9117474302564015,0.8259918966132644,0.48897105929344065,0.8327763224558833,0.3787437637331257,0.04138758124675142,0.512172388019367,0.7591334550855188,0.6256938178063836,0.11093547823659995,0.99692690351703,0.6394625380152359,0.9274988067061289,0.7529390800038713,0.7694994755139946,0.9962291808423734,0.6330695367667953,0.6049337084496594,0.7624194949480483,0.5494588970518216,0.4254954820391788,0.5479004035559213,0.5121785495236991,0.2660289483594376,0.8595857165519006,0.058896806955827295,0.1310018572962771,0.9143695403133629,0.9745598666379547,0.2346025078908645,0.48483240501405583,0.6385884800422762,0.6378046038267935,0.8998198576831418,0.1929145715388617,0.7801300657398632,0.2804900784012568,0.5952688198851538,0.6358310891780952,0.7644482212950336,0.3952369533133114,0.22890447252599117,0.44229912972589847,0.07027115864524214,0.3882707590177909,0.6454674169638808,0.9924533741737198,0.7804973112436693,0.7768853996024025,1.0,0.9985946652700761,0.3783194933125944,0.8682368954747327,0.6494273698554172,0.27724201306300644,0.9964102261750496,0.9994290554264867,0.4728923153925147,0.451119453969148,0.43315535071296407,0.015414739908536335,0.8494915859156477,0.025400141670250658,0.7780631951672912,0.11092522114073575,0.005233549800226458,0.6297189446584914,0.9380239936751931,0.8409675528625409,0.7878385764703455,0.8568471521998378,0.7642697023230751,0.937528944936692,0.2591074065575285,0.7575295068981194,0.8877177988357299,0.5381479980507071,0.6354544524878123,0.09488524448382694,0.020699568203247285,0.557699103039401,0.6728413979750334,0.393628709196422,0.618689059747039,0.30226084155884514,0.061785771082159546
PCun_4_3_thickness,0.7628117021952638,0.5800756615938873,0.9864866183177501,0.9955088151005902,0.6486300197513073,0.9267730717915618,0.8638081009956776,0.4547543134589094,0.9805457956668968,0.9130404778895735,0.8147989696881399,0.5114582316330165,0.8550318614674266,0.3573697579662659,0.035465376789031625,0.49593906668745535,0.747271768127441,0.6128120399887105,0.09879315618932685,0.9914189475768082,0.6354911719045188,0.9337647026927864,0.7753175692563967,0.7759804599117567,0.9994238965799946,0.6531325673254704,0.6173566214798238,0.7513232932104712,0.5378820164651887,0.40531575241043566,0.5412050236934877,0.4992059870367028,0.2755067922253658,0.8810804131126106,0.058919072259756525,0.13737048991152592,0.9257550381215949,0.9793026483323362,0.24621138306846332,0.5068827278092067,0.65891792329618,0.6409993195644146,0.9125190715402183,0.17723299687831184,0.7762693528154005,0.26525798132865297,0.617578895962019,0.6439016139622252,0.7754386622785048,0.37417952789615966,0.25006352226735146,0.419602950878352,0.07871745791574776,0.3656901073663436,0.6489955587959093,0.9973058719127674,0.7779716908585217,0.7990542965307134,0.9985946652700761,1.0,0.35560543057058813,0.8462896889065215,0.6494836227315908,0.2551694619207208,0.9905764956101522,0.9984730664110018,0.4572809785801727,0.4695804387113274,0.4504047679913126,0.01785114591924359,0.8713566199743583,0.029616066264752102,0.7980451449395978,0.12049174921582782,0.005458440613763408,0.6204110677885655,0.9359458389177628,0.8249644894200514,0.8105475191582476,0.8782035418023038,0.7742833074171771,0.9379226938007981,0.2711035177757076,0.77004484468353,0.9078487752878135,0.5279350903089436,0.6436293324845455,0.08413142067832491,0.021339788766970375,0.5373758863729583,0.6947053571256475,0.3717894745609068,0.6065453419783744,0.3040657606926,0.06954021193034754
PCun_4_4_thickness,0.6836787433510509,0.8766545761603537,0.2858621449853403,0.32298716635816604,0.778187835281841,0.43660927916536063,0.284014287597843,0.9236213084450986,0.3061118229868322,0.3152893855058453,0.631777983444524,0.08929717588886554,0.13801769944664344,0.9133935222643308,0.513477315332389,0.9452450956675404,0.6999831753331242,0.8419505745751588,0.7820442121810465,0.4113821817099219,0.7814711018789784,0.40086693643926957,0.10879225960187311,0.5509911568020036,0.3410559620703132,0.050173458770057716,0.6445094448006436,0.6937105461090398,0.9031628677227896,0.9289174734064867,0.8679075890569665,0.9142841282326386,0.0067378553972165306,0.168699030152547,7.882604970130855e-05,0.0028126082179006947,0.35016593998726775,0.3669518013948007,0.008771287765088615,0.5344937257950029,0.051802828016843466,0.7225878337396432,0.34556482935581156,0.8917142680588704,0.6345887755017037,0.8082943791511439,0.2805342320400741,0.6712584812479978,0.22608563338761842,0.785617353838572,0.4942005110436513,0.9329545748785577,0.004337373913688159,0.9990011973382209,0.7113863142574095,0.3328775547993499,0.62433113674747,0.23536742841320726,0.3783194933125944,0.35560543057058813,1.0,0.5530851539778773,0.7395759121040435,0.9303171023366327,0.41401075019343214,0.380096355228169,0.882525866228379,0.02828852300041318,0.023917406147479444,0.0005323765596043791,0.15677736075378587,0.0012829149340394318,0.31926572793963365,0.5054859698468894,1.7382875605858727e-05,0.8236739934494992,0.46881380902304454,0.6310038167358388,0.16578180698766137,0.186976948816741,0.5133487789544421,0.44886613908573564,0.009586943596022787,0.48516268902112986,0.1890535407165726,0.8964509201713726,0.670377919465356,0.7459042597300719,8.088585486878398e-05,0.904269794507393,0.18200836424819933,0.9200360804516485,0.84684824915746,0.0038778282350395645,0.452936487530142
PhG_6_1_thickness,0.7517067196760703,0.6417052976463866,0.7756855103080369,0.8089142500526656,0.7934202279956208,0.7705902300955203,0.6299519497767923,0.6579170614802898,0.7974793501404511,0.7486815251609333,0.7986627540725042,0.26951303691582273,0.6178291731953625,0.6058821176365511,0.16713569239053694,0.5397904119495212,0.7396270300154362,0.6151132173071078,0.3068504009828996,0.8991427428363172,0.5394993825117305,0.7552655752418362,0.5744862480559672,0.5999898448321936,0.8319502630905249,0.4834702213820284,0.4042636711197394,0.7343688038585231,0.5193775557023458,0.5151911083394803,0.46684605968890747,0.4958584138296516,0.20458362458582377,0.6411177621291044,0.05341066224319635,0.09310216599775653,0.7166459140815236,0.8068075882175021,0.16042577566115399,0.28088385593586895,0.4855964562162447,0.4846955666465603,0.6975721481532379,0.4153259843078358,0.6826371519622123,0.5059086779340798,0.43278075125315896,0.4549221858246788,0.5448289417313733,0.5026145681375839,0.07673222313586084,0.6393722517535914,0.025597950783964016,0.5511956430066367,0.49057180215164375,0.8189123496773549,0.6720550669025475,0.5736882139286565,0.8682368954747327,0.8462896889065215,0.5530851539778773,1.0,0.5182354823907986,0.48697732671933336,0.9015419952389214,0.8653073048247866,0.48798291397399385,0.31582916562381336,0.3099613534313461,0.005000245019051775,0.6326409334251716,0.006334263870243601,0.5665277686127582,0.06690383219665386,0.003934604351572111,0.5793575499463,0.8221003835315204,0.8719835263593391,0.5921547354113241,0.6403457668438957,0.5769239018043213,0.8029720854535046,0.18138514586542984,0.5599127920631106,0.6643875998704616,0.49197558117415285,0.4540134751770435,0.2784269275087858,0.016428199941777407,0.659205216746285,0.5162117931459747,0.6155686703729768,0.5990434857049345,0.2813032527346234,0.025930425241807734
PhG_6_2_thickness,0.909722944424771,0.9362443363428179,0.6318976258955663,0.6542701326819645,0.8241853934447096,0.8038646159988062,0.7084256603136978,0.8134352988153783,0.5916674469783574,0.5471247396059242,0.8698420737860788,0.3401164447033157,0.4748058791324461,0.725605177629669,0.18854465983492125,0.8840187642592912,0.9185345872089525,0.9670421587237651,0.38392832124146636,0.6442100789199317,0.9966884574471374,0.7845890995699631,0.4143325632331618,0.9384793078408267,0.6480455414331652,0.2601573638880692,0.9697836621832706,0.9222261636135252,0.9294157310619501,0.691976049360522,0.9178054131656048,0.8567171465643908,0.06998236854469193,0.5316521520577138,0.00078074054116809,0.03908996901895717,0.757090948369254,0.7173775603052597,0.08589752344800086,0.854477271661772,0.2658193932551928,0.9979141176252533,0.7602052915936872,0.5636221096737417,0.9428949384679175,0.6199292964040497,0.6539296462153619,0.9881170924965232,0.4948331596340336,0.5239257957447011,0.5225493276941906,0.788578798861996,0.05344787097114961,0.7439376526523265,0.9978407905610654,0.6566470602261963,0.9448072113620453,0.6419796234367514,0.6494273698554172,0.6494836227315908,0.7395759121040435,0.5182354823907986,1.0,0.5332269513010794,0.6435225711002814,0.660610815790777,0.7325525783390122,0.1837556083150249,0.16515269178570108,0.011919499198694982,0.5107570108018075,0.022652189353230344,0.7532331546937495,0.4888137626144319,0.0008523116721920515,0.9832970430902376,0.7907886029160629,0.797509101861946,0.529870366655206,0.5655865194364398,0.9217039622883452,0.7915805418456037,0.09099646799543702,0.9053823824980735,0.5596670815228139,0.9062000078195978,0.987794048314661,0.35667800243265746,0.0027438119045028546,0.8947940152598748,0.5289903450725975,0.740295379313486,0.9707670155863171,0.026334131461563937,0.34251698931981167
PhG_6_3_thickness,0.48928988609686663,0.6835950344534503,0.19116008125493014,0.2216941791491318,0.6076328742084727,0.28542546990243034,0.1568856131846022,0.769499475513995,0.22270772291044483,0.2424166065953773,0.4514779460873217,0.05833541640433956,0.07562209319233439,0.793029992946634,0.7091179958058462,0.8213598827321401,0.502589201596544,0.6407965969162788,0.8918396599182113,0.3106503846127178,0.5776087782398405,0.25650409985630374,0.05115974450018142,0.3522692095595386,0.2413671958037351,0.023609388512065118,0.44969195191414385,0.4954673669373737,0.7571356050091276,0.9406621475312802,0.7459042597300718,0.8295986299537751,0.002987831788529228,0.09285952110071752,8.790891229557214e-06,0.0012964183694596657,0.21408393071943216,0.24553899656635203,0.004385471207878042,0.3613392423874357,0.024668249067917047,0.5197875532601323,0.20766622057604142,0.8747073287623855,0.43256587299234794,0.7193949106977657,0.14049375368414482,0.4687647687250234,0.1665702216859914,0.8910442983920818,0.5235102887349706,0.7903751816612586,0.0021939984856781795,0.9335524193368283,0.5063431419459438,0.23078514713259313,0.4221213760888942,0.11945613146391051,0.27724201306300644,0.2551694619207208,0.9303171023366327,0.48697732671933336,0.5332269513010794,1.0,0.31337910952562303,0.27575302959392856,0.8874230873927297,0.01499770278482968,0.012268782536510004,0.00023625825039063364,0.08577377052525774,0.0006003998404594611,0.1734448474273676,0.4443674914082609,6.238565281254898e-06,0.6217831279102857,0.32113472483724015,0.47345247060986845,0.08118242661775005,0.10107055172559244,0.319592722083785,0.30157359368780884,0.004754209254528836,0.2958409056465774,0.10840907273487786,0.7767268305495578,0.4679763334875175,0.8679075890569667,2.9635772648645395e-05,0.7233745801826905,0.08218496401564528,0.7944904078744981,0.647750494518122,0.0007964572771089773,0.5015275961324039
PhG_6_4_thickness,0.7877038201471875,0.6203065597778317,0.9560114927797008,0.9743386696412293,0.7012900918404299,0.9127918819744691,0.8120342792766055,0.5131596330817534,0.9632074486862465,0.903904303000129,0.8386399666549504,0.4526110462235904,0.7964932166535323,0.4142220378924157,0.052720397918821514,0.5338368768661139,0.7729453751293229,0.6412978918395853,0.13294063485712143,0.9999797350976584,0.6400019519310924,0.9120556823837971,0.7182840784370205,0.7537348626619802,0.985442706762902,0.6031475772005868,0.5805580133518404,0.7748999223454152,0.5627741344171124,0.4548457154465786,0.5529174138922147,0.5279431623757136,0.2530675206288392,0.8238641129436507,0.058872610493042835,0.1225254638800516,0.8914560851817268,0.9614109020563919,0.2184620354154763,0.4486698456146437,0.6081764039947777,0.6270181297473221,0.8750580987855698,0.22054632360921028,0.7804896831047949,0.30742829449345843,0.5607886254670106,0.6177103743753803,0.7420966343683927,0.42646694029755017,0.1969099714160203,0.4785602651284554,0.05881769281484864,0.42337762900413306,0.6341695333166626,0.979138136808429,0.7787000006787655,0.7406489769078695,0.9964102261750496,0.9905764956101522,0.41401075019343214,0.9015419952389214,0.6435225711002814,0.31337910952562303,1.0,0.995124735687791,0.49340880663139136,0.42402624806267897,0.4081068565845439,0.012331587363158474,0.8134617279929263,0.01991962062138854,0.7438949148168252,0.09783322455023152,0.004972948922210756,0.6391293231003237,0.9355088451788143,0.8622056170335065,0.7515996642357032,0.8212512715611923,0.7433186538456443,0.9310933411787152,0.24237966774640113,0.7330245068692851,0.8533835237330525,0.5491052357683045,0.6171803039016917,0.1145902985241717,0.019931522248142444,0.5873495087525563,0.6393939277210012,0.4295698830353172,0.6329943705612282,0.3000067989053572,0.051332629823232015
PhG_6_5_thickness,0.7867269352308177,0.6056007175172033,0.9778761057428801,0.9911423932350569,0.6804742455804267,0.9350319518737273,0.8581100143369671,0.48492826273058154,0.9704681488901594,0.9000671922084857,0.8380147880463193,0.48142159908216187,0.8335816981232067,0.3859116665715378,0.04103655725585567,0.51565846249467,0.7713888971846422,0.634871026664663,0.11120868658236963,0.9956942621940754,0.6496078662175138,0.9387476482217645,0.755955473036675,0.7847091239148869,0.9963919848687319,0.6261473863873802,0.6177103743753805,0.7748013510336498,0.5543977712570931,0.4245982396545725,0.5524106860829971,0.5145213546625211,0.2548743093765292,0.8635665696720832,0.05347209595283968,0.12407849398397855,0.9258962836412665,0.9811652049749963,0.22545985373868033,0.499034992462557,0.631711340198926,0.6491372884247673,0.9120702058484835,0.19618154358111428,0.7936942289834097,0.2890626237272398,0.6124377168193784,0.6483807692864993,0.7523822811607147,0.39250608443180035,0.23459810235679313,0.4492943245645878,0.06920347404063372,0.3897278615392469,0.6572033965217261,0.9939483203302013,0.7942743885595938,0.7905342681354967,0.9994290554264867,0.9984730664110018,0.380096355228169,0.8653073048247866,0.660610815790777,0.27575302959392856,0.995124735687791,1.0,0.47260733180685915,0.4400037128032674,0.42184125001737083,0.015149560575302987,0.8525000485446544,0.02538660244668619,0.7939351540517081,0.11778253434744443,0.004665616529066123,0.6390367027843831,0.9479460331609408,0.8511313539473255,0.7966334547587357,0.8635589213788658,0.7800587218449984,0.9478470127154115,0.24924306566618298,0.7737143788176792,0.8915537736053281,0.5420830700231536,0.648020454082862,0.09516326318114537,0.01871508372787708,0.5656224762974149,0.6861032448919758,0.40072902344740585,0.6275397022660978,0.28853411776878146,0.06520813183450523
PhG_6_6_thickness,0.636833452201836,0.7799102268624586,0.39786403265141995,0.42908595806921007,0.632705004322095,0.49035706898909226,0.33736961132309495,0.7217082394057412,0.42909578368418216,0.4443180695944914,0.6017301797793472,0.19854671415183264,0.2216249397046927,0.659106860743097,0.5377080186824926,0.9272050870843656,0.6480642747872577,0.7784219966977121,0.6843634655068846,0.4920763683641761,0.7650710718386092,0.46397936424318925,0.15674131621641083,0.5598132019292106,0.446298794890397,0.09685668662717656,0.6530362070156754,0.6463878765588121,0.9046791711140967,0.9884533836395337,0.9220346769313359,0.9664901723408246,0.02169614657834686,0.2510765840412533,1.7489093042150703e-05,0.011644711942988788,0.41907200986258497,0.4521158585921359,0.030184143631154924,0.5113153408388872,0.10047680284272298,0.7247191523467942,0.41049940287013603,0.6739163013157111,0.6204289552789364,0.5166772217611204,0.24435924223923233,0.6763618354762726,0.3720746963010339,0.9191058385272277,0.6084639317863315,0.7167630949345694,0.017884690256394945,0.9015152591729441,0.7116912324456042,0.43745068735366777,0.614476534423074,0.2672292879265527,0.4728923153925147,0.4572809785801727,0.882525866228379,0.48798291397399385,0.7325525783390122,0.8874230873927297,0.49340880663139136,0.47260733180685915,1.0,0.07523520233215232,0.06450957055975023,0.002995636064748277,0.23881235605526188,0.006386394512612679,0.34642349760991065,0.4633472358233725,0.00014313806703289037,0.7841092856746011,0.5148568521481944,0.5818424076371072,0.21152389451552853,0.2609901878534624,0.5261274980899705,0.5016500834647483,0.03197768684737835,0.4990177350285421,0.2802131490802858,0.933499287911491,0.6755484250815574,0.662919509913814,0.0005264435401764366,0.7682327978225544,0.17721449087599198,0.6737513831041471,0.7911257535002192,0.002657170680486213,0.5153332172174446
PoG_4_1_thickness,0.15706130271973287,0.08499655693585768,0.533589819377118,0.4889812855311552,0.09615623526073022,0.3288293257775965,0.4909907361534424,0.043118157530274266,0.5714644932346187,0.6337890166732834,0.18252700794099264,0.8698873990700069,0.7344311340596807,0.027823613359264268,0.00046455702085217653,0.07544450873312303,0.1499554903946128,0.10790970794447194,0.0025309004243692693,0.42594990328725435,0.15656674758090877,0.3621264560196349,0.7638246489312951,0.2663958345888706,0.48196943011834614,0.9241082674156434,0.27902963383820045,0.15418026346841407,0.10205382055566387,0.0488555819038677,0.12781165694108224,0.09130695414367652,0.9068519450221311,0.6687658757513661,0.3031815317191518,0.7331150131477513,0.41289919481328374,0.41206685390362474,0.9022892586505291,0.4191677736278814,0.9228102075486488,0.20354907266194888,0.4176313376530834,0.0076818837513755265,0.19612567563097633,0.021655265601070412,0.5554176102085888,0.24259203129299017,0.7493161952250127,0.04226354335190958,0.4902006693912345,0.036515167474024626,0.5757556110114501,0.030915630968069152,0.2075167228642644,0.47996935351673875,0.2041586903689415,0.5590301539785083,0.451119453969148,0.4695804387113274,0.02828852300041318,0.31582916562381336,0.1837556083150249,0.01499770278482968,0.42402624806267897,0.4400037128032674,0.07523520233215232,1.0,0.9984801644139272,0.2936293324292033,0.6919760493605221,0.3681683470490559,0.4660639433007838,0.4328367313345203,0.11872576948612294,0.12563217628498885,0.3043543281394331,0.1819249077473963,0.655946978506443,0.6295951065987396,0.2984612496713711,0.32029985210694545,0.9236398826063597,0.3239827436811503,0.6399204012637003,0.10781215031509549,0.2434448678085543,0.001960553728232598,0.2598399653705154,0.06560439541261748,0.6365952762262762,0.02953256768733389,0.1098822070179769,0.6952101962690396,0.3971933950621464
PoG_4_2_thickness,0.14405080851797186,0.07516236836563961,0.5113153408388875,0.4679763334875177,0.08944075553052325,0.30892092149698197,0.4674899149142822,0.03874704067734055,0.5510339932153185,0.6146603742656392,0.169311411320059,0.8497410774692413,0.7135728920950791,0.025573110466281846,0.00037166820323107375,0.06509856455769084,0.1370983017747248,0.09561031914718249,0.0021206549388269233,0.4098745657439468,0.13976774003889825,0.34104277710943465,0.7495456773431428,0.2452343100982148,0.46206102583773156,0.9182107486257463,0.25604132863876866,0.14091327458127703,0.08904332635390286,0.04125733217813634,0.11230906282358988,0.07905790652614297,0.9245417967796232,0.6466500931834234,0.30602700253640636,0.7552307957156941,0.3901741663858991,0.39155189524609957,0.9161076726200575,0.3978640326514202,0.9161262200312211,0.18364066838133425,0.3945781855670023,0.006906376150444802,0.17927530590529867,0.020937926519522785,0.5415063661152343,0.22087633252119845,0.7266989422769381,0.03543679855293042,0.4808927347502837,0.032838490756528324,0.5951102732768849,0.026089955792144157,0.18747542443087006,0.45941245408538073,0.18669653976831346,0.5379691031629952,0.43315535071296407,0.4504047679913126,0.023917406147479444,0.3099613534313461,0.16515269178570108,0.012268782536510004,0.4081068565845439,0.42184125001737083,0.06450957055975023,0.9984801644139272,1.0,0.31632849344403785,0.6703528088891398,0.3917874282704129,0.4428873440097633,0.4503763081409275,0.12851405307764435,0.11143367759583421,0.2866904287067704,0.17143729725991969,0.6371862093522078,0.6073306431507248,0.2761262876147858,0.3015520926091281,0.9367030504493837,0.3009724844610741,0.6168085493428551,0.09408077259357131,0.221694179149132,0.0016487239941311077,0.275238211225598,0.058125139226812804,0.6247051416576608,0.026989468806931798,0.09717784437677544,0.7165998135137177,0.4175673284565258
PoG_4_3_thickness,0.0047352409975459225,0.0025049524398520202,0.028746280757135777,0.022397489931212648,0.0012670674893457484,0.01565854466333629,0.0525080984282842,0.0005445414323616842,0.026749484687172146,0.0387773286619123,0.005020838311382507,0.23857164101067213,0.09195520680393346,0.00018191260534599173,1.4242890734402586e-06,0.00277437603245369,0.0045887724453153094,0.004067201167541245,1.2219738404847512e-05,0.012532128044817362,0.008820504475486891,0.01944839885796442,0.1424953976502392,0.018975615573489365,0.019650169075861805,0.21528425394395473,0.029249374638964078,0.004930784681130587,0.004616333894602047,0.0014811095997126805,0.007099146959342273,0.0040170341142975715,0.5054857576812394,0.07697228276439155,0.47589873252182713,0.6818270593403435,0.02797823678942653,0.018630074855714853,0.5074098868877008,0.08135741216826672,0.2096652512479633,0.014940180007443921,0.030732339008799597,3.273619293707881e-05,0.008985965888235166,4.1164421714932595e-05,0.14068344399434005,0.021173108092335143,0.09110073464203612,0.0012045840648693097,0.17334703575666524,0.00040303999162343533,0.8452331329468257,0.0006348651395196815,0.01530194496571979,0.020898386975584098,0.009935495282526394,0.08455791606614677,0.015414739908536335,0.01785114591924359,0.0005323765596043791,0.005000245019051775,0.011919499198694982,0.00023625825039063364,0.012331587363158474,0.015149560575302987,0.002995636064748277,0.2936293324292033,0.31632849344403785,1.0,0.08285774196454336,0.9850600668537426,0.05900092671461164,0.3923753560991503,0.8512056723389656,0.005697464548284914,0.011032308291930441,0.003267306077084046,0.10583477588866527,0.07396835597090376,0.024494087072238775,0.013063950711707304,0.48133677412925724,0.029569083619985535,0.06378269156127289,0.005244345875822532,0.021333326972700094,8.157361979076448e-06,0.8852171811735394,0.0014491821070632901,0.155888874898613,0.00022038858077006994,0.004377048759190229,0.5605043880744096,0.42570311646261955
PoG_4_4_thickness,0.5574499912945977,0.3588176630100023,0.932816809755554,0.9054996496984062,0.430064138395731,0.8122731916800413,0.9278008392740997,0.2559262436421071,0.8771340112487398,0.7835390777741265,0.611009388494438,0.663634218718183,0.9970134460032989,0.2005635636536236,0.00805614291852215,0.27611308970439374,0.5407765163295346,0.40249461595833286,0.03204451973681213,0.8161881085238377,0.46952769952728846,0.8457078653781701,0.9748735882895274,0.6898848122699786,0.8849240164684742,0.8745975704946939,0.5921670644236985,0.5479375855443256,0.3325203055645225,0.1837556083150249,0.3592458985076262,0.2885671130976848,0.4416837201290241,0.9991874104337619,0.06036409129553028,0.26643839203732717,0.8888754709666983,0.8777759985192837,0.4326551698044737,0.6414651017860963,0.8795868482153328,0.5264994394528941,0.8905327842902647,0.08276031520972085,0.6109973341921642,0.17458873968174088,0.8188802563111681,0.5727780460538265,0.7342397437961348,0.15512371871369687,0.46645581690126314,0.23111228905530035,0.23362582920027747,0.16139976942960962,0.5372308500205212,0.8967256033870543,0.6212955876750468,0.9377809084604966,0.8494915859156477,0.8713566199743583,0.15677736075378587,0.6326409334251716,0.5107570108018075,0.08577377052525774,0.8134617279929263,0.8525000485446544,0.23881235605526188,0.6919760493605221,0.6703528088891398,0.08285774196454336,1.0,0.12666595127934274,0.8821709302804841,0.2875921025617768,0.015376330944838148,0.4250342123519043,0.782255130956812,0.6056161071809996,0.9785620010367928,0.9927034219138242,0.7226953346028405,0.8016726752227057,0.46080404918726303,0.7459224347413604,0.9949261136887837,0.3283790712758129,0.573519246804957,0.027078792661081257,0.04442043736260683,0.31610451555278113,0.9040324266371123,0.2070029718563132,0.398955610704757,0.35589551799501884,0.21632919367715808
PrG_6_1_thickness,0.009635336472716268,0.005401406340123769,0.04761374068101437,0.037666401565275294,0.002771779877271345,0.028561492599039333,0.08554375522445873,0.0012956629631240067,0.04093499715172291,0.050968022259159876,0.01007912284107113,0.2893360384112961,0.13841750447426698,0.00045551473710844304,4.785279274900398e-06,0.005948628064072792,0.009375285541713498,0.008455034428119006,3.673022028979599e-05,0.02028194854106823,0.017213164990438345,0.034802127696214886,0.20330727926752146,0.034488247114612666,0.0326758740114413,0.2862445802166785,0.05100124210339906,0.010022856169504954,0.009511354950743527,0.003327523777456899,0.014118990612031236,0.008369753695848713,0.5665058993879399,0.11882115993130213,0.42431746909208967,0.7232821991042558,0.04849310216741717,0.032757819917873666,0.5770849734613125,0.12615532202170493,0.27997171072975563,0.027816085718175582,0.0528713080829565,9.187634229419022e-05,0.017441505840642375,9.478067577357703e-05,0.2019341419693866,0.03813403090572467,0.11247822894853632,0.0027466007916304796,0.24061911749717377,0.0009768651428668622,0.9011427111218473,0.0015123278889511219,0.028425270035842276,0.035178009231202505,0.019125422671454482,0.13020338030894987,0.025400141670250658,0.029616066264752102,0.0012829149340394318,0.006334263870243601,0.022652189353230344,0.0006003998404594611,0.01991962062138854,0.02538660244668619,0.006386394512612679,0.3681683470490559,0.3917874282704129,0.9850600668537426,0.12666595127934274,1.0,0.09504809123554481,0.4518197640070758,0.7769585939866075,0.011532828198700565,0.02050566845020402,0.006537554417989799,0.1578812993549034,0.1151354514005448,0.0434304991992091,0.024043807969384667,0.5519349150659166,0.05144369298409084,0.10040918933830405,0.010695118893335898,0.03839431155403731,2.5035285316693902e-05,0.8244281742771644,0.003247442146767596,0.2200744900124659,0.0005484954390333414,0.009049195018110258,0.5326930063991971,0.47487365591637615
PrG_6_2_thickness,0.7821927074039956,0.6026179678532385,0.8501460083169292,0.8409102552425354,0.6535477659349418,0.9168722621947167,0.9891504981644396,0.48750751151445804,0.7398297311229249,0.6156541665842588,0.804384732857234,0.5311371477961412,0.850175533569679,0.41991373220471845,0.03599119816059686,0.46062135791271325,0.7721034488643863,0.6484267298156119,0.10925230192593413,0.7465299993133387,0.7114068929739739,0.9323568122664356,0.8360586513235371,0.91226443403922,0.810115789333546,0.637604236017399,0.8175068768238916,0.7793830483956532,0.5294243850856031,0.2909658432690354,0.536230597391163,0.4447472136775729,0.2557537634607947,0.8964646363399429,0.01131862576592802,0.15634815976906427,0.9576962706457073,0.8869485687444458,0.27288675278439495,0.834512445215233,0.6433496106438626,0.7640614175147564,0.9676003770916715,0.23388579754243372,0.8411418202756311,0.38667519747665474,0.941042153377768,0.8080140627655944,0.5776843104321256,0.2140423388396391,0.5052742987341869,0.45702994943281366,0.17683110145980216,0.3192645840855858,0.7769310601850477,0.8334376619524919,0.8510594476748264,0.9820095983989525,0.7780631951672912,0.7980451449395978,0.31926572793963365,0.5665277686127582,0.7532331546937495,0.1734448474273676,0.7438949148168252,0.7939351540517081,0.34642349760991065,0.4660639433007838,0.4428873440097633,0.05900092671461164,0.8821709302804841,0.09504809123554481,1.0,0.38114647695329085,0.007612739398353843,0.6683452575103056,0.8758090862596981,0.7600540856351942,0.9276554423409378,0.9274953920754897,0.93674752676316,0.8937166005057107,0.28823663099642816,0.9526816807752586,0.8999041816287934,0.5056513611528699,0.8086163191689011,0.09780459937145748,0.020430093869247604,0.5561550650418994,0.9204881645247616,0.4278595834816506,0.6420013636666679,0.1545687311511664,0.2491032199507447
PrG_6_3_thickness,0.3065918029272921,0.44249731503107087,0.1578855345190785,0.14455865766652182,0.30038772339446784,0.2227626969967814,0.31682249586088096,0.4291072782919879,0.10848942934165215,0.07886138826445892,0.25871255977214674,0.2608072240958625,0.29139783025925026,0.4367293240587309,0.31345612141210955,0.5195788202552324,0.3199161011009264,0.45122643068660306,0.45159908180213415,0.09872572669652663,0.48555383859614043,0.22520198871747693,0.3837428385726196,0.3780948831503987,0.12720937990173392,0.41813602767710045,0.5551639545870484,0.32165898578023555,0.5260759272990305,0.46175041813422174,0.5424592449779625,0.5226125955882625,0.5013410103166897,0.2824328832554319,0.04726100866550074,0.4860162480285667,0.2450163411622484,0.17205454645413903,0.49634464379541976,0.6752124141823526,0.4124825977319459,0.508741251571064,0.26054298572303636,0.49987128851932444,0.33988593979229076,0.4238512226968804,0.5604782003480421,0.5192809444898044,0.11508145831064912,0.3090611064487596,0.8287414784035463,0.4388799312409506,0.4984911267287308,0.5059072614509541,0.5015748251811536,0.13934504026079886,0.3443871684395022,0.383130722195529,0.11092522114073575,0.12049174921582782,0.5054859698468894,0.06690383219665386,0.4888137626144319,0.4443674914082609,0.09783322455023152,0.11778253434744443,0.4633472358233725,0.4328367313345203,0.4503763081409275,0.3923753560991503,0.2875921025617768,0.4518197640070758,0.38114647695329085,1.0,0.1535571369015168,0.4704347912675116,0.19386323005229844,0.20773997314590903,0.3674808733819459,0.2949909842338715,0.38821388807924107,0.20199042072282775,0.4948741880543368,0.3972578159020784,0.25528266275554434,0.5336740498576077,0.5198040610236534,0.4417074458255045,0.24325207736971338,0.43557376187873426,0.48755192358160493,0.4371594198350753,0.46383229642575136,0.3609855193878529,0.9450983078292796
PrG_6_4_thickness,0.0003606322688288891,0.00012552213795547225,0.006631579092614663,0.00538350573670286,0.0001374498614013621,0.001820609098165148,0.0068690082789220055,2.8720350328979093e-05,0.0111816938861006,0.025745797184675092,0.0004793293307784144,0.1567851936170438,0.018463679433823904,1.3933469053906705e-05,1.7275381031155016e-08,0.0001308136859942083,0.00033244915634012917,0.00022199198967331836,2.394249169037131e-07,0.004989003301325917,0.0005776792678905551,0.0023260456957960654,0.029614472289727564,0.0016363158131395786,0.0056341238807251955,0.061148694052005896,0.0027830368748321998,0.0003558991745529393,0.00024897244636811844,5.920576325391943e-05,0.0004304926268042422,0.000207811848928341,0.2634993300926124,0.013763419717584154,0.7115160398997118,0.4425811507742574,0.0034066284206760037,0.0031674517234107817,0.27327632153931675,0.011531594449825619,0.059141254201091134,0.0011411162866487633,0.003669233336036743,1.4899716533353519e-06,0.0006685388645094407,1.259334117197125e-05,0.026081516079886145,0.0018082973754907584,0.06527541505540459,4.574233394463193e-05,0.035841484234736286,2.122564576812513e-05,0.6011670239133622,2.128074465505961e-05,0.0011789549397438286,0.005225001656054188,0.0007488669078191418,0.01281958365415676,0.005233549800226458,0.005458440613763408,1.7382875605858727e-05,0.003934604351572111,0.0008523116721920515,6.238565281254898e-06,0.004972948922210756,0.004665616529066123,0.00014313806703289037,0.11872576948612294,0.12851405307764435,0.8512056723389656,0.015376330944838148,0.7769585939866075,0.007612739398353843,0.1535571369015168,1.0,0.00033301336995704173,0.0014990464224890793,0.000523777950939013,0.018427477452267617,0.012190861537193332,0.002275369149344871,0.0016826590535540648,0.24965440489878143,0.0029133352322854647,0.011317612821833311,0.0002921052457847406,0.0018264680327045198,1.5770315670818146e-07,0.9140777010111084,6.903573196762615e-05,0.03094894373681811,1.5093881443030713e-05,0.0002404468185358955,0.44888262204641144,0.18568197708738368
PrG_6_5_thickness,0.9261594428587892,0.9823284564843813,0.576473061832492,0.6099687243476632,0.8817201006161586,0.7662922807346242,0.625764829827995,0.8885457011124548,0.5546571653482019,0.5230634167984803,0.8833343365447301,0.26179622045291767,0.38953299917511647,0.8025439226044502,0.2229829025608099,0.9349974704882584,0.9365852127706248,0.9963919848687319,0.4438795554645082,0.6386657172872212,0.9943980875298506,0.7373195762180832,0.33278761632884535,0.8935275376574326,0.6131521763938745,0.19288016043158643,0.9153108884629465,0.9373760290742956,0.9611111887859121,0.7633851766333586,0.9331880389588225,0.8966835387352112,0.04260114293286089,0.44608329537556923,0.0006459711396800419,0.021608982086567367,0.6944502581841264,0.6756945022488209,0.052185688105710025,0.7771237534284214,0.19746549206002648,0.9715767534094546,0.6937447747182082,0.6324640375887686,0.931911574317869,0.6789012358769865,0.5710833590145608,0.9456607478261914,0.44259028551094975,0.5970423901110818,0.4661961838034635,0.866175315827715,0.029982511200539838,0.826948446433057,0.9697836621832706,0.6161094381446085,0.9292474415917547,0.5533343563574169,0.6297189446584914,0.6204110677885655,0.8236739934494992,0.5793575499463,0.9832970430902376,0.6217831279102857,0.6391293231003237,0.6390367027843831,0.7841092856746011,0.12563217628498885,0.11143367759583421,0.005697464548284914,0.4250342123519043,0.011532828198700565,0.6683452575103056,0.4704347912675116,0.00033301336995704173,1.0,0.7707160272840586,0.8290981344173987,0.4426487626553026,0.4793818895975577,0.865724004344315,0.7632010676724905,0.05592946820000746,0.841899543771724,0.47656294752142525,0.934411019132847,0.9450202097953444,0.41166035244966337,0.0011955694678563518,0.955452549252864,0.44760257647899016,0.8180045354490076,0.998109900587951,0.0202008958303269,0.3320568039815258
PrG_6_6_thickness,0.9201949116244723,0.7434421499047277,0.9120556823837972,0.9363146742856837,0.82135988273214,0.9945157317799055,0.9020769138872194,0.6253968638783727,0.8603535934846269,0.7613604625729758,0.9541766642122351,0.3855320266700521,0.7442833290609991,0.5231367518773196,0.05701529520121082,0.6076328742084726,0.9082486070362903,0.7709447472238715,0.15601308001217362,0.9359458389177628,0.7788319519278113,0.9874932563180424,0.6857422211595967,0.914175493088213,0.933155698784901,0.48897649129920473,0.7407623001749843,0.9113424504668688,0.6517043000991756,0.4713424851206741,0.6341762062187297,0.5852822557233416,0.1478270027937394,0.8025401841576458,0.017853404955268267,0.06618068462706295,0.9657617828652856,0.97770776354642,0.13690666467538354,0.6186053563390514,0.4944263784066316,0.7757730811225445,0.9583338511090818,0.287582719307654,0.92716663673977,0.426906665023999,0.7153221759187747,0.776015777613685,0.619268522972238,0.4126150130836535,0.26692614118108726,0.586906827182551,0.05228716460841732,0.47424716050931454,0.7860031230400852,0.9395901001884205,0.927313149286352,0.8333862867818255,0.9380239936751931,0.9359458389177628,0.46881380902304454,0.8221003835315204,0.7907886029160629,0.32113472483724015,0.9355088451788143,0.9479460331609408,0.5148568521481944,0.3043543281394331,0.2866904287067704,0.011032308291930441,0.782255130956812,0.02050566845020402,0.8758090862596981,0.19386323005229844,0.0014990464224890793,0.7707160272840586,1.0,0.9472298006775228,0.7810997338272065,0.828682498097966,0.9064186034154571,0.9989113633526662,0.15201701414924546,0.8975796790170215,0.8314208242566341,0.6252943393156953,0.7756149591498929,0.13616394293385886,0.00648708773725454,0.7049659696485913,0.7258584154994033,0.538102618414678,0.760395486151068,0.1593711383963975,0.10126461326678518
SFG_6_1_thickness,0.9701858025668598,0.8545396562847638,0.764671568321357,0.8067442156019058,0.9511280187579085,0.9205149194882307,0.7680778958983723,0.7992456003106633,0.7259922983886273,0.6440242844030194,0.9877955031040282,0.2387182953972715,0.5642753748693576,0.7100954717126946,0.12220254047233352,0.7032209052900344,0.9634882833162639,0.8519076985673691,0.2781701446646502,0.8608154616426251,0.8065996104327158,0.895297601139357,0.5244440768365378,0.8723156142810293,0.8137584466270602,0.33855984711793247,0.69519609930654,0.9616376746017768,0.7174174802484675,0.5779316734231477,0.6651500358666929,0.6493006792105386,0.08363265923671537,0.627869694944716,0.01040126181310024,0.03170348205370872,0.8501732207452785,0.8702008151083258,0.07084207048687191,0.5536899621841909,0.34211065340585073,0.7677040748082706,0.8413155040283626,0.4489644712765763,0.9349527502986192,0.5959018798993425,0.6293265307023114,0.7465345686556673,0.47574048626636584,0.5104091403168203,0.19798812340315308,0.7669807095641697,0.019928444092366757,0.6303505792649299,0.7762025111856738,0.8152353349940814,0.9281240124400829,0.6983092228412546,0.8409675528625409,0.8249644894200514,0.6310038167358388,0.8719835263593391,0.797509101861946,0.47345247060986845,0.8622056170335065,0.8511313539473255,0.5818424076371072,0.1819249077473963,0.17143729725991969,0.003267306077084046,0.6056161071809996,0.006537554417989799,0.7600540856351942,0.20773997314590903,0.000523777950939013,0.8290981344173987,0.9472298006775228,1.0,0.6263992436769334,0.6617331478344703,0.8484857550902586,0.9336654202639014,0.08096626952043148,0.8290432781087377,0.6573046342514719,0.677315507085667,0.7457119614736512,0.24850201908616357,0.002764736266296263,0.8446765977551679,0.6095524233024304,0.7245273285702113,0.8367386892622712,0.11140886013855378,0.10269337600681412
SFG_6_2_thickness,0.5882068640169157,0.3840717730842993,0.8783952169062914,0.8531066589945202,0.4728373751066456,0.8173432176163471,0.9522150990525985,0.2956057519968427,0.7879605701638916,0.66770040081772,0.6366329860573596,0.609168629723909,0.9675070181047438,0.2471467454741245,0.011351907181788827,0.27301663850664976,0.5722494659598345,0.4240757291049414,0.04297241563049567,0.7542955005668748,0.48607428433372396,0.8484132822712598,0.9773728022077361,0.723531903653102,0.8249576663664246,0.8453812081315393,0.6199561987931397,0.579007006409398,0.329739271905477,0.16379894476719628,0.34769859162868927,0.27277849591073866,0.4230972052337544,0.980473419195502,0.03639004640381421,0.2693623542361447,0.8938074823946925,0.8528908863251589,0.4251280251525523,0.7003049646662822,0.8492648629364549,0.5452184673108995,0.9006842403158959,0.11237401861177954,0.6404308585437961,0.23268678824001873,0.9079251368194755,0.5973501900752095,0.6226525733645271,0.12600327888971635,0.5103659295949075,0.27126902539245934,0.26739977826962236,0.16671324679043864,0.557847818678297,0.8434574745098624,0.6508450349668539,0.9796928423255813,0.7878385764703455,0.8105475191582476,0.16578180698766137,0.5921547354113241,0.529870366655206,0.08118242661775005,0.7515996642357032,0.7966334547587357,0.21152389451552853,0.655946978506443,0.6371862093522078,0.10583477588866527,0.9785620010367928,0.1578812993549034,0.9276554423409378,0.3674808733819459,0.018427477452267617,0.4426487626553026,0.7810997338272065,0.6263992436769334,1.0,0.988087679819599,0.7596267903780961,0.8011105128954806,0.4487662605609376,0.7859918416993292,0.9692120875852388,0.3178585575699818,0.5981945319605938,0.03749336010427747,0.0466630201846443,0.3464305311626653,0.970571340221303,0.25213671818974015,0.4178924313897904,0.30311275319655534,0.2747006949693841
SFG_6_3_thickness,0.6214638036726261,0.41350851765235996,0.9368945775932905,0.9148461040787321,0.49122797188857537,0.8603879324093026,0.9643101387376614,0.3063411141682303,0.8628735404090918,0.752176841821312,0.6726429414498644,0.6233250275001168,0.9807253571500933,0.24646042108859775,0.01140338565296339,0.312865957804109,0.604912097354434,0.4580598033494315,0.04320004535554329,0.8239608618870329,0.5235843301080941,0.8901858014928412,0.9603481132351428,0.7518057702050995,0.8913477172013655,0.8239448939491317,0.6414280026974678,0.6121437363152364,0.3725523029154804,0.20491054059583125,0.3948979312968237,0.3196413486692907,0.3849449046233169,0.9963590466442782,0.04259720023170224,0.2287636547683537,0.9291271129687627,0.9060691949151478,0.3815667249566852,0.6801984008640466,0.8292185084743557,0.5794563250843605,0.9320766277339043,0.10852158955038124,0.6751416634745127,0.21873722917769042,0.8579527220150822,0.6256526335388924,0.6953053816719335,0.16900445201988715,0.4654860093202167,0.2791521786997792,0.2130864958996074,0.190797220453384,0.5912819727701187,0.9064556996740263,0.6852978411497721,0.9685995972128336,0.8568471521998378,0.8782035418023038,0.186976948816741,0.6403457668438957,0.5655865194364398,0.10107055172559244,0.8212512715611923,0.8635589213788658,0.2609901878534624,0.6295951065987396,0.6073306431507248,0.07396835597090376,0.9927034219138242,0.1151354514005448,0.9274953920754897,0.2949909842338715,0.012190861537193332,0.4793818895975577,0.828682498097966,0.6617331478344703,0.988087679819599,1.0,0.7831182447974273,0.847701357984838,0.40673979533108584,0.8049417053251777,0.9946267385366228,0.3639815499225848,0.6263518124996156,0.037028841014224684,0.035026482392796876,0.36943575439124055,0.9260439843682116,0.25338565588329454,0.45309920483531496,0.3008886870528728,0.2126708891768115
SFG_6_4_thickness,0.9167191452372814,0.8062352621344062,0.7884794971030074,0.7992678049618436,0.7960090736933787,0.9346479365988907,0.9073568054749175,0.6737427561216556,0.7039507127348683,0.6100666582239945,0.9112257227402359,0.43310225787840484,0.6817550748398291,0.58580318766976,0.08014948974255609,0.6740227491615138,0.9143852091183426,0.8487022036151022,0.20645771022146409,0.7450856493514137,0.895684919661538,0.9304964657506187,0.6362029669401181,0.9972386373803026,0.7793500772418505,0.4327288269978704,0.9308054541930344,0.9204025017042748,0.7395433066563886,0.4717316410710495,0.7322468197014343,0.6462511402181472,0.13497316807129195,0.7441915302041638,0.004095045701687582,0.07578703162326816,0.9252638128910335,0.8653133656119572,0.15130884260715605,0.8615043129137478,0.4390550405104698,0.9230723623371373,0.9316439502531911,0.3741772946306458,0.9648252205062151,0.5153159419755144,0.8351857896417557,0.9418554314365156,0.5570673138461533,0.35576415414717044,0.4627151860691738,0.6404696437597723,0.09292987500875917,0.5148983656042768,0.9320949410543178,0.7971315009828487,0.9709255173246227,0.8591092240867978,0.7642697023230751,0.7742833074171771,0.5133487789544421,0.5769239018043213,0.9217039622883452,0.319592722083785,0.7433186538456443,0.7800587218449984,0.5261274980899705,0.2984612496713711,0.2761262876147858,0.024494087072238775,0.7226953346028405,0.0434304991992091,0.93674752676316,0.38821388807924107,0.002275369149344871,0.865724004344315,0.9064186034154571,0.8484857550902586,0.7596267903780961,0.7831182447974273,1.0,0.9158848084259671,0.16098211626539569,0.9983744560854562,0.7647748622731037,0.709420823139747,0.9419386159859959,0.18703393903402932,0.006933914732364936,0.7572628222912547,0.7548105667992624,0.5980737322202769,0.8444656643916719,0.07572593842156825,0.2383325562606508
SFG_6_5_thickness,0.9106426918508271,0.7289223581003388,0.9213491159367723,0.9423486442626867,0.8029864567755371,0.9980597466217782,0.9190778454800761,0.6054491939410638,0.8650575525666744,0.7632388044613494,0.9449699831253981,0.4054104168657546,0.7639962831716796,0.5041365238283388,0.051580049776323,0.593858006676848,0.8984398519780044,0.7602155167928126,0.1450045396204862,0.9318198568291873,0.7760691352438409,0.9937148084724898,0.7053202032066823,0.9205839635016106,0.9366997136267736,0.5063721104229504,0.7522991841037956,0.9022227635010945,0.6421520803255305,0.45391360403917697,0.6289940458840206,0.5744709762218921,0.15587749656578548,0.8216684822356617,0.01787130351741048,0.07155548926915464,0.9764086859264338,0.9826033993710404,0.14680601541227994,0.6381647427384631,0.512065797099265,0.7793170959644172,0.9701073233633908,0.2734549014334197,0.9245018323638517,0.4131724951495882,0.7348310003888646,0.7838030342570175,0.629575851397793,0.39435254264216746,0.2853322990775132,0.5669017103447118,0.05944707958421535,0.4544627526688389,0.7898385855533188,0.9445813787866619,0.9258293396254943,0.8530349671929525,0.937528944936692,0.9379226938007981,0.44886613908573564,0.8029720854535046,0.7915805418456037,0.30157359368780884,0.9310933411787152,0.9478470127154115,0.5016500834647483,0.32029985210694545,0.3015520926091281,0.013063950711707304,0.8016726752227057,0.024043807969384667,0.8937166005057107,0.20199042072282775,0.0016826590535540648,0.7632010676724905,0.9989113633526662,0.9336654202639014,0.8011105128954806,0.847701357984838,0.9158848084259671,1.0,0.16225367540280114,0.9091957251231347,0.849450333887058,0.616968117273987,0.7834925721448236,0.1263900424409781,0.007014171116844787,0.6874016864897461,0.744930593820672,0.5187258830194507,0.7503325027947434,0.16087146077962472,0.10782879829865477
SFG_6_6_thickness,0.06801850440632551,0.03385300909940203,0.3165137467450301,0.28233894767038165,0.03754882784118897,0.16845397453991967,0.29649189568763923,0.014708961567917362,0.36084948968112174,0.4503964058042863,0.08095713117510543,0.8062616813692045,0.5014918823180643,0.008857042938769804,9.220797721775143e-05,0.031235403154825602,0.06451084765884336,0.045751569366160046,0.0005977090891644786,0.24353268474241685,0.07426562780596357,0.19083078726511718,0.5565517906004911,0.13811541246963577,0.27942592742897243,0.7539581131022038,0.1602417877197419,0.0668355315091269,0.045077096450691544,0.01903716616942336,0.06024603631878417,0.0399966400408566,0.9905715428052542,0.43878263167382925,0.44073216487945766,0.9269696903296802,0.227829127111151,0.2239153818356281,0.9980970064009732,0.292352091224126,0.7491823535099524,0.10462864393163061,0.23279222704896793,0.0020452278020104383,0.09133627170747935,0.006916268283879528,0.416396624362727,0.1315649470130744,0.6066754060197928,0.01617335209091372,0.41700163185391514,0.012118966711431157,0.7641101080022898,0.01071843855459322,0.10684607988548055,0.2759899716209582,0.0963514376112869,0.3672996614158105,0.2591074065575285,0.2711035177757076,0.009586943596022787,0.18138514586542984,0.09099646799543702,0.004754209254528836,0.24237966774640113,0.24924306566618298,0.03197768684737835,0.9236398826063597,0.9367030504493837,0.48133677412925724,0.46080404918726303,0.5519349150659166,0.28823663099642816,0.4948741880543368,0.24965440489878143,0.05592946820000746,0.15201701414924546,0.08096626952043148,0.4487662605609376,0.40673979533108584,0.16098211626539569,0.16225367540280114,1.0,0.1801044481563836,0.4089794316517863,0.04872732971877775,0.13219224540293148,0.00044813917324398536,0.4599346105811129,0.024511561183975794,0.47537997856056935,0.009473196891495611,0.04716162418573612,0.7721073997069174,0.48024698329193155
SPL_4_1_thickness,0.8964509201713726,0.7786782053374035,0.7929533061305432,0.799606033237904,0.7720770070147775,0.9302610158793871,0.9228312291843513,0.6471918110482489,0.7022093836961125,0.6038162558119599,0.8928608967296489,0.45326790145363394,0.7060824155667977,0.5631782208530538,0.07435883187670804,0.6450943440139756,0.8934757888722749,0.8230290648251715,0.19382739726998882,0.7350365488080817,0.8757132814197931,0.9295239959335058,0.665211875513346,0.991424311746214,0.7768053905929442,0.46128802963594223,0.9273469235151908,0.8999445056840729,0.7129517228420812,0.443253697393064,0.7088927360851325,0.6191281104004243,0.15160948279069997,0.7664548585039855,0.004428159909518048,0.08745132409887668,0.9302842627140149,0.8639351549278567,0.16983338934753678,0.8741822760087643,0.4676584754683019,0.9094390384793418,0.9380960416320335,0.3570283556198385,0.9494755867715523,0.5002726991451845,0.8598980778968781,0.9335660806937791,0.5591986800513294,0.32977990631718823,0.481407850584315,0.6146030780047437,0.10688312483456804,0.48626808627073015,0.919016377977746,0.7962377161417673,0.9566445140247843,0.8817201006161588,0.7575295068981194,0.77004484468353,0.48516268902112986,0.5599127920631106,0.9053823824980735,0.2958409056465774,0.7330245068692851,0.7737143788176792,0.4990177350285421,0.3239827436811503,0.3009724844610741,0.029569083619985535,0.7459224347413604,0.05144369298409084,0.9526816807752586,0.3972578159020784,0.0029133352322854647,0.841899543771724,0.8975796790170215,0.8290432781087377,0.7859918416993292,0.8049417053251777,0.9983744560854562,0.9091957251231347,0.1801044481563836,1.0,0.7840737771820854,0.683678743351051,0.9337647026927864,0.17572164765653397,0.008582190221523876,0.7290556610350376,0.7829600537355406,0.574609201979562,0.8189029488168951,0.08216062227386152,0.24651562138005692
SPL_4_2_thickness,0.6121985269083523,0.40829252298089597,0.9606250544701349,0.9389825903674205,0.4772732246075254,0.8586727095027867,0.9469814202588344,0.2938854482189852,0.9051388846558677,0.8085698790699595,0.6654361552198162,0.6421744759892548,0.9864925759319891,0.22948407079158017,0.010634507339581753,0.32102011389642615,0.5954392340666474,0.4540134751770435,0.04013481349596626,0.8560279674245482,0.5200184791507331,0.8884921740945243,0.9500567227909804,0.7363631490942794,0.9200327424977912,0.8296588219620258,0.6270839731972648,0.6027199066840443,0.3798693629346275,0.2210126835474399,0.40528697330761554,0.3332413904260967,0.3914960320441732,0.9975528429219782,0.05436476283774285,0.2267467157343683,0.9244156789752315,0.9176987346174457,0.381887449518638,0.6461587052379387,0.8353655703920502,0.5727780460538267,0.9244003725103143,0.0976928258984016,0.6648488046037668,0.19427865325930876,0.8075972314969917,0.6145011806713992,0.7468652522607635,0.18915175110295515,0.43742003741663,0.2661889414199391,0.19525370759984084,0.19476056221376264,0.5835769309362432,0.9314156956037201,0.6745972663977025,0.9409086351416107,0.8877177988357299,0.9078487752878135,0.1890535407165726,0.6643875998704616,0.5596670815228139,0.10840907273487786,0.8533835237330525,0.8915537736053281,0.2802131490802858,0.6399204012637003,0.6168085493428551,0.06378269156127289,0.9949261136887837,0.10040918933830405,0.8999041816287934,0.25528266275554434,0.011317612821833311,0.47656294752142525,0.8314208242566341,0.6573046342514719,0.9692120875852388,0.9946267385366228,0.7647748622731037,0.849450333887058,0.4089794316517863,0.7840737771820854,1.0,0.37465047427663367,0.6151132173071078,0.03390646428663472,0.03488301721109399,0.3619820910696476,0.8857794751247845,0.23734126367196295,0.45020414128847075,0.3266872644027359,0.18379310355957398
SPL_4_3_thickness,0.775634787564003,0.9097640856275335,0.48164223746789514,0.5108901016863633,0.7393957970515644,0.6156834070157771,0.47511731461387685,0.8200722286164712,0.4895897246393837,0.4871646357795786,0.7270950822505569,0.250154134002294,0.30382603491381577,0.7452915440760792,0.3765024068597816,0.9887452201104534,0.7893939951708482,0.921859087250472,0.5924816949508729,0.5485225343564979,0.9277601328111764,0.5893393798860322,0.23717799977057094,0.7400174752080194,0.5201300899207295,0.14443025466871084,0.8429770676248579,0.7898619590518701,0.9951189119357414,0.9120583975227097,0.9974037968221168,0.9933161833405134,0.03455722494408529,0.34439297348640396,9.849278080351065e-05,0.018952901644356365,0.5478626382157993,0.5511088627987278,0.046050162484661386,0.7036051672328021,0.14889097930681416,0.9016619615900596,0.5441670408165459,0.6929459813345892,0.7815056067625621,0.6098374565566148,0.40719695017535995,0.8639423299280105,0.4233829781780437,0.7496623944089089,0.6012175341728492,0.8085226046086544,0.028017283654688772,0.9087396823338643,0.89161417357876,0.5173683187913822,0.7785066938842204,0.40265727307521176,0.5381479980507071,0.5279350903089436,0.8964509201713726,0.49197558117415285,0.9062000078195978,0.7767268305495578,0.5491052357683045,0.5420830700231536,0.933499287911491,0.10781215031509549,0.09408077259357131,0.005244345875822532,0.3283790712758129,0.010695118893335898,0.5056513611528699,0.5336740498576077,0.0002921052457847406,0.934411019132847,0.6252943393156953,0.677315507085667,0.3178585575699818,0.3639815499225848,0.709420823139747,0.616968117273987,0.04872732971877775,0.683678743351051,0.37465047427663367,1.0,0.8632745849784522,0.5639505707701736,0.0010161281031466907,0.8845303358011025,0.2996413238668303,0.7607563834612756,0.9336935038487455,0.007132435985410208,0.47398973360644236
SPL_4_4_thickness,0.868108673378322,0.8790358557789774,0.6516342814877321,0.6623944034152076,0.7607236910309318,0.8040024890411409,0.759685446319124,0.7467566110202575,0.5944562434109492,0.5396067267510392,0.8296626557177309,0.403959810397941,0.5393277308633788,0.6660719617216949,0.17197367798774355,0.8263577658407255,0.8760364292977625,0.9198239830853812,0.3500967691638346,0.6187597223408379,0.9728492540972544,0.7939865080427676,0.4837939106656678,0.9475950491916071,0.6474684141251534,0.3245777234111923,0.9953189712312219,0.8816843680329693,0.8834263925997541,0.6249870935297706,0.8842229635260715,0.8064098742240551,0.10342549749660351,0.5927959613868341,0.0009125939580290235,0.062233835538775116,0.7825661219296661,0.7219460656638113,0.125877931438561,0.9155341374711361,0.3308317796562453,0.9947231105691179,0.7899735565425856,0.52042340605069,0.9217763837919228,0.5804200500170442,0.7237480093547628,0.9999977483036235,0.516404494821265,0.45616224607391215,0.5847906375674047,0.7228326539619858,0.08335713691751817,0.6743044071506011,0.9958274607019717,0.6611350638162738,0.927427478118442,0.7069704027938836,0.6354544524878123,0.6436293324845455,0.670377919465356,0.4540134751770435,0.987794048314661,0.4679763334875175,0.6171803039016917,0.648020454082862,0.6755484250815574,0.2434448678085543,0.221694179149132,0.021333326972700094,0.573519246804957,0.03839431155403731,0.8086163191689011,0.5198040610236534,0.0018264680327045198,0.9450202097953444,0.7756149591498929,0.7457119614736512,0.5981945319605938,0.6263518124996156,0.9419386159859959,0.7834925721448236,0.13219224540293148,0.9337647026927864,0.6151132173071078,0.8632745849784522,1.0,0.32668726440273577,0.005397416256421423,0.8306810722545122,0.5986473445214406,0.6789252607555254,0.925168133990682,0.03390646428663477,0.36706144781798195
STG_6_1_thickness,0.2728097989465046,0.4578772564215151,0.05763442246195152,0.07068424344618396,0.3910846769596863,0.12191067519623588,0.07340483000987291,0.5850866329074341,0.06493279298330054,0.07091453216854471,0.23600133451533878,0.008551651936238502,0.021967866766184282,0.6853999581801345,0.9172802742177377,0.596184397889677,0.2853862369812076,0.4211685770419796,0.9975749819396529,0.11300302862103755,0.38549881630336413,0.10646452958019273,0.02050300362950054,0.2032006646963331,0.07785240109754062,0.006221048234203595,0.32909985188898316,0.28024859340451047,0.5406555178587654,0.7188044941571007,0.544155760799791,0.6097682011027888,0.00037793736493633935,0.030183095909041842,8.547901879766367e-06,8.97923908312942e-05,0.08825795178820149,0.08872677105397006,0.00038033835083581074,0.30488728410145727,0.006360410248837881,0.35627275855393786,0.08849103252515889,0.9077783014792116,0.24086393935828204,0.762109384584053,0.11063854432151331,0.3269894356329499,0.03878454783948599,0.6736736757042954,0.5017434290778857,0.6235909564844443,0.00012309444297810791,0.7401190642867661,0.3442567537749285,0.07445481590180628,0.23543379662691666,0.06457042911359609,0.09488524448382694,0.08413142067832491,0.7459042597300719,0.2784269275087858,0.35667800243265746,0.8679075890569667,0.1145902985241717,0.09516326318114537,0.662919509913814,0.001960553728232598,0.0016487239941311077,8.157361979076448e-06,0.027078792661081257,2.5035285316693902e-05,0.09780459937145748,0.4417074458255045,1.5770315670818146e-07,0.41166035244966337,0.13616394293385886,0.24850201908616357,0.03749336010427747,0.037028841014224684,0.18703393903402932,0.1263900424409781,0.00044813917324398536,0.17572164765653397,0.03390646428663472,0.5639505707701736,0.32668726440273577,1.0,1.3863775128880566e-06,0.502080361083443,0.05627349742924838,0.6712046712975512,0.4298506229659529,0.0006561355883485237,0.49977539908675817
STG_6_2_thickness,0.0016387818284685877,0.0005310984114142945,0.02448167121217525,0.02070228554518897,0.0008293467163182312,0.007175053669307152,0.019827672677211174,0.00017860793627854466,0.03920269640880542,0.07728833527028449,0.0022858544668641944,0.3100443321597733,0.05278008065608506,0.00010786394198660978,1.5472221524584018e-07,0.0004920863627927109,0.0014924375410408923,0.0008529681650791877,1.9588761845291313e-06,0.019979869264486992,0.0019374274463748633,0.008783213721966424,0.07237293969242581,0.0052241962988518005,0.021828955606724595,0.1423760458567926,0.007831987132657876,0.001567516241257845,0.0008838935181248894,0.00023431173973842247,0.0014446009971895702,0.000743129826042788,0.4741258883693741,0.040231784347091896,0.7525024760758303,0.6902426406554463,0.01178141866213266,0.012644479266569185,0.4916756661615898,0.027493970365559083,0.13899024104953148,0.0035437712629921656,0.012242000172825401,1.3748256594428547e-05,0.00252547452600444,0.00010926008996865113,0.05677978001316083,0.005349713019415507,0.16008702319670454,0.00018425298493883173,0.07328308820529544,0.000139029682705236,0.7655188772841299,9.551224164131522e-05,0.003657269098413606,0.02027454094937861,0.002759449417258308,0.03270637789461215,0.020699568203247285,0.021339788766970375,8.088585486878398e-05,0.016428199941777407,0.0027438119045028546,2.9635772648645395e-05,0.019931522248142444,0.01871508372787708,0.0005264435401764366,0.2598399653705154,0.275238211225598,0.8852171811735394,0.04442043736260683,0.8244281742771644,0.020430093869247604,0.24325207736971338,0.9140777010111084,0.0011955694678563518,0.00648708773725454,0.002764736266296263,0.0466630201846443,0.035026482392796876,0.006933914732364936,0.007014171116844787,0.4599346105811129,0.008582190221523876,0.03488301721109399,0.0010161281031466907,0.005397416256421423,1.3863775128880566e-06,1.0,0.0003319441490744731,0.06760088180263925,0.00011297340111978689,0.0009018119802400763,0.6171803039016913,0.28164769260825134
STG_6_3_thickness,0.9069409439589446,0.9932345239913527,0.46863997842832167,0.5121490243845142,0.9474866785796562,0.6804127888141267,0.5124684023656353,0.9808991675260323,0.458182502356259,0.43433080337400587,0.8636724515986648,0.14825025682323198,0.282528981737186,0.9236932315593072,0.28384867886485665,0.9281604642806909,0.9184938717830478,0.9753290530596694,0.5411605755676612,0.585268679660038,0.9221234500819276,0.6418517154780562,0.2486346224830389,0.793428947553311,0.5238084898788424,0.12650296772379283,0.7910689690426332,0.9144130152179817,0.9218208885750054,0.7912691923257167,0.8636913841655816,0.8628285347506488,0.020316623898822935,0.3356338034828825,0.0007428136009738324,0.007972725961032929,0.5868110688748863,0.5837365318044082,0.022047692741194214,0.6580002169042806,0.12914370849804543,0.8707976764475214,0.5839295679653529,0.7462708549920882,0.8700893050453617,0.802543928551172,0.49015660586940724,0.8315832614592396,0.32355977684288145,0.6400019519310927,0.3707234691100587,0.9680455413189049,0.009970170305924281,0.8999215468725877,0.868739834995689,0.5218662421007016,0.8614088924435241,0.45000353251221104,0.557699103039401,0.5373758863729583,0.904269794507393,0.659205216746285,0.8947940152598748,0.7233745801826905,0.5873495087525563,0.5656224762974149,0.7682327978225544,0.06560439541261748,0.058125139226812804,0.0014491821070632901,0.31610451555278113,0.003247442146767596,0.5561550650418994,0.43557376187873426,6.903573196762615e-05,0.955452549252864,0.7049659696485913,0.8446765977551679,0.3464305311626653,0.36943575439124055,0.7572628222912547,0.6874016864897461,0.024511561183975794,0.7290556610350376,0.3619820910696476,0.8845303358011025,0.8306810722545122,0.502080361083443,0.0003319441490744731,1.0,0.3737416781582732,0.9357118219935292,0.9710178098826175,0.019357059879259543,0.2998035777112663
STG_6_4_thickness,0.5893330163501962,0.4025392058929439,0.7652130182849846,0.7422918462714503,0.4979539427080578,0.7662326657125444,0.9175106069644071,0.337224502328322,0.6508774557657944,0.5203518618896863,0.6256421774313654,0.5464513799220319,0.8892461053587959,0.2998388146279485,0.01861741571971254,0.26773087649884264,0.5762196005911595,0.43492868673610996,0.06270452499003419,0.6418251017735769,0.48610858563316994,0.7924691728648199,0.9403609423918522,0.7177255774266149,0.7089814319717611,0.8067182362838653,0.6234810388895448,0.5819295231137869,0.3205146616046084,0.14223558523519012,0.32572914973307787,0.2509030157194942,0.44689026395550246,0.9065752166938432,0.024004659147190098,0.3154758967755858,0.8378181971216256,0.767695017093396,0.4569491116696857,0.7417930425754227,0.8083527316869288,0.5429817306270832,0.8503111607837903,0.15423684961921416,0.6361840375084523,0.29765546000055065,0.9674837424509721,0.5977374738276501,0.48920661479359684,0.09138213594331615,0.5585027323511507,0.31547025944722784,0.33514283737717976,0.17838362863233403,0.5565335355944889,0.7323140469087687,0.6458875488691589,0.9685368289407261,0.6728413979750334,0.6947053571256475,0.18200836424819933,0.5162117931459747,0.5289903450725975,0.08218496401564528,0.6393939277210012,0.6861032448919758,0.17721449087599198,0.6365952762262762,0.6247051416576608,0.155888874898613,0.9040324266371123,0.2200744900124659,0.9204881645247616,0.48755192358160493,0.03094894373681811,0.44760257647899016,0.7258584154994033,0.6095524233024304,0.970571340221303,0.9260439843682116,0.7548105667992624,0.744930593820672,0.47537997856056935,0.7829600537355406,0.8857794751247845,0.2996413238668303,0.5986473445214406,0.05627349742924838,0.06760088180263925,0.3737416781582732,1.0,0.3029752659485083,0.4265056049090601,0.28350559155970234,0.37147543730616345
STG_6_5_thickness,0.7661295264572723,0.8942910757389185,0.3089209214969817,0.3474205811767767,0.8874565318004927,0.5113153408388872,0.37743028944660634,0.984907788114604,0.295764453982824,0.2748822121449084,0.7193333134091915,0.05910332761265101,0.17984137422570923,0.9993496756163565,0.43320526443636465,0.8339298708668701,0.7795735495148357,0.8507302173756242,0.709223884156096,0.4268475531307123,0.7726076969007865,0.4743287225365693,0.17409227840974825,0.6301136962599317,0.35817523649813765,0.07823717321127094,0.6479520087721772,0.7723918714963981,0.8010812723843954,0.7398336679686017,0.7298580265289918,0.7520749721606208,0.009767355079855086,0.22203890762084966,0.0006231274976694948,0.0026854954032119564,0.42662207566859967,0.4162196479508605,0.007978307054170235,0.5626995785033149,0.07922945055344006,0.7165998135137176,0.4266042458223426,0.8972038511310141,0.7094451542852849,0.9449961849168055,0.41465569315634454,0.6796971128271816,0.17472296851623645,0.5989546771546085,0.3352790116859182,0.9934769623352881,0.0020963661075246846,0.9041278580526673,0.7137596284301628,0.35635103316789296,0.6990518915509317,0.3415269449878636,0.393628709196422,0.3717894745609068,0.9200360804516485,0.6155686703729768,0.740295379313486,0.7944904078744981,0.4295698830353172,0.40072902344740585,0.6737513831041471,0.02953256768733389,0.026989468806931798,0.00022038858077006994,0.2070029718563132,0.0005484954390333414,0.4278595834816506,0.4371594198350753,1.5093881443030713e-05,0.8180045354490076,0.538102618414678,0.7245273285702113,0.25213671818974015,0.25338565588329454,0.5980737322202769,0.5187258830194507,0.009473196891495611,0.574609201979562,0.23734126367196295,0.7607563834612756,0.6789252607555254,0.6712046712975512,0.00011297340111978689,0.9357118219935292,0.3029752659485083,1.0,0.8441500826001145,0.016423422638558078,0.3073004569703883
STG_6_6_thickness,0.9272681205300628,0.9916880257866842,0.5553629373900391,0.5918636614410911,0.8992650214751305,0.7507270201048706,0.5996347803716962,0.9117199568204157,0.5378837984601171,0.5093070807592939,0.883921420925941,0.23635335449493267,0.3637648604059503,0.8288754232125526,0.23444473172416336,0.9430100541481176,0.938084783454356,0.9993209932245004,0.46372088441269915,0.6321519185945721,0.9861385484201457,0.7190314102384567,0.31041064566252996,0.8750580987855703,0.5975869157641209,0.1749212369509975,0.8923745785665094,0.937832666700387,0.9622198664571857,0.7786392691610722,0.9280703360240345,0.8997420919752355,0.036074065453751386,0.4198412573252407,0.0006384842492716075,0.017573878478519538,0.6722120162779026,0.6587256487241719,0.04377626476274559,0.7511683322393858,0.17910212192576447,0.956011492779701,0.6706292063035448,0.6559130148267207,0.9235288862563003,0.7019445471207697,0.5489039642811975,0.9258914992347831,0.42062781146205913,0.6143012412403892,0.44646672662498743,0.890731166423312,0.024314774156722764,0.8491200703132079,0.9539108287531475,0.5990434857049345,0.919405298645213,0.5274790417145987,0.618689059747039,0.6065453419783744,0.84684824915746,0.5990434857049345,0.9707670155863171,0.647750494518122,0.6329943705612282,0.6275397022660978,0.7911257535002192,0.1098822070179769,0.09717784437677544,0.004377048759190229,0.398955610704757,0.009049195018110258,0.6420013636666679,0.46383229642575136,0.0002404468185358955,0.998109900587951,0.760395486151068,0.8367386892622712,0.4178924313897904,0.45309920483531496,0.8444656643916719,0.7503325027947434,0.04716162418573612,0.8189029488168951,0.45020414128847075,0.9336935038487455,0.925168133990682,0.4298506229659529,0.0009018119802400763,0.9710178098826175,0.4265056049090601,0.8441500826001145,1.0,0.019262116762151206,0.32694722176073454
pSTS_2_1_thickness,0.0634959886815016,0.020029581601665278,0.31232402484433686,0.2939598285129026,0.05557193192701575,0.15226972192257945,0.1916465922861953,0.01870746276490065,0.3864539970258751,0.4689553126675792,0.08696355950077062,0.5229154626578294,0.39192251953073787,0.016405834760354496,0.00010690191636902912,0.0061453075766923085,0.05787059022307719,0.021119440079955393,0.0007773426846618943,0.3001522345069302,0.022284061705166953,0.1656634127808482,0.40693843047569506,0.06848866053077166,0.305409826263329,0.5932121185088861,0.03793905594576932,0.0581129556331016,0.0084885065174327,0.0017083777188365897,0.008463439201738312,0.00498760607126584,0.83818463890534,0.3381323148506846,0.4910369571748878,0.7905914689125317,0.17987466427239332,0.22563552852616087,0.7625354546596106,0.08015311812175875,0.5880802387922627,0.0269894688069318,0.17434725468499432,0.004178106925538406,0.06122538046894999,0.018437672238789685,0.19889472642568154,0.033784039806590414,0.5192966814396929,0.0008663584954436266,0.14463583993702697,0.016539837121950215,0.5456984883586293,0.0035121009435323176,0.028856883713635727,0.29282638077774825,0.061731068274896564,0.21803484323895705,0.30226084155884514,0.3040657606926,0.0038778282350395645,0.2813032527346234,0.026334131461563937,0.0007964572771089773,0.3000067989053572,0.28853411776878146,0.002657170680486213,0.6952101962690396,0.7165998135137177,0.5605043880744096,0.35589551799501884,0.5326930063991971,0.1545687311511664,0.3609855193878529,0.44888262204641144,0.0202008958303269,0.1593711383963975,0.11140886013855378,0.30311275319655534,0.3008886870528728,0.07572593842156825,0.16087146077962472,0.7721073997069174,0.08216062227386152,0.3266872644027359,0.007132435985410208,0.03390646428663477,0.0006561355883485237,0.6171803039016913,0.019357059879259543,0.28350559155970234,0.016423422638558078,0.019262116762151206,1.0,0.39475318241134666
pSTS_2_2_thickness,0.17211104129635776,0.30505383462105595,0.10064406242780588,0.08716652775451748,0.1679539238353367,0.12209303881536768,0.2063476364199552,0.29529287632832757,0.07019053663996258,0.05431629726609577,0.13722743731146242,0.22264482413551617,0.22539500191097436,0.3069870285262127,0.4404249787605924,0.4504661799195,0.1826003486530705,0.311667589481041,0.500114936308671,0.05203888968982007,0.3444781525772653,0.12692386046151286,0.3095205775871764,0.22944692177685128,0.07503853621404397,0.3692331392060894,0.40180958977198744,0.18394431874462108,0.44087539841315493,0.5087353840094272,0.4808590901222257,0.4943653896829529,0.49647620562300726,0.2088681093353181,0.061946348216225564,0.49695919455099247,0.14575267788261576,0.09742429501887451,0.48335875647019677,0.5097674854535883,0.3631157499103211,0.3627727083897706,0.156851655134915,0.43843207147563606,0.19825659699789794,0.2915842380003312,0.40873728451293045,0.3666219734522105,0.0892297168153669,0.43641594380495796,0.8368510587975865,0.3084816901573004,0.4993508367056964,0.46177464914007216,0.35294075823712845,0.08284003641459162,0.2018561471438091,0.2673464644887746,0.061785771082159546,0.06954021193034754,0.452936487530142,0.025930425241807734,0.34251698931981167,0.5015275961324039,0.051332629823232015,0.06520813183450523,0.5153332172174446,0.3971933950621464,0.4175673284565258,0.42570311646261955,0.21632919367715808,0.47487365591637615,0.2491032199507447,0.9450983078292796,0.18568197708738368,0.3320568039815258,0.10126461326678518,0.10269337600681412,0.2747006949693841,0.2126708891768115,0.2383325562606508,0.10782879829865477,0.48024698329193155,0.24651562138005692,0.18379310355957398,0.47398973360644236,0.36706144781798195,0.49977539908675817,0.28164769260825134,0.2998035777112663,0.37147543730616345,0.3073004569703883,0.32694722176073454,0.39475318241134666,1.0
