subjects,covariance,CG_5_1_thickness,CG_5_2_thickness,CG_5_3_thickness,CG_5_4_thickness,CG_5_5_thickness,FuG_3_1_thickness,FuG_3_2_thickness,FuG_3_3_thickness,IFG_6_1_thickness,IFG_6_2_thickness,IFG_6_3_thickness,IFG_6_4_thickness,IFG_6_5_thickness,IFG_6_6_thickness,INS_6_1_thickness,INS_6_2_thickness,INS_6_3_thickness,IPL_6_1_thickness,IPL_6_2_thickness,IPL_6_3_thickness,IPL_6_4_thickness,IPL_6_5_thickness,IPL_6_6_thickness,ITG_5_1_thickness,ITG_5_2_thickness,ITG_5_3_thickness,ITG_5_4_thickness,ITG_5_5_thickness,LOcC_4_1_thickness,LOcC_4_2_thickness,LOcC_4_3_thickness,LOcC_4_4_thickness,MFG_7_1_thickness,MFG_7_2_thickness,MFG_7_3_thickness,MFG_7_4_thickness,MFG_7_5_thickness,MFG_7_6_thickness,MFG_7_7_thickness,MTG_4_1_thickness,MTG_4_2_thickness,MTG_4_3_thickness,MTG_4_4_thickness,MVOcC_5_1_thickness,MVOcC_5_2_thickness,MVOcC_5_3_thickness,MVOcC_5_4_thickness,MVOcC_5_5_thickness,MeanThickness_thickness,OrG_6_1_thickness,OrG_6_2_thickness,OrG_6_3_thickness,OrG_6_4_thickness,OrG_6_5_thickness,OrG_6_6_thickness,PCL_2_1_thickness,PCL_2_2_thickness,PCun_4_1_thickness,PCun_4_2_thickness,PCun_4_3_thickness,PCun_4_4_thickness,PhG_6_1_thickness,PhG_6_2_thickness,PhG_6_3_thickness,PhG_6_4_thickness,PhG_6_5_thickness,PhG_6_6_thickness,PoG_4_1_thickness,PoG_4_2_thickness,PoG_4_3_thickness,PoG_4_4_thickness,PrG_6_1_thickness,PrG_6_2_thickness,PrG_6_3_thickness,PrG_6_4_thickness,PrG_6_5_thickness,PrG_6_6_thickness,SFG_6_1_thickness,SFG_6_2_thickness,SFG_6_3_thickness,SFG_6_4_thickness,SFG_6_5_thickness,SFG_6_6_thickness,SPL_4_1_thickness,SPL_4_2_thickness,SPL_4_3_thickness,SPL_4_4_thickness,STG_6_1_thickness,STG_6_2_thickness,STG_6_3_thickness,STG_6_4_thickness,STG_6_5_thickness,STG_6_6_thickness,pSTS_2_1_thickness,pSTS_2_2_thickness
sub-31151_ses-baseline_fs,CG_5_1_thickness,1.0,0.9811529912203042,0.8366585322601205,0.8872301045189219,0.9155166788798518,0.9189492613206477,0.648705125227376,0.8152056340429453,0.9048554718671348,0.9372089696914835,0.9999279481495695,0.47426730300757197,0.49703727707933726,0.6468934823264172,0.13730750286034898,0.9869539246705763,0.9999594701953167,0.9991177224688491,0.3014780582639239,0.9844458888699645,0.9762870433481428,0.88461288852399,0.34669392613269495,0.8819716174228008,0.9189492613206477,0.2362907744527031,0.794521044070705,0.9998874212651337,1.0,0.9402146467267816,0.9896778030730099,0.9989872475293465,0.06017045995096227,0.5470266059672915,3.378723452258056e-05,0.03360864943982538,0.8120691366934087,0.9024138148323817,0.0826785051863584,0.512980783369946,0.24482102650638993,0.9189492613206477,0.7896519887744331,0.40992282942771535,0.9756409549844183,0.39525530119845054,0.3406641435909873,0.8614220425870481,0.81846471091327,0.9189492613206477,0.27554991335972445,0.7715174365105151,0.05059326858975161,0.8396479661707622,0.915516678879852,0.9011832828785571,0.9672414085407156,0.5041065724240039,0.9593461109134542,0.9361923497401885,0.8152056340429452,0.8859245197046905,0.9479012680541995,0.6954289262248934,0.9859765856440358,0.9559649508141856,0.9905160584348319,0.19341571750453035,0.1673947291010083,0.00922959260120821,0.5254689279388561,0.019019471380335808,0.6123687929764203,0.06103175319542743,0.000495099953582181,0.997620535294444,0.9641797265355492,0.9883549833021488,0.43656815687404127,0.5542475068568429,0.8336497071315045,0.9450752869882589,0.08720659383217014,0.7929018403427454,0.6069081341692546,0.9991177224688491,0.8600072500432492,0.26246875192416924,0.0017365573627701877,0.9372089696914835,0.3099528491779485,0.6775607024914102,0.9998378906369911,0.006285089428067804,0.04460655733713227
sub-31151_ses-baseline_fs,CG_5_2_thickness,0.9811529912203042,1.0,0.7306146096495729,0.7912788095638628,0.9749865126360848,0.832138112238868,0.5308419054906921,0.9060665354305103,0.8136395381415416,0.8571614708969575,0.978787516698863,0.3666725329130412,0.3872125836844565,0.7614521619158354,0.19872656160172608,0.9994552366873787,0.9828378951536162,0.9883549833021488,0.4001176493036017,0.9330986748662005,0.9178119060771723,0.7880214150411456,0.25607641699354494,0.7847491571330187,0.832138112238868,0.1664468234383577,0.6829370023162757,0.9781750138636957,0.9811529912203043,0.9878966406604026,0.9441181596564078,0.9888046325842799,0.037175694684643296,0.43319962702743514,1.3679075156798047e-05,0.019837867237411582,0.7025302720478444,0.8104944662698335,0.052476405529776574,0.4017444512723258,0.17316385311292185,0.832138112238868,0.6775607024914103,0.5218936863884682,0.916667702218163,0.5058781600077431,0.25103412263408775,0.7597634781450663,0.7097606161095745,0.9769247605529017,0.19765641339606846,0.8711712454399757,0.030822395865997384,0.9245322990306727,0.8275750288112379,0.8089155634865913,0.9024138148323815,0.39364059400549656,0.8898230053805337,0.8557305533723,0.9060665354305102,0.9568220487823563,0.8725415310407321,0.8057452075182184,0.9361923497401885,0.8846128885239898,0.9983755923362352,0.13324743012453208,0.11357905298409592,0.00498402006890759,0.41321455620452974,0.010775676711725371,0.4952743456057984,0.03775201317194468,0.0002269336541862886,0.9657267502653585,0.897453245159116,0.9991177224688491,0.3332066441632458,0.439947029816597,0.7271352537320164,0.8684136615503382,0.05561024680674371,0.6811463139614123,0.48999649945137497,0.9722855543648699,0.7580717115579547,0.3543096514543482,0.0008499074703607793,0.986469576580087,0.22561222284833765,0.7896519887744331,0.9844458888699645,0.0033134794561472595,0.02690605574622129
sub-31151_ses-baseline_fs,CG_5_3_thickness,0.8366585322601205,0.7306146096495729,1.0,0.9941805886056022,0.5959875127614662,0.9828378951536162,0.9460248639352792,0.4656012859318482,0.9888046325842799,0.97228555436487,0.8426177237944392,0.8229702536450916,0.8426177237944396,0.3099528491779485,0.03494447627469745,0.7495679419973841,0.832138112238868,0.8152056340429453,0.10003330043989248,0.915516678879852,0.9309999789352859,0.9948075936442337,0.6918678270055686,0.9953991320067421,0.9828378951536162,0.5452238513261519,0.9967224023796228,0.8440951352187992,0.8366585322601202,0.6378246993547096,0.9024138148323815,0.8136395381415416,0.20743171746873992,0.8819716174228008,0.00042487014273809716,0.13324743012453225,0.9988477931599892,0.9896778030730098,0.26246875192416963,0.8557305533723003,0.5578634750273981,0.9828378951536162,0.9959551399688499,0.1544749545471815,0.9320529335966492,0.146564228875304,0.6847262310477683,0.9986993631261571,0.9993614048448132,0.6014474134829564,0.6014474134829568,0.4198321422237947,0.18208174229519605,0.4935132220405148,0.9844458888699645,0.9901013008564069,0.9441181596564078,0.8484970755347407,0.9533467397189459,0.9729732366355002,0.4656012859318481,0.5524408579126698,0.9641797265355492,0.34972982277231546,0.9120229855594016,0.9568220487823562,0.7631377255652951,0.47774858410389687,0.43319962702743564,0.04805167957351762,0.8656336195111082,0.08548598014588984,0.9256279591459,0.2096480649993245,0.0042576858652189084,0.8697952776961441,0.9479012680541995,0.7546790791547557,0.788021415041146,0.8872301045189219,0.9999819865506717,0.9664881351601496,0.27290220023384165,0.996475557610747,0.922319946236866,0.8571614708969578,0.9988477931599892,0.08267850518635822,0.01221765867716732,0.632376217047675,0.6468934823264173,0.3346909970251232,0.8275750288112379,0.03521699503833447,0.16550279482019975
sub-31151_ses-baseline_fs,CG_5_4_thickness,0.8872301045189219,0.7912788095638628,0.9941805886056022,1.0,0.6613626731064062,0.9969603288278542,0.9072710482371236,0.5290496012107403,0.9991177224688491,0.9917077797590399,0.8923913329489787,0.7648201317901353,0.7863871254556214,0.36356159433035945,0.0459588964548935,0.8089155634865914,0.8832952435382202,0.8684136615503382,0.12539915700662968,0.9524584397974041,0.9641797265355492,0.9999819865506717,0.626923455985853,0.9999279481495695,0.9969603288278542,0.4812380809872127,0.9822847864701139,0.8936662015943939,0.8872301045189216,0.7025302720478444,0.9421813535328744,0.8670264308427136,0.1702617575284514,0.8306217769258932,0.0002759482835409297,0.10663923007957793,0.9878966406604026,0.9993517202075981,0.21867401283243335,0.8009588486647422,0.49351322204051523,0.9969603288278542,0.9805743348593052,0.18923873231227734,0.964957273956299,0.18007246172257227,0.619648036086498,0.9983755923362353,0.989716275490235,0.6667725735636506,0.5362263533872343,0.4812380809872123,0.14829575576463497,0.5578634750273975,0.997620535294444,0.9994552366873787,0.9736526357532914,0.7929018403427457,0.9799871931794352,0.9920874674977763,0.5290496012107402,0.6178285001053313,0.9869539246705763,0.4066426745510804,0.9497471765790546,0.9822847864701139,0.8214262323912369,0.41651770967362833,0.3745078055863533,0.03660685535108248,0.8120691366934084,0.06687992961105213,0.8819716174228008,0.17219258382745178,0.002962091552146323,0.9155166788798518,0.9762870433481428,0.8136395381415416,0.7271352537320167,0.8366585322601205,0.9935181844081525,0.9883549833021488,0.22795711302440355,0.9817231468283582,0.8779651807348411,0.9048554718671348,0.9982002603199983,0.10462280314518464,0.0088142313528332,0.6972069239486366,0.58143840384367,0.3904203925380786,0.8793065530667075,0.026474795637123055,0.13405213968648141
sub-31151_ses-baseline_fs,CG_5_5_thickness,0.9155166788798518,0.9749865126360848,0.5959875127614662,0.6613626731064062,1.0,0.707836884762701,0.4017444512723262,0.9762870433481428,0.6865139640592716,0.7375436282460608,0.9108449786014696,0.2598999119175532,0.2768796467755888,0.8766179590882316,0.29039118453466967,0.9672414085407155,0.9189492613206477,0.9309999789352859,0.5290496012107405,0.8366585322601202,0.8152056340429453,0.6577508583185492,0.17219258382745145,0.654135201170232,0.707836884762701,0.10596376060296638,0.547026605967291,0.9096603000359461,0.915516678879852,0.997620535294444,0.852852835766162,0.9320529335966493,0.02034351355257534,0.3156777819038057,4.59631873807726e-06,0.010298618106321801,0.566917578734969,0.6829370023162762,0.029622792080395546,0.28902259156703697,0.11076248367732996,0.707836884762701,0.5416215106429173,0.6577508583185495,0.8136395381415416,0.6414541878085029,0.16834651676396095,0.626923455985853,0.5743368251790953,0.9999594701953167,0.1284953010304359,0.9559649508141858,0.016595577621380055,0.9854749650599968,0.7025302720478444,0.6811463139614127,0.7945210440707051,0.2822376386460591,0.7781612395215056,0.7358151781139332,0.9762870433481428,0.9974094013409031,0.7563768994597729,0.91084497860147,0.8411353222921786,0.7715174365105147,0.9609892388287145,0.08267850518635819,0.06924754572594424,0.00233491700365745,0.2986834154027807,0.005335714652944416,0.36979676831036556,0.02068681957339654,8.799274068124756e-05,0.8872301045189219,0.7880214150411456,0.964957273956299,0.23269510976747437,0.32146212716139044,0.592348466270386,0.7512745631279398,0.031561940510581046,0.5452238513261513,0.3651153945647123,0.8987029668875898,0.6251050768386386,0.47774858410389714,0.00035544881910856766,0.9982002603199983,0.14916716005077674,0.89870296688759,0.9223199462368658,0.0015098985189292338,0.01432150697731992
sub-31151_ses-baseline_fs,FuG_3_1_thickness,0.9189492613206477,0.832138112238868,0.9828378951536162,0.9969603288278542,0.707836884762701,1.0,0.8739061008577452,0.5759889201017939,0.9993517202075981,0.9986993631261571,0.9234296186528886,0.7201483324438758,0.7427132399487171,0.4050069812952135,0.05561024680674354,0.8484970755347405,0.9155166788798518,0.9024138148323815,0.14656422887530415,0.9729732366355004,0.9817231468283582,0.996475557610747,0.5796214250600251,0.9959551399688499,1.0,0.4365681568740416,0.964957273956299,0.9245322990306725,0.9189492613206475,0.7478584618398163,0.964957273956299,0.9011832828785568,0.1465642288753045,0.7896519887744331,0.00020059028871875895,0.09013534784645678,0.9729732366355004,0.9991177224688492,0.19027701545412384,0.7580717115579552,0.4484383788387975,1.0,0.9626005005770307,0.2175317109597184,0.9822847864701139,0.20743171746873923,0.5723585593007411,0.9909220646741634,0.9756994452898761,0.7131257721456921,0.4899964994513753,0.5272585994273653,0.1269400762286145,0.6050878571023438,0.9999594701953167,0.9989872475293466,0.9883549833021488,0.7495679419973844,0.9924583616847469,0.9988477931599892,0.5759889201017938,0.6649703634776458,0.996475557610747,0.4501440518699254,0.970885413525804,0.9938538070340598,0.8600072500432492,0.37450780558635294,0.33469099702512384,0.029859456210969682,0.7698480329369483,0.05561024680674371,0.8455675211791338,0.14829575576463533,0.002262775441439972,0.9431535068189091,0.990101300856407,0.852852835766162,0.6811463139614127,0.796136383735072,0.9817231468283582,0.9971893305401524,0.1987265616017263,0.9641797265355492,0.8411353222921786,0.9341371758026266,0.9905160584348319,0.12311446245753642,0.00691222746626601,0.7427132399487166,0.5344303096999703,0.43319962702743514,0.9120229855594019,0.021388597876318804,0.11429174239267594
sub-31151_ses-baseline_fs,FuG_3_2_thickness,0.648705125227376,0.5308419054906921,0.9460248639352792,0.9072710482371236,0.4017444512723262,0.8739061008577452,1.0,0.291763630256003,0.889823005380534,0.8499541735334885,0.6559434924547262,0.958512651013659,0.9687235413777419,0.1761011390852587,0.013950077111534698,0.5506351385127937,0.6432679789507465,0.6232863580199014,0.04630229679588881,0.7529782879447637,0.7765054349680561,0.9096603000359463,0.871171245439975,0.9120229855594019,0.8739061008577452,0.7444310735506723,0.9687235413777421,0.6577508583185495,0.6487051252273757,0.4399470298165978,0.7340841668603882,0.6214673332317883,0.3543096514543479,0.9859765856440357,0.0014936469776905656,0.2460556526357216,0.9601716474169614,0.8923913329489787,0.428166579220566,0.9749865126360847,0.7563768994597729,0.8739061008577451,0.9708854135258043,0.0767614871395525,0.778161239521506,0.07217812512519965,0.8656336195111077,0.9288725380236365,0.9567452313822291,0.4066426745510807,0.796136383735072,0.25607641699354544,0.3185625642178519,0.31424095640525573,0.8779651807348411,0.8936662015943941,0.7977478223522748,0.9715896071790113,0.8136395381415419,0.8514061052779603,0.291763630256003,0.3635615943303598,0.833649707131505,0.20413726103410196,0.7478584618398163,0.8198777234507096,0.5651052573110874,0.6775607024914098,0.6305590600130894,0.10329509382528286,0.9793915818348045,0.16930219130603685,0.9982002603199983,0.35738004678207896,0.012109255813506076,0.690084798267308,0.8041538277744389,0.5560550557878639,0.9382182432122507,0.9878966406604024,0.9479012680541997,0.8381556909601523,0.4416402936825984,0.9694523616553073,0.997620535294444,0.6739696842880707,0.9299398379879088,0.03717569468464335,0.031067244826086075,0.4348825888847971,0.8351565257388454,0.19341571750453057,0.6378246993547101,0.07887241475691553,0.2945200535359897
sub-31151_ses-baseline_fs,FuG_3_3_thickness,0.8152056340429453,0.9060665354305103,0.4656012859318482,0.5290496012107403,0.9762870433481428,0.5759889201017939,0.291763630256003,1.0,0.5542475068568429,0.6069081341692543,0.8089155634865914,0.17708807485639405,0.1902770154541236,0.9576712896082911,0.4001176493036012,0.8923913329489787,0.8198777234507093,0.8366585322601207,0.6613626731064065,0.7166413593810115,0.6918678270055686,0.5254689279388561,0.11146151516491372,0.5218936863884682,0.5759889201017939,0.06503371085065655,0.41983214222379484,0.8073324650025407,0.8152056340429457,0.959346110913454,0.7358151781139332,0.8381556909601524,0.01077567671172541,0.2209706726330276,1.5144802702473976e-06,0.005182327557679346,0.43825631067444176,0.5506351385127937,0.01617259661151585,0.19980070421251303,0.06829244934422804,0.5759889201017939,0.4148647137719401,0.7847491571330188,0.6900847982673076,0.7698480329369481,0.10868570966346527,0.4952743456057984,0.4451873406066744,0.9743237336917078,0.08048600727759425,0.9967224023796228,0.008652823197768812,0.9988477931599892,0.5705442602925851,0.5488303780931079,0.668573646279401,0.19446991188673152,0.6505159825863565,0.6050878571023439,1.0,0.9892455764501628,0.626923455985853,0.9775540896393079,0.7218984963480318,0.6432679789507462,0.8819716174228006,0.04949063131336524,0.0407483976074978,0.001063198053926918,0.2074317174687393,0.002564189957725847,0.26505343292823746,0.01097193969377876,3.333007893330228e-05,0.7781612395215056,0.6613626731064062,0.8885296105206479,0.15627460198833262,0.22561222284833765,0.462150241706515,0.6214673332317884,0.01732215174377437,0.41817352538310304,0.2611823499275534,0.7929018403427455,0.49351322204051484,0.6087284044261863,0.00014492652008927961,0.9617988636494464,0.0949828157190939,0.9708854135258042,0.8245097509374275,0.0006692417826180074,0.0073841391607644795
sub-31151_ses-baseline_fs,IFG_6_1_thickness,0.9048554718671348,0.8136395381415416,0.9888046325842799,0.9991177224688491,0.6865139640592716,0.9993517202075981,0.889823005380534,0.5542475068568429,1.0,0.9962198011759019,0.9096603000359461,0.7409926963763531,0.7631377255652955,0.3856133666948425,0.05096532870021081,0.830621776925893,0.9011832828785568,0.8872301045189219,0.13648816868632685,0.9641797265355494,0.9743237336917078,0.9988477931599892,0.6014474134829565,0.9985419614351959,0.9993517202075981,0.45699070581514895,0.9736526357532915,0.9108449786014696,0.9048554718671346,0.7271352537320167,0.9551000181744621,0.8859245197046903,0.15718014923010917,0.8089155634865917,0.00023257860842553537,0.09748237729338875,0.9805743348593052,0.9999819865506717,0.20304711988156382,0.7781612395215056,0.469061201084721,0.9993517202075981,0.9715896071790115,0.2041372610341017,0.9749865126360848,0.19446991188673127,0.5941678793137006,0.9951078002318071,0.9828872559851904,0.6918678270055686,0.5112027392507607,0.505878160007743,0.13648816868632657,0.5832558251389404,0.9996352908882011,0.9999594701953167,0.9822847864701137,0.7698480329369486,0.9874296169449795,0.996475557610747,0.5542475068568429,0.6432679789507465,0.9928204523500992,0.4298416022469645,0.9617988636494462,0.9892455764501629,0.8426177237944392,0.39364059400549656,0.3527795939668964,0.032828242763460525,0.7896519887744328,0.06059984931748863,0.8628313912074406,0.15900271956648276,0.0025641899577258515,0.9309999789352859,0.9844458888699646,0.8351565257388454,0.7025302720478444,0.8152056340429453,0.9878966406604025,0.9938538070340597,0.211880459956113,0.9729732366355002,0.8585870479815794,0.9212033101619459,0.9948075936442338,0.11429174239267594,0.007738727623906825,0.7218984963480315,0.5560550557878639,0.4132145562045301,0.8974532451591163,0.02361960158800948,0.12311446245753653
sub-31151_ses-baseline_fs,IFG_6_2_thickness,0.9372089696914835,0.8571614708969575,0.97228555436487,0.9917077797590399,0.7375436282460608,0.9986993631261571,0.8499541735334885,0.6069081341692543,0.9962198011759019,1.0,0.941201725032261,0.6900847982673083,0.7131257721456925,0.43319962702743514,0.06278471614183669,0.8725415310407321,0.9341371758026263,0.9223199462368658,0.16176534901600587,0.9833824581089756,0.9901013008564069,0.9909220646741634,0.5488303780931079,0.9901013008564071,0.9986993631261571,0.40828129652031153,0.950658634716721,0.9421813535328741,0.9372089696914833,0.7765054349680558,0.9769247605529016,0.9212033101619457,0.13244635827747392,0.7614521619158354,0.00016229714678683884,0.08048600727759422,0.9601716474169616,0.9956815811221309,0.17316385311292223,0.7288761379725489,0.4198321422237952,0.9986993631261571,0.9479012680541997,0.2374973559165933,0.9905160584348319,0.2267826585187482,0.5416215106429172,0.9828378951536163,0.963465161463929,0.7427132399487166,0.46042810315297383,0.5578634750273975,0.11429174239267578,0.6360090708980148,0.9982002603199983,0.9953991320067422,0.9948075936442337,0.7201483324438758,0.997409401340903,0.9999954966072472,0.6069081341692542,0.6954289262248933,0.9994552366873787,0.47949231753999205,0.981723146828358,0.9982002603199983,0.8832952435382202,0.3482101339932371,0.30995284917794885,0.02604950941449994,0.7409926963763528,0.04912756691439398,0.8198777234507096,0.13405213968648141,0.0018912104817968192,0.9585126510136588,0.9959551399688498,0.876617959088231,0.6505159825863563,0.7681753227690639,0.9708854135258043,0.9997118237455969,0.18107513049968169,0.9497471765790548,0.8152056340429457,0.9506586347167207,0.9822847864701139,0.13648816868632685,0.005877114190067469,0.7715174365105146,0.504106572424004,0.4621502417065149,0.9309999789352859,0.018542725981828788,0.10263618440308506
sub-31151_ses-baseline_fs,IFG_6_3_thickness,0.9999279481495695,0.978787516698863,0.8426177237944392,0.8923913329489787,0.9108449786014696,0.9234296186528886,0.6559434924547262,0.8089155634865914,0.9096603000359461,0.941201725032261,1.0,0.4812380809872128,0.5041065724240039,0.6396397497871603,0.1340521396864812,0.9849647282520066,0.9997793576033525,0.9985419614351959,0.2959040175443544,0.9864695765800869,0.9787875166988631,0.8898230053805337,0.35277959396689607,0.8872301045189221,0.9234296186528886,0.24114116179660416,0.8009588486647422,0.9999954966072472,0.9999279481495695,0.9361923497401885,0.9913193086721781,0.9983755923362352,0.06190314494290669,0.5542475068568432,3.567621289535135e-05,0.03467375403479981,0.8183247631512763,0.9072710482371236,0.08491848995592516,0.5201081712703883,0.24978351502826052,0.9234296186528886,0.7961363837350723,0.403374234377505,0.9781750138636957,0.38881493095555186,0.34669392613269495,0.8670264308427139,0.8246480825552872,0.9143588653461651,0.28089229269527716,0.7648201317901349,0.052095190978030365,0.8336497071315045,0.9200797389612867,0.9060665354305102,0.9701729920625817,0.5112027392507605,0.9626005005770307,0.9402146467267816,0.8089155634865913,0.8806420429658238,0.9515623969908077,0.688300165200229,0.9878966406604026,0.959346110913454,0.9888046325842799,0.19765641339606846,0.17122522015420122,0.009574378479040756,0.5326354843393777,0.019671772590018774,0.6196480360864985,0.06278471614183682,0.0005188023614857935,0.9983755923362353,0.9672414085407155,0.9864695765800869,0.4433360815061951,0.5614828051183066,0.8396479661707622,0.9488280463670415,0.08954344506163077,0.7993553229692306,0.6141888452604477,0.9995497610986571,0.8656336195111082,0.2573469420562631,0.00181236552676073,0.9330986748662008,0.3156777819038057,0.6703735460651581,0.9995497610986571,0.006529516515624437,0.0459588964548936
sub-31151_ses-baseline_fs,IFG_6_4_thickness,0.47426730300757197,0.3666725329130412,0.8229702536450916,0.7648201317901353,0.2598999119175532,0.7201483324438758,0.958512651013659,0.17708807485639405,0.7409926963763531,0.6900847982673083,0.4812380809872128,1.0,0.9992392144552508,0.09811526940793225,0.005709705927735542,0.3840172958064681,0.469061201084721,0.45014405186992584,0.021567245584617745,0.579621425060026,0.6050878571023444,0.7681753227690642,0.9729732366355001,0.7715174365105151,0.7201483324438758,0.8923913329489787,0.8628313912074406,0.482985850331929,0.4742673030075716,0.29039118453467005,0.559672734776902,0.4484383788387975,0.5165414887206342,0.9924583616847469,0.004091811417718212,0.38401729580646726,0.8470348463633395,0.7444310735506723,0.5996273121540243,0.9978227267053323,0.9011832828785568,0.7201483324438758,0.8670264308427139,0.03804300024131079,0.606908134169255,0.035491319407953165,0.9701729920625813,0.7961363837350725,0.8410016626047748,0.263759114201525,0.9288725380236361,0.15180401248221947,0.4742673030075706,0.19341571750453057,0.7253919940122862,0.7461461599342508,0.6287414616703978,0.9986993631261571,0.6468934823264173,0.6918678270055689,0.17708807485639405,0.23031807683755423,0.6703735460651585,0.116450461823918,0.5741734561867167,0.6541352011702324,0.39687305731890415,0.8396479661707619,0.7993553229692306,0.18410680980140778,0.9962198011759019,0.2808922926952768,0.9736526357532915,0.520108171270388,0.02756429140212982,0.5147603754406742,0.6360090708980157,0.38881493095555214,0.9978227267053322,0.9909220646741634,0.8260446880477346,0.6757658512894207,0.6141888452604477,0.8642352615896627,0.9756409549844184,0.4988019910832511,0.7977478223522753,0.016882932887715876,0.06412633659750476,0.2862969895078471,0.9533467397189459,0.10937458976014092,0.46387464352470426,0.1457040933464068,0.44503437237297894
sub-31151_ses-baseline_fs,IFG_6_5_thickness,0.49703727707933726,0.3872125836844565,0.8426177237944396,0.7863871254556214,0.2768796467755888,0.7427132399487171,0.9687235413777419,0.1902770154541236,0.7631377255652955,0.7131257721456925,0.5041065724240039,0.9992392144552508,1.0,0.10663923007957808,0.006467620088774859,0.4050069812952136,0.491753931622478,0.47252980286155055,0.02401040656397554,0.603267605986324,0.6287414616703978,0.7896519887744331,0.9633941285074151,0.7929018403427454,0.7427132399487171,0.8752649213521446,0.8806420429658239,0.505878160007743,0.49703727707933687,0.30853096532431507,0.5832558251389407,0.4707944277544059,0.4935132220405154,0.996475557610747,0.0035924841292568543,0.3635615943303591,0.8656336195111082,0.7664993432900431,0.5759889201017943,0.9996352908882011,0.8846128885239901,0.742713239948717,0.88461288852399,0.04200192334078825,0.6305590600130898,0.03922601775752738,0.9601716474169611,0.8167673878722231,0.859879652864854,0.28089229269527716,0.9143588653461651,0.16362634851285177,0.45185214280883695,0.20743171746873945,0.7478584618398163,0.7681753227690638,0.6523260195450584,0.9999279481495695,0.6703735460651581,0.7148846240882445,0.1902770154541235,0.2460556526357221,0.6936492151096392,0.12616783235838663,0.597807334460456,0.6775607024914106,0.4181735253831033,0.819877723450709,0.7781612395215058,0.17122522015420097,0.9988477931599892,0.26375911420152465,0.9817231468283582,0.4970372770793371,0.02480884050970904,0.5380235870881114,0.6595572636099347,0.40992282942771535,0.9944985203283622,0.9953991320067422,0.8455675211791337,0.6989831718312957,0.5905293056804913,0.8819716174228008,0.9833824581089756,0.5218936863884681,0.8183247631512763,0.01885937950608643,0.058477845474009915,0.304287886463391,0.9412017250322611,0.11864033718929691,0.48648730954977903,0.1348604943928233,0.4231577038426395
sub-31151_ses-baseline_fs,IFG_6_6_thickness,0.6468934823264172,0.7614521619158354,0.3099528491779485,0.36356159433035945,0.8766179590882316,0.4050069812952135,0.1761011390852587,0.9576712896082911,0.3856133666948425,0.43319962702743514,0.6396397497871603,0.09811526940793225,0.10663923007957808,1.0,0.5705442602925845,0.742713239948717,0.6523260195450589,0.6721722372970279,0.8275750288112379,0.5398219823623124,0.5147603754406741,0.36046406295095934,0.05764636267347213,0.3573800467820797,0.4050069812952135,0.03131375679512955,0.27290220023384143,0.6378246993547101,0.6468934823264176,0.8440951352187995,0.5596727347769015,0.6739696842880707,0.004257685865218901,0.1269400762286149,3.1639024481241664e-07,0.0019114089075163933,0.2876578577904481,0.3824243866888512,0.006654912301216197,0.11286979109443071,0.033086641775511794,0.4050069812952135,0.2689600875980658,0.9223199462368658,0.512980783369946,0.9120229855594016,0.056012642679770165,0.33469099702512367,0.29326397685720995,0.8725415310407323,0.03982909892596199,0.9775540896393079,0.0033472395539113275,0.9431535068189093,0.4001176493036017,0.3808346548613276,0.4917539316224784,0.10937458976014092,0.47426730300757186,0.43151929147385243,0.9576712896082912,0.9072710482371233,0.4518521428088377,0.9967224023796228,0.5452238513261519,0.46733014610709683,0.7288761379725487,0.02304373176779362,0.018542725981828774,0.0003429064348461134,0.11790690284856775,0.0008890891763286595,0.15718014923010917,0.004342893197091449,8.395824156552813e-06,0.6050878571023444,0.4847356013185294,0.7375436282460616,0.08491848995592505,0.13006489393368853,0.3071128381307549,0.44673514522056795,0.007178457283359292,0.271584230358277,0.1544749545471816,0.6214673332317883,0.33320664416324636,0.7814623328466239,4.0300333878687674e-05,0.8484970755347407,0.04805167957351762,0.9986993631261571,0.6577508583185494,0.00020817456997407671,0.0028139223054169955
sub-31151_ses-baseline_fs,INS_6_1_thickness,0.13730750286034898,0.19872656160172608,0.03494447627469745,0.0459588964548935,0.29039118453466967,0.05561024680674354,0.013950077111534698,0.4001176493036012,0.05096532870021081,0.06278471614183669,0.1340521396864812,0.005709705927735542,0.006467620088774859,0.5705442602925845,1.0,0.18717407429840877,0.13978757984223894,0.14916716005077665,0.9060665354305099,0.09498281571909367,0.0866300222668486,0.045278493895664136,0.002617862842937278,0.04460655733713223,0.05561024680674354,0.001099171860306158,0.028236341313709376,0.1332474301245322,0.13730750286034918,0.2598999119175527,0.10198055957719039,0.15004233340853024,7.331714235211183e-05,0.00841566752145626,5.486806063601653e-10,2.5685224032039545e-05,0.03082239586599749,0.05022347225944456,0.00013264500771826776,0.007044211614588941,0.001187541226144903,0.05561024680674359,0.027564291402129796,0.8057452075182178,0.0860564876410531,0.8198777234507091,0.0025115270189911523,0.03982909892596193,0.031834375242853846,0.2862969895078467,0.0015428923070909997,0.4450343723729789,5.3404712568441595e-05,0.3745078055863528,0.054417380342820405,0.04985592979985992,0.07940736734025956,0.006718419615305466,0.07418706196516654,0.062342653049726963,0.4001176493036013,0.32437639539456203,0.06781893624954902,0.5218936863884677,0.09685269530930674,0.07217812512519949,0.1790737321417605,0.0007168246892365422,0.0005310470539943367,2.8420011750355713e-06,0.007524185308708008,9.563553466174616e-06,0.011684125177934549,7.526146304222611e-05,2.8568590240490912e-08,0.11937725861120287,0.07728490665523838,0.18410680980140787,0.004607887532722136,0.008733193714462257,0.03440481925836532,0.06641441580546274,0.00014676620631618118,0.02801077581848101,0.011374025292651647,0.12616783235838636,0.039526586160012256,0.9382182432122507,1.9578678593713956e-07,0.26375911420152454,0.002015411016645093,0.5398219823623124,0.14230091693790972,1.5144802702473976e-06,4.2533521524803236e-05
sub-31151_ses-baseline_fs,INS_6_2_thickness,0.9869539246705763,0.9994552366873787,0.7495679419973841,0.8089155634865914,0.9672414085407155,0.8484970755347405,0.5506351385127937,0.8923913329489787,0.830621776925893,0.8725415310407321,0.9849647282520066,0.3840172958064681,0.4050069812952136,0.742713239948717,0.18717407429840877,1.0,0.9883549833021489,0.9928204523500992,0.3824243866888508,0.9441181596564079,0.9299398379879086,0.8057452075182181,0.2702701912815663,0.8025583625508917,0.8484970755347405,0.17708807485639405,0.7025302720478444,0.9844458888699646,0.9869539246705764,0.9822847864701139,0.9542272735252377,0.9931737297582164,0.040439995210504565,0.4518521428088378,1.598360409287609e-05,0.02174718956966578,0.7218984963480318,0.8275750288112382,0.05682465526088821,0.41983214222379484,0.1841068098014081,0.8484970755347405,0.6972069239486371,0.5023366644787716,0.9288725380236362,0.48648730954977853,0.2650534329282372,0.7781612395215056,0.7290326997699008,0.9694523616553071,0.20964806499932437,0.8557305533723002,0.03360864943982529,0.9120229855594019,0.8440951352187996,0.8260446880477341,0.9155166788798521,0.4115672553477441,0.9036378881037986,0.8711712454399754,0.8923913329489787,0.9469668657972923,0.8872301045189219,0.788021415041146,0.9469668657972924,0.8987029668875898,0.9997118237455969,0.14230091693790972,0.12160902858704534,0.005546616617806836,0.4315192914738521,0.01189500559807946,0.5147603754406742,0.04105878212436245,0.00025965400105402666,0.9736526357532915,0.9108449786014696,0.9999594701953167,0.34972982277231546,0.4587082503943341,0.7461461599342504,0.8832952435382205,0.060170459950962214,0.700757633377612,0.5094262696911023,0.9793915818348046,0.7765054349680558,0.33767044535621993,0.000961720028421449,0.9805743348593051,0.23870794859206051,0.7715174365105151,0.9896778030730099,0.003702514625048288,0.029387739043657546
sub-31151_ses-baseline_fs,INS_6_3_thickness,0.9999594701953167,0.9828378951536162,0.832138112238868,0.8832952435382202,0.9189492613206477,0.9155166788798518,0.6432679789507465,0.8198777234507093,0.9011832828785568,0.9341371758026263,0.9997793576033525,0.469061201084721,0.491753931622478,0.6523260195450589,0.13978757984223894,0.9883549833021489,1.0,0.9994552366873787,0.3056984758169804,0.9828378951536161,0.9743237336917077,0.8806420429658236,0.34216630828665884,0.8779651807348411,0.9155166788798518,0.23269510976747462,0.7896519887744328,0.9997118237455969,0.9999594701953167,0.9431535068189093,0.9883549833021488,0.9993517202075981,0.058897277846087434,0.5416215106429172,3.2433364213391406e-05,0.032828242763460455,0.8073324650025406,0.89870296688759,0.08102971457472562,0.50765140116414,0.2411411617966039,0.9155166788798518,0.7847491571330187,0.4148647137719401,0.9736526357532914,0.4001176493036014,0.3361789343984158,0.8571614708969578,0.81378066362858,0.922319946236866,0.271584230358277,0.7765054349680561,0.049490631313365174,0.8440951352187995,0.9120229855594019,0.8974532451591162,0.964957273956299,0.4988019910832507,0.9568220487823562,0.9330986748662008,0.8198777234507092,0.8898230053805339,0.9450752869882587,0.7007576333776124,0.9844458888699646,0.9533467397189459,0.9917077797590399,0.19027701545412337,0.16456263821434733,0.008978326915596573,0.520108171270388,0.018542725981828722,0.6069081341692546,0.05974357498631365,0.0004779913305587817,0.9969603288278542,0.9617988636494462,0.9896778030730099,0.4315192914738521,0.5488303780931075,0.8291007371203138,0.9421813535328744,0.08548598014588984,0.7880214150411456,0.6014474134829565,0.9986993631261571,0.8557305533723,0.26635170414693965,0.0016816304685538896,0.9402146467267816,0.30569847581698006,0.6829370023162761,0.9999594701953167,0.0061072151110521085,0.04361435661278754
sub-31151_ses-baseline_fs,IPL_6_1_thickness,0.9991177224688491,0.9883549833021488,0.8152056340429453,0.8684136615503382,0.9309999789352859,0.9024138148323815,0.6232863580199014,0.8366585322601207,0.8872301045189219,0.9223199462368658,0.9985419614351959,0.45014405186992584,0.47252980286155055,0.6721722372970279,0.14916716005077665,0.9928204523500992,0.9994552366873787,1.0,0.3214621271613907,0.9762870433481426,0.9664881351601499,0.8656336195111082,0.32583901982762764,0.8628313912074406,0.9024138148323815,0.21982033326937409,0.7715174365105151,0.9983755923362353,0.9991177224688492,0.9533467397189461,0.9828378951536162,0.9999954966072472,0.05441738034282057,0.5218936863884681,2.7897702072842375e-05,0.030097740026638183,0.7896519887744332,0.8846128885239903,0.07520833774714514,0.488240950487185,0.2279571130244033,0.9024138148323815,0.7664993432900434,0.43319962702743525,0.9657267502653585,0.41817352538310293,0.32001050276633014,0.8411353222921786,0.7962815735085291,0.9341371758026266,0.25734694205626324,0.794521044070705,0.0456176320667543,0.8600072500432491,0.89870296688759,0.8832952435382204,0.9559649508141859,0.47949231753999244,0.9469668657972924,0.921203310161946,0.8366585322601205,0.9036378881037985,0.9341371758026266,0.7201483324438754,0.9781750138636959,0.9431535068189091,0.9953991320067421,0.1790737321417606,0.1544749545471817,0.00810851752428604,0.5005684621011909,0.016882932887715845,0.5868918695305451,0.05521024448300905,0.0004198733576219808,0.9938538070340598,0.9524584397974039,0.9938538070340597,0.4132145562045301,0.5290496012107402,0.8120691366934084,0.9309999789352861,0.07940736734025973,0.7698480329369483,0.58143840384367,0.996475557610747,0.8396479661707622,0.28089229269527716,0.0014936469776905656,0.9506586347167207,0.29039118453466983,0.7025302720478444,0.9997118237455969,0.005493196412727492,0.04013356546619145
sub-31151_ses-baseline_fs,IPL_6_2_thickness,0.3014780582639239,0.4001176493036017,0.10003330043989248,0.12539915700662968,0.5290496012107405,0.14656422887530415,0.04630229679588881,0.6613626731064065,0.13648816868632685,0.16176534901600587,0.2959040175443544,0.021567245584617745,0.02401040656397554,0.8275750288112379,0.9060665354305099,0.3824243866888508,0.3056984758169804,0.3214621271613907,1.0,0.22561222284833757,0.20964806499932426,0.12387248006396334,0.010971939693778741,0.12235998133969825,0.14656422887530415,0.005132092292657891,0.08379252210993712,0.29452005353599003,0.3014780582639242,0.48824095048718497,0.23870794859206051,0.3229174279144996,0.0004614365052142368,0.030097740026638238,9.040753047244256e-09,0.0001793681622532035,0.09013534784645691,0.1348604943928233,0.0007851761793287108,0.025839086004727323,0.005493196412727477,0.14656422887530424,0.08212595359426487,0.9775540896393079,0.20853788594272984,0.9828378951536163,0.010582543160375036,0.11146151516491387,0.09258855427918557,0.5236806144133883,0.006912227466266028,0.7096018656837844,0.00034704039328962023,0.6323762170476754,0.14399504533294022,0.13405213968648141,0.19552809096590953,0.024808840509708996,0.18512527272601664,0.16084062863147044,0.6613626731064065,0.5723585593007411,0.17219258382745165,0.7847491571330187,0.22913558596705963,0.18107513049968116,0.36979676831036545,0.0035207945545715482,0.0027003035834868563,2.4304223112093606e-05,0.02734335572644101,7.331714235211183e-05,0.03982909892596199,0.00047241234858171575,3.548487298252715e-07,0.2702701912815666,0.19131927208941188,0.3776647844033941,0.017923342442180017,0.03106724482608613,0.09875138105667608,0.16930219130603705,0.0008595495813300668,0.08323402472450278,0.038927384326874405,0.2822376386460591,0.11076248367732996,0.9962198011759019,2.094590068969289e-06,0.49351322204051523,0.008733193714462273,0.8009588486647422,0.3099528491779485,1.367907515679812e-05,0.0002827309724384228
sub-31151_ses-baseline_fs,IPL_6_3_thickness,0.9844458888699645,0.9330986748662005,0.915516678879852,0.9524584397974041,0.8366585322601202,0.9729732366355004,0.7529782879447637,0.7166413593810115,0.9641797265355494,0.9833824581089756,0.9864695765800869,0.579621425060026,0.603267605986324,0.5398219823623124,0.09498281571909367,0.9441181596564079,0.9828378951536161,0.9762870433481426,0.22561222284833757,1.0,0.9991177224688492,0.950658634716721,0.4416402936825984,0.9488280463670418,0.9729732366355004,0.314240956405256,0.881971617422801,0.9869539246705762,0.9844458888699644,0.8697952776961441,0.9994552366873787,0.975640954984418,0.0901353478464571,0.6541352011702324,7.428327603755473e-05,0.05247640552977662,0.8961971893629703,0.9626005005770308,0.12086159603094897,0.6196480360864987,0.3243763953945628,0.9729732366355004,0.8779651807348414,0.3185625642178524,0.9989872475293466,0.3056984758169797,0.4348825888847971,0.9341371758026268,0.901294294431256,0.8411353222921781,0.3604640629509597,0.6685736462794005,0.07676148713955233,0.7444310735506718,0.9708854135258044,0.9617988636494467,0.9967224023796228,0.6105486350140488,0.9938538070340599,0.9828378951536163,0.7166413593810113,0.7993553229692305,0.98880463258428,0.5887104294878909,0.9999594701953167,0.9924583616847469,0.9515623969908075,0.26246875192416935,0.23031807683755434,0.01562337414888079,0.6323762170476754,0.03082239586599756,0.7183959411387192,0.09132844935422073,0.0009725342826414155,0.9941805886056022,0.9956815811221309,0.946966865797292,0.5398219823623129,0.6613626731064065,0.9131942910474846,0.9874296169449798,0.1269400762286151,0.8806420429658239,0.7131257721456925,0.9909220646741633,0.933098674866201,0.19341571750453027,0.00321405478179081,0.8656336195111077,0.4001176493036018,0.5705442602925845,0.9811529912203042,0.01087341436352112,0.06829244934422814
sub-31151_ses-baseline_fs,IPL_6_4_thickness,0.9762870433481428,0.9178119060771723,0.9309999789352859,0.9641797265355492,0.8152056340429453,0.9817231468283582,0.7765054349680561,0.6918678270055686,0.9743237336917078,0.9901013008564069,0.9787875166988631,0.6050878571023444,0.6287414616703978,0.5147603754406741,0.0866300222668486,0.9299398379879086,0.9743237336917077,0.9664881351601499,0.20964806499932426,0.9991177224688492,1.0,0.9626005005770305,0.4656012859318482,0.9609892388287147,0.9817231468283582,0.33469099702512367,0.8999463232004994,0.9793915818348046,0.9762870433481426,0.849954173533488,0.9971893305401524,0.9657267502653585,0.09875138105667634,0.6793542020247001,8.914102050086991e-05,0.05806087711146905,0.9131942910474846,0.9729732366355004,0.13164891666243905,0.6450810886657845,0.34518121128655577,0.9817231468283582,0.8961971893629701,0.29868341540278115,0.9999954966072472,0.2862969895078467,0.458708250394334,0.9479012680541996,0.9179145489322407,0.8198777234507092,0.3824243866888509,0.6432679789507465,0.08435400722964932,0.7201483324438752,0.9799871931794353,0.97228555436487,0.9992392144552508,0.6360090708980153,0.997620535294444,0.9896778030730099,0.6918678270055685,0.7765054349680561,0.9941805886056023,0.5632936560147133,0.9986993631261571,0.9967224023796227,0.9382182432122509,0.2808922926952768,0.2472942776112558,0.01762050064962485,0.6577508583185492,0.03440481925836544,0.7427132399487171,0.1000333004398926,0.001136270746086926,0.9888046325842799,0.9986993631261571,0.9330986748662008,0.565105257311087,0.6865139640592716,0.9288725380236362,0.9931737297582164,0.13813051135129828,0.8987029668875898,0.7375436282460612,0.9844458888699646,0.9469668657972922,0.1790737321417607,0.003702514625048275,0.8455675211791334,0.42315770384263945,0.5452238513261515,0.97228555436487,0.012326920943793184,0.07520833774714504
sub-31151_ses-baseline_fs,IPL_6_5_thickness,0.88461288852399,0.7880214150411456,0.9948075936442337,0.9999819865506717,0.6577508583185492,0.996475557610747,0.9096603000359463,0.5254689279388561,0.9988477931599892,0.9909220646741634,0.8898230053805337,0.7681753227690642,0.7896519887744331,0.36046406295095934,0.045278493895664136,0.8057452075182181,0.8806420429658236,0.8656336195111082,0.12387248006396334,0.950658634716721,0.9626005005770305,1.0,0.6305590600130894,0.9999819865506717,0.996475557610747,0.4847356013185298,0.9833824581089756,0.8911102568872848,0.8846128885239898,0.6989831718312958,0.9402146467267816,0.864235261589662,0.17219258382745195,0.8336497071315049,0.0002827309724384228,0.1080001956376684,0.98880463258428,0.9991177224688491,0.22097067263302775,0.8041538277744386,0.49703727707933726,0.996475557610747,0.9817231468283583,0.18717407429840896,0.9633941285074153,0.1780789378501747,0.6232863580199008,0.9986993631261571,0.9905529575275654,0.6631670515158608,0.5398219823623128,0.47774858410389687,0.15004233340853004,0.5542475068568429,0.9971893305401524,0.9992392144552508,0.9722855543648699,0.7961363837350723,0.978787516698863,0.9913193086721781,0.5254689279388561,0.6141888452604477,0.9859765856440357,0.403374234377505,0.9479012680541994,0.9811529912203043,0.818324763151276,0.4198321422237947,0.3776647844033942,0.037175694684643296,0.8152056340429453,0.06781893624954917,0.8846128885239903,0.17413903249527082,0.0030233306472541963,0.9131942910474843,0.9749865126360848,0.8104944662698331,0.7306146096495733,0.8396479661707622,0.9941805886056023,0.9874296169449795,0.23031807683755423,0.9828378951536162,0.8806420429658239,0.9024138148323815,0.9985419614351959,0.103295093825283,0.008978326915596573,0.6936492151096388,0.585073657539671,0.3872125836844565,0.8766179590882314,0.026906055746221364,0.135672501619105
sub-31151_ses-baseline_fs,IPL_6_6_thickness,0.34669392613269495,0.25607641699354494,0.6918678270055686,0.626923455985853,0.17219258382745145,0.5796214250600251,0.871171245439975,0.11146151516491372,0.6014474134829565,0.5488303780931079,0.35277959396689607,0.9729732366355001,0.9633941285074151,0.05764636267347213,0.002617862842937278,0.2702701912815663,0.34216630828665884,0.32583901982762764,0.010971939693778741,0.4416402936825984,0.4656012859318482,0.6305590600130894,1.0,0.6341928987218052,0.5796214250600251,0.9708854135258044,0.739269480068568,0.35430965145434756,0.3466939261326947,0.1955280909659093,0.42315770384263945,0.32437639539456203,0.65775085831855,0.9382182432122508,0.008652823197768859,0.5165414887206341,0.720148332443875,0.6050878571023435,0.7392694800685687,0.9559649508141856,0.9756409549844184,0.5796214250600251,0.7444310735506718,0.020343513552575302,0.46733014610709683,0.01885937950608637,0.9999279481495695,0.6613626731064062,0.712967372908738,0.17511812637848334,0.98880463258428,0.0937521064401103,0.6141888452604473,0.12311446245753625,0.5850736575396707,0.6069081341692543,0.4882409504871846,0.9601716474169611,0.5058781600077427,0.5506351385127933,0.11146151516491372,0.15004233340853024,0.5290496012107402,0.06972914926281802,0.43656815687404094,0.512980783369946,0.2808922926952768,0.9382182432122509,0.9096603000359464,0.27554991335972445,0.9497471765790547,0.39687305731890404,0.897453245159116,0.6613626731064066,0.050223472259444714,0.3824243866888506,0.4952743456057984,0.27422409618511734,0.9859765856440357,0.9341371758026266,0.6954289262248934,0.5344303096999697,0.7529782879447637,0.7409926963763527,0.9011832828785568,0.36823299550230937,0.6631670515158608,0.00841566752145626,0.10800019563766844,0.19236550515710943,0.9971893305401524,0.0650337108506564,0.33767044535621976,0.22444580630105082,0.5832558251389408
sub-31151_ses-baseline_fs,ITG_5_1_thickness,0.8819716174228008,0.7847491571330187,0.9953991320067421,0.9999279481495695,0.654135201170232,0.9959551399688499,0.9120229855594019,0.5218936863884682,0.9985419614351959,0.9901013008564071,0.8872301045189221,0.7715174365105151,0.7929018403427454,0.3573800467820797,0.04460655733713223,0.8025583625508917,0.8779651807348411,0.8628313912074406,0.12235998133969825,0.9488280463670418,0.9609892388287147,0.9999819865506717,0.6341928987218052,1.0,0.9959551399688499,0.48824095048718497,0.9844458888699645,0.8885296105206478,0.8819716174228006,0.6954289262248938,0.9382182432122512,0.8614220425870481,0.17413903249527082,0.8366585322601205,0.0002896699406900474,0.10937458976014058,0.9896778030730099,0.9988477931599892,0.22328340905496127,0.8073324650025403,0.5005684621011909,0.9959551399688499,0.9828378951536162,0.18512527272601678,0.9617988636494467,0.1761011390852585,0.6269234559858524,0.9989872475293465,0.9913546304776496,0.6595572636099347,0.5434221432369808,0.47426730300757197,0.15180401248221884,0.5506351385127937,0.9967224023796228,0.9989872475293466,0.9708854135258042,0.7993553229692306,0.9775540896393079,0.990516058434832,0.5218936863884681,0.6105486350140488,0.9849647282520068,0.4001176493036018,0.946024863935279,0.9799871931794354,0.8152056340429457,0.423157703842639,0.38083465486132734,0.03775201317194468,0.8183247631512757,0.06876864912762706,0.8872301045189219,0.1761011390852583,0.0030857246441576805,0.91084497860147,0.9736526357532916,0.8073324650025406,0.7340841668603874,0.8426177237944389,0.9948075936442337,0.986469576580087,0.23269510976747462,0.9839184607890241,0.8832952435382202,0.8999463232004997,0.9988477931599891,0.10198055957719075,0.009145147984175706,0.690084798267308,0.5887104294878909,0.3840172958064681,0.8739061008577452,0.02734335572644106,0.13730750286034907
sub-31151_ses-baseline_fs,ITG_5_2_thickness,0.9189492613206477,0.832138112238868,0.9828378951536162,0.9969603288278542,0.707836884762701,1.0,0.8739061008577452,0.5759889201017939,0.9993517202075981,0.9986993631261571,0.9234296186528886,0.7201483324438758,0.7427132399487171,0.4050069812952135,0.05561024680674354,0.8484970755347405,0.9155166788798518,0.9024138148323815,0.14656422887530415,0.9729732366355004,0.9817231468283582,0.996475557610747,0.5796214250600251,0.9959551399688499,1.0,0.4365681568740416,0.964957273956299,0.9245322990306725,0.9189492613206475,0.7478584618398163,0.964957273956299,0.9011832828785568,0.1465642288753045,0.7896519887744331,0.00020059028871875895,0.09013534784645678,0.9729732366355004,0.9991177224688492,0.19027701545412384,0.7580717115579552,0.4484383788387975,1.0,0.9626005005770307,0.2175317109597184,0.9822847864701139,0.20743171746873923,0.5723585593007411,0.9909220646741634,0.9756994452898761,0.7131257721456921,0.4899964994513753,0.5272585994273653,0.1269400762286145,0.6050878571023438,0.9999594701953167,0.9989872475293466,0.9883549833021488,0.7495679419973844,0.9924583616847469,0.9988477931599892,0.5759889201017938,0.6649703634776458,0.996475557610747,0.4501440518699254,0.970885413525804,0.9938538070340598,0.8600072500432492,0.37450780558635294,0.33469099702512384,0.029859456210969682,0.7698480329369483,0.05561024680674371,0.8455675211791338,0.14829575576463533,0.002262775441439972,0.9431535068189091,0.990101300856407,0.852852835766162,0.6811463139614127,0.796136383735072,0.9817231468283582,0.9971893305401524,0.1987265616017263,0.9641797265355492,0.8411353222921786,0.9341371758026266,0.9905160584348319,0.12311446245753642,0.00691222746626601,0.7427132399487166,0.5344303096999703,0.43319962702743514,0.9120229855594019,0.021388597876318804,0.11429174239267594
sub-31151_ses-baseline_fs,ITG_5_3_thickness,0.2362907744527031,0.1664468234383577,0.5452238513261519,0.4812380809872127,0.10596376060296638,0.4365681568740416,0.7444310735506723,0.06503371085065655,0.45699070581514895,0.40828129652031153,0.24114116179660416,0.8923913329489787,0.8752649213521446,0.03131375679512955,0.001099171860306158,0.17708807485639405,0.23269510976747462,0.21982033326937409,0.005132092292657891,0.314240956405256,0.33469099702512367,0.4847356013185298,0.9708854135258044,0.48824095048718497,0.4365681568740416,1.0,0.5941678793137011,0.24236377914499996,0.2362907744527029,0.12235998133969825,0.2986834154027814,0.21867401283243315,0.7977478223522749,0.8351565257388457,0.017771356495003044,0.6631670515158603,0.5741734561867167,0.4604281031529735,0.8670264308427138,0.8628313912074405,0.9997793576033525,0.4365681568740416,0.5996273121540244,0.010021498250495874,0.3361789343984166,0.00922959260120821,0.9736526357532918,0.5147603754406742,0.5667544411090633,0.10800019563766859,0.9956815811221309,0.05363397006052885,0.7580717115579543,0.07267618269785045,0.4416402936825984,0.4621502417065153,0.3543096514543479,0.8697952776961443,0.36979676831036545,0.40992282942771574,0.06503371085065648,0.0907303460506614,0.3904203925380789,0.03863067649579391,0.3099528491779485,0.37608467606136503,0.18512527272601678,0.9935181844081525,0.9817231468283582,0.3952553011984506,0.8528528357661627,0.536226353387234,0.7781612395215056,0.800958848664742,0.08836888693147919,0.26505343292823746,0.3604640629509597,0.18007246172257246,0.9189492613206479,0.8291007371203146,0.5488303780931083,0.39525530119845087,0.8779651807348412,0.595987512761467,0.7831075472106561,0.2535473026479627,0.5165414887206345,0.003853995940070861,0.17511812637848315,0.12011767545812445,0.9859765856440358,0.03576745848760648,0.22913558596705963,0.331725886594638,0.7288761379725485
sub-31151_ses-baseline_fs,ITG_5_4_thickness,0.794521044070705,0.6829370023162757,0.9967224023796228,0.9822847864701139,0.547026605967291,0.964957273956299,0.9687235413777421,0.41983214222379484,0.9736526357532915,0.950658634716721,0.8009588486647422,0.8628313912074406,0.8806420429658239,0.27290220023384143,0.028236341313709376,0.7025302720478444,0.7896519887744328,0.7715174365105151,0.08379252210993712,0.881971617422801,0.8999463232004994,0.9833824581089756,0.739269480068568,0.9844458888699645,0.964957273956299,0.5941678793137011,1.0,0.8025583625508914,0.7945210440707047,0.5887104294878914,0.8670264308427139,0.7698480329369483,0.2387079485920609,0.915516678879852,0.000582774819291065,0.1562746019883325,0.9994552366873787,0.9749865126360847,0.29868341540278126,0.8923913329489787,0.6069081341692546,0.964957273956299,0.9999594701953167,0.1316489166624389,0.9011832828785571,0.1246340422365835,0.7323506316554297,0.9913193086721781,0.9989750642894535,0.55244085791267,0.6505159825863563,0.3760846760613647,0.21076225593791373,0.4467351452205676,0.9672414085407155,0.9756409549844183,0.9155166788798518,0.8859245197046905,0.9267165709304788,0.9515623969908077,0.4198321422237947,0.5041065724240039,0.9402146467267816,0.3099528491779485,0.8779651807348409,0.9309999789352861,0.7166413593810118,0.5254689279388561,0.47949231753999255,0.05847784547400999,0.9011832828785568,0.10198055957719061,0.9524584397974041,0.24114116179660405,0.0055466166178068455,0.830621776925893,0.9200797389612867,0.707836884762701,0.8306217769258929,0.9200797389612865,0.9971893305401524,0.9431535068189091,0.30995284917794885,0.9999954966072472,0.9497471765790547,0.8167673878722231,0.9917077797590399,0.06876864912762719,0.015488659205597432,0.5832558251389404,0.6954289262248934,0.2959040175443544,0.7847491571330188,0.043287772153993834,0.19236550515710962
sub-31151_ses-baseline_fs,ITG_5_5_thickness,0.9998874212651337,0.9781750138636957,0.8440951352187992,0.8936662015943939,0.9096603000359461,0.9245322990306725,0.6577508583185495,0.8073324650025407,0.9108449786014696,0.9421813535328741,0.9999954966072472,0.482985850331929,0.505878160007743,0.6378246993547101,0.1332474301245322,0.9844458888699646,0.9997118237455969,0.9983755923362353,0.29452005353599003,0.9869539246705762,0.9793915818348046,0.8911102568872848,0.35430965145434756,0.8885296105206478,0.9245322990306725,0.24236377914499996,0.8025583625508914,1.0,0.9998874212651337,0.9351684096302514,0.9917077797590398,0.9982002603199983,0.0623426530497271,0.5560550557878639,3.616391943033999e-05,0.034944476274697475,0.8198777234507092,0.9084689798665353,0.08548598014588978,0.5218936863884678,0.25103412263408814,0.9245322990306725,0.7977478223522748,0.4017444512723262,0.978787516698863,0.3872125836844565,0.3482101339932366,0.8684136615503382,0.8261826074744885,0.9131942910474845,0.2822376386460591,0.7631377255652955,0.052476405529776414,0.8321381122388684,0.921203310161946,0.9072710482371232,0.9708854135258043,0.512980783369946,0.9633941285074153,0.941201725032261,0.8073324650025406,0.8793065530667077,0.9524584397974039,0.6865139640592719,0.9883549833021489,0.9601716474169611,0.9883549833021489,0.19872656160172586,0.17219258382745178,0.009662351387227128,0.5344303096999697,0.019837867237411634,0.6214673332317883,0.06322934434493195,0.000524891366984402,0.9985419614351959,0.9679865505106033,0.9859765856440357,0.44503437237297894,0.5632936560147127,0.8411353222921782,0.9497471765790547,0.09013534784645691,0.8009588486647419,0.6160087587177501,0.9996352908882011,0.8670264308427136,0.25607641699354544,0.0018317878689877952,0.9320529335966492,0.31711832086223496,0.6685736462794009,0.9994552366873787,0.0065919459311009395,0.04630229679588873
sub-31151_ses-baseline_fs,LOcC_4_1_thickness,1.0,0.9811529912203043,0.8366585322601202,0.8872301045189216,0.915516678879852,0.9189492613206475,0.6487051252273757,0.8152056340429457,0.9048554718671346,0.9372089696914833,0.9999279481495695,0.4742673030075716,0.49703727707933687,0.6468934823264176,0.13730750286034918,0.9869539246705764,0.9999594701953167,0.9991177224688492,0.3014780582639242,0.9844458888699644,0.9762870433481426,0.8846128885239898,0.3466939261326947,0.8819716174228006,0.9189492613206475,0.2362907744527029,0.7945210440707047,0.9998874212651337,1.0,0.9402146467267818,0.9896778030730098,0.9989872475293466,0.06017045995096216,0.547026605967291,3.378723452258044e-05,0.03360864943982532,0.8120691366934084,0.9024138148323815,0.08267850518635829,0.5129807833699457,0.2448210265063897,0.9189492613206475,0.7896519887744328,0.40992282942771574,0.975640954984418,0.39525530119845087,0.34066414359098696,0.8614220425870479,0.8184647109132697,0.9189492613206479,0.2755499133597241,0.7715174365105154,0.05059326858975152,0.8396479661707624,0.9155166788798518,0.9011832828785569,0.9672414085407155,0.5041065724240036,0.959346110913454,0.9361923497401883,0.8152056340429455,0.8859245197046908,0.9479012680541994,0.6954289262248937,0.9859765856440357,0.9559649508141854,0.990516058434832,0.19341571750453013,0.1673947291010081,0.009229592601208194,0.5254689279388557,0.019019471380335773,0.6123687929764199,0.06103175319542735,0.0004950999535821802,0.997620535294444,0.9641797265355491,0.9883549833021489,0.43656815687404094,0.5542475068568424,0.8336497071315042,0.9450752869882588,0.08720659383217001,0.792901840342745,0.6069081341692543,0.9991177224688491,0.8600072500432488,0.26246875192416946,0.0017365573627701832,0.9372089696914837,0.30995284917794824,0.6775607024914105,0.9998378906369911,0.006285089428067794,0.044606557337132195
sub-31151_ses-baseline_fs,LOcC_4_2_thickness,0.9402146467267816,0.9878966406604026,0.6378246993547096,0.7025302720478444,0.997620535294444,0.7478584618398163,0.4399470298165978,0.959346110913454,0.7271352537320167,0.7765054349680558,0.9361923497401885,0.29039118453467005,0.30853096532431507,0.8440951352187995,0.2598999119175527,0.9822847864701139,0.9431535068189093,0.9533467397189461,0.48824095048718497,0.8697952776961441,0.849954173533488,0.6989831718312958,0.1955280909659093,0.6954289262248938,0.7478584618398163,0.12235998133969825,0.5887104294878914,0.9351684096302514,0.9402146467267818,1.0,0.88461288852399,0.954227273525238,0.024607109183074856,0.3497298227723158,6.456555693954727e-06,0.012659921385455726,0.6087284044261864,0.7236463958730341,0.03549131940795323,0.3214621271613907,0.12771589650597256,0.7478584618398163,0.5832558251389408,0.6160087587177501,0.8484970755347405,0.599627312154024,0.19131927208941188,0.6685736462794009,0.6161725429842249,0.9982002603199983,0.14742811418317203,0.9341371758026266,0.020173730423032585,0.9715896071790113,0.7427132399487171,0.7218984963480318,0.8306217769258933,0.31424095640525573,0.8152056340429457,0.7748461747854594,0.959346110913454,0.990101300856407,0.794521044070705,0.8819716174228006,0.8739061008577452,0.8089155634865914,0.9775540896393079,0.09622621402618844,0.08102971457472573,0.00296209155214631,0.3317258865946378,0.006654912301216197,0.4066426745510807,0.025012000368924037,0.00011829451755395537,0.915516678879852,0.8245097509374275,0.9805743348593052,0.2611823499275534,0.355843140003853,0.6341928987218056,0.7896519887744332,0.0377520131719448,0.5868918695305446,0.4017444512723262,0.9256279591458998,0.6667725735636506,0.4382563106744417,0.00046689427768687385,0.9999594701953167,0.1702617575284511,0.8684136615503382,0.946024863935279,0.0019318056561262221,0.01747076801885445
sub-31151_ses-baseline_fs,LOcC_4_3_thickness,0.9896778030730099,0.9441181596564078,0.9024138148323815,0.9421813535328744,0.852852835766162,0.964957273956299,0.7340841668603882,0.7358151781139332,0.9551000181744621,0.9769247605529016,0.9913193086721781,0.559672734776902,0.5832558251389407,0.5596727347769015,0.10198055957719039,0.9542272735252377,0.9883549833021488,0.9828378951536162,0.23870794859206051,0.9994552366873787,0.9971893305401524,0.9402146467267816,0.42315770384263945,0.9382182432122512,0.964957273956299,0.2986834154027814,0.8670264308427139,0.9917077797590398,0.9896778030730098,0.88461288852399,1.0,0.9822847864701137,0.08379252210993732,0.634192898721806,6.428878188482577e-05,0.04840810089867946,0.881971617422801,0.9533467397189463,0.11286979109443086,0.5996273121540245,0.30853096532431507,0.964957273956299,0.8628313912074406,0.3346909970251234,0.9969603288278542,0.32146212716139044,0.41651770967362833,0.922319946236866,0.8873473094682947,0.8571614708969578,0.3436720014037846,0.688300165200229,0.07119030269470639,0.763137725565295,0.9626005005770307,0.9524584397974041,0.9935181844081526,0.5905293056804912,0.98967780307301,0.9762870433481428,0.7358151781139332,0.816767387872223,0.9833824581089756,0.608728404426186,0.999711823745597,0.9878966406604025,0.9609892388287145,0.24853689919470337,0.21753171095971863,0.014196738853402705,0.6123687929764199,0.028236341313709452,0.6989831718312962,0.08491848995592509,0.0008595495813300691,0.9971893305401524,0.9920874674977763,0.956822048782356,0.5201081712703883,0.6414541878085029,0.8999463232004994,0.9817231468283583,0.11864033718929713,0.8656336195111082,0.6936492151096392,0.9948075936442337,0.921203310161946,0.20523140656562464,0.002872356804730852,0.8806420429658236,0.3824243866888509,0.5905293056804908,0.9869539246705763,0.0098404637160155,0.06322934434493203
sub-31151_ses-baseline_fs,LOcC_4_4_thickness,0.9989872475293465,0.9888046325842799,0.8136395381415416,0.8670264308427136,0.9320529335966493,0.9011832828785568,0.6214673332317883,0.8381556909601524,0.8859245197046903,0.9212033101619457,0.9983755923362352,0.4484383788387975,0.4707944277544059,0.6739696842880707,0.15004233340853024,0.9931737297582164,0.9993517202075981,0.9999954966072472,0.3229174279144996,0.975640954984418,0.9657267502653585,0.864235261589662,0.32437639539456203,0.8614220425870481,0.9011832828785568,0.21867401283243315,0.7698480329369483,0.9982002603199983,0.9989872475293466,0.954227273525238,0.9822847864701137,1.0,0.05402449847654737,0.5201081712703883,2.75167643984472e-05,0.029859456210969644,0.788021415041146,0.8832952435382204,0.07469629084709793,0.48648730954977865,0.22678265851874846,0.9011832828785569,0.7648201317901349,0.4348825888847971,0.9649572739562989,0.4198321422237947,0.3185625642178524,0.8396479661707622,0.794666583424373,0.9351684096302514,0.2560764169935452,0.7961363837350723,0.04527849389566406,0.8614220425870481,0.8974532451591163,0.8819716174228006,0.9551000181744621,0.4777485841038968,0.946024863935279,0.9200797389612865,0.8381556909601523,0.904855471867135,0.9330986748662008,0.7218984963480318,0.9775540896393079,0.9421813535328741,0.9956815811221309,0.1780789378501747,0.1535808426151076,0.008033316969327653,0.49880199108325035,0.01673871401186698,0.585073657539671,0.05481262567139989,0.00041493160114579515,0.9935181844081525,0.9515623969908075,0.9941805886056023,0.41156725534774374,0.5272585994273649,0.8104944662698331,0.9299398379879086,0.07887241475691557,0.7681753227690634,0.5796214250600251,0.9962198011759018,0.838155690960152,0.28223763864605933,0.0014775570490800603,0.9515623969908077,0.28902259156703697,0.7043010512589718,0.9996352908882011,0.0054402417053533185,0.03982909892596197
sub-31151_ses-baseline_fs,MFG_7_1_thickness,0.06017045995096227,0.037175694684643296,0.20743171746873992,0.1702617575284514,0.02034351355257534,0.1465642288753045,0.3543096514543479,0.01077567671172541,0.15718014923010917,0.13244635827747392,0.06190314494290669,0.5165414887206342,0.4935132220405154,0.004257685865218901,7.331714235211183e-05,0.040439995210504565,0.058897277846087434,0.05441738034282057,0.0004614365052142368,0.0901353478464571,0.09875138105667634,0.17219258382745195,0.65775085831855,0.17413903249527082,0.1465642288753045,0.7977478223522749,0.2387079485920609,0.0623426530497271,0.06017045995096216,0.024607109183074856,0.08379252210993732,0.05402449847654737,1.0,0.4450343723729795,0.09560292398928404,0.9729732366355,0.2256122228483379,0.15900271956648276,0.990516058434832,0.47774858410389737,0.7863871254556215,0.14656422887530443,0.24236377914500012,0.0010398251784120502,0.09939072161709626,0.0009404255244110949,0.6649703634776465,0.18923873231227756,0.22086697750782616,0.0208603572238524,0.7461461599342509,0.008415667521456296,0.997409401340903,0.0124370483220064,0.14916716005077701,0.15991975397414795,0.10731803876149601,0.48648730954977915,0.11429174239267599,0.13324743012453244,0.01077567671172541,0.016595577621380173,0.12387248006396356,0.0055466166178068455,0.08836888693147919,0.11717694720279109,0.04296324619744211,0.8557305533723006,0.8911102568872852,0.7880214150411456,0.4656012859318491,0.9060665354305099,0.38561336669484253,0.9999819865506717,0.3099528491779485,0.0707005176316912,0.1100668448142945,0.04137115824668389,0.5560550557878644,0.4382563106744423,0.20964806499932473,0.1261678323583867,0.9869539246705763,0.2399225510627832,0.3904203925380791,0.06641441580546292,0.19027701545412384,0.00032682777062106893,0.48999649945137436,0.024010406563975566,0.7025302720478449,0.005032941925679605,0.05764636267347221,0.7183959411387186,0.9924583616847468
sub-31151_ses-baseline_fs,MFG_7_2_thickness,0.5470266059672915,0.43319962702743514,0.8819716174228008,0.8306217769258932,0.3156777819038057,0.7896519887744331,0.9859765856440357,0.2209706726330276,0.8089155634865917,0.7614521619158354,0.5542475068568432,0.9924583616847469,0.996475557610747,0.1269400762286149,0.00841566752145626,0.4518521428088378,0.5416215106429172,0.5218936863884681,0.030097740026638238,0.6541352011702324,0.6793542020247001,0.8336497071315049,0.9382182432122508,0.8366585322601205,0.7896519887744331,0.8351565257388457,0.915516678879852,0.5560550557878639,0.547026605967291,0.3497298227723158,0.634192898721806,0.5201081712703883,0.4450343723729795,1.0,0.0027003035834868515,0.32146212716139044,0.9024138148323815,0.8120691366934084,0.5254689279388565,0.9983755923362352,0.8455675211791335,0.7896519887744331,0.9189492613206477,0.05171627995665642,0.6811463139614131,0.04840810089867946,0.9341371758026263,0.8585870479815793,0.8973404590501313,0.3200105027663304,0.8793065530667075,0.1913192720894121,0.4050069812952128,0.23992255106278276,0.794521044070705,0.8136395381415419,0.7025302720478444,0.9974094013409031,0.7201483324438754,0.7631377255652955,0.2209706726330275,0.28223763864605933,0.7427132399487171,0.1491671600507769,0.6487051252273756,0.727135253732017,0.4656012859318485,0.774846174785459,0.7306146096495735,0.1457040933464067,0.9993517202075981,0.22913558596705938,0.9941805886056022,0.4484383788387973,0.01967177259001879,0.5887104294878913,0.7096018656837847,0.4569907058151485,0.9822847864701137,0.9999279481495695,0.8846128885239903,0.7478584618398163,0.5398219823623129,0.9166677022181635,0.9951078002318071,0.5723585593007414,0.8600072500432494,0.023814309667425548,0.04769745291956167,0.3451812112865556,0.9108449786014696,0.14062165397845222,0.5362263533872343,0.11357905298409607,0.37766478440339385
sub-31151_ses-baseline_fs,MFG_7_3_thickness,3.378723452258056e-05,1.3679075156798047e-05,0.00042487014273809716,0.0002759482835409297,4.59631873807726e-06,0.00020059028871875895,0.0014936469776905656,1.5144802702473976e-06,0.00023257860842553537,0.00016229714678683884,3.567621289535135e-05,0.004091811417718212,0.0035924841292568543,3.1639024481241664e-07,5.486806063601653e-10,1.598360409287609e-05,3.2433364213391406e-05,2.7897702072842375e-05,9.040753047244256e-09,7.428327603755473e-05,8.914102050086991e-05,0.0002827309724384228,0.008652823197768859,0.0002896699406900474,0.00020059028871875895,0.017771356495003044,0.000582774819291065,3.616391943033999e-05,3.378723452258044e-05,6.456555693954727e-06,6.428878188482577e-05,2.75167643984472e-05,0.09560292398928404,0.0027003035834868515,1.0,0.1544749545471817,0.0005127793730075195,0.00023835539295620042,0.0702134698589446,0.0032800303183825883,0.01673871401186698,0.00020059028871875895,0.0006033567174542671,3.2327322490005436e-08,9.030347169057804e-05,2.7575042992100462e-08,0.008978326915596597,0.00034704039328962207,0.000488818705005249,4.805941224468002e-06,0.013587178881982739,9.92326953240274e-07,0.11146151516491407,1.9396495117764295e-06,0.0002081745699740756,0.00024129411096246488,0.0001054196294570421,0.0034504112653816928,0.00011981340409850314,0.00016434401195696675,1.5144802702473976e-06,3.207718423392628e-06,0.00014131222055588732,4.912815625048053e-07,7.142047852957688e-05,0.00012607513771005407,1.7887685187691785e-05,0.02440679839212911,0.030097740026638183,0.3361789343984163,0.003054382083504469,0.22678265851874846,0.001851401676816556,0.0943658797118691,0.8167673878722227,4.61050013003557e-05,0.00011096908203175101,1.667377116099823e-05,0.005082298211312977,0.0025908990858000283,0.0004350310614275523,0.0001467662063161809,0.06641441580546269,0.0005895615445458263,0.0019114089075163933,4.08479424746516e-05,0.00035122102587712957,5.302862923114354e-09,0.6232863580199014,6.178275645628678e-06,0.010873414363521102,4.1771727926154957e-07,3.113122048348696e-05,0.4001176493036011,0.12387248006396334
sub-31151_ses-baseline_fs,MFG_7_4_thickness,0.03360864943982538,0.019837867237411582,0.13324743012453225,0.10663923007957793,0.010298618106321801,0.09013534784645678,0.2460556526357216,0.005182327557679346,0.09748237729338875,0.08048600727759422,0.03467375403479981,0.38401729580646726,0.3635615943303591,0.0019114089075163933,2.5685224032039545e-05,0.02174718956966578,0.032828242763460455,0.030097740026638183,0.0001793681622532035,0.05247640552977662,0.05806087711146905,0.1080001956376684,0.5165414887206341,0.10937458976014058,0.09013534784645678,0.6631670515158603,0.1562746019883325,0.034944476274697475,0.03360864943982532,0.012659921385455726,0.04840810089867946,0.029859456210969644,0.9729732366355,0.32146212716139044,0.1544749545471817,1.0,0.146564228875304,0.09875138105667595,0.9330986748662006,0.34972982277231535,0.6505159825863559,0.0901353478464567,0.1590027195664825,0.0004248701427380949,0.05847784547400999,0.0003818337773681453,0.5236806144133883,0.1201176754581243,0.1430698989487388,0.010582543160375036,0.6069081341692542,0.003971284800283217,0.9869539246705764,0.006048940498836752,0.09192966741678944,0.09939072161709586,0.06367654778690705,0.35738004678207896,0.06829244934422789,0.0810297145747255,0.005182327557679336,0.008260813886500573,0.07469629084709783,0.0025377333124337945,0.05133966251177686,0.07021346985894462,0.023234320459492037,0.7306146096495733,0.7748461747854588,0.9011832828785571,0.33916551882632795,0.9781750138636959,0.2715842303582768,0.9715896071790113,0.43151929147385304,0.04013356546619136,0.06549131655874368,0.02229487492756571,0.4198321422237947,0.3156777819038057,0.13486049439282313,0.07624092584292708,0.9245322990306721,0.15718014923010887,0.2755499133597241,0.03746291441059067,0.12086159603094859,0.00012448135517705147,0.6305590600130894,0.012326920943793129,0.5614828051183066,0.0022865920994805354,0.0320633582500957,0.8455675211791341,0.9938538070340597
sub-31151_ses-baseline_fs,MFG_7_5_thickness,0.8120691366934087,0.7025302720478444,0.9988477931599892,0.9878966406604026,0.566917578734969,0.9729732366355004,0.9601716474169614,0.43825631067444176,0.9805743348593052,0.9601716474169616,0.8183247631512763,0.8470348463633395,0.8656336195111082,0.2876578577904481,0.03082239586599749,0.7218984963480318,0.8073324650025406,0.7896519887744332,0.09013534784645691,0.8961971893629703,0.9131942910474846,0.98880463258428,0.720148332443875,0.9896778030730099,0.9729732366355004,0.5741734561867167,0.9994552366873787,0.8198777234507092,0.8120691366934084,0.6087284044261864,0.881971617422801,0.788021415041146,0.2256122228483379,0.9024138148323815,0.0005127793730075195,0.146564228875304,1.0,0.9817231468283582,0.28358687396685545,0.8779651807348409,0.5868918695305446,0.9729732366355004,0.9991177224688491,0.1406216539784523,0.9143588653461653,0.13324743012453225,0.7131257721456917,0.9951078002318071,0.9999246694635512,0.5723585593007414,0.6305590600130894,0.39364059400549695,0.1987265616017255,0.4656012859318484,0.9749865126360848,0.9822847864701139,0.9277981064737421,0.8711712454399754,0.9382182432122509,0.9609892388287147,0.4382563106744417,0.5236806144133885,0.950658634716721,0.32583901982762803,0.8923913329489787,0.9421813535328746,0.7358151781139336,0.5058781600077428,0.46042810315297356,0.05402449847654722,0.8872301045189216,0.0949828157190939,0.9421813535328744,0.22795711302440305,0.004984020068907599,0.8470348463633395,0.9320529335966495,0.7271352537320167,0.8136395381415416,0.907271048237123,0.9991177224688492,0.9533467397189461,0.29452005353599003,0.9993517202075981,0.9392201442008044,0.8336497071315049,0.9953991320067422,0.07418706196516667,0.014072930949293816,0.6032676059863236,0.6757658512894202,0.31137848133228596,0.8025583625508917,0.03982909892596199,0.18107513049968116
sub-31151_ses-baseline_fs,MFG_7_6_thickness,0.9024138148323817,0.8104944662698335,0.9896778030730098,0.9993517202075981,0.6829370023162762,0.9991177224688492,0.8923913329489787,0.5506351385127937,0.9999819865506717,0.9956815811221309,0.9072710482371236,0.7444310735506723,0.7664993432900431,0.3824243866888512,0.05022347225944456,0.8275750288112382,0.89870296688759,0.8846128885239903,0.1348604943928233,0.9626005005770308,0.9729732366355004,0.9991177224688491,0.6050878571023435,0.9988477931599892,0.9991177224688492,0.4604281031529735,0.9749865126360847,0.9084689798665353,0.9024138148323815,0.7236463958730341,0.9533467397189463,0.8832952435382204,0.15900271956648276,0.8120691366934084,0.00023835539295620042,0.09875138105667595,0.9817231468283582,1.0,0.20523140656562464,0.7814623328466236,0.4725298028615502,0.9991177224688492,0.9729732366355002,0.20196098130853854,0.9736526357532916,0.19236550515710962,0.5978073344604554,0.9956815811221308,0.9839662806575195,0.6883001652002294,0.5147603754406739,0.5023366644787719,0.13813051135129767,0.5796214250600256,0.9994552366873787,0.9999954966072472,0.9811529912203043,0.7731834962150077,0.986469576580087,0.9959551399688499,0.5506351385127937,0.6396397497871608,0.9920874674977764,0.4264942421191948,0.9601716474169614,0.988354983302149,0.8396479661707625,0.3968730573189033,0.355843140003853,0.03334677435920116,0.792901840342745,0.0614661816982258,0.8656336195111082,0.16084062863147028,0.0026178628429372897,0.9288725380236365,0.9833824581089757,0.8321381122388684,0.7060699343859045,0.8183247631512757,0.9888046325842798,0.9931737297582164,0.2141289115093922,0.9743237336917075,0.8614220425870479,0.9189492613206479,0.9953991320067421,0.11286979109443086,0.00788478862813393,0.7183959411387189,0.559672734776901,0.40992282942771574,0.8949348309743387,0.02401040656397554,0.1246340422365835
sub-31151_ses-baseline_fs,MFG_7_7_thickness,0.0826785051863584,0.052476405529776574,0.26246875192416963,0.21867401283243335,0.029622792080395546,0.19027701545412384,0.428166579220566,0.01617259661151585,0.20304711988156382,0.17316385311292223,0.08491848995592516,0.5996273121540243,0.5759889201017943,0.006654912301216197,0.00013264500771826776,0.05682465526088821,0.08102971457472562,0.07520833774714514,0.0007851761793287108,0.12086159603094897,0.13164891666243905,0.22097067263302775,0.7392694800685687,0.22328340905496127,0.19027701545412384,0.8670264308427138,0.29868341540278126,0.08548598014588978,0.08267850518635829,0.03549131940795323,0.11286979109443086,0.07469629084709793,0.990516058434832,0.5254689279388565,0.0702134698589446,0.9330986748662006,0.28358687396685545,0.20523140656562464,1.0,0.5596727347769018,0.8571614708969582,0.1902770154541237,0.30288107801142744,0.0017180673709274626,0.13244635827747392,0.001559637516717606,0.7461461599342512,0.24114116179660416,0.2780931032864822,0.03033765214331911,0.8214262323912371,0.012772678625821586,0.9781750138636954,0.018542725981828757,0.19341571750453057,0.206329558176768,0.14230091693790986,0.5687305898971883,0.1509212821400733,0.17413903249527096,0.01617259661151585,0.02440679839212913,0.1626939205326155,0.00857311510440845,0.11864033718929691,0.1544749545471818,0.060170459950962214,0.9155166788798522,0.9431535068189092,0.709601865683784,0.5470266059672918,0.8440951352187993,0.46215024170651525,0.9913193086721781,0.24853689919470348,0.09622621402618857,0.14570409334640694,0.05806087711146916,0.6396397497871608,0.5183240963336913,0.26505343292823774,0.16550279482019975,0.9997118237455969,0.3000788348854718,0.46733014610709717,0.0907303460506614,0.24236377914500024,0.0005628493903239861,0.4115672553477434,0.03467375403479987,0.7814623328466243,0.007811451923108986,0.0794073673402597,0.6360090708980153,0.9664881351601496
sub-31151_ses-baseline_fs,MTG_4_1_thickness,0.512980783369946,0.4017444512723258,0.8557305533723003,0.8009588486647422,0.28902259156703697,0.7580717115579552,0.9749865126360847,0.19980070421251303,0.7781612395215056,0.7288761379725489,0.5201081712703883,0.9978227267053323,0.9996352908882011,0.11286979109443071,0.007044211614588941,0.41983214222379484,0.50765140116414,0.488240950487185,0.025839086004727323,0.6196480360864987,0.6450810886657845,0.8041538277744386,0.9559649508141856,0.8073324650025403,0.7580717115579552,0.8628313912074405,0.8923913329489787,0.5218936863884678,0.5129807833699457,0.3214621271613907,0.5996273121540245,0.48648730954977865,0.47774858410389737,0.9983755923362352,0.0032800303183825883,0.34972982277231535,0.8779651807348409,0.7814623328466236,0.5596727347769018,1.0,0.8725415310407323,0.7580717115579552,0.8961971893629698,0.04494147222091454,0.6468934823264173,0.04200192334078819,0.9524584397974039,0.830621776925893,0.8724184388982048,0.2931399221588917,0.9036378881037985,0.17219258382745165,0.43656815687404077,0.2175317109597183,0.7631377255652951,0.7831075472106559,0.6685736462794005,0.9998874212651337,0.6865139640592716,0.7306146096495734,0.19980070421251303,0.2573469420562631,0.7096018656837844,0.13324743012453225,0.6141888452604473,0.6936492151096392,0.43319962702743525,0.805745207518218,0.7631377255652956,0.16269392053261528,0.9997793576033525,0.2522887194138024,0.9864695765800869,0.48123808098721244,0.023043731767793684,0.5542475068568429,0.6757658512894207,0.4248246105180026,0.9913193086721781,0.997620535294444,0.8585870479815794,0.7148846240882442,0.574173456186717,0.8936662015943941,0.9878966406604025,0.5380235870881114,0.8321381122388684,0.02034351355257532,0.05481262567139984,0.31711832086223496,0.9320529335966492,0.12539915700662968,0.5023366644787716,0.12771589650597268,0.4082812965203112
sub-31151_ses-baseline_fs,MTG_4_2_thickness,0.24482102650638993,0.17316385311292185,0.5578634750273981,0.49351322204051523,0.11076248367732996,0.4484383788387975,0.7563768994597729,0.06829244934422804,0.469061201084721,0.4198321422237952,0.24978351502826052,0.9011832828785568,0.8846128885239901,0.033086641775511794,0.001187541226144903,0.1841068098014081,0.2411411617966039,0.2279571130244033,0.005493196412727477,0.3243763953945628,0.34518121128655577,0.49703727707933726,0.9756409549844184,0.5005684621011909,0.4484383788387975,0.9997793576033525,0.6069081341692546,0.25103412263408814,0.2448210265063897,0.12771589650597256,0.30853096532431507,0.22678265851874846,0.7863871254556215,0.8455675211791335,0.01673871401186698,0.6505159825863559,0.5868918695305446,0.4725298028615502,0.8571614708969582,0.8725415310407323,1.0,0.4484383788387975,0.6123687929764199,0.010678721410888754,0.3466939261326955,0.009840463716015463,0.9781750138636959,0.5272585994273653,0.57945791974499,0.11286979109443071,0.9974094013409031,0.056417442147021185,0.7461461599342499,0.07624092584292717,0.4535626300032641,0.4742673030075716,0.3651153945647123,0.8793065530667075,0.38083465486132734,0.4214935413691349,0.06829244934422798,0.09498281571909402,0.4017444512723262,0.040748397607497766,0.32001050276633014,0.38721258368445677,0.19236550515710962,0.9909220646741633,0.9775540896393079,0.38401729580646776,0.8628313912074406,0.5236806144133883,0.7896519887744328,0.7896519887744329,0.08435400722964967,0.27422409618511756,0.37136383716581345,0.18717407429840896,0.926716570930479,0.8396479661707625,0.5614828051183071,0.4066426745510804,0.8684136615503385,0.6087284044261864,0.794521044070705,0.26246875192416935,0.5290496012107405,0.004132719969339433,0.16834651676396095,0.12539915700662968,0.9892455764501629,0.03775201317194473,0.23749735591659354,0.321462127161391,0.7166413593810118
sub-31151_ses-baseline_fs,MTG_4_3_thickness,0.9189492613206477,0.832138112238868,0.9828378951536162,0.9969603288278542,0.707836884762701,1.0,0.8739061008577451,0.5759889201017939,0.9993517202075981,0.9986993631261571,0.9234296186528886,0.7201483324438758,0.742713239948717,0.4050069812952135,0.05561024680674359,0.8484970755347405,0.9155166788798518,0.9024138148323815,0.14656422887530424,0.9729732366355004,0.9817231468283582,0.996475557610747,0.5796214250600251,0.9959551399688499,1.0,0.4365681568740416,0.964957273956299,0.9245322990306725,0.9189492613206475,0.7478584618398163,0.964957273956299,0.9011832828785569,0.14656422887530443,0.7896519887744331,0.00020059028871875895,0.0901353478464567,0.9729732366355004,0.9991177224688492,0.1902770154541237,0.7580717115579552,0.4484383788387975,1.0,0.9626005005770307,0.2175317109597184,0.9822847864701139,0.2074317174687393,0.5723585593007411,0.9909220646741633,0.9756994452898761,0.7131257721456921,0.4899964994513753,0.5272585994273653,0.1269400762286145,0.6050878571023438,0.9999594701953167,0.9989872475293466,0.9883549833021488,0.7495679419973844,0.9924583616847469,0.9988477931599892,0.5759889201017938,0.6649703634776458,0.996475557610747,0.4501440518699254,0.970885413525804,0.9938538070340598,0.8600072500432492,0.37450780558635294,0.33469099702512367,0.029859456210969682,0.7698480329369481,0.05561024680674366,0.8455675211791338,0.14829575576463522,0.002262775441439972,0.9431535068189091,0.990101300856407,0.852852835766162,0.6811463139614127,0.796136383735072,0.9817231468283582,0.9971893305401524,0.1987265616017263,0.9641797265355492,0.8411353222921785,0.9341371758026266,0.9905160584348319,0.12311446245753653,0.00691222746626601,0.7427132399487166,0.5344303096999703,0.43319962702743514,0.9120229855594019,0.021388597876318787,0.11429174239267594
sub-31151_ses-baseline_fs,MTG_4_4_thickness,0.7896519887744331,0.6775607024914103,0.9959551399688499,0.9805743348593052,0.5416215106429173,0.9626005005770307,0.9708854135258043,0.4148647137719401,0.9715896071790115,0.9479012680541997,0.7961363837350723,0.8670264308427139,0.88461288852399,0.2689600875980658,0.027564291402129796,0.6972069239486371,0.7847491571330187,0.7664993432900434,0.08212595359426487,0.8779651807348414,0.8961971893629701,0.9817231468283583,0.7444310735506718,0.9828378951536162,0.9626005005770307,0.5996273121540244,0.9999594701953167,0.7977478223522748,0.7896519887744328,0.5832558251389408,0.8628313912074406,0.7648201317901349,0.24236377914500012,0.9189492613206477,0.0006033567174542671,0.1590027195664825,0.9991177224688491,0.9729732366355002,0.30288107801142744,0.8961971893629698,0.6123687929764199,0.9626005005770307,1.0,0.12927829759271858,0.8974532451591165,0.12235998133969808,0.7375436282460607,0.990101300856407,0.9985273553665476,0.5470266059672915,0.6559434924547257,0.37136383716581345,0.21412891150939156,0.4416402936825984,0.964957273956299,0.9736526357532915,0.9120229855594019,0.8898230053805337,0.9234296186528886,0.9488280463670415,0.41486471377194006,0.4988019910832511,0.9372089696914837,0.3056984758169804,0.8739061008577449,0.9277981064737424,0.7113648404051696,0.5308419054906918,0.4847356013185295,0.05974357498631365,0.9048554718671346,0.1039572970230324,0.9551000181744621,0.2448210265063897,0.005709705927735552,0.8260446880477341,0.9166677022181635,0.7025302720478444,0.8351565257388454,0.9234296186528884,0.996475557610747,0.9402146467267816,0.31424095640525573,0.9999819865506717,0.9524584397974039,0.8120691366934087,0.990516058434832,0.06734809971521531,0.015895899817314527,0.5778049200842323,0.7007576333776119,0.291763630256003,0.7798135512184076,0.04427373955451357,0.1955280909659093
sub-31151_ses-baseline_fs,MVOcC_5_1_thickness,0.40992282942771535,0.5218936863884682,0.1544749545471815,0.18923873231227734,0.6577508583185495,0.2175317109597184,0.0767614871395525,0.7847491571330188,0.2041372610341017,0.2374973559165933,0.403374234377505,0.03804300024131079,0.04200192334078825,0.9223199462368658,0.8057452075182178,0.5023366644787716,0.4148647137719401,0.43319962702743525,0.9775540896393079,0.3185625642178524,0.29868341540278115,0.18717407429840896,0.020343513552575302,0.18512527272601678,0.2175317109597184,0.010021498250495874,0.1316489166624389,0.4017444512723262,0.40992282942771574,0.6160087587177501,0.3346909970251234,0.4348825888847971,0.0010398251784120502,0.05171627995665642,3.2327322490005436e-08,0.0004248701427380949,0.1406216539784523,0.20196098130853854,0.0017180673709274626,0.04494147222091454,0.010678721410888754,0.2175317109597184,0.12927829759271858,1.0,0.29729180720505377,0.9996352908882011,0.01967177259001874,0.1702617575284512,0.14407163150641003,0.6523260195450586,0.013232648412475102,0.8275750288112379,0.0007941339872970226,0.7580717115579553,0.21412891150939228,0.20087884341731027,0.28089229269527727,0.0432877721539938,0.26765392377380265,0.2362907744527029,0.784749157133019,0.7007576333776121,0.25103412263408814,0.8898230053805338,0.32291742791449973,0.2624687519241691,0.488240950487185,0.007044211614588941,0.005493196412727492,6.344635106653592e-05,0.047345411115520895,0.00018161723748783573,0.06687992961105219,0.0010631980539269209,1.1079773693922016e-06,0.37293418774789067,0.2755499133597241,0.49703727707933737,0.03206335825009573,0.05324578509168181,0.1526905306058104,0.24729427761125564,0.0018712086451531085,0.1308550977437864,0.06549131655874374,0.3872125836844565,0.16930219130603694,0.9559649508141858,6.08809728572348e-06,0.6214673332317884,0.016453517027054648,0.9024138148323816,0.41983214222379484,3.6657962914700685e-05,0.0006540462378773964
sub-31151_ses-baseline_fs,MVOcC_5_2_thickness,0.9756409549844183,0.916667702218163,0.9320529335966492,0.964957273956299,0.8136395381415416,0.9822847864701139,0.778161239521506,0.6900847982673076,0.9749865126360848,0.9905160584348319,0.9781750138636957,0.606908134169255,0.6305590600130898,0.512980783369946,0.0860564876410531,0.9288725380236362,0.9736526357532914,0.9657267502653585,0.20853788594272984,0.9989872475293466,0.9999954966072472,0.9633941285074153,0.46733014610709683,0.9617988636494467,0.9822847864701139,0.3361789343984166,0.9011832828785571,0.978787516698863,0.975640954984418,0.8484970755347405,0.9969603288278542,0.9649572739562989,0.09939072161709626,0.6811463139614131,9.030347169057804e-05,0.05847784547400999,0.9143588653461653,0.9736526357532916,0.13244635827747392,0.6468934823264173,0.3466939261326955,0.9822847864701139,0.8974532451591165,0.29729180720505377,1.0,0.2849399928881898,0.46042810315297344,0.9488280463670415,0.9190512863762654,0.818324763151276,0.3840172958064681,0.6414541878085029,0.08491848995592485,0.7183959411387184,0.9805743348593052,0.9729732366355004,0.9993517202075982,0.6378246993547101,0.9978227267053323,0.990101300856407,0.6900847982673075,0.7748461747854593,0.9944985203283622,0.5614828051183066,0.9985419614351959,0.9969603288278542,0.9372089696914835,0.2822376386460591,0.24853689919470376,0.017771356495003075,0.6595572636099344,0.0346737540347999,0.7444310735506727,0.10067912684848165,0.0011488925426806783,0.9883549833021488,0.9988477931599892,0.932052933596649,0.566917578734969,0.688300165200229,0.9299398379879086,0.9935181844081526,0.138957201312971,0.8999463232004994,0.7392694800685684,0.9839184607890242,0.9479012680541996,0.1780789378501748,0.0037398679460023277,0.8440951352187992,0.42482461051800297,0.5434221432369808,0.9715896071790114,0.012437048322006422,0.07572321272757951
sub-31151_ses-baseline_fs,MVOcC_5_3_thickness,0.39525530119845054,0.5058781600077431,0.146564228875304,0.18007246172257227,0.6414541878085029,0.20743171746873923,0.07217812512519965,0.7698480329369481,0.19446991188673127,0.2267826585187482,0.38881493095555186,0.035491319407953165,0.03922601775752738,0.9120229855594016,0.8198777234507091,0.48648730954977853,0.4001176493036014,0.41817352538310293,0.9828378951536163,0.3056984758169797,0.2862969895078467,0.1780789378501747,0.01885937950608637,0.1761011390852585,0.20743171746873923,0.00922959260120821,0.1246340422365835,0.3872125836844565,0.39525530119845087,0.599627312154024,0.32146212716139044,0.4198321422237947,0.0009404255244110949,0.04840810089867946,2.7575042992100462e-08,0.0003818337773681453,0.13324743012453225,0.19236550515710962,0.001559637516717606,0.04200192334078819,0.009840463716015463,0.2074317174687393,0.12235998133969808,0.9996352908882011,0.2849399928881898,1.0,0.018230732332017118,0.16176534901600587,0.13656175848629168,0.636009070898015,0.01221765867716732,0.8136395381415416,0.0007168246892365384,0.7427132399487167,0.20413726103410162,0.19131927208941188,0.26896008759806556,0.04043999521050444,0.2560764169935452,0.22561222284833765,0.7698480329369483,0.684726231047768,0.23992255106278254,0.8779651807348409,0.3099528491779485,0.2510341226340879,0.4725298028615502,0.006467620088774848,0.005032941925679596,5.6321434034136856e-05,0.044273739554513435,0.00016229714678683857,0.0627847161418368,0.000961720028421449,9.614809786670089e-07,0.3589203588076469,0.2637591142015244,0.4812380809872123,0.029859456210969644,0.04985592979985983,0.14484770103891673,0.2362907744527029,0.0016997589417767432,0.12387248006396318,0.0614661816982258,0.3729341877478902,0.16084062863147028,0.9633941285074155,5.331314336925168e-06,0.6050878571023439,0.015222292785562974,0.8911102568872848,0.40500698129521323,3.243336421339152e-05,0.0005895615445458247
sub-31151_ses-baseline_fs,MVOcC_5_4_thickness,0.3406641435909873,0.25103412263408775,0.6847262310477683,0.619648036086498,0.16834651676396095,0.5723585593007411,0.8656336195111077,0.10868570966346527,0.5941678793137006,0.5416215106429172,0.34669392613269495,0.9701729920625813,0.9601716474169611,0.056012642679770165,0.0025115270189911523,0.2650534329282372,0.3361789343984158,0.32001050276633014,0.010582543160375036,0.4348825888847971,0.458708250394334,0.6232863580199008,0.9999279481495695,0.6269234559858524,0.5723585593007411,0.9736526357532918,0.7323506316554297,0.3482101339932366,0.34066414359098696,0.19131927208941188,0.41651770967362833,0.3185625642178524,0.6649703634776465,0.9341371758026263,0.008978326915596597,0.5236806144133883,0.7131257721456917,0.5978073344604554,0.7461461599342512,0.9524584397974039,0.9781750138636959,0.5723585593007411,0.7375436282460607,0.01967177259001874,0.46042810315297344,0.018230732332017118,1.0,0.6541352011702315,0.7059108135047792,0.1712252201542009,0.990516058434832,0.09132844935422056,0.6214673332317878,0.1201176754581243,0.5778049200842319,0.599627312154024,0.4812380809872119,0.956822048782356,0.49880199108325035,0.5434221432369808,0.10868570966346519,0.14656422887530415,0.5218936863884678,0.06781893624954909,0.42984160224696394,0.505878160007743,0.2755499133597241,0.9421813535328744,0.9143588653461654,0.28089229269527727,0.946024863935279,0.4033742343775054,0.8923913329489783,0.6685736462794011,0.051716279956656556,0.3760846760613643,0.48824095048718497,0.2689600875980653,0.9839184607890242,0.9299398379879086,0.688300165200229,0.5272585994273649,0.7597634781450672,0.7340841668603877,0.8961971893629698,0.3620111459340368,0.6559434924547256,0.00810851752428604,0.11076248367732996,0.1882044196338581,0.9980159701185997,0.0632293443449319,0.33172588659463764,0.22913558596705988,0.5905293056804913
sub-31151_ses-baseline_fs,MVOcC_5_5_thickness,0.8614220425870481,0.7597634781450663,0.9986993631261571,0.9983755923362353,0.626923455985853,0.9909220646741634,0.9288725380236365,0.4952743456057984,0.9951078002318071,0.9828378951536163,0.8670264308427139,0.7961363837350725,0.8167673878722231,0.33469099702512367,0.03982909892596193,0.7781612395215056,0.8571614708969578,0.8411353222921786,0.11146151516491387,0.9341371758026268,0.9479012680541996,0.9986993631261571,0.6613626731064062,0.9989872475293465,0.9909220646741634,0.5147603754406742,0.9913193086721781,0.8684136615503382,0.8614220425870479,0.6685736462794009,0.922319946236866,0.8396479661707622,0.18923873231227756,0.8585870479815793,0.00034704039328962207,0.1201176754581243,0.9951078002318071,0.9956815811221308,0.24114116179660416,0.830621776925893,0.5272585994273653,0.9909220646741633,0.990101300856407,0.1702617575284512,0.9488280463670415,0.16176534901600587,0.6541352011702315,1.0,0.996243184009726,0.6323762170476754,0.5705442602925851,0.4484383788387975,0.16550279482019928,0.5236806144133883,0.9920874674977763,0.9959551399688498,0.959346110913454,0.8229702536450912,0.9672414085407155,0.9833824581089756,0.4952743456057984,0.5832558251389407,0.9762870433481428,0.3760846760613648,0.9309999789352859,0.9701729920625817,0.7912788095638632,0.44843837883879706,0.4050069812952136,0.04232033137387384,0.8411353222921782,0.07624092584292717,0.9060665354305102,0.19131927208941188,0.003592484129256861,0.8923913329489787,0.9626005005770307,0.7831075472106558,0.7597634781450663,0.864235261589662,0.9983755923362352,0.9781750138636957,0.2510341226340884,0.9909220646741633,0.9024138148323815,0.8806420429658239,0.9999954966072472,0.0925340098772178,0.010487136686363205,0.6631670515158608,0.6160087587177501,0.36046406295095934,0.8528528357661623,0.030822395865997533,0.1500423334085303
sub-31151_ses-baseline_fs,MeanThickness_thickness,0.81846471091327,0.7097606161095745,0.9993614048448132,0.989716275490235,0.5743368251790953,0.9756994452898761,0.9567452313822291,0.4451873406066744,0.9828872559851904,0.963465161463929,0.8246480825552872,0.8410016626047748,0.859879652864854,0.29326397685720995,0.031834375242853846,0.7290326997699008,0.81378066362858,0.7962815735085291,0.09258855427918557,0.901294294431256,0.9179145489322407,0.9905529575275654,0.712967372908738,0.9913546304776496,0.9756994452898761,0.5667544411090633,0.9989750642894535,0.8261826074744885,0.8184647109132697,0.6161725429842249,0.8873473094682947,0.794666583424373,0.22086697750782616,0.8973404590501313,0.000488818705005249,0.1430698989487388,0.9999246694635512,0.9839662806575195,0.2780931032864822,0.8724184388982048,0.57945791974499,0.9756994452898761,0.9985273553665476,0.14407163150641003,0.9190512863762654,0.13656175848629168,0.7059108135047792,0.996243184009726,1.0,0.5797849342129785,0.6231226578176758,0.40026393895444207,0.19437487125793906,0.47268609120360405,0.9776103172460424,0.9844929363296075,0.9321473461013219,0.8655079939239131,0.9422691538153497,0.964250035782292,0.4451873406066743,0.5310032758100134,0.9543061398510083,0.3318590072702016,0.8975659799620679,0.9461099546686962,0.7428679565002867,0.49864309449254685,0.45340858859639754,0.05244200163083948,0.8818521988175522,0.09247949086078944,0.938127710113436,0.2231789904527357,0.004788381309367931,0.8529827851945418,0.9362841456883924,0.7342400617819164,0.8071897815936463,0.902303330979908,0.9995578271455771,0.9568988025395024,0.28889960739853915,0.9988348019524996,0.9350758968687937,0.839782030187525,0.9964981386733783,0.07628765957719082,0.013576422029892591,0.61071245269577,0.6684115972369317,0.31724815120511524,0.8090578370967606,0.03860406692190706,0.17699908987850474
sub-31151_ses-baseline_fs,OrG_6_1_thickness,0.9189492613206477,0.9769247605529017,0.6014474134829564,0.6667725735636506,0.9999594701953167,0.7131257721456921,0.4066426745510807,0.9743237336917078,0.6918678270055686,0.7427132399487166,0.9143588653461651,0.263759114201525,0.28089229269527716,0.8725415310407323,0.2862969895078467,0.9694523616553071,0.922319946236866,0.9341371758026266,0.5236806144133883,0.8411353222921781,0.8198777234507092,0.6631670515158608,0.17511812637848334,0.6595572636099347,0.7131257721456921,0.10800019563766859,0.55244085791267,0.9131942910474845,0.9189492613206479,0.9982002603199983,0.8571614708969578,0.9351684096302514,0.0208603572238524,0.3200105027663304,4.805941224468002e-06,0.010582543160375036,0.5723585593007414,0.6883001652002294,0.03033765214331911,0.2931399221588917,0.11286979109443071,0.7131257721456921,0.5470266059672915,0.6523260195450586,0.818324763151276,0.636009070898015,0.1712252201542009,0.6323762170476754,0.5797849342129785,1.0,0.1308550977437865,0.9533467397189461,0.01702824096641599,0.9839184607890242,0.7078368847627013,0.6865139640592718,0.799355322969231,0.28629698950784693,0.7831075472106561,0.7409926963763527,0.9743237336917077,0.9967224023796228,0.7614521619158349,0.9072710482371233,0.8455675211791337,0.7765054349680558,0.9633941285074152,0.08435400722964952,0.0707005176316912,0.0024091632776622376,0.3028810780114271,0.005493196412727477,0.37450780558635327,0.021211238912082986,9.148025797696535e-05,0.8911102568872851,0.7929018403427454,0.9672414085407156,0.2362907744527029,0.32583901982762764,0.597807334460456,0.7563768994597733,0.032316609868255804,0.5506351385127933,0.36979676831036545,0.9024138148323815,0.6305590600130894,0.47252980286155055,0.0003684200965366263,0.9986993631261571,0.1518040124822193,0.8949348309743383,0.9256279591458997,0.00155963751671761,0.014701634623368579
sub-31151_ses-baseline_fs,OrG_6_2_thickness,0.27554991335972445,0.19765641339606846,0.6014474134829568,0.5362263533872343,0.1284953010304359,0.4899964994513753,0.796136383735072,0.08048600727759425,0.5112027392507607,0.46042810315297383,0.28089229269527716,0.9288725380236361,0.9143588653461651,0.03982909892596199,0.0015428923070909997,0.20964806499932437,0.271584230358277,0.25734694205626324,0.006912227466266028,0.3604640629509597,0.3824243866888509,0.5398219823623128,0.98880463258428,0.5434221432369808,0.4899964994513753,0.9956815811221309,0.6505159825863563,0.2822376386460591,0.2755499133597241,0.14742811418317203,0.3436720014037846,0.2560764169935452,0.7461461599342509,0.8793065530667075,0.013587178881982739,0.6069081341692542,0.6305590600130894,0.5147603754406739,0.8214262323912371,0.9036378881037985,0.9974094013409031,0.4899964994513753,0.6559434924547257,0.013232648412475102,0.3840172958064681,0.01221765867716732,0.990516058434832,0.5705442602925851,0.6231226578176758,0.1308550977437865,1.0,0.06687992961105213,0.704301051258971,0.08954344506163066,0.4952743456057984,0.5165414887206342,0.40337423437750497,0.9096603000359461,0.4198321422237947,0.4621502417065153,0.08048600727759422,0.1107624836773301,0.4416402936825984,0.04876672672971139,0.355843140003853,0.4264942421191947,0.21867401283243323,0.978787516698863,0.9601716474169614,0.3466939261326952,0.8949348309743387,0.4812380809872123,0.8275750288112379,0.7495679419973842,0.07168283515753059,0.3071128381307549,0.40992282942771574,0.2130026781491703,0.950658634716721,0.8739061008577452,0.6050878571023444,0.4467351452205676,0.833649707131505,0.6523260195450589,0.8321381122388684,0.29452005353599003,0.5723585593007415,0.00523300741554154,0.146564228875304,0.14484770103891692,0.9971893305401524,0.04527849389566424,0.26765392377380265,0.2876578577904479,0.6739696842880704
sub-31151_ses-baseline_fs,OrG_6_3_thickness,0.7715174365105151,0.8711712454399757,0.4198321422237947,0.4812380809872123,0.9559649508141858,0.5272585994273653,0.25607641699354544,0.9967224023796228,0.505878160007743,0.5578634750273975,0.7648201317901349,0.15180401248221947,0.16362634851285177,0.9775540896393079,0.4450343723729789,0.8557305533723002,0.7765054349680561,0.794521044070705,0.7096018656837844,0.6685736462794005,0.6432679789507465,0.47774858410389687,0.0937521064401103,0.47426730300757197,0.5272585994273653,0.05363397006052885,0.3760846760613647,0.7631377255652955,0.7715174365105154,0.9341371758026266,0.688300165200229,0.7961363837350723,0.008415667521456296,0.1913192720894121,9.92326953240274e-07,0.003971284800283217,0.39364059400549695,0.5023366644787719,0.012772678625821586,0.17219258382745165,0.056417442147021185,0.5272585994273653,0.37136383716581345,0.8275750288112379,0.6414541878085029,0.8136395381415416,0.09132844935422056,0.4484383788387975,0.40026393895444207,0.9533467397189461,0.06687992961105213,1.0,0.006718419615305454,0.9917077797590399,0.5218936863884681,0.5005684621011912,0.6196480360864985,0.1673947291010082,0.6014474134829568,0.5560550557878639,0.9967224023796228,0.9743237336917078,0.5778049200842323,0.9913193086721781,0.6739696842880707,0.5941678793137007,0.8440951352187995,0.04043999521050444,0.03308664177551183,0.0007851761793287094,0.1790737321417606,0.001931805656126217,0.23150458501524818,0.00857311510440845,2.2994159678696007e-05,0.73235063165543,0.6123687929764199,0.8514061052779603,0.13324743012453225,0.1955280909659093,0.41651770967362833,0.5723585593007415,0.013707207161327388,0.37450780558635294,0.2279571130244033,0.7478584618398163,0.4467351452205676,0.6577508583185494,0.00010274430569215084,0.9372089696914837,0.07940736734025956,0.9869539246705763,0.7814623328466239,0.0004893345063556121,0.005709705927735542
sub-31151_ses-baseline_fs,OrG_6_4_thickness,0.05059326858975161,0.030822395865997384,0.18208174229519605,0.14829575576463497,0.016595577621380055,0.1269400762286145,0.3185625642178519,0.008652823197768812,0.13648816868632657,0.11429174239267578,0.052095190978030365,0.4742673030075706,0.45185214280883695,0.0033472395539113275,5.3404712568441595e-05,0.03360864943982529,0.049490631313365174,0.0456176320667543,0.00034704039328962023,0.07676148713955233,0.08435400722964932,0.15004233340853004,0.6141888452604473,0.15180401248221884,0.1269400762286145,0.7580717115579543,0.21076225593791373,0.052476405529776414,0.05059326858975152,0.020173730423032585,0.07119030269470639,0.04527849389566406,0.997409401340903,0.4050069812952128,0.11146151516491407,0.9869539246705764,0.1987265616017255,0.13813051135129767,0.9781750138636954,0.43656815687404077,0.7461461599342499,0.1269400762286145,0.21412891150939156,0.0007941339872970226,0.08491848995592485,0.0007168246892365384,0.6214673332317878,0.16550279482019928,0.19437487125793906,0.01702824096641599,0.704301051258971,0.006718419615305454,1.0,0.010021498250495812,0.12927829759271806,0.13895720131297043,0.09192966741678928,0.4450343723729785,0.09811526940793178,0.11500786794894303,0.008652823197768812,0.013468080335141942,0.10663923007957779,0.0043860749461727975,0.07520833774714478,0.10067912684848135,0.03576745848760633,0.8198777234507089,0.8585870479815785,0.8260446880477347,0.42482461051800247,0.9330986748662013,0.3482101339932361,0.9969603288278541,0.34518121128655654,0.05974357498631352,0.09436587971186898,0.03440481925836528,0.5129807833699455,0.3984938456447953,0.18410680980140767,0.10868570966346504,0.9729732366354998,0.2118804599561124,0.3527795939668956,0.05601264267977004,0.16644682343835743,0.00024426686077265447,0.5326354843393782,0.019671772590018687,0.6595572636099338,0.00397128480028321,0.04840810089867937,0.7597634781450675,0.9986993631261571
sub-31151_ses-baseline_fs,OrG_6_5_thickness,0.8396479661707622,0.9245322990306727,0.4935132220405148,0.5578634750273975,0.9854749650599968,0.6050878571023438,0.31424095640525573,0.9988477931599892,0.5832558251389404,0.6360090708980148,0.8336497071315045,0.19341571750453057,0.20743171746873945,0.9431535068189093,0.3745078055863528,0.9120229855594019,0.8440951352187995,0.8600072500432491,0.6323762170476754,0.7444310735506718,0.7201483324438752,0.5542475068568429,0.12311446245753625,0.5506351385127937,0.6050878571023438,0.07267618269785045,0.4467351452205676,0.8321381122388684,0.8396479661707624,0.9715896071790113,0.763137725565295,0.8614220425870481,0.0124370483220064,0.23992255106278276,1.9396495117764295e-06,0.006048940498836752,0.4656012859318484,0.5796214250600256,0.018542725981828757,0.2175317109597183,0.07624092584292717,0.6050878571023438,0.4416402936825984,0.7580717115579553,0.7183959411387184,0.7427132399487167,0.1201176754581243,0.5236806144133883,0.47268609120360405,0.9839184607890242,0.08954344506163066,0.9917077797590399,0.010021498250495812,1.0,0.5996273121540244,0.5778049200842322,0.697206923948637,0.21188045995611265,0.6793542020247001,0.6341928987218055,0.9988477931599892,0.9951078002318071,0.6559434924547256,0.9664881351601499,0.7495679419973844,0.6721722372970276,0.9024138148323815,0.05561024680674359,0.0459588964548936,0.001268474238771464,0.22561222284833757,0.003023330647254183,0.28629698950784693,0.012659921385455726,4.140261917326306e-05,0.8041538277744384,0.6900847982673075,0.9084689798665352,0.1712252201542009,0.24482102650638954,0.48999649945137486,0.6505159825863562,0.01983786723741167,0.44503437237297894,0.2822376386460591,0.818324763151276,0.5218936863884678,0.5796214250600256,0.0001771453431459147,0.9736526357532915,0.10529162130966903,0.958512651013659,0.8484970755347404,0.0008031867576699237,0.00857311510440845
sub-31151_ses-baseline_fs,OrG_6_6_thickness,0.915516678879852,0.8275750288112379,0.9844458888699645,0.997620535294444,0.7025302720478444,0.9999594701953167,0.8779651807348411,0.5705442602925851,0.9996352908882011,0.9982002603199983,0.9200797389612867,0.7253919940122862,0.7478584618398163,0.4001176493036017,0.054417380342820405,0.8440951352187996,0.9120229855594019,0.89870296688759,0.14399504533294022,0.9708854135258044,0.9799871931794353,0.9971893305401524,0.5850736575396707,0.9967224023796228,0.9999594701953167,0.4416402936825984,0.9672414085407155,0.921203310161946,0.9155166788798518,0.7427132399487171,0.9626005005770307,0.8974532451591163,0.14916716005077701,0.794521044070705,0.0002081745699740756,0.09192966741678944,0.9749865126360848,0.9994552366873787,0.19341571750453057,0.7631377255652951,0.4535626300032641,0.9999594701953167,0.964957273956299,0.21412891150939228,0.9805743348593052,0.20413726103410162,0.5778049200842319,0.9920874674977763,0.9776103172460424,0.7078368847627013,0.4952743456057984,0.5218936863884681,0.12927829759271806,0.5996273121540244,1.0,0.9993517202075981,0.9869539246705763,0.7546790791547561,0.9913193086721781,0.9983755923362353,0.570544260292585,0.6595572636099347,0.9956815811221309,0.4450343723729794,0.9687235413777419,0.9928204523500993,0.8557305533723003,0.3792481156931168,0.3391655188263281,0.03057920120147514,0.774846174785459,0.056824655260888104,0.849954173533488,0.15092128214007322,0.0023349170036574543,0.9402146467267816,0.98880463258428,0.8484970755347405,0.6865139640592715,0.8009588486647419,0.9833824581089755,0.996475557610747,0.20196098130853846,0.9664881351601496,0.8455675211791335,0.9309999789352861,0.9917077797590398,0.12086159603094876,0.00711104968451323,0.7375436282460611,0.5398219823623125,0.4281665792205661,0.9084689798665353,0.02192843739185946,0.11645046182391773
sub-31151_ses-baseline_fs,PCL_2_1_thickness,0.9011832828785571,0.8089155634865913,0.9901013008564069,0.9994552366873787,0.6811463139614127,0.9989872475293466,0.8936662015943941,0.5488303780931079,0.9999594701953167,0.9953991320067422,0.9060665354305102,0.7461461599342508,0.7681753227690638,0.3808346548613276,0.04985592979985992,0.8260446880477341,0.8974532451591162,0.8832952435382204,0.13405213968648141,0.9617988636494467,0.97228555436487,0.9992392144552508,0.6069081341692543,0.9989872475293466,0.9989872475293466,0.4621502417065153,0.9756409549844183,0.9072710482371232,0.9011832828785569,0.7218984963480318,0.9524584397974041,0.8819716174228006,0.15991975397414795,0.8136395381415419,0.00024129411096246488,0.09939072161709586,0.9822847864701139,0.9999954966072472,0.206329558176768,0.7831075472106559,0.4742673030075716,0.9989872475293466,0.9736526357532915,0.20087884341731027,0.9729732366355004,0.19131927208941188,0.599627312154024,0.9959551399688498,0.9844929363296075,0.6865139640592718,0.5165414887206342,0.5005684621011912,0.13895720131297043,0.5778049200842322,0.9993517202075981,1.0,0.9805743348593051,0.7748461747854594,0.9859765856440357,0.9956815811221309,0.5488303780931079,0.63782469935471,0.9917077797590399,0.42482461051800297,0.959346110913454,0.9878966406604026,0.8381556909601523,0.39849384564479534,0.35738004678207935,0.03360864943982538,0.7945210440707047,0.06190314494290655,0.8670264308427139,0.16176534901600587,0.002645083390848979,0.9277981064737422,0.9828378951536163,0.8306217769258929,0.707836884762701,0.8198777234507089,0.9892455764501628,0.9928204523500992,0.2152591609255566,0.9749865126360847,0.8628313912074402,0.9178119060771726,0.9956815811221308,0.1121639480564293,0.007958742161212477,0.7166413593810117,0.5614828051183066,0.40828129652031114,0.8936662015943941,0.02420790016681441,0.12539915700662968
sub-31151_ses-baseline_fs,PCL_2_2_thickness,0.9672414085407156,0.9024138148323815,0.9441181596564078,0.9736526357532914,0.7945210440707051,0.9883549833021488,0.7977478223522748,0.668573646279401,0.9822847864701137,0.9948075936442337,0.9701729920625817,0.6287414616703978,0.6523260195450584,0.4917539316224784,0.07940736734025956,0.9155166788798521,0.964957273956299,0.9559649508141859,0.19552809096590953,0.9967224023796228,0.9992392144552508,0.9722855543648699,0.4882409504871846,0.9708854135258042,0.9883549833021488,0.3543096514543479,0.9155166788798518,0.9708854135258043,0.9672414085407155,0.8306217769258933,0.9935181844081526,0.9551000181744621,0.10731803876149601,0.7025302720478444,0.0001054196294570421,0.06367654778690705,0.9277981064737421,0.9811529912203043,0.14230091693790986,0.6685736462794005,0.3651153945647123,0.9883549833021488,0.9120229855594019,0.28089229269527727,0.9993517202075982,0.26896008759806556,0.4812380809872119,0.959346110913454,0.9321473461013219,0.799355322969231,0.40337423437750497,0.6196480360864985,0.09192966741678928,0.697206923948637,0.9869539246705763,0.9805743348593051,1.0,0.6595572636099343,0.9995497610986571,0.9944985203283622,0.6685736462794009,0.7546790791547564,0.997620535294444,0.5398219823623129,0.9959551399688498,0.9991177224688491,0.9245322990306727,0.2986834154027807,0.26375911420152465,0.01967177259001874,0.6811463139614122,0.03804300024131069,0.7648201317901349,0.10868570966346527,0.001310826833516807,0.9822847864701139,0.9999279481495695,0.9189492613206477,0.5887104294878909,0.7096018656837838,0.9421813535328741,0.9969603288278542,0.1491671600507769,0.9143588653461648,0.7597634781450663,0.9769247605529017,0.9585126510136588,0.1664468234383579,0.004215654220988721,0.8260446880477341,0.44503437237297894,0.5218936863884681,0.9626005005770307,0.013828171214690857,0.08212595359426472
sub-31151_ses-baseline_fs,PCun_4_1_thickness,0.5041065724240039,0.39364059400549656,0.8484970755347407,0.7929018403427457,0.2822376386460591,0.7495679419973844,0.9715896071790113,0.19446991188673152,0.7698480329369486,0.7201483324438758,0.5112027392507605,0.9986993631261571,0.9999279481495695,0.10937458976014092,0.006718419615305466,0.4115672553477441,0.4988019910832507,0.47949231753999244,0.024808840509708996,0.6105486350140488,0.6360090708980153,0.7961363837350723,0.9601716474169611,0.7993553229692306,0.7495679419973844,0.8697952776961443,0.8859245197046905,0.512980783369946,0.5041065724240036,0.31424095640525573,0.5905293056804912,0.4777485841038968,0.48648730954977915,0.9974094013409031,0.0034504112653816928,0.35738004678207896,0.8711712454399754,0.7731834962150077,0.5687305898971883,0.9998874212651337,0.8793065530667075,0.7495679419973844,0.8898230053805337,0.0432877721539938,0.6378246993547101,0.04043999521050444,0.956822048782356,0.8229702536450912,0.8655079939239131,0.28629698950784693,0.9096603000359461,0.1673947291010082,0.4450343723729785,0.21188045995611265,0.7546790791547561,0.7748461747854594,0.6595572636099343,1.0,0.6775607024914102,0.7218984963480318,0.19446991188673152,0.2510341226340883,0.7007576333776123,0.12927829759271858,0.6050878571023439,0.6847262310477686,0.42482461051800297,0.8136395381415416,0.7715174365105152,0.167394729101008,0.9993517202075982,0.25862144147501914,0.9839184607890242,0.489996499451375,0.024010406563975586,0.5452238513261516,0.6667725735636509,0.41651770967362833,0.9931737297582163,0.996475557610747,0.8514061052779603,0.7060699343859048,0.5832558251389408,0.8872301045189221,0.9854749650599969,0.5290496012107405,0.8245097509374278,0.019506892892089723,0.05682465526088803,0.3099528491779485,0.9372089696914835,0.12160902858704517,0.49351322204051523,0.13164891666243905,0.41651770967362844
sub-31151_ses-baseline_fs,PCun_4_2_thickness,0.9593461109134542,0.8898230053805337,0.9533467397189459,0.9799871931794352,0.7781612395215056,0.9924583616847469,0.8136395381415419,0.6505159825863565,0.9874296169449795,0.997409401340903,0.9626005005770307,0.6468934823264173,0.6703735460651581,0.47426730300757186,0.07418706196516654,0.9036378881037986,0.9568220487823562,0.9469668657972924,0.18512527272601664,0.9938538070340599,0.997620535294444,0.978787516698863,0.5058781600077427,0.9775540896393079,0.9924583616847469,0.36979676831036545,0.9267165709304788,0.9633941285074153,0.959346110913454,0.8152056340429457,0.98967780307301,0.946024863935279,0.11429174239267599,0.7201483324438754,0.00011981340409850314,0.06829244934422789,0.9382182432122509,0.986469576580087,0.1509212821400733,0.6865139640592716,0.38083465486132734,0.9924583616847469,0.9234296186528886,0.26765392377380265,0.9978227267053323,0.2560764169935452,0.49880199108325035,0.9672414085407155,0.9422691538153497,0.7831075472106561,0.4198321422237947,0.6014474134829568,0.09811526940793178,0.6793542020247001,0.9913193086721781,0.9859765856440357,0.9995497610986571,0.6775607024914102,1.0,0.9971893305401524,0.6505159825863562,0.7375436282460615,0.9992392144552508,0.5218936863884681,0.9928204523500992,0.9999279481495695,0.9131942910474846,0.31280785328795674,0.2768796467755889,0.02138859787631874,0.6989831718312953,0.04105878212436242,0.7814623328466239,0.11572743824263897,0.0014616272804424968,0.9762870433481428,0.9998378906369911,0.9072710482371233,0.6069081341692543,0.7271352537320164,0.9515623969908075,0.9988477931599892,0.15808951985883843,0.9256279591458995,0.7765054349680558,0.9701729920625817,0.9664881351601496,0.15718014923010906,0.0046534526593113934,0.8104944662698335,0.462150241706515,0.5041065724240039,0.954227273525238,0.015090628467351031,0.0877862121289071
sub-31151_ses-baseline_fs,PCun_4_3_thickness,0.9361923497401885,0.8557305533723,0.9729732366355002,0.9920874674977763,0.7358151781139332,0.9988477931599892,0.8514061052779603,0.6050878571023439,0.996475557610747,0.9999954966072472,0.9402146467267816,0.6918678270055689,0.7148846240882445,0.43151929147385243,0.062342653049726963,0.8711712454399754,0.9330986748662008,0.921203310161946,0.16084062863147044,0.9828378951536163,0.9896778030730099,0.9913193086721781,0.5506351385127933,0.990516058434832,0.9988477931599892,0.40992282942771574,0.9515623969908077,0.941201725032261,0.9361923497401883,0.7748461747854594,0.9762870433481428,0.9200797389612865,0.13324743012453244,0.7631377255652955,0.00016434401195696675,0.0810297145747255,0.9609892388287147,0.9959551399688499,0.17413903249527096,0.7306146096495734,0.4214935413691349,0.9988477931599892,0.9488280463670415,0.2362907744527029,0.990101300856407,0.22561222284833765,0.5434221432369808,0.9833824581089756,0.964250035782292,0.7409926963763527,0.4621502417065153,0.5560550557878639,0.11500786794894303,0.6341928987218055,0.9983755923362353,0.9956815811221309,0.9944985203283622,0.7218984963480318,0.9971893305401524,1.0,0.6050878571023438,0.6936492151096391,0.9993517202075981,0.47774858410389687,0.9811529912203042,0.9980159701185997,0.8819716174228006,0.34972982277231546,0.31137848133228596,0.02626140989773325,0.7427132399487167,0.049490631313365306,0.8214262323912372,0.13486049439282313,0.0019114089075163985,0.957671289608291,0.9956815811221309,0.8752649213521444,0.6523260195450585,0.7698480329369483,0.9715896071790114,0.9996352908882011,0.1820817422951967,0.9506586347167207,0.8167673878722231,0.9497471765790547,0.9828378951536162,0.135672501619105,0.005933893786757575,0.7698480329369481,0.5058781600077431,0.46042810315297344,0.9299398379879086,0.018700466734860734,0.10329509382528308
sub-31151_ses-baseline_fs,PCun_4_4_thickness,0.8152056340429452,0.9060665354305102,0.4656012859318481,0.5290496012107402,0.9762870433481428,0.5759889201017938,0.291763630256003,1.0,0.5542475068568429,0.6069081341692542,0.8089155634865913,0.17708807485639405,0.1902770154541235,0.9576712896082912,0.4001176493036013,0.8923913329489787,0.8198777234507092,0.8366585322601205,0.6613626731064065,0.7166413593810113,0.6918678270055685,0.5254689279388561,0.11146151516491372,0.5218936863884681,0.5759889201017938,0.06503371085065648,0.4198321422237947,0.8073324650025406,0.8152056340429455,0.959346110913454,0.7358151781139332,0.8381556909601523,0.01077567671172541,0.2209706726330275,1.5144802702473976e-06,0.005182327557679336,0.4382563106744417,0.5506351385127937,0.01617259661151585,0.19980070421251303,0.06829244934422798,0.5759889201017938,0.41486471377194006,0.784749157133019,0.6900847982673075,0.7698480329369483,0.10868570966346519,0.4952743456057984,0.4451873406066743,0.9743237336917077,0.08048600727759422,0.9967224023796228,0.008652823197768812,0.9988477931599892,0.570544260292585,0.5488303780931079,0.6685736462794009,0.19446991188673152,0.6505159825863562,0.6050878571023438,1.0,0.9892455764501628,0.6269234559858529,0.9775540896393079,0.7218984963480318,0.643267978950746,0.8819716174228005,0.04949063131336524,0.040748397607497766,0.001063198053926918,0.20743171746873923,0.0025641899577258423,0.26505343292823746,0.01097193969377876,3.333007893330222e-05,0.7781612395215056,0.6613626731064061,0.8885296105206478,0.1562746019883325,0.22561222284833757,0.4621502417065149,0.6214673332317883,0.01732215174377437,0.41817352538310293,0.2611823499275533,0.7929018403427454,0.49351322204051484,0.6087284044261864,0.00014492652008927961,0.9617988636494464,0.0949828157190939,0.9708854135258043,0.8245097509374274,0.0006692417826180056,0.0073841391607644795
sub-31151_ses-baseline_fs,PhG_6_1_thickness,0.8859245197046905,0.9568220487823563,0.5524408579126698,0.6178285001053313,0.9974094013409031,0.6649703634776458,0.3635615943303598,0.9892455764501628,0.6432679789507465,0.6954289262248933,0.8806420429658238,0.23031807683755423,0.2460556526357221,0.9072710482371233,0.32437639539456203,0.9469668657972923,0.8898230053805339,0.9036378881037985,0.5723585593007411,0.7993553229692305,0.7765054349680561,0.6141888452604477,0.15004233340853024,0.6105486350140488,0.6649703634776458,0.0907303460506614,0.5041065724240039,0.8793065530667077,0.8859245197046908,0.990101300856407,0.816767387872223,0.904855471867135,0.016595577621380173,0.28223763864605933,3.207718423392628e-06,0.008260813886500573,0.5236806144133885,0.6396397497871608,0.02440679839212913,0.2573469420562631,0.09498281571909402,0.6649703634776458,0.4988019910832511,0.7007576333776121,0.7748461747854593,0.684726231047768,0.14656422887530415,0.5832558251389407,0.5310032758100134,0.9967224023796228,0.1107624836773301,0.9743237336917078,0.013468080335141942,0.9951078002318071,0.6595572636099347,0.63782469935471,0.7546790791547564,0.2510341226340883,0.7375436282460615,0.6936492151096391,0.9892455764501628,1.0,0.7148846240882444,0.9372089696914835,0.8041538277744388,0.7306146096495733,0.9392201442008045,0.07021346985894462,0.058477845474010096,0.001812365526760738,0.26635170414693926,0.00421565422098874,0.33320664416324647,0.016882932887715845,6.428878188482588e-05,0.854294330077125,0.7478584618398162,0.9441181596564082,0.20523140656562464,0.2876578577904476,0.5488303780931079,0.7096018656837846,0.02604950941449996,0.5023366644787715,0.3287751997409231,0.8670264308427138,0.58143840384367,0.5201081712703883,0.00026606014601007256,0.9913193086721782,0.12927829759271847,0.9267165709304788,0.893666201594394,0.0011616440805647887,0.011579934661061905
sub-31151_ses-baseline_fs,PhG_6_2_thickness,0.9479012680541995,0.8725415310407321,0.9641797265355492,0.9869539246705763,0.7563768994597729,0.996475557610747,0.833649707131505,0.626923455985853,0.9928204523500992,0.9994552366873787,0.9515623969908077,0.6703735460651585,0.6936492151096392,0.4518521428088377,0.06781893624954902,0.8872301045189219,0.9450752869882587,0.9341371758026266,0.17219258382745165,0.98880463258428,0.9941805886056023,0.9859765856440357,0.5290496012107402,0.9849647282520068,0.996475557610747,0.3904203925380789,0.9402146467267816,0.9524584397974039,0.9479012680541994,0.794521044070705,0.9833824581089756,0.9330986748662008,0.12387248006396356,0.7427132399487171,0.00014131222055588732,0.07469629084709783,0.950658634716721,0.9920874674977764,0.1626939205326155,0.7096018656837844,0.4017444512723262,0.996475557610747,0.9372089696914837,0.25103412263408814,0.9944985203283622,0.23992255106278254,0.5218936863884678,0.9762870433481428,0.9543061398510083,0.7614521619158349,0.4416402936825984,0.5778049200842323,0.10663923007957779,0.6559434924547256,0.9956815811221309,0.9917077797590399,0.997620535294444,0.7007576333776123,0.9992392144552508,0.9993517202075981,0.6269234559858529,0.7148846240882444,1.0,0.4988019910832507,0.9874296169449795,0.9996352908882011,0.8974532451591163,0.3317258865946378,0.29452005353599015,0.023814309667425523,0.7218984963480315,0.04527849389566424,0.8025583625508917,0.1253991570066298,0.0016816304685539003,0.9672414085407155,0.9983755923362353,0.8911102568872848,0.6305590600130894,0.7495679419973841,0.9626005005770305,0.9999594701953167,0.1702617575284514,0.9392201442008044,0.7977478223522749,0.9601716474169614,0.9756409549844183,0.1457040933464068,0.005284135296691727,0.7896519887744328,0.4847356013185295,0.48123808098721227,0.9421813535328744,0.016882932887715876,0.09560292398928422
sub-31151_ses-baseline_fs,PhG_6_3_thickness,0.6954289262248934,0.8057452075182184,0.34972982277231546,0.4066426745510804,0.91084497860147,0.4501440518699254,0.20413726103410196,0.9775540896393079,0.4298416022469645,0.47949231753999205,0.688300165200229,0.116450461823918,0.12616783235838663,0.9967224023796228,0.5218936863884677,0.788021415041146,0.7007576333776124,0.7201483324438754,0.7847491571330187,0.5887104294878909,0.5632936560147133,0.403374234377505,0.06972914926281802,0.4001176493036018,0.4501440518699254,0.03863067649579391,0.3099528491779485,0.6865139640592719,0.6954289262248937,0.8819716174228006,0.608728404426186,0.7218984963480318,0.0055466166178068455,0.1491671600507769,4.912815625048053e-07,0.0025377333124337945,0.32583901982762803,0.4264942421191948,0.00857311510440845,0.13324743012453225,0.040748397607497766,0.4501440518699254,0.3056984758169804,0.8898230053805338,0.5614828051183066,0.8779651807348409,0.06781893624954909,0.3760846760613648,0.3318590072702016,0.9072710482371233,0.04876672672971139,0.9913193086721781,0.0043860749461727975,0.9664881351601499,0.4450343723729794,0.42482461051800297,0.5398219823623129,0.12927829759271858,0.5218936863884681,0.47774858410389687,0.9775540896393079,0.9372089696914835,0.4988019910832507,1.0,0.5941678793137013,0.5147603754406739,0.7748461747854594,0.028692160956131453,0.0232343204594921,0.00047241234858171575,0.13895720131297065,0.0012006892815151268,0.18309230084565453,0.005654867782564299,1.2381711546084776e-05,0.654135201170232,0.5326354843393778,0.7831075472106562,0.10132821013847987,0.15269053060581028,0.3466939261326952,0.49351322204051523,0.009229592601208236,0.3085309653243148,0.18007246172257246,0.6703735460651582,0.374507805586353,0.7358151781139335,5.783587301887555e-05,0.8859245197046907,0.05847784547400999,0.9995497610986571,0.7060699343859049,0.0002896699406900484,0.0037025146250482814
sub-31151_ses-baseline_fs,PhG_6_4_thickness,0.9859765856440358,0.9361923497401885,0.9120229855594016,0.9497471765790546,0.8411353222921786,0.970885413525804,0.7478584618398163,0.7218984963480318,0.9617988636494462,0.981723146828358,0.9878966406604026,0.5741734561867167,0.597807334460456,0.5452238513261519,0.09685269530930674,0.9469668657972924,0.9844458888699646,0.9781750138636959,0.22913558596705963,0.9999594701953167,0.9986993631261571,0.9479012680541994,0.43656815687404094,0.946024863935279,0.970885413525804,0.3099528491779485,0.8779651807348409,0.9883549833021489,0.9859765856440357,0.8739061008577452,0.999711823745597,0.9775540896393079,0.08836888693147919,0.6487051252273756,7.142047852957688e-05,0.05133966251177686,0.8923913329489787,0.9601716474169614,0.11864033718929691,0.6141888452604473,0.32001050276633014,0.970885413525804,0.8739061008577449,0.32291742791449973,0.9985419614351959,0.3099528491779485,0.42984160224696394,0.9309999789352859,0.8975659799620679,0.8455675211791337,0.355843140003853,0.6739696842880707,0.07520833774714478,0.7495679419973844,0.9687235413777419,0.959346110913454,0.9959551399688498,0.6050878571023439,0.9928204523500992,0.9811529912203042,0.7218984963480318,0.8041538277744388,0.9874296169449795,0.5941678793137013,1.0,0.991319308672178,0.954227273525238,0.2586214414750187,0.22678265851874846,0.015222292785563016,0.6269234559858525,0.030097740026638183,0.7131257721456922,0.08954344506163053,0.0009404255244110949,0.9951078002318071,0.9948075936442337,0.9497471765790547,0.5344303096999697,0.6559434924547254,0.9096603000359458,0.9859765856440357,0.12463404223658367,0.876617959088231,0.707836884762701,0.9920874674977764,0.9299398379879084,0.19659025731079857,0.003117360749101714,0.8697952776961443,0.39525530119845054,0.5759889201017943,0.9828378951536163,0.010582543160375055,0.06687992961105203
sub-31151_ses-baseline_fs,PhG_6_5_thickness,0.9559649508141856,0.8846128885239898,0.9568220487823562,0.9822847864701139,0.7715174365105147,0.9938538070340598,0.8198777234507096,0.6432679789507462,0.9892455764501629,0.9982002603199983,0.959346110913454,0.6541352011702324,0.6775607024914106,0.46733014610709683,0.07217812512519949,0.8987029668875898,0.9533467397189459,0.9431535068189091,0.18107513049968116,0.9924583616847469,0.9967224023796227,0.9811529912203043,0.512980783369946,0.9799871931794354,0.9938538070340598,0.37608467606136503,0.9309999789352861,0.9601716474169611,0.9559649508141854,0.8089155634865914,0.9878966406604025,0.9421813535328741,0.11717694720279109,0.727135253732017,0.00012607513771005407,0.07021346985894462,0.9421813535328746,0.988354983302149,0.1544749545471818,0.6936492151096392,0.38721258368445677,0.9938538070340598,0.9277981064737424,0.2624687519241691,0.9969603288278542,0.2510341226340879,0.505878160007743,0.9701729920625817,0.9461099546686962,0.7765054349680558,0.4264942421191947,0.5941678793137007,0.10067912684848135,0.6721722372970276,0.9928204523500993,0.9878966406604026,0.9991177224688491,0.6847262310477686,0.9999279481495695,0.9980159701185997,0.643267978950746,0.7306146096495733,0.9996352908882011,0.5147603754406739,0.991319308672178,1.0,0.9084689798665351,0.3185625642178527,0.28223763864605955,0.02211099663926316,0.7060699343859049,0.042320331373873914,0.7880214150411464,0.11864033718929697,0.0015263131368728501,0.9736526357532914,0.9995497610986571,0.9024138148323813,0.6141888452604477,0.7340841668603878,0.9551000181744621,0.9993517202075982,0.16176534901600628,0.9299398379879086,0.7831075472106562,0.9672414085407154,0.9694523616553071,0.1535808426151075,0.004839827718209416,0.8041538277744382,0.469061201084721,0.49703727707933687,0.9506586347167207,0.015623374148880818,0.09013534784645691
sub-31151_ses-baseline_fs,PhG_6_6_thickness,0.9905160584348319,0.9983755923362352,0.7631377255652951,0.8214262323912369,0.9609892388287145,0.8600072500432492,0.5651052573110874,0.8819716174228006,0.8426177237944392,0.8832952435382202,0.9888046325842799,0.39687305731890415,0.4181735253831033,0.7288761379725487,0.1790737321417605,0.9997118237455969,0.9917077797590399,0.9953991320067421,0.36979676831036545,0.9515623969908075,0.9382182432122509,0.818324763151276,0.2808922926952768,0.8152056340429457,0.8600072500432492,0.18512527272601678,0.7166413593810118,0.9883549833021489,0.990516058434832,0.9775540896393079,0.9609892388287145,0.9956815811221309,0.04296324619744211,0.4656012859318485,1.7887685187691785e-05,0.023234320459492037,0.7358151781139336,0.8396479661707625,0.060170459950962214,0.43319962702743525,0.19236550515710962,0.8600072500432492,0.7113648404051696,0.488240950487185,0.9372089696914835,0.4725298028615502,0.2755499133597241,0.7912788095638632,0.7428679565002867,0.9633941285074152,0.21867401283243323,0.8440951352187995,0.03576745848760633,0.9024138148323815,0.8557305533723003,0.8381556909601523,0.9245322990306727,0.42482461051800297,0.9131942910474846,0.8819716174228006,0.8819716174228005,0.9392201442008045,0.8974532451591163,0.7748461747854594,0.954227273525238,0.9084689798665351,1.0,0.14916716005077674,0.12771589650597256,0.005991167977297002,0.44503437237297894,0.012772678625821562,0.5290496012107406,0.04361435661278754,0.00028618071504935575,0.9787875166988631,0.9200797389612865,0.9998874212651337,0.3620111459340368,0.4725298028615502,0.7597634781450663,0.8936662015943941,0.06367654778690728,0.7148846240882442,0.5236806144133883,0.9839184607890243,0.7896519887744329,0.3258390198276279,0.001051451408074458,0.9756409549844183,0.24853689919470337,0.758071711557955,0.9928204523500992,0.004011096747444519,0.03131375679512952
sub-31151_ses-baseline_fs,PoG_4_1_thickness,0.19341571750453035,0.13324743012453208,0.47774858410389687,0.41651770967362833,0.08267850518635819,0.37450780558635294,0.6775607024914098,0.04949063131336524,0.39364059400549656,0.3482101339932371,0.19765641339606846,0.8396479661707619,0.819877723450709,0.02304373176779362,0.0007168246892365422,0.14230091693790972,0.19027701545412337,0.1790737321417606,0.0035207945545715482,0.26246875192416935,0.2808922926952768,0.4198321422237947,0.9382182432122509,0.423157703842639,0.37450780558635294,0.9935181844081525,0.5254689279388561,0.19872656160172586,0.19341571750453013,0.09622621402618844,0.24853689919470337,0.1780789378501747,0.8557305533723006,0.774846174785459,0.02440679839212911,0.7306146096495733,0.5058781600077428,0.3968730573189033,0.9155166788798522,0.805745207518218,0.9909220646741633,0.37450780558635294,0.5308419054906918,0.007044211614588941,0.2822376386460591,0.006467620088774848,0.9421813535328744,0.44843837883879706,0.49864309449254685,0.08435400722964952,0.978787516698863,0.04043999521050444,0.8198777234507089,0.05561024680674359,0.3792481156931168,0.39849384564479534,0.2986834154027807,0.8136395381415416,0.31280785328795674,0.34972982277231546,0.04949063131336524,0.07021346985894462,0.3317258865946378,0.028692160956131453,0.2586214414750187,0.3185625642178527,0.14916716005077674,1.0,0.9969603288278542,0.45870825039433444,0.794521044070705,0.6050878571023444,0.7131257721456917,0.8585870479815795,0.11286979109443092,0.2186740128324329,0.30428788646339117,0.14484770103891673,0.8711712454399754,0.7681753227690639,0.4812380809872123,0.3361789343984159,0.9245322990306729,0.5272585994273653,0.7183959411387185,0.20853788594272984,0.4501440518699253,0.0026178628429372897,0.21525916092555636,0.09436587971186898,0.9609892388287145,0.02647479563712296,0.18717407429840896,0.39042039253807925,0.7929018403427458
sub-31151_ses-baseline_fs,PoG_4_2_thickness,0.1673947291010083,0.11357905298409592,0.43319962702743564,0.3745078055863533,0.06924754572594424,0.33469099702512384,0.6305590600130894,0.0407483976074978,0.3527795939668964,0.30995284917794885,0.17122522015420122,0.7993553229692306,0.7781612395215058,0.018542725981828774,0.0005310470539943367,0.12160902858704534,0.16456263821434733,0.1544749545471817,0.0027003035834868563,0.23031807683755434,0.2472942776112558,0.3776647844033942,0.9096603000359464,0.38083465486132734,0.33469099702512384,0.9817231468283582,0.47949231753999255,0.17219258382745178,0.1673947291010081,0.08102971457472573,0.21753171095971863,0.1535808426151076,0.8911102568872852,0.7306146096495735,0.030097740026638183,0.7748461747854588,0.46042810315297356,0.355843140003853,0.9431535068189092,0.7631377255652956,0.9775540896393079,0.33469099702512367,0.4847356013185295,0.005493196412727492,0.24853689919470376,0.005032941925679596,0.9143588653461654,0.4050069812952136,0.45340858859639754,0.0707005176316912,0.9601716474169614,0.03308664177551183,0.8585870479815785,0.0459588964548936,0.3391655188263281,0.35738004678207935,0.26375911420152465,0.7715174365105152,0.2768796467755889,0.31137848133228596,0.040748397607497766,0.058477845474010096,0.29452005353599015,0.0232343204594921,0.22678265851874846,0.28223763864605955,0.12771589650597256,0.9969603288278542,1.0,0.5041065724240036,0.7512745631279404,0.6523260195450584,0.6667725735636507,0.8936662015943939,0.13244635827747375,0.1902770154541236,0.2689600875980658,0.12387248006396345,0.833649707131505,0.7236463958730344,0.4365681568740417,0.29868341540278115,0.950658634716721,0.4812380809872128,0.6721722372970281,0.1810751304996815,0.4066426745510807,0.001994203374734309,0.2460556526357216,0.07940736734025963,0.9372089696914837,0.021388597876318777,0.16176534901600606,0.4331996270274354,0.8336497071315045
sub-31151_ses-baseline_fs,PoG_4_3_thickness,0.00922959260120821,0.00498402006890759,0.04805167957351762,0.03660685535108248,0.00233491700365745,0.029859456210969682,0.10329509382528286,0.001063198053926918,0.032828242763460525,0.02604950941449994,0.009574378479040756,0.18410680980140778,0.17122522015420097,0.0003429064348461134,2.8420011750355713e-06,0.005546616617806836,0.008978326915596573,0.00810851752428604,2.4304223112093606e-05,0.01562337414888079,0.01762050064962485,0.037175694684643296,0.27554991335972445,0.03775201317194468,0.029859456210969682,0.3952553011984506,0.05847784547400999,0.009662351387227128,0.009229592601208194,0.00296209155214631,0.014196738853402705,0.008033316969327653,0.7880214150411456,0.1457040933464067,0.3361789343984163,0.9011832828785571,0.05402449847654722,0.03334677435920116,0.709601865683784,0.16269392053261528,0.38401729580646776,0.029859456210969682,0.05974357498631365,6.344635106653592e-05,0.017771356495003075,5.6321434034136856e-05,0.28089229269527727,0.04232033137387384,0.05244200163083948,0.0024091632776622376,0.3466939261326952,0.0007851761793287094,0.8260446880477347,0.001268474238771464,0.03057920120147514,0.03360864943982538,0.01967177259001874,0.167394729101008,0.02138859787631874,0.02626140989773325,0.001063198053926918,0.001812365526760738,0.023814309667425523,0.00047241234858171575,0.015222292785563016,0.02211099663926316,0.005991167977297002,0.45870825039433444,0.5041065724240036,1.0,0.1562746019883328,0.9701729920625816,0.11717694720279073,0.7847491571330187,0.7025302720478449,0.011374025292651668,0.02034351355257534,0.005709705927735532,0.20743171746873953,0.14230091693790997,0.04876672672971139,0.024406798392129066,0.6954289262248929,0.058897277846087434,0.11937725861120298,0.010487136686363223,0.04264076913460374,1.6210571758601394e-05,0.8806420429658236,0.002872356804730852,0.3099528491779485,0.0004198733576219786,0.008733193714462297,0.992458361684747,0.85140610527796
sub-31151_ses-baseline_fs,PoG_4_4_thickness,0.5254689279388561,0.41321455620452974,0.8656336195111082,0.8120691366934084,0.2986834154027807,0.7698480329369483,0.9793915818348045,0.2074317174687393,0.7896519887744328,0.7409926963763528,0.5326354843393777,0.9962198011759019,0.9988477931599892,0.11790690284856775,0.007524185308708008,0.4315192914738521,0.520108171270388,0.5005684621011909,0.02734335572644101,0.6323762170476754,0.6577508583185492,0.8152056340429453,0.9497471765790547,0.8183247631512757,0.7698480329369483,0.8528528357661627,0.9011832828785568,0.5344303096999697,0.5254689279388557,0.3317258865946378,0.6123687929764199,0.49880199108325035,0.4656012859318491,0.9993517202075981,0.003054382083504469,0.33916551882632795,0.8872301045189216,0.792901840342745,0.5470266059672918,0.9997793576033525,0.8628313912074406,0.7698480329369481,0.9048554718671346,0.047345411115520895,0.6595572636099344,0.044273739554513435,0.946024863935279,0.8411353222921782,0.8818521988175522,0.3028810780114271,0.8949348309743387,0.1790737321417606,0.42482461051800247,0.22561222284833757,0.774846174785459,0.7945210440707047,0.6811463139614122,0.9993517202075982,0.6989831718312953,0.7427132399487167,0.20743171746873923,0.26635170414693926,0.7218984963480315,0.13895720131297065,0.6269234559858525,0.7060699343859049,0.44503437237297894,0.794521044070705,0.7512745631279404,0.1562746019883328,1.0,0.2435904013425466,0.9896778030730098,0.46906120108472116,0.021747189569665877,0.5669175787349685,0.688300165200229,0.43656815687404094,0.9883549833021489,0.9988477931599892,0.8684136615503382,0.7271352537320164,0.5614828051183075,0.9024138148323815,0.9909220646741633,0.5506351385127933,0.8426177237944392,0.02156724558461769,0.05209519097803048,0.3273052912965939,0.9245322990306727,0.13085509774378629,0.5147603754406739,0.12235998133969841,0.39687305731890415
sub-31151_ses-baseline_fs,PrG_6_1_thickness,0.019019471380335808,0.010775676711725371,0.08548598014588984,0.06687992961105213,0.005335714652944416,0.05561024680674371,0.16930219130603685,0.002564189957725847,0.06059984931748863,0.04912756691439398,0.019671772590018774,0.2808922926952768,0.26375911420152465,0.0008890891763286595,9.563553466174616e-06,0.01189500559807946,0.018542725981828722,0.016882932887715845,7.331714235211183e-05,0.03082239586599756,0.03440481925836544,0.06781893624954917,0.39687305731890404,0.06876864912762706,0.05561024680674371,0.536226353387234,0.10198055957719061,0.019837867237411634,0.019019471380335773,0.006654912301216197,0.028236341313709452,0.01673871401186698,0.9060665354305099,0.22913558596705938,0.22678265851874846,0.9781750138636959,0.0949828157190939,0.0614661816982258,0.8440951352187993,0.2522887194138024,0.5236806144133883,0.05561024680674366,0.1039572970230324,0.00018161723748783573,0.0346737540347999,0.00016229714678683857,0.4033742343775054,0.07624092584292717,0.09247949086078944,0.005493196412727477,0.4812380809872123,0.001931805656126217,0.9330986748662013,0.003023330647254183,0.056824655260888104,0.06190314494290655,0.03804300024131069,0.25862144147501914,0.04105878212436242,0.049490631313365306,0.0025641899577258423,0.00421565422098874,0.04527849389566424,0.0012006892815151268,0.030097740026638183,0.042320331373873914,0.012772678625821562,0.6050878571023444,0.6523260195450584,0.9701729920625816,0.2435904013425466,1.0,0.18923873231227734,0.9036378881037985,0.5542475068568434,0.02304373176779362,0.03922601775752744,0.01221765867716732,0.31137848133228596,0.22444580630105057,0.08663002226684886,0.04630229679588873,0.832138112238868,0.10263618440308496,0.19236550515710962,0.021388597876318777,0.07676148713955246,4.9960171229592336e-05,0.7546790791547557,0.006467620088774877,0.43825631067444176,0.0010750662484591755,0.018076465406613007,0.9341371758026268,0.9497471765790547
sub-31151_ses-baseline_fs,PrG_6_2_thickness,0.6123687929764203,0.4952743456057984,0.9256279591459,0.8819716174228008,0.36979676831036556,0.8455675211791338,0.9982002603199983,0.26505343292823746,0.8628313912074406,0.8198777234507096,0.6196480360864985,0.9736526357532915,0.9817231468283582,0.15718014923010917,0.011684125177934549,0.5147603754406742,0.6069081341692546,0.5868918695305451,0.03982909892596199,0.7183959411387192,0.7427132399487171,0.8846128885239903,0.897453245159116,0.8872301045189219,0.8455675211791338,0.7781612395215056,0.9524584397974041,0.6214673332317883,0.6123687929764199,0.4066426745510807,0.6989831718312962,0.585073657539671,0.38561336669484253,0.9941805886056022,0.001851401676816556,0.2715842303582768,0.9421813535328744,0.8656336195111082,0.46215024170651525,0.9864695765800869,0.7896519887744328,0.8455675211791338,0.9551000181744621,0.06687992961105219,0.7444310735506727,0.0627847161418368,0.8923913329489783,0.9060665354305102,0.938127710113436,0.37450780558635327,0.8275750288112379,0.23150458501524818,0.3482101339932361,0.28629698950784693,0.849954173533488,0.8670264308427139,0.7648201317901349,0.9839184607890242,0.7814623328466239,0.8214262323912372,0.26505343292823746,0.33320664416324647,0.8025583625508917,0.18309230084565453,0.7131257721456922,0.7880214150411464,0.5290496012107406,0.7131257721456917,0.6667725735636507,0.11717694720279073,0.9896778030730098,0.18923873231227734,1.0,0.3888149309555519,0.01444724150255251,0.654135201170232,0.7715174365105154,0.5201081712703883,0.956822048782356,0.9953991320067421,0.9277981064737424,0.8073324650025406,0.4760069046502192,0.9533467397189463,0.9999594701953167,0.6378246993547101,0.9072710482371236,0.03181180473383429,0.03632521730131686,0.4017444512723261,0.864235261589662,0.17316385311292204,0.6014474134829568,0.09013534784645691,0.32291742791449934
sub-31151_ses-baseline_fs,PrG_6_3_thickness,0.06103175319542743,0.03775201317194468,0.2096480649993245,0.17219258382745178,0.02068681957339654,0.14829575576463533,0.35738004678207896,0.01097193969377876,0.15900271956648276,0.13405213968648141,0.06278471614183682,0.520108171270388,0.4970372770793371,0.004342893197091449,7.526146304222611e-05,0.04105878212436245,0.05974357498631365,0.05521024448300905,0.00047241234858171575,0.09132844935422073,0.1000333004398926,0.17413903249527082,0.6613626731064066,0.1761011390852583,0.14829575576463533,0.800958848664742,0.24114116179660405,0.06322934434493195,0.06103175319542735,0.025012000368924037,0.08491848995592509,0.05481262567139989,0.9999819865506717,0.4484383788387973,0.0943658797118691,0.9715896071790113,0.22795711302440305,0.16084062863147028,0.9913193086721781,0.48123808098721244,0.7896519887744329,0.14829575576463522,0.2448210265063897,0.0010631980539269209,0.10067912684848165,0.000961720028421449,0.6685736462794011,0.19131927208941188,0.2231789904527357,0.021211238912082986,0.7495679419973842,0.00857311510440845,0.9969603288278541,0.012659921385455726,0.15092128214007322,0.16176534901600587,0.10868570966346527,0.489996499451375,0.11572743824263897,0.13486049439282313,0.01097193969377876,0.016882932887715845,0.1253991570066298,0.005654867782564299,0.08954344506163053,0.11864033718929697,0.04361435661278754,0.8585870479815795,0.8936662015943939,0.7847491571330187,0.46906120108472116,0.9036378881037985,0.3888149309555519,1.0,0.3071128381307552,0.07168283515753049,0.11146151516491387,0.04200192334078821,0.5596727347769016,0.44164029368259855,0.21188045995611288,0.12771589650597245,0.9878966406604024,0.24236377914500012,0.3936405940054968,0.06734809971521528,0.19236550515710962,0.0003347766170515559,0.4864873095497785,0.024406798392129066,0.706069934385905,0.0051320922926578775,0.05847784547400999,0.7148846240882447,0.9917077797590399
sub-31151_ses-baseline_fs,PrG_6_4_thickness,0.000495099953582181,0.0002269336541862886,0.0042576858652189084,0.002962091552146323,8.799274068124756e-05,0.002262775441439972,0.012109255813506076,3.333007893330228e-05,0.0025641899577258515,0.0018912104817968192,0.0005188023614857935,0.02756429140212982,0.02480884050970904,8.395824156552813e-06,2.8568590240490912e-08,0.00025965400105402666,0.0004779913305587817,0.0004198733576219808,3.548487298252715e-07,0.0009725342826414155,0.001136270746086926,0.0030233306472541963,0.050223472259444714,0.0030857246441576805,0.002262775441439972,0.08836888693147919,0.0055466166178068455,0.000524891366984402,0.0004950999535821802,0.00011829451755395537,0.0008595495813300691,0.00041493160114579515,0.3099528491779485,0.01967177259001879,0.8167673878722227,0.43151929147385304,0.004984020068907599,0.0026178628429372897,0.24853689919470348,0.023043731767793684,0.08435400722964967,0.002262775441439972,0.005709705927735552,1.1079773693922016e-06,0.0011488925426806783,9.614809786670089e-07,0.051716279956656556,0.003592484129256861,0.004788381309367931,9.148025797696535e-05,0.07168283515753059,2.2994159678696007e-05,0.34518121128655654,4.140261917326306e-05,0.0023349170036574543,0.002645083390848979,0.001310826833516807,0.024010406563975586,0.0014616272804424968,0.0019114089075163985,3.333007893330222e-05,6.428878188482588e-05,0.0016816304685539003,1.2381711546084776e-05,0.0009404255244110949,0.0015263131368728501,0.00028618071504935575,0.11286979109443092,0.13244635827747375,0.7025302720478449,0.021747189569665877,0.5542475068568434,0.01444724150255251,0.3071128381307552,1.0,0.0006465696080565292,0.001369332100640224,0.00026931860772284964,0.032828242763460615,0.01901947138033586,0.004342893197091468,0.0017365573627701955,0.23870794859206068,0.0056005058804953324,0.014830305722407223,0.000582774819291066,0.0036288254436843835,2.199872969913422e-07,0.9450752869882593,0.00011384626256997682,0.06017045995096227,1.0730631028507177e-05,0.0004614365052142368,0.7731834962150079,0.3713638371658135
sub-31151_ses-baseline_fs,PrG_6_5_thickness,0.997620535294444,0.9657267502653585,0.8697952776961441,0.9155166788798518,0.8872301045189219,0.9431535068189091,0.690084798267308,0.7781612395215056,0.9309999789352859,0.9585126510136588,0.9983755923362353,0.5147603754406742,0.5380235870881114,0.6050878571023444,0.11937725861120287,0.9736526357532915,0.9969603288278542,0.9938538070340598,0.2702701912815666,0.9941805886056022,0.9888046325842799,0.9131942910474843,0.3824243866888506,0.91084497860147,0.9431535068189091,0.26505343292823746,0.830621776925893,0.9985419614351959,0.997620535294444,0.915516678879852,0.9971893305401524,0.9935181844081525,0.0707005176316912,0.5887104294878913,4.61050013003557e-05,0.04013356546619136,0.8470348463633395,0.9288725380236365,0.09622621402618857,0.5542475068568429,0.27422409618511756,0.9431535068189091,0.8260446880477341,0.37293418774789067,0.9883549833021488,0.3589203588076469,0.3760846760613643,0.8923913329489787,0.8529827851945418,0.8911102568872851,0.3071128381307549,0.73235063165543,0.05974357498631352,0.8041538277744384,0.9402146467267816,0.9277981064737422,0.9822847864701139,0.5452238513261516,0.9762870433481428,0.957671289608291,0.7781612395215056,0.854294330077125,0.9672414085407155,0.654135201170232,0.9951078002318071,0.9736526357532914,0.9787875166988631,0.2186740128324329,0.1902770154541236,0.011374025292651668,0.5669175787349685,0.02304373176779362,0.654135201170232,0.07168283515753049,0.0006465696080565292,1.0,0.9799871931794352,0.9756409549844183,0.4760069046502188,0.5959875127614662,0.8670264308427136,0.964957273956299,0.10132821013848,0.8291007371203138,0.6487051252273757,0.9996352908882011,0.8911102568872848,0.23388965024898759,0.0022158238759943825,0.9120229855594019,0.3436720014037841,0.6360090708980153,0.9962198011759019,0.007811451923108986,0.052859933576186374
sub-31151_ses-baseline_fs,PrG_6_6_thickness,0.9641797265355492,0.897453245159116,0.9479012680541995,0.9762870433481428,0.7880214150411456,0.990101300856407,0.8041538277744389,0.6613626731064062,0.9844458888699646,0.9959551399688498,0.9672414085407155,0.6360090708980157,0.6595572636099347,0.4847356013185294,0.07728490665523838,0.9108449786014696,0.9617988636494462,0.9524584397974039,0.19131927208941188,0.9956815811221309,0.9986993631261571,0.9749865126360848,0.4952743456057984,0.9736526357532916,0.990101300856407,0.3604640629509597,0.9200797389612867,0.9679865505106033,0.9641797265355491,0.8245097509374275,0.9920874674977763,0.9515623969908075,0.1100668448142945,0.7096018656837847,0.00011096908203175101,0.06549131655874368,0.9320529335966495,0.9833824581089757,0.14570409334640694,0.6757658512894207,0.37136383716581345,0.990101300856407,0.9166677022181635,0.2755499133597241,0.9988477931599892,0.2637591142015244,0.48824095048718497,0.9626005005770307,0.9362841456883924,0.7929018403427454,0.40992282942771574,0.6123687929764199,0.09436587971186898,0.6900847982673075,0.98880463258428,0.9828378951536163,0.9999279481495695,0.6667725735636509,0.9998378906369911,0.9956815811221309,0.6613626731064061,0.7478584618398162,0.9983755923362353,0.5326354843393778,0.9948075936442337,0.9995497610986571,0.9200797389612865,0.30428788646339117,0.2689600875980658,0.02034351355257534,0.688300165200229,0.03922601775752744,0.7715174365105154,0.11146151516491387,0.001369332100640224,0.9799871931794352,1.0,0.9143588653461648,0.5959875127614667,0.7166413593810118,0.946024863935279,0.9978227267053323,0.15269053060581075,0.9189492613206477,0.7664993432900434,0.9743237336917077,0.9617988636494464,0.16269392053261528,0.004386074946172805,0.8198777234507089,0.4518521428088378,0.5147603754406738,0.959346110913454,0.014321506977319947,0.08435400722964967
sub-31151_ses-baseline_fs,SFG_6_1_thickness,0.9883549833021488,0.9991177224688491,0.7546790791547557,0.8136395381415416,0.964957273956299,0.852852835766162,0.5560550557878639,0.8885296105206479,0.8351565257388454,0.876617959088231,0.9864695765800869,0.38881493095555214,0.40992282942771535,0.7375436282460616,0.18410680980140787,0.9999594701953167,0.9896778030730099,0.9938538070340597,0.3776647844033941,0.946966865797292,0.9330986748662008,0.8104944662698331,0.27422409618511734,0.8073324650025406,0.852852835766162,0.18007246172257246,0.707836884762701,0.9859765856440357,0.9883549833021489,0.9805743348593052,0.956822048782356,0.9941805886056023,0.04137115824668389,0.4569907058151485,1.667377116099823e-05,0.02229487492756571,0.7271352537320167,0.8321381122388684,0.05806087711146916,0.4248246105180026,0.18717407429840896,0.852852835766162,0.7025302720478444,0.49703727707933737,0.932052933596649,0.4812380809872123,0.2689600875980653,0.7831075472106558,0.7342400617819164,0.9672414085407156,0.2130026781491703,0.8514061052779603,0.03440481925836528,0.9084689798665352,0.8484970755347405,0.8306217769258929,0.9189492613206477,0.41651770967362833,0.9072710482371233,0.8752649213521444,0.8885296105206478,0.9441181596564082,0.8911102568872848,0.7831075472106562,0.9497471765790547,0.9024138148323813,0.9998874212651337,0.14484770103891673,0.12387248006396345,0.005709705927735532,0.43656815687404094,0.01221765867716732,0.5201081712703883,0.04200192334078821,0.00026931860772284964,0.9756409549844183,0.9143588653461648,1.0,0.35430965145434756,0.46387464352470353,0.7512745631279395,0.8872301045189219,0.0614661816982259,0.7060699343859045,0.5147603754406739,0.9811529912203042,0.7814623328466236,0.33320664416324647,0.00099450209541418,0.9787875166988631,0.24236377914499976,0.7664993432900434,0.9909220646741633,0.0038156058212316596,0.030097740026638183
sub-31151_ses-baseline_fs,SFG_6_2_thickness,0.43656815687404127,0.3332066441632458,0.788021415041146,0.7271352537320167,0.23269510976747437,0.6811463139614127,0.9382182432122507,0.15627460198833262,0.7025302720478444,0.6505159825863563,0.4433360815061951,0.9978227267053322,0.9944985203283622,0.08491848995592505,0.004607887532722136,0.34972982277231546,0.4315192914738521,0.4132145562045301,0.017923342442180017,0.5398219823623129,0.565105257311087,0.7306146096495733,0.9859765856440357,0.7340841668603874,0.6811463139614127,0.9189492613206479,0.8306217769258929,0.44503437237297894,0.43656815687404094,0.2611823499275534,0.5201081712703883,0.41156725534774374,0.5560550557878644,0.9822847864701137,0.005082298211312977,0.4198321422237947,0.8136395381415416,0.7060699343859045,0.6396397497871608,0.9913193086721781,0.926716570930479,0.6811463139614127,0.8351565257388454,0.03206335825009573,0.566917578734969,0.029859456210969644,0.9839184607890242,0.7597634781450663,0.8071897815936463,0.2362907744527029,0.950658634716721,0.13324743012453225,0.5129807833699455,0.1712252201542009,0.6865139640592715,0.707836884762701,0.5887104294878909,0.9931737297582163,0.6069081341692543,0.6523260195450585,0.1562746019883325,0.20523140656562464,0.6305590600130894,0.10132821013847987,0.5344303096999697,0.6141888452604477,0.3620111459340368,0.8711712454399754,0.833649707131505,0.20743171746873953,0.9883549833021489,0.31137848133228596,0.956822048782356,0.5596727347769016,0.032828242763460615,0.4760069046502188,0.5959875127614667,0.35430965145434756,1.0,0.9799871931794353,0.7912788095638632,0.636009070898015,0.6541352011702324,0.8321381122388684,0.959346110913454,0.46042810315297344,0.7614521619158349,0.013950077111534698,0.07469629084709783,0.25734694205626285,0.9708854135258043,0.0949828157190939,0.42649424211919434,0.16550279482019997,0.482985850331929
sub-31151_ses-baseline_fs,SFG_6_3_thickness,0.5542475068568429,0.439947029816597,0.8872301045189219,0.8366585322601205,0.32146212716139044,0.796136383735072,0.9878966406604024,0.22561222284833765,0.8152056340429453,0.7681753227690639,0.5614828051183066,0.9909220646741634,0.9953991320067422,0.13006489393368853,0.008733193714462257,0.4587082503943341,0.5488303780931075,0.5290496012107402,0.03106724482608613,0.6613626731064065,0.6865139640592716,0.8396479661707622,0.9341371758026266,0.8426177237944389,0.796136383735072,0.8291007371203146,0.9200797389612865,0.5632936560147127,0.5542475068568424,0.355843140003853,0.6414541878085029,0.5272585994273649,0.4382563106744423,0.9999279481495695,0.0025908990858000283,0.3156777819038057,0.907271048237123,0.8183247631512757,0.5183240963336913,0.997620535294444,0.8396479661707625,0.796136383735072,0.9234296186528884,0.05324578509168181,0.688300165200229,0.04985592979985983,0.9299398379879086,0.864235261589662,0.902303330979908,0.32583901982762764,0.8739061008577452,0.1955280909659093,0.3984938456447953,0.24482102650638954,0.8009588486647419,0.8198777234507089,0.7096018656837838,0.996475557610747,0.7271352537320164,0.7698480329369483,0.22561222284833757,0.2876578577904476,0.7495679419973841,0.15269053060581028,0.6559434924547254,0.7340841668603878,0.4725298028615502,0.7681753227690639,0.7236463958730344,0.14230091693790997,0.9988477931599892,0.22444580630105057,0.9953991320067421,0.44164029368259855,0.01901947138033586,0.5959875127614662,0.7166413593810118,0.46387464352470353,0.9799871931794353,1.0,0.8898230053805337,0.7546790791547557,0.5326354843393786,0.921203310161946,0.9962198011759018,0.5796214250600251,0.8656336195111082,0.02460710918307477,0.04630229679588873,0.35125298022696,0.9060665354305102,0.14399504533294005,0.5434221432369809,0.11076248367733026,0.3713638371658135
sub-31151_ses-baseline_fs,SFG_6_4_thickness,0.8336497071315045,0.7271352537320164,0.9999819865506717,0.9935181844081525,0.592348466270386,0.9817231468283582,0.9479012680541997,0.462150241706515,0.9878966406604025,0.9708854135258043,0.8396479661707622,0.8260446880477346,0.8455675211791337,0.3071128381307549,0.03440481925836532,0.7461461599342504,0.8291007371203138,0.8120691366934084,0.09875138105667608,0.9131942910474846,0.9288725380236362,0.9941805886056023,0.6954289262248934,0.9948075936442337,0.9817231468283582,0.5488303780931083,0.9971893305401524,0.8411353222921782,0.8336497071315042,0.6341928987218056,0.8999463232004994,0.8104944662698331,0.20964806499932473,0.8846128885239903,0.0004350310614275523,0.13486049439282313,0.9991177224688492,0.9888046325842798,0.26505343292823774,0.8585870479815794,0.5614828051183071,0.9817231468283582,0.996475557610747,0.1526905306058104,0.9299398379879086,0.14484770103891673,0.688300165200229,0.9983755923362352,0.9995578271455771,0.597807334460456,0.6050878571023444,0.41651770967362833,0.18410680980140767,0.48999649945137486,0.9833824581089755,0.9892455764501628,0.9421813535328741,0.8514061052779603,0.9515623969908075,0.9715896071790114,0.4621502417065149,0.5488303780931079,0.9626005005770305,0.3466939261326952,0.9096603000359458,0.9551000181744621,0.7597634781450663,0.4812380809872123,0.4365681568740417,0.04876672672971139,0.8684136615503382,0.08663002226684886,0.9277981064737424,0.21188045995611288,0.004342893197091468,0.8670264308427136,0.946024863935279,0.7512745631279395,0.7912788095638632,0.8898230053805337,1.0,0.9649572739562989,0.2755499133597247,0.9969603288278542,0.9245322990306727,0.8542943300771247,0.9985419614351959,0.08157636003318383,0.012437048322006367,0.6287414616703974,0.6505159825863563,0.33172588659463764,0.8245097509374275,0.03576745848760654,0.1673947291010082
sub-31151_ses-baseline_fs,SFG_6_5_thickness,0.9450752869882589,0.8684136615503382,0.9664881351601496,0.9883549833021488,0.7512745631279398,0.9971893305401524,0.8381556909601523,0.6214673332317884,0.9938538070340597,0.9997118237455969,0.9488280463670415,0.6757658512894207,0.6989831718312957,0.44673514522056795,0.06641441580546274,0.8832952435382205,0.9421813535328744,0.9309999789352861,0.16930219130603705,0.9874296169449798,0.9931737297582164,0.9874296169449795,0.5344303096999697,0.986469576580087,0.9971893305401524,0.39525530119845087,0.9431535068189091,0.9497471765790547,0.9450752869882588,0.7896519887744332,0.9817231468283583,0.9299398379879086,0.1261678323583867,0.7478584618398163,0.0001467662063161809,0.07624092584292708,0.9533467397189461,0.9931737297582164,0.16550279482019975,0.7148846240882442,0.4066426745510804,0.9971893305401524,0.9402146467267816,0.24729427761125564,0.9935181844081526,0.2362907744527029,0.5272585994273649,0.9781750138636957,0.9568988025395024,0.7563768994597733,0.4467351452205676,0.5723585593007415,0.10868570966346504,0.6505159825863562,0.996475557610747,0.9928204523500992,0.9969603288278542,0.7060699343859048,0.9988477931599892,0.9996352908882011,0.6214673332317883,0.7096018656837846,0.9999594701953167,0.49351322204051523,0.9859765856440357,0.9993517202075982,0.8936662015943941,0.3361789343984159,0.29868341540278115,0.024406798392129066,0.7271352537320164,0.04630229679588873,0.8073324650025406,0.12771589650597245,0.0017365573627701955,0.964957273956299,0.9978227267053323,0.8872301045189219,0.636009070898015,0.7546790791547557,0.9649572739562989,1.0,0.17316385311292215,0.9421813535328741,0.8025583625508914,0.9576712896082911,0.9775540896393078,0.14314611954685375,0.005440241705353299,0.7847491571330187,0.48999649945137497,0.47600690465021916,0.9392201442008046,0.01732215174377437,0.09748237729338884
sub-31151_ses-baseline_fs,SFG_6_6_thickness,0.08720659383217014,0.05561024680674371,0.27290220023384165,0.22795711302440355,0.031561940510581046,0.1987265616017263,0.4416402936825984,0.01732215174377437,0.211880459956113,0.18107513049968169,0.08954344506163077,0.6141888452604477,0.5905293056804913,0.007178457283359292,0.00014676620631618118,0.060170459950962214,0.08548598014588984,0.07940736734025973,0.0008595495813300668,0.1269400762286151,0.13813051135129828,0.23031807683755423,0.7529782879447637,0.23269510976747462,0.1987265616017263,0.8779651807348412,0.30995284917794885,0.09013534784645691,0.08720659383217001,0.0377520131719448,0.11864033718929713,0.07887241475691557,0.9869539246705763,0.5398219823623129,0.06641441580546269,0.9245322990306721,0.29452005353599003,0.2141289115093922,0.9997118237455969,0.574173456186717,0.8684136615503385,0.1987265616017263,0.31424095640525573,0.0018712086451531085,0.138957201312971,0.0016997589417767432,0.7597634781450672,0.2510341226340884,0.28889960739853915,0.032316609868255804,0.833649707131505,0.013707207161327388,0.9729732366354998,0.01983786723741167,0.20196098130853846,0.2152591609255566,0.1491671600507769,0.5832558251389408,0.15808951985883843,0.1820817422951967,0.01732215174377437,0.02604950941449996,0.1702617575284514,0.009229592601208236,0.12463404223658367,0.16176534901600628,0.06367654778690728,0.9245322990306729,0.950658634716721,0.6954289262248929,0.5614828051183075,0.832138112238868,0.4760069046502192,0.9878966406604024,0.23870794859206068,0.10132821013848,0.15269053060581075,0.0614661816982259,0.6541352011702324,0.5326354843393786,0.2755499133597247,0.17316385311292215,1.0,0.3113784813322863,0.4812380809872128,0.0956029239892843,0.2522887194138026,0.0006174524386385338,0.39849384564479495,0.036890344741969276,0.7945210440707055,0.008415667521456296,0.08379252210993732,0.6214673332317883,0.9601716474169611
sub-31151_ses-baseline_fs,SPL_4_1_thickness,0.7929018403427454,0.6811463139614123,0.996475557610747,0.9817231468283582,0.5452238513261513,0.9641797265355492,0.9694523616553073,0.41817352538310304,0.9729732366355002,0.9497471765790548,0.7993553229692306,0.8642352615896627,0.8819716174228008,0.271584230358277,0.02801077581848101,0.700757633377612,0.7880214150411456,0.7698480329369483,0.08323402472450278,0.8806420429658239,0.8987029668875898,0.9828378951536162,0.7409926963763527,0.9839184607890241,0.9641797265355492,0.595987512761467,0.9999954966072472,0.8009588486647419,0.792901840342745,0.5868918695305446,0.8656336195111082,0.7681753227690634,0.2399225510627832,0.9166677022181635,0.0005895615445458263,0.15718014923010887,0.9993517202075981,0.9743237336917075,0.3000788348854718,0.8936662015943941,0.6087284044261864,0.9641797265355492,0.9999819865506717,0.1308550977437864,0.8999463232004994,0.12387248006396318,0.7340841668603877,0.9909220646741633,0.9988348019524996,0.5506351385127933,0.6523260195450589,0.37450780558635294,0.2118804599561124,0.44503437237297894,0.9664881351601496,0.9749865126360847,0.9143588653461648,0.8872301045189221,0.9256279591458995,0.9506586347167207,0.41817352538310293,0.5023366644787715,0.9392201442008044,0.3085309653243148,0.876617959088231,0.9299398379879086,0.7148846240882442,0.5272585994273653,0.4812380809872128,0.058897277846087434,0.9024138148323815,0.10263618440308496,0.9533467397189463,0.24236377914500012,0.0056005058804953324,0.8291007371203138,0.9189492613206477,0.7060699343859045,0.8321381122388684,0.921203310161946,0.9969603288278542,0.9421813535328741,0.3113784813322863,1.0,0.950658634716721,0.8152056340429453,0.9913193086721781,0.06829244934422798,0.015623374148880763,0.5814384038436696,0.697206923948637,0.2945200535359897,0.7831075472106559,0.04361435661278764,0.19341571750453057
sub-31151_ses-baseline_fs,SPL_4_2_thickness,0.6069081341692546,0.48999649945137497,0.922319946236866,0.8779651807348411,0.3651153945647123,0.8411353222921786,0.997620535294444,0.2611823499275534,0.8585870479815794,0.8152056340429457,0.6141888452604477,0.9756409549844184,0.9833824581089756,0.1544749545471816,0.011374025292651647,0.5094262696911023,0.6014474134829565,0.58143840384367,0.038927384326874405,0.7131257721456925,0.7375436282460612,0.8806420429658239,0.9011832828785568,0.8832952435382202,0.8411353222921786,0.7831075472106561,0.9497471765790547,0.6160087587177501,0.6069081341692543,0.4017444512723262,0.6936492151096392,0.5796214250600251,0.3904203925380791,0.9951078002318071,0.0019114089075163933,0.2755499133597241,0.9392201442008044,0.8614220425870479,0.46733014610709717,0.9878966406604025,0.794521044070705,0.8411353222921785,0.9524584397974039,0.06549131655874374,0.7392694800685684,0.0614661816982258,0.8961971893629698,0.9024138148323815,0.9350758968687937,0.36979676831036545,0.8321381122388684,0.2279571130244033,0.3527795939668956,0.2822376386460591,0.8455675211791335,0.8628313912074402,0.7597634781450663,0.9854749650599969,0.7765054349680558,0.8167673878722231,0.2611823499275533,0.3287751997409231,0.7977478223522749,0.18007246172257246,0.707836884762701,0.7831075472106562,0.5236806144133883,0.7183959411387185,0.6721722372970281,0.11937725861120298,0.9909220646741633,0.19236550515710962,0.9999594701953167,0.3936405940054968,0.014830305722407223,0.6487051252273757,0.7664993432900434,0.5147603754406739,0.959346110913454,0.9962198011759018,0.9245322990306727,0.8025583625508914,0.4812380809872128,0.950658634716721,1.0,0.6323762170476754,0.9036378881037985,0.031067244826086183,0.03717569468464323,0.3968730573189036,0.8684136615503382,0.1702617575284511,0.5959875127614667,0.09192966741678969,0.3273052912965944
sub-31151_ses-baseline_fs,SPL_4_3_thickness,0.9991177224688491,0.9722855543648699,0.8571614708969578,0.9048554718671348,0.8987029668875898,0.9341371758026266,0.6739696842880707,0.7929018403427455,0.9212033101619459,0.9506586347167207,0.9995497610986571,0.4988019910832511,0.5218936863884681,0.6214673332317883,0.12616783235838636,0.9793915818348046,0.9986993631261571,0.996475557610747,0.2822376386460591,0.9909220646741633,0.9844458888699646,0.9024138148323815,0.36823299550230937,0.8999463232004997,0.9341371758026266,0.2535473026479627,0.8167673878722231,0.9996352908882011,0.9991177224688491,0.9256279591458998,0.9948075936442337,0.9962198011759018,0.06641441580546292,0.5723585593007414,4.08479424746516e-05,0.03746291441059067,0.8336497071315049,0.9189492613206479,0.0907303460506614,0.5380235870881114,0.26246875192416935,0.9341371758026266,0.8120691366934087,0.3872125836844565,0.9839184607890242,0.3729341877478902,0.3620111459340368,0.8806420429658239,0.839782030187525,0.9024138148323815,0.29452005353599003,0.7478584618398163,0.05601264267977004,0.818324763151276,0.9309999789352861,0.9178119060771726,0.9769247605529017,0.5290496012107405,0.9701729920625817,0.9497471765790547,0.7929018403427454,0.8670264308427138,0.9601716474169614,0.6703735460651582,0.9920874674977764,0.9672414085407154,0.9839184607890243,0.20853788594272984,0.1810751304996815,0.010487136686363223,0.5506351385127933,0.021388597876318777,0.6378246993547101,0.06734809971521528,0.000582774819291066,0.9996352908882011,0.9743237336917077,0.9811529912203042,0.46042810315297344,0.5796214250600251,0.8542943300771247,0.9576712896082911,0.0956029239892843,0.8152056340429453,0.6323762170476754,1.0,0.8793065530667074,0.24482102650638982,0.002015411016645093,0.9223199462368658,0.33024873495635576,0.6523260195450585,0.9982002603199983,0.007178457283359292,0.049490631313365306
sub-31151_ses-baseline_fs,SPL_4_4_thickness,0.8600072500432492,0.7580717115579547,0.9988477931599892,0.9982002603199983,0.6251050768386386,0.9905160584348319,0.9299398379879088,0.49351322204051484,0.9948075936442338,0.9822847864701139,0.8656336195111082,0.7977478223522753,0.8183247631512763,0.33320664416324636,0.039526586160012256,0.7765054349680558,0.8557305533723,0.8396479661707622,0.11076248367732996,0.933098674866201,0.9469668657972922,0.9985419614351959,0.6631670515158608,0.9988477931599891,0.9905160584348319,0.5165414887206345,0.9917077797590399,0.8670264308427136,0.8600072500432488,0.6667725735636506,0.921203310161946,0.838155690960152,0.19027701545412384,0.8600072500432494,0.00035122102587712957,0.12086159603094859,0.9953991320067422,0.9953991320067421,0.24236377914500024,0.8321381122388684,0.5290496012107405,0.9905160584348319,0.990516058434832,0.16930219130603694,0.9479012680541996,0.16084062863147028,0.6559434924547256,0.9999954966072472,0.9964981386733783,0.6305590600130894,0.5723585593007415,0.4467351452205676,0.16644682343835743,0.5218936863884678,0.9917077797590398,0.9956815811221308,0.9585126510136588,0.8245097509374278,0.9664881351601496,0.9828378951536162,0.49351322204051484,0.58143840384367,0.9756409549844183,0.374507805586353,0.9299398379879084,0.9694523616553071,0.7896519887744329,0.4501440518699253,0.4066426745510807,0.04264076913460374,0.8426177237944392,0.07676148713955246,0.9072710482371236,0.19236550515710962,0.0036288254436843835,0.8911102568872848,0.9617988636494464,0.7814623328466236,0.7614521619158349,0.8656336195111082,0.9985419614351959,0.9775540896393078,0.2522887194138026,0.9913193086721781,0.9036378881037985,0.8793065530667074,1.0,0.09192966741678957,0.010582543160375036,0.6613626731064062,0.6178285001053313,0.3589203588076469,0.85140610527796,0.03106724482608624,0.1509212821400733
sub-31151_ses-baseline_fs,STG_6_1_thickness,0.26246875192416924,0.3543096514543482,0.08267850518635822,0.10462280314518464,0.47774858410389714,0.12311446245753642,0.03717569468464335,0.6087284044261863,0.11429174239267594,0.13648816868632685,0.2573469420562631,0.016882932887715876,0.01885937950608643,0.7814623328466239,0.9382182432122507,0.33767044535621993,0.26635170414693965,0.28089229269527716,0.9962198011759019,0.19341571750453027,0.1790737321417607,0.103295093825283,0.00841566752145626,0.10198055957719075,0.12311446245753642,0.003853995940070861,0.06876864912762719,0.25607641699354544,0.26246875192416946,0.4382563106744417,0.20523140656562464,0.28223763864605933,0.00032682777062106893,0.023814309667425548,5.302862923114354e-09,0.00012448135517705147,0.07418706196516667,0.11286979109443086,0.0005628493903239861,0.02034351355257532,0.004132719969339433,0.12311446245753653,0.06734809971521531,0.9559649508141858,0.1780789378501748,0.9633941285074155,0.00810851752428604,0.0925340098772178,0.07628765957719082,0.47252980286155055,0.00523300741554154,0.6577508583185494,0.00024426686077265447,0.5796214250600256,0.12086159603094876,0.1121639480564293,0.1664468234383579,0.019506892892089723,0.15718014923010906,0.135672501619105,0.6087284044261864,0.5201081712703883,0.1457040933464068,0.7358151781139335,0.19659025731079857,0.1535808426151075,0.3258390198276279,0.0026178628429372897,0.001994203374734309,1.6210571758601394e-05,0.02156724558461769,4.9960171229592336e-05,0.03181180473383429,0.0003347766170515559,2.199872969913422e-07,0.23388965024898759,0.16269392053261528,0.33320664416324647,0.013950077111534698,0.02460710918307477,0.08157636003318383,0.14314611954685375,0.0006174524386385338,0.06829244934422798,0.031067244826086183,0.24482102650638982,0.09192966741678957,1.0,1.3370827473608727e-06,0.4433360815061954,0.006654912301216197,0.7529782879447633,0.2702701912815666,9.02656316914121e-06,0.00019812053375666547
sub-31151_ses-baseline_fs,STG_6_2_thickness,0.0017365573627701877,0.0008499074703607793,0.01221765867716732,0.0088142313528332,0.00035544881910856766,0.00691222746626601,0.031067244826086075,0.00014492652008927961,0.007738727623906825,0.005877114190067469,0.00181236552676073,0.06412633659750476,0.058477845474009915,4.0300333878687674e-05,1.9578678593713956e-07,0.000961720028421449,0.0016816304685538896,0.0014936469776905656,2.094590068969289e-06,0.00321405478179081,0.003702514625048275,0.008978326915596573,0.10800019563766844,0.009145147984175706,0.00691222746626601,0.17511812637848315,0.015488659205597432,0.0018317878689877952,0.0017365573627701832,0.00046689427768687385,0.002872356804730852,0.0014775570490800603,0.48999649945137436,0.04769745291956167,0.6232863580199014,0.6305590600130894,0.014072930949293816,0.00788478862813393,0.4115672553477434,0.05481262567139984,0.16834651676396095,0.00691222746626601,0.015895899817314527,6.08809728572348e-06,0.0037398679460023277,5.331314336925168e-06,0.11076248367732996,0.010487136686363205,0.013576422029892591,0.0003684200965366263,0.146564228875304,0.00010274430569215084,0.5326354843393782,0.0001771453431459147,0.00711104968451323,0.007958742161212477,0.004215654220988721,0.05682465526088803,0.0046534526593113934,0.005933893786757575,0.00014492652008927961,0.00026606014601007256,0.005284135296691727,5.783587301887555e-05,0.003117360749101714,0.004839827718209416,0.001051451408074458,0.21525916092555636,0.2460556526357216,0.8806420429658236,0.05209519097803048,0.7546790791547557,0.03632521730131686,0.4864873095497785,0.9450752869882593,0.0022158238759943825,0.004386074946172805,0.00099450209541418,0.07469629084709783,0.04630229679588873,0.012437048322006367,0.005440241705353299,0.39849384564479495,0.015623374148880763,0.03717569468464323,0.002015411016645093,0.010582543160375036,1.3370827473608727e-06,1.0,0.0004506994325485691,0.12616783235838647,5.0631742521252604e-05,0.0016283089007618314,0.9299398379879081,0.5632936560147127
sub-31151_ses-baseline_fs,STG_6_3_thickness,0.9372089696914835,0.986469576580087,0.632376217047675,0.6972069239486366,0.9982002603199983,0.7427132399487166,0.4348825888847971,0.9617988636494464,0.7218984963480315,0.7715174365105146,0.9330986748662008,0.2862969895078471,0.304287886463391,0.8484970755347407,0.26375911420152454,0.9805743348593051,0.9402146467267816,0.9506586347167207,0.49351322204051523,0.8656336195111077,0.8455675211791334,0.6936492151096388,0.19236550515710943,0.690084798267308,0.7427132399487166,0.12011767545812445,0.5832558251389404,0.9320529335966492,0.9372089696914837,0.9999594701953167,0.8806420429658236,0.9515623969908077,0.024010406563975566,0.3451812112865556,6.178275645628678e-06,0.012326920943793129,0.6032676059863236,0.7183959411387189,0.03467375403479987,0.31711832086223496,0.12539915700662968,0.7427132399487166,0.5778049200842323,0.6214673332317884,0.8440951352187992,0.6050878571023439,0.1882044196338581,0.6631670515158608,0.61071245269577,0.9986993631261571,0.14484770103891692,0.9372089696914837,0.019671772590018687,0.9736526357532915,0.7375436282460611,0.7166413593810117,0.8260446880477341,0.3099528491779485,0.8104944662698335,0.7698480329369481,0.9617988636494464,0.9913193086721782,0.7896519887744328,0.8859245197046907,0.8697952776961443,0.8041538277744382,0.9756409549844183,0.09436587971186898,0.07940736734025963,0.002872356804730852,0.3273052912965939,0.006467620088774877,0.4017444512723261,0.024406798392129066,0.00011384626256997682,0.9120229855594019,0.8198777234507089,0.9787875166988631,0.25734694205626285,0.35125298022696,0.6287414616703974,0.7847491571330187,0.036890344741969276,0.5814384038436696,0.3968730573189036,0.9223199462368658,0.6613626731064062,0.4433360815061954,0.0004506994325485691,1.0,0.167394729101008,0.8725415310407323,0.943153506818909,0.0018712086451531085,0.017028240966416048
sub-31151_ses-baseline_fs,STG_6_4_thickness,0.3099528491779485,0.22561222284833765,0.6468934823264173,0.58143840384367,0.14916716005077674,0.5344303096999703,0.8351565257388454,0.0949828157190939,0.5560550557878639,0.504106572424004,0.3156777819038057,0.9533467397189459,0.9412017250322611,0.04805167957351762,0.002015411016645093,0.23870794859206051,0.30569847581698006,0.29039118453466983,0.008733193714462273,0.4001176493036018,0.42315770384263945,0.585073657539671,0.9971893305401524,0.5887104294878909,0.5344303096999703,0.9859765856440358,0.6954289262248934,0.31711832086223496,0.30995284917794824,0.1702617575284511,0.3824243866888509,0.28902259156703697,0.7025302720478449,0.9108449786014696,0.010873414363521102,0.5614828051183066,0.6757658512894202,0.559672734776901,0.7814623328466243,0.9320529335966492,0.9892455764501629,0.5344303096999703,0.7007576333776119,0.016453517027054648,0.42482461051800297,0.015222292785562974,0.9980159701185997,0.6160087587177501,0.6684115972369317,0.1518040124822193,0.9971893305401524,0.07940736734025956,0.6595572636099338,0.10529162130966903,0.5398219823623125,0.5614828051183066,0.44503437237297894,0.9372089696914835,0.462150241706515,0.5058781600077431,0.0949828157190939,0.12927829759271847,0.4847356013185295,0.05847784547400999,0.39525530119845054,0.469061201084721,0.24853689919470337,0.9609892388287145,0.9372089696914837,0.3099528491779485,0.9245322990306727,0.43825631067444176,0.864235261589662,0.706069934385905,0.06017045995096227,0.3436720014037841,0.4518521428088378,0.24236377914499976,0.9708854135258043,0.9060665354305102,0.6505159825863563,0.48999649945137497,0.7945210440707055,0.697206923948637,0.8684136615503382,0.33024873495635576,0.6178285001053313,0.006654912301216197,0.12616783235838647,0.167394729101008,1.0,0.054417380342820454,0.301478058263924,0.2548098694955668,0.6287414616703978
sub-31151_ses-baseline_fs,STG_6_5_thickness,0.6775607024914102,0.7896519887744331,0.3346909970251232,0.3904203925380786,0.89870296688759,0.43319962702743514,0.19341571750453057,0.9708854135258042,0.4132145562045301,0.4621502417065149,0.6703735460651581,0.10937458976014092,0.11864033718929691,0.9986993631261571,0.5398219823623124,0.7715174365105151,0.6829370023162761,0.7025302720478444,0.8009588486647422,0.5705442602925845,0.5452238513261515,0.3872125836844565,0.0650337108506564,0.3840172958064681,0.43319962702743514,0.03576745848760648,0.2959040175443544,0.6685736462794009,0.6775607024914105,0.8684136615503382,0.5905293056804908,0.7043010512589718,0.005032941925679605,0.14062165397845222,4.1771727926154957e-07,0.0022865920994805354,0.31137848133228596,0.40992282942771574,0.007811451923108986,0.12539915700662968,0.03775201317194473,0.43319962702743514,0.291763630256003,0.9024138148323816,0.5434221432369808,0.8911102568872848,0.0632293443449319,0.36046406295095934,0.31724815120511524,0.8949348309743383,0.04527849389566424,0.9869539246705763,0.00397128480028321,0.958512651013659,0.4281665792205661,0.40828129652031114,0.5218936863884681,0.12160902858704517,0.5041065724240039,0.46042810315297344,0.9708854135258043,0.9267165709304788,0.48123808098721227,0.9995497610986571,0.5759889201017943,0.49703727707933687,0.758071711557955,0.02647479563712296,0.021388597876318777,0.0004198733576219786,0.13085509774378629,0.0010750662484591755,0.17316385311292204,0.0051320922926578775,1.0730631028507177e-05,0.6360090708980153,0.5147603754406738,0.7664993432900434,0.0949828157190939,0.14399504533294005,0.33172588659463764,0.47600690465021916,0.008415667521456296,0.2945200535359897,0.1702617575284511,0.6523260195450585,0.3589203588076469,0.7529782879447633,5.0631742521252604e-05,0.8725415310407323,0.054417380342820454,1.0,0.688300165200229,0.0002565055395713334,0.0033472395539113366
sub-31151_ses-baseline_fs,STG_6_6_thickness,0.9998378906369911,0.9844458888699645,0.8275750288112379,0.8793065530667075,0.9223199462368658,0.9120229855594019,0.6378246993547101,0.8245097509374275,0.8974532451591163,0.9309999789352859,0.9995497610986571,0.46387464352470426,0.48648730954977903,0.6577508583185494,0.14230091693790972,0.9896778030730099,0.9999594701953167,0.9997118237455969,0.3099528491779485,0.9811529912203042,0.97228555436487,0.8766179590882314,0.33767044535621976,0.8739061008577452,0.9120229855594019,0.22913558596705963,0.7847491571330188,0.9994552366873787,0.9998378906369911,0.946024863935279,0.9869539246705763,0.9996352908882011,0.05764636267347221,0.5362263533872343,3.113122048348696e-05,0.0320633582500957,0.8025583625508917,0.8949348309743387,0.0794073673402597,0.5023366644787716,0.23749735591659354,0.9120229855594019,0.7798135512184076,0.41983214222379484,0.9715896071790114,0.40500698129521323,0.33172588659463764,0.8528528357661623,0.8090578370967606,0.9256279591458997,0.26765392377380265,0.7814623328466239,0.04840810089867937,0.8484970755347404,0.9084689798665353,0.8936662015943941,0.9626005005770307,0.49351322204051523,0.954227273525238,0.9299398379879086,0.8245097509374274,0.893666201594394,0.9421813535328744,0.7060699343859049,0.9828378951536163,0.9506586347167207,0.9928204523500992,0.18717407429840896,0.16176534901600606,0.008733193714462297,0.5147603754406739,0.018076465406613007,0.6014474134829568,0.05847784547400999,0.0004614365052142368,0.9962198011759019,0.959346110913454,0.9909220646741633,0.42649424211919434,0.5434221432369809,0.8245097509374275,0.9392201442008046,0.08379252210993732,0.7831075472106559,0.5959875127614667,0.9982002603199983,0.85140610527796,0.2702701912815666,0.0016283089007618314,0.943153506818909,0.301478058263924,0.688300165200229,1.0,0.005933893786757596,0.042640769134603775
sub-31151_ses-baseline_fs,pSTS_2_1_thickness,0.006285089428067804,0.0033134794561472595,0.03521699503833447,0.026474795637123055,0.0015098985189292338,0.021388597876318804,0.07887241475691553,0.0006692417826180074,0.02361960158800948,0.018542725981828788,0.006529516515624437,0.1457040933464068,0.1348604943928233,0.00020817456997407671,1.5144802702473976e-06,0.003702514625048288,0.0061072151110521085,0.005493196412727492,1.367907515679812e-05,0.01087341436352112,0.012326920943793184,0.026906055746221364,0.22444580630105082,0.02734335572644106,0.021388597876318804,0.331725886594638,0.043287772153993834,0.0065919459311009395,0.006285089428067794,0.0019318056561262221,0.0098404637160155,0.0054402417053533185,0.7183959411387186,0.11357905298409607,0.4001176493036011,0.8455675211791341,0.03982909892596199,0.02401040656397554,0.6360090708980153,0.12771589650597268,0.321462127161391,0.021388597876318787,0.04427373955451357,3.6657962914700685e-05,0.012437048322006422,3.243336421339152e-05,0.22913558596705988,0.030822395865997533,0.03860406692190706,0.00155963751671761,0.2876578577904479,0.0004893345063556121,0.7597634781450675,0.0008031867576699237,0.02192843739185946,0.02420790016681441,0.013828171214690857,0.13164891666243905,0.015090628467351031,0.018700466734860734,0.0006692417826180056,0.0011616440805647887,0.016882932887715876,0.0002896699406900484,0.010582543160375055,0.015623374148880818,0.004011096747444519,0.39042039253807925,0.4331996270274354,0.992458361684747,0.12235998133969841,0.9341371758026268,0.09013534784645691,0.7148846240882447,0.7731834962150079,0.007811451923108986,0.014321506977319947,0.0038156058212316596,0.16550279482019997,0.11076248367733026,0.03576745848760654,0.01732215174377437,0.6214673332317883,0.04361435661278764,0.09192966741678969,0.007178457283359292,0.03106724482608624,9.02656316914121e-06,0.9299398379879081,0.0018712086451531085,0.2548098694955668,0.0002565055395713334,0.005933893786757596,1.0,0.7880214150411463
sub-31151_ses-baseline_fs,pSTS_2_2_thickness,0.04460655733713227,0.02690605574622129,0.16550279482019975,0.13405213968648141,0.01432150697731992,0.11429174239267594,0.2945200535359897,0.0073841391607644795,0.12311446245753653,0.10263618440308506,0.0459588964548936,0.44503437237297894,0.4231577038426395,0.0028139223054169955,4.2533521524803236e-05,0.029387739043657546,0.04361435661278754,0.04013356546619145,0.0002827309724384228,0.06829244934422814,0.07520833774714504,0.135672501619105,0.5832558251389408,0.13730750286034907,0.11429174239267594,0.7288761379725485,0.19236550515710962,0.04630229679588873,0.044606557337132195,0.01747076801885445,0.06322934434493203,0.03982909892596197,0.9924583616847468,0.37766478440339385,0.12387248006396334,0.9938538070340597,0.18107513049968116,0.1246340422365835,0.9664881351601496,0.4082812965203112,0.7166413593810118,0.11429174239267594,0.1955280909659093,0.0006540462378773964,0.07572321272757951,0.0005895615445458247,0.5905293056804913,0.1500423334085303,0.17699908987850474,0.014701634623368579,0.6739696842880704,0.005709705927735542,0.9986993631261571,0.00857311510440845,0.11645046182391773,0.12539915700662968,0.08212595359426472,0.41651770967362844,0.0877862121289071,0.10329509382528308,0.0073841391607644795,0.011579934661061905,0.09560292398928422,0.0037025146250482814,0.06687992961105203,0.09013534784645691,0.03131375679512952,0.7929018403427458,0.8336497071315045,0.85140610527796,0.39687305731890415,0.9497471765790547,0.32291742791449934,0.9917077797590399,0.3713638371658135,0.052859933576186374,0.08435400722964967,0.030097740026638183,0.482985850331929,0.3713638371658135,0.1673947291010082,0.09748237729338884,0.9601716474169611,0.19341571750453057,0.3273052912965944,0.049490631313365306,0.1509212821400733,0.00019812053375666547,0.5632936560147127,0.017028240966416048,0.6287414616703978,0.0033472395539113366,0.042640769134603775,0.7880214150411463,1.0
sub-31152_ses-baseline_fs,CG_5_1_thickness,1.0,0.8762100967133948,0.5894310546503393,0.6174889196474499,0.998930162703404,0.8963423052232251,0.8762100967133953,0.8762100967133948,0.4314455307567249,0.2578853350448649,0.9863664704900671,0.042300541317605196,0.5301932137107946,0.8547722113478305,0.12070688793493507,0.5894310546503393,0.998930162703404,0.8762100967133948,0.30442076981547483,0.5894310546503393,0.8527235959519964,0.8762100967133953,0.5894310546503393,0.998930162703404,0.5894310546503393,0.32658854651041747,0.8546983504231344,0.998930162703404,0.6330016053414174,0.29961552525558327,0.5521518526591568,0.4700808980317851,0.06329641451861673,0.6162420147898076,0.00826675827449027,0.01772249896764448,0.8612168052204316,0.7535465761640059,0.03958794380960174,0.8546983504231344,0.32658854651041747,0.8546983504231344,0.8762100967133953,0.5832016134958906,0.9990048503426051,0.8766729182264057,0.9857119889333684,0.8762100967133948,0.11956255815015931,0.10892467412158312,0.31048968162357116,0.8546983504231344,0.001885789713023665,0.5275018001684814,0.8715446207953426,0.6174889196474499,0.998930162703404,0.8762100967133953,0.5894310546503393,0.5894310546503393,0.5521518526591568,0.6174889196474499,0.8715446207953426,0.28315084596883994,0.5894310546503393,0.6174889196474499,0.28315084596883994,0.12070688793493539,0.12070688793493539,0.00024088939388363569,0.5894310546503393,0.00025120156509672874,0.9520166218315709,0.5521518526591568,0.00022616458407559724,0.8546983504231344,0.8762100967133953,0.9520166218315709,0.7398455711597901,0.6886801004884093,0.9997885833430581,0.8762100967133953,0.04883041498048088,1.0,0.6174889196474499,0.5521518526591568,0.8762100967133948,0.28315084596883994,0.0015410062941669878,0.8766729182264057,0.868713183522444,0.8546983504231344,0.8546983504231344,0.12070688793493539,0.29961552525558327
sub-31152_ses-baseline_fs,CG_5_2_thickness,0.8762100967133948,1.0,0.30442076981547483,0.32658854651041697,0.8963423052232251,0.6174889196474499,0.5894310546503393,1.0,0.19410489317766458,0.0969286670319645,0.7936916919243535,0.010171798443606717,0.2603306985754812,0.9989372792801435,0.30442076981547483,0.8762100967133953,0.8963423052232251,1.0,0.5894310546503392,0.30442076981547483,0.9987316423972167,0.5894310546503393,0.30442076981547483,0.8963423052232251,0.30442076981547483,0.13261395810175,0.998930162703404,0.8963423052232251,0.9068455351562592,0.5832016134958906,0.8472426168901971,0.7746640574879582,0.01657397953908318,0.32558467273041874,0.0014739668901809174,0.003606075046601638,0.56973311185259,0.44849299932088027,0.009392083732121727,0.998930162703404,0.13261395810175,0.998930162703404,0.5894310546503393,0.8715446207953431,0.8956514995296461,0.9999994714026182,0.7915525262547999,1.0,0.03631085096915173,0.28176543213473493,0.5972227158340678,0.998930162703404,0.0002674503966789191,0.8267151279127345,0.9999471416449036,0.32658854651041697,0.8963423052232251,0.5894310546503393,0.30442076981547483,0.30442076981547483,0.8472426168901971,0.32658854651041697,0.9999471416449036,0.561444861388682,0.30442076981547483,0.32658854651041697,0.561444861388682,0.036745683747183296,0.036745683747183296,2.5884810796450227e-05,0.30442076981547483,2.7135968522166435e-05,0.7099615901006786,0.8472426168901971,2.411062172465591e-05,0.998930162703404,0.5894310546503393,0.7099615901006786,0.43493690200535273,0.3870700054881229,0.8853352705367961,0.5894310546503393,0.012095771392060356,0.8762100967133948,0.32658854651041697,0.8472426168901971,1.0,0.561444861388682,0.0002122893524678097,0.9999994714026182,0.5794661889375501,0.998930162703404,0.998930162703404,0.036745683747183296,0.5832016134958906
sub-31152_ses-baseline_fs,CG_5_3_thickness,0.5894310546503393,0.30442076981547483,1.0,0.998930162703404,0.5614448613886813,0.8546983504231344,0.8762100967133949,0.30442076981547483,0.9646160337230467,0.8260854591719,0.6893832926494983,0.33104863626046405,0.9951790988466086,0.28322022445867945,0.008588100528336291,0.12070688793493539,0.5614448613886813,0.30442076981547483,0.03674568374718326,1.0,0.2813045407360277,0.8762100967133949,1.0,0.5614448613886813,1.0,0.8963423052232251,0.2831508459688401,0.5614448613886813,0.13957168319018926,0.035785330035412,0.10612300403883251,0.07833223511211923,0.4177661543261992,0.9990231006599258,0.11767380050755609,0.19371126524832635,0.890520837414475,0.9626501566958224,0.3182837336416557,0.2831508459688401,0.8963423052232251,0.2831508459688401,0.8762100967133949,0.1181752193039208,0.5624374047743941,0.30490373980896834,0.6917356486870573,0.30442076981547483,0.5866272887747175,0.0073663594159666486,0.037976802828187585,0.2831508459688401,0.04242704788255249,0.09718731601088168,0.29961552525558344,0.998930162703404,0.5614448613886813,0.8762100967133949,1.0,1.0,0.10612300403883251,0.998930162703404,0.29961552525558344,0.03259033973754482,1.0,0.998930162703404,0.03259033973754482,0.5894310546503393,0.5894310546503393,0.009440881940753931,1.0,0.009741501216138896,0.7746640574879583,0.10612300403883251,0.009005472320010418,0.2831508459688401,0.8762100967133949,0.7746640574879583,0.9687690187714367,0.9865590506676591,0.5769770076553429,0.8762100967133949,0.36012529325621856,0.5894310546503393,0.998930162703404,0.10612300403883251,0.30442076981547483,0.03259033973754482,0.03674568374718318,0.30490373980896834,0.8835325542435519,0.2831508459688401,0.2831508459688401,0.5894310546503393,0.035785330035412
sub-31152_ses-baseline_fs,CG_5_4_thickness,0.6174889196474499,0.32658854651041697,0.998930162703404,1.0,0.5894310546503385,0.8762100967133949,0.8963423052232247,0.32658854651041697,0.9516907213301559,0.8019341240969733,0.7166834651791847,0.3087079969940913,0.9896026937550028,0.3044931870359788,0.00989498938651186,0.13261395810175006,0.5894310546503385,0.32658854651041697,0.04134224266505811,0.998930162703404,0.30249333005540485,0.8963423052232247,0.998930162703404,0.5894310546503385,0.998930162703404,0.8762100967133953,0.30442076981547483,0.5894310546503385,0.15283059170000074,0.04028091582255356,0.11692473150559188,0.08686135579216822,0.39257167155026734,0.9999978856121494,0.1068181167679693,0.1779435181090125,0.9096112137496586,0.9739754266478435,0.29644475293017886,0.30442076981547483,0.8762100967133953,0.30442076981547483,0.8963423052232247,0.12989433523805946,0.5904281291389653,0.3270911248203917,0.7189972736310137,0.32658854651041697,0.5586546076527332,0.008506733895544858,0.04270196259439158,0.30442076981547483,0.03772782123278609,0.10728348578146618,0.32158634069335285,1.0,0.5894310546503385,0.8963423052232247,0.998930162703404,0.998930162703404,0.11692473150559188,1.0,0.32158634069335285,0.03674568374718326,0.998930162703404,1.0,0.03674568374718326,0.5614448613886821,0.5614448613886821,0.008188124511342813,0.998930162703404,0.008452873519498461,0.7998488930622699,0.11692473150559188,0.007804919921259397,0.30442076981547483,0.8963423052232247,0.7998488930622699,0.9790780642570237,0.9930336758973438,0.6050174255155346,0.8963423052232247,0.3367207823163597,0.6174889196474499,1.0,0.11692473150559188,0.32658854651041697,0.03674568374718326,0.03259033973754474,0.3270911248203917,0.9031452886992307,0.30442076981547483,0.30442076981547483,0.5614448613886821,0.04028091582255356
sub-31152_ses-baseline_fs,CG_5_5_thickness,0.998930162703404,0.8963423052232251,0.5614448613886813,0.5894310546503385,1.0,0.8762100967133948,0.8546983504231344,0.8963423052232251,0.4058880867160746,0.23871479350119565,0.9777861986416692,0.03761325973596667,0.5027276341730479,0.8762795634185978,0.13261395810175006,0.6174889196474507,1.0,0.8963423052232251,0.32658854651041747,0.5614448613886813,0.8743520090881965,0.8546983504231344,0.5614448613886813,1.0,0.5614448613886813,0.30442076981547483,0.8762100967133953,1.0,0.6609319722694125,0.32158634069335346,0.5800886272155391,0.49704723251329247,0.05671576387592665,0.5881848404590319,0.007155489468250994,0.015523556470925669,0.8388092029529376,0.7269902494244347,0.03515857302864247,0.8762100967133953,0.30442076981547483,0.8762100967133953,0.8546983504231344,0.6112536743868662,0.9999986467912606,0.896773096839314,0.9769584551716581,0.8963423052232251,0.10857136380736808,0.11994307622085128,0.3329013675433607,0.8762100967133953,0.0015990098717747598,0.5552469793690813,0.8919938874296465,0.5894310546503385,1.0,0.8546983504231344,0.5614448613886813,0.5614448613886813,0.5800886272155391,0.5894310546503385,0.8919938874296465,0.30442076981547544,0.5614448613886813,0.5894310546503385,0.30442076981547544,0.10963396533510227,0.10963396533510227,0.00019921797503404695,0.5614448613886813,0.00020784510159827413,0.937298763559518,0.5800886272155391,0.00018690698212147662,0.8762100967133953,0.8546983504231344,0.937298763559518,0.7129796404458169,0.6609938166157603,0.9996696811163714,0.8546983504231344,0.04353571517179689,0.998930162703404,0.5894310546503385,0.5800886272155391,0.8963423052232251,0.30442076981547544,0.0013032446135278948,0.896773096839314,0.8467407253653388,0.8762100967133953,0.8762100967133953,0.10963396533510227,0.32158634069335346
sub-31152_ses-baseline_fs,FuG_3_1_thickness,0.8963423052232251,0.6174889196474499,0.8546983504231344,0.8762100967133949,0.8762100967133948,1.0,0.998930162703404,0.6174889196474499,0.7093209980392085,0.49934506321036515,0.9553827390083345,0.12298047698104439,0.8049864317313752,0.5895245265889496,0.04134224266505811,0.32658854651041747,0.8762100967133948,0.6174889196474499,0.13261395810175,0.8546983504231344,0.5869387790560234,0.998930162703404,0.8546983504231344,0.8762100967133948,0.8546983504231344,0.5894310546503392,0.5894310546503393,0.8762100967133948,0.36272315015496515,0.1298943352380594,0.29722963822892745,0.2371394884210524,0.17029547886997118,0.8752824105327189,0.03155250749636809,0.05998303634246319,0.9968991894227436,0.9603511031657441,0.11651430544510508,0.5894310546503393,0.5894310546503392,0.5894310546503393,0.998930162703404,0.32158634069335346,0.8769502834580166,0.6181123376795367,0.9565185931489993,0.6174889196474499,0.2810742663921364,0.03645530718011311,0.13607346822737626,0.5894310546503393,0.008864376259566877,0.2785487968415582,0.6112536743868654,0.8762100967133949,0.8762100967133948,0.998930162703404,0.8546983504231344,0.8546983504231344,0.29722963822892745,0.8762100967133949,0.6112536743868654,0.12070688793493534,0.8546983504231344,0.8762100967133949,0.12070688793493534,0.2831508459688401,0.2831508459688401,0.0014576331157028965,0.8546983504231344,0.0015127383913349584,0.9881770032102996,0.29722963822892745,0.001378442754890324,0.5894310546503393,0.998930162703404,0.9881770032102996,0.9535401212712816,0.9246394810835331,0.8875727263694232,0.998930162703404,0.13818138747811304,0.8963423052232251,0.8762100967133949,0.29722963822892745,0.6174889196474499,0.12070688793493534,0.007437879872348293,0.6181123376795367,0.9980350217251186,0.5894310546503393,0.5894310546503393,0.2831508459688401,0.1298943352380594
sub-31152_ses-baseline_fs,FuG_3_2_thickness,0.8762100967133953,0.5894310546503393,0.8762100967133949,0.8963423052232247,0.8546983504231344,0.998930162703404,1.0,0.5894310546503393,0.7362612980992892,0.5267657851771019,0.9411119198837549,0.13505498244208847,0.8290093945120636,0.5615379024361097,0.03674568374718326,0.30442076981547544,0.8546983504231344,0.5894310546503393,0.12070688793493534,0.8762100967133949,0.5589645407294654,1.0,0.8762100967133949,0.8546983504231344,0.8762100967133949,0.6174889196474498,0.5614448613886821,0.8546983504231344,0.33922887366280213,0.1181752193039207,0.276264944939683,0.21900211445587578,0.18558716077318427,0.8954785026315071,0.03559584082850478,0.06687005269538222,0.9994706321339216,0.9720330689838642,0.1281092360043601,0.5614448613886821,0.6174889196474498,0.5614448613886821,1.0,0.2996155252555838,0.8554854803195509,0.5900542158464736,0.9424034013503644,0.5894310546503393,0.3022529002560836,0.03232818582456168,0.12392945293445873,0.5614448613886821,0.010208449504965664,0.25840952275132156,0.5832016134958906,0.8963423052232247,0.8546983504231344,1.0,0.8762100967133949,0.8762100967133949,0.276264944939683,0.8963423052232247,0.5832016134958906,0.10963396533510246,0.8762100967133949,0.8963423052232247,0.10963396533510246,0.30442076981547506,0.30442076981547506,0.001721103031285543,0.8762100967133949,0.0017853191428806045,0.9801007360088808,0.276264944939683,0.0016287607443379343,0.5614448613886821,1.0,0.9801007360088808,0.9662119548929463,0.9407236368149202,0.8668123428956352,1.0,0.15134349769268013,0.8762100967133953,0.8963423052232247,0.276264944939683,0.5894310546503393,0.10963396533510246,0.008588100528336275,0.5900542158464736,0.9998646881899689,0.5614448613886821,0.5614448613886821,0.30442076981547506,0.1181752193039207
sub-31152_ses-baseline_fs,FuG_3_3_thickness,0.8762100967133948,1.0,0.30442076981547483,0.32658854651041697,0.8963423052232251,0.6174889196474499,0.5894310546503393,1.0,0.19410489317766458,0.0969286670319645,0.7936916919243535,0.010171798443606717,0.2603306985754812,0.9989372792801435,0.30442076981547483,0.8762100967133953,0.8963423052232251,1.0,0.5894310546503392,0.30442076981547483,0.9987316423972167,0.5894310546503393,0.30442076981547483,0.8963423052232251,0.30442076981547483,0.13261395810175,0.998930162703404,0.8963423052232251,0.9068455351562592,0.5832016134958906,0.8472426168901971,0.7746640574879582,0.01657397953908318,0.32558467273041874,0.0014739668901809174,0.003606075046601638,0.56973311185259,0.44849299932088027,0.009392083732121727,0.998930162703404,0.13261395810175,0.998930162703404,0.5894310546503393,0.8715446207953431,0.8956514995296461,0.9999994714026182,0.7915525262547999,1.0,0.03631085096915173,0.28176543213473493,0.5972227158340678,0.998930162703404,0.0002674503966789191,0.8267151279127345,0.9999471416449036,0.32658854651041697,0.8963423052232251,0.5894310546503393,0.30442076981547483,0.30442076981547483,0.8472426168901971,0.32658854651041697,0.9999471416449036,0.561444861388682,0.30442076981547483,0.32658854651041697,0.561444861388682,0.036745683747183296,0.036745683747183296,2.5884810796450227e-05,0.30442076981547483,2.7135968522166435e-05,0.7099615901006786,0.8472426168901971,2.411062172465591e-05,0.998930162703404,0.5894310546503393,0.7099615901006786,0.43493690200535273,0.3870700054881229,0.8853352705367961,0.5894310546503393,0.012095771392060356,0.8762100967133948,0.32658854651041697,0.8472426168901971,1.0,0.561444861388682,0.0002122893524678097,0.9999994714026182,0.5794661889375501,0.998930162703404,0.998930162703404,0.036745683747183296,0.5832016134958906
sub-31152_ses-baseline_fs,IFG_6_1_thickness,0.4314455307567249,0.19410489317766458,0.9646160337230467,0.9516907213301559,0.4058880867160746,0.7093209980392085,0.7362612980992892,0.19410489317766458,1.0,0.9406762887099297,0.5275570103554943,0.4759755112114533,0.9856353732854679,0.17836542683526682,0.0036196539325776093,0.0670445529548126,0.4058880867160746,0.19410489317766458,0.017778987377600895,0.9646160337230467,0.17695617898443677,0.7362612980992892,0.9646160337230467,0.4058880867160746,0.9646160337230467,0.9803143509551724,0.1783143517611179,0.4058880867160746,0.07903274787393974,0.017266610822388645,0.057976139116821535,0.04122863624739703,0.5745261168843949,0.9523047749356909,0.19778603528549366,0.30389483793694066,0.7548513252683534,0.8622994810025185,0.46085374294269604,0.1783143517611179,0.9803143509551724,0.1783143517611179,0.7362612980992892,0.06545747491662253,0.4067852220337917,0.1944665083644866,0.5299199490264525,0.19410489317766458,0.7466509637772002,0.0030638639968291305,0.018438150577319477,0.1783143517611179,0.08036347263423084,0.052511555506891315,0.1905144416066155,0.9516907213301559,0.4058880867160746,0.7362612980992892,0.9646160337230467,0.9646160337230467,0.057976139116821535,0.9516907213301559,0.1905144416066155,0.015573843573925156,0.9646160337230467,0.9516907213301559,0.015573843573925156,0.7492883924637407,0.7492883924637407,0.020670726610883768,0.9646160337230467,0.021270144985957192,0.6168280710384093,0.057976139116821535,0.01979919781447535,0.1783143517611179,0.7362612980992892,0.6168280710384093,0.8733908682799391,0.9105414467752383,0.42000478480933423,0.7362612980992892,0.5098185194061305,0.4314455307567249,0.9516907213301559,0.057976139116821535,0.19410489317766458,0.015573843573925156,0.07066666519370401,0.1944665083644866,0.7456998557437249,0.1783143517611179,0.1783143517611179,0.7492883924637407,0.017266610822388645
sub-31152_ses-baseline_fs,IFG_6_2_thickness,0.2578853350448649,0.0969286670319645,0.8260854591719,0.8019341240969733,0.23871479350119565,0.49934506321036515,0.5267657851771019,0.0969286670319645,0.9406762887099297,1.0,0.3341464396876457,0.6856474898601761,0.8736127444581292,0.08764400547204107,0.0010539695468592563,0.027970120741703304,0.23871479350119565,0.0969286670319645,0.00619659266473044,0.8260854591719,0.08682187629049666,0.5267657851771019,0.8260854591719,0.23871479350119565,0.8260854591719,0.9887651120648445,0.08761418258330186,0.23871479350119565,0.03381070255093566,0.005996410129106484,0.02367063684243643,0.016035285420868586,0.7810134413356319,0.8030288727852475,0.34920449361928646,0.49044294299801944,0.5462479038226834,0.6705334568182632,0.6699786298099663,0.08761418258330186,0.9887651120648445,0.08761418258330186,0.5267657851771019,0.027209990586114608,0.2393801132805995,0.09714417023749707,0.33610808734492115,0.0969286670319645,0.9176154670544168,0.0008768682466463126,0.006455284794147004,0.08761418258330186,0.16579232809004005,0.021133369291022164,0.09479424252446966,0.8019341240969733,0.23871479350119565,0.5267657851771019,0.8260854591719,0.8260854591719,0.02367063684243643,0.8019341240969733,0.09479424252446966,0.005340895650762562,0.8260854591719,0.8019341240969733,0.005340895650762562,0.9193678993533296,0.9193678993533296,0.051505147909324665,0.8260854591719,0.05280847760392576,0.4114306097178078,0.02367063684243643,0.04960038388755336,0.08761418258330186,0.5267657851771019,0.4114306097178078,0.6848848190490836,0.73617836087356,0.2492479029221848,0.5267657851771019,0.7197176811088909,0.2578853350448649,0.8019341240969733,0.02367063684243643,0.0969286670319645,0.005340895650762562,0.1486995563505015,0.09714417023749707,0.5365971513553687,0.08761418258330186,0.08761418258330186,0.9193678993533296,0.005996410129106484
sub-31152_ses-baseline_fs,IFG_6_3_thickness,0.9863664704900671,0.7936916919243535,0.6893832926494983,0.7166834651791847,0.9777861986416692,0.9553827390083345,0.9411119198837549,0.7936916919243535,0.5275570103554943,0.3341464396876457,1.0,0.0632956499996063,0.6302841786197261,0.7683791104610169,0.0846820717148621,0.49032255831882693,0.9777861986416692,0.7936916919243535,0.2325564670036846,0.6893832926494983,0.7659957835613587,0.9411119198837549,0.6893832926494983,0.9777861986416692,0.6893832926494983,0.4127564663416173,0.7682930807532249,0.9777861986416692,0.5328752315030805,0.22849597816803124,0.45464040340245665,0.3782627051332599,0.09214744132762649,0.7154800020598296,0.01362165047762778,0.0279855078118916,0.9300092804338111,0.8419431646220893,0.05949455835587726,0.7682930807532249,0.4127564663416173,0.7682930807532249,0.9411119198837549,0.48431473622005833,0.9781258936300359,0.7942462283311288,0.9999921648939324,0.7936916919243535,0.1659378014054827,0.07579389005590965,0.2376983577278316,0.7682930807532249,0.00334522384192837,0.4313937642577379,0.7881217505813499,0.7166834651791847,0.9777861986416692,0.9411119198837549,0.6893832926494983,0.6893832926494983,0.45464040340245665,0.7166834651791847,0.7881217505813499,0.2146557269744145,0.6893832926494983,0.7166834651791847,0.2146557269744145,0.16739760248591679,0.16739760248591679,0.0004672981437242581,0.6893832926494983,0.00048647309212348626,0.9891214296279693,0.45464040340245665,0.00043985630007103526,0.7682930807532249,0.9411119198837549,0.9891214296279693,0.8299298906085241,0.7838030777814221,0.9828034793097097,0.9411119198837549,0.0723708172885801,0.9863664704900671,0.7166834651791847,0.45464040340245665,0.7936916919243535,0.2146557269744145,0.0027593434069676584,0.7942462283311288,0.9356065729589251,0.7682930807532249,0.7682930807532249,0.16739760248591679,0.22849597816803124
sub-31152_ses-baseline_fs,IFG_6_4_thickness,0.042300541317605196,0.010171798443606717,0.33104863626046405,0.3087079969940913,0.03761325973596667,0.12298047698104439,0.13505498244208847,0.010171798443606717,0.4759755112114533,0.6856474898601761,0.0632956499996063,1.0,0.38131105019141853,0.008836255712776707,2.896358048639886e-05,0.001877872376345552,0.03761325973596667,0.010171798443606717,0.000266164976309434,0.33104863626046405,0.008720979043603607,0.13505498244208847,0.33104863626046405,0.03761325973596667,0.33104863626046405,0.5949440058732292,0.008832065465161104,0.03761325973596667,0.0024162588675953676,0.00025527589805339,0.0015062769213370299,0.0009044793486084276,0.9863656302560004,0.3096821985042667,0.8443006287805068,0.9485868162479664,0.14406595929293012,0.21143727526227787,0.9996564732596352,0.008832065465161104,0.5949440058732292,0.008832065465161104,0.13505498244208847,0.001810592213739689,0.03777203848659064,0.010203524138616856,0.06388657214397926,0.010171798443606717,0.902029749792793,2.3085381033671744e-05,0.00028039012266510577,0.008832065465161104,0.5901508089398302,0.001297614589433962,0.0098593433414729,0.3087079969940913,0.03761325973596667,0.13505498244208847,0.33104863626046405,0.33104863626046405,0.0015062769213370299,0.3087079969940913,0.0098593433414729,0.0002203709847611289,0.33104863626046405,0.3087079969940913,0.0002203709847611289,0.9001268319692519,0.9001268319692519,0.29303647221993645,0.33104863626046405,0.29777978412731543,0.08862165983899084,0.0015062769213370299,0.28600609583195774,0.008832065465161104,0.13505498244208847,0.08862165983899084,0.22051453274248564,0.2557279903260702,0.0401598277090751,0.13505498244208847,0.9983345174779612,0.042300541317605196,0.3087079969940913,0.0015062769213370299,0.010171798443606717,0.0002203709847611289,0.5559623277220418,0.010203524138616856,0.1395560201251179,0.008832065465161104,0.008832065465161104,0.9001268319692519,0.00025527589805339
sub-31152_ses-baseline_fs,IFG_6_5_thickness,0.5301932137107946,0.2603306985754812,0.9951790988466086,0.9896026937550028,0.5027276341730479,0.8049864317313752,0.8290093945120636,0.2603306985754812,0.9856353732854679,0.8736127444581292,0.6302841786197261,0.38131105019141853,1.0,0.2411051279561675,0.006310998559450761,0.09813707499418606,0.5027276341730479,0.2603306985754812,0.028402550584295225,0.9951790988466086,0.2393738703134654,0.8290093945120636,0.9951790988466086,0.5027276341730479,0.9951790988466086,0.9340060383506629,0.24104241126212153,0.5027276341730479,0.11427914674044282,0.027632299979309223,0.08575838343916337,0.06244261131733437,0.4734194760726714,0.9898948681590055,0.1435185431351027,0.23036403460438556,0.84524911128997,0.9323718257510646,0.367554094222266,0.24104241126212153,0.9340060383506629,0.24104241126212153,0.8290093945120636,0.0959817076640239,0.5036978334724316,0.26077007701098104,0.6326810470365427,0.2603306985754812,0.6461913693039688,0.005386996110442074,0.02939125697958488,0.24104241126212153,0.05406046691518439,0.07822050860826966,0.2559625431552531,0.9896026937550028,0.5027276341730479,0.8290093945120636,0.9951790988466086,0.9951790988466086,0.08575838343916337,0.9896026937550028,0.2559625431552531,0.025076354026282135,0.9951790988466086,0.9896026937550028,0.025076354026282135,0.6489845446686524,0.6489845446686524,0.01268519345366594,0.9951790988466086,0.013075894747009325,0.718627920311,0.08575838343916337,0.012118518357938769,0.24104241126212153,0.8290093945120636,0.718627920311,0.9405155158811255,0.9660515822934443,0.5179426285005246,0.8290093945120636,0.4124544589556373,0.5301932137107946,0.9896026937550028,0.08575838343916337,0.2603306985754812,0.025076354026282135,0.04708231583816021,0.26077007701098104,0.8372904856853308,0.24104241126212153,0.24104241126212153,0.6489845446686524,0.027632299979309223
sub-31152_ses-baseline_fs,IFG_6_6_thickness,0.8547722113478305,0.9989372792801435,0.28322022445867945,0.3044931870359788,0.8762795634185978,0.5895245265889496,0.5615379024361097,0.9989372792801435,0.17836542683526682,0.08764400547204107,0.7683791104610169,0.008836255712776707,0.2411051279561675,1.0,0.326513196624078,0.8962776226067727,0.8762795634185978,0.9989372792801435,0.6173954048934785,0.28322022445867945,0.9999908962706254,0.5615379024361097,0.28322022445867945,0.8762795634185978,0.28322022445867945,0.12074517578749837,0.9999999881065559,0.8762795634185978,0.9245453686141847,0.6111601347470084,0.8691157549203703,0.7997664421614762,0.014508277615379471,0.30352844528418915,0.0012465401964332657,0.003086016693161714,0.5419581865438168,0.4226020086534559,0.008149059487776101,0.9999999881065559,0.12074517578749837,0.9999999881065559,0.5615379024361097,0.8919281041933433,0.8755377953652047,0.9988893875838735,0.7661682918629116,0.9989372792801435,0.0322108055705227,0.3029023159889833,0.6251860741521449,0.9999999881065559,0.00022158757316401327,0.8496682711261563,0.9993582124505004,0.3044931870359788,0.8762795634185978,0.5615379024361097,0.28322022445867945,0.28322022445867945,0.8691157549203703,0.3044931870359788,0.9993582124505004,0.5893375835136452,0.28322022445867945,0.3044931870359788,0.5893375835136452,0.03260349495073492,0.03260349495073492,2.0918775845870034e-05,0.28322022445867945,2.1940297888226568e-05,0.6826473151793278,0.8691157549203703,1.9471113951260598e-05,0.9999999881065559,0.5615379024361097,0.6826473151793278,0.40937500099232393,0.362855948243507,0.8644935372087651,0.5615379024361097,0.010535628594180318,0.8547722113478305,0.3044931870359788,0.8691157549203703,0.9989372792801435,0.5893375835136452,0.00017542755009453188,0.9988893875838735,0.5516259496823793,0.9999999881065559,0.9999999881065559,0.03260349495073492,0.6111601347470084
sub-31152_ses-baseline_fs,INS_6_1_thickness,0.12070688793493507,0.30442076981547483,0.008588100528336291,0.00989498938651186,0.13261395810175006,0.04134224266505811,0.03674568374718326,0.30442076981547483,0.0036196539325776093,0.0010539695468592563,0.0846820717148621,2.896358048639886e-05,0.006310998559450761,0.326513196624078,1.0,0.5894310546503385,0.13261395810175006,0.30442076981547483,0.8762100967133949,0.008588100528336291,0.3286014205567387,0.03674568374718326,0.008588100528336291,0.13261395810175006,0.008588100528336291,0.0018182480908982444,0.32658854651041697,0.13261395810175006,0.5460317319705364,0.8808074239996599,0.6268369813611768,0.7099615901006786,6.09352930537095e-05,0.00983333721426587,1.7109772529608552e-06,6.221043000544921e-06,0.03377904716475263,0.01936383666256324,2.5683725949575506e-05,0.32658854651041697,0.0018182480908982444,0.32658854651041697,0.03674568374718326,0.5956640586554804,0.1321759616434145,0.30393824352818877,0.08393979043877957,0.30442076981547483,0.00020828555511968018,0.9987828526359489,0.8703677610925505,0.32658854651041697,1.5624000288603858e-07,0.6517045314432236,0.3092703834202935,0.00989498938651186,0.13261395810175006,0.03674568374718326,0.008588100528336291,0.008588100528336291,0.6268369813611768,0.00989498938651186,0.3092703834202935,0.8963423052232247,0.008588100528336291,0.00989498938651186,0.8963423052232247,0.00021228935246781085,0.00021228935246781085,6.576971844945988e-09,0.008588100528336291,7.00508362618095e-09,0.06029827114325916,0.6268369813611768,5.982171821819121e-09,0.32658854651041697,0.03674568374718326,0.06029827114325916,0.018095926830855518,0.014073577591464522,0.12589416022674685,0.03674568374718326,3.7649748119321685e-05,0.12070688793493507,0.00989498938651186,0.6268369813611768,0.30442076981547483,0.8963423052232247,1.1365764455454079e-07,0.30393824352818877,0.03521942042277999,0.32658854651041697,0.32658854651041697,0.00021228935246781085,0.8808074239996599
sub-31152_ses-baseline_fs,INS_6_2_thickness,0.5894310546503393,0.8762100967133953,0.12070688793493539,0.13261395810175006,0.6174889196474507,0.32658854651041747,0.30442076981547544,0.8762100967133953,0.0670445529548126,0.027970120741703304,0.49032255831882693,0.001877872376345552,0.09813707499418606,0.8962776226067727,0.5894310546503385,1.0,0.6174889196474507,0.8762100967133953,0.8762100967133948,0.12070688793493539,0.8980610177717638,0.30442076981547544,0.12070688793493539,0.6174889196474507,0.12070688793493539,0.04134224266505823,0.8963423052232252,0.6174889196474507,0.9974205996088444,0.8715446207953425,0.9980988583861022,0.9801007360088806,0.0033318925977016477,0.13206663290071965,0.00020177006038622774,0.0005633276497842236,0.28936562096022544,0.20493575803247288,0.0017107142497452326,0.8963423052232252,0.04134224266505823,0.8963423052232252,0.30442076981547544,0.9999471416449036,0.616491402727418,0.8757465937020766,0.48800688184032975,0.8762100967133953,0.008466309914983547,0.5595844791241603,0.8819459511615104,0.8963423052232252,2.912123151695249e-05,0.9947279709682624,0.8808074239996605,0.13261395810175006,0.6174889196474507,0.30442076981547544,0.12070688793493539,0.12070688793493539,0.9980988583861022,0.13261395810175006,0.8808074239996605,0.8546983504231342,0.12070688793493539,0.13261395810175006,0.8546983504231342,0.008588100528336329,0.008588100528336329,2.135447100544695e-06,0.12070688793493539,2.250530066124575e-06,0.4064823403847523,0.9980988583861022,1.9733709343899175e-06,0.8963423052232252,0.30442076981547544,0.4064823403847523,0.19630345424098403,0.16702366521388382,0.6018993383887774,0.30442076981547544,0.002300346358688993,0.5894310546503393,0.13261395810175006,0.9980988583861022,0.8762100967133953,0.8546983504231342,2.2452697163972668e-05,0.8757465937020766,0.2967538044056248,0.8963423052232252,0.8963423052232252,0.008588100528336329,0.8715446207953425
sub-31152_ses-baseline_fs,INS_6_3_thickness,0.998930162703404,0.8963423052232251,0.5614448613886813,0.5894310546503385,1.0,0.8762100967133948,0.8546983504231344,0.8963423052232251,0.4058880867160746,0.23871479350119565,0.9777861986416692,0.03761325973596667,0.5027276341730479,0.8762795634185978,0.13261395810175006,0.6174889196474507,1.0,0.8963423052232251,0.32658854651041747,0.5614448613886813,0.8743520090881965,0.8546983504231344,0.5614448613886813,1.0,0.5614448613886813,0.30442076981547483,0.8762100967133953,1.0,0.6609319722694125,0.32158634069335346,0.5800886272155391,0.49704723251329247,0.05671576387592665,0.5881848404590319,0.007155489468250994,0.015523556470925669,0.8388092029529376,0.7269902494244347,0.03515857302864247,0.8762100967133953,0.30442076981547483,0.8762100967133953,0.8546983504231344,0.6112536743868662,0.9999986467912606,0.896773096839314,0.9769584551716581,0.8963423052232251,0.10857136380736808,0.11994307622085128,0.3329013675433607,0.8762100967133953,0.0015990098717747598,0.5552469793690813,0.8919938874296465,0.5894310546503385,1.0,0.8546983504231344,0.5614448613886813,0.5614448613886813,0.5800886272155391,0.5894310546503385,0.8919938874296465,0.30442076981547544,0.5614448613886813,0.5894310546503385,0.30442076981547544,0.10963396533510227,0.10963396533510227,0.00019921797503404695,0.5614448613886813,0.00020784510159827413,0.937298763559518,0.5800886272155391,0.00018690698212147662,0.8762100967133953,0.8546983504231344,0.937298763559518,0.7129796404458169,0.6609938166157603,0.9996696811163714,0.8546983504231344,0.04353571517179689,0.998930162703404,0.5894310546503385,0.5800886272155391,0.8963423052232251,0.30442076981547544,0.0013032446135278948,0.896773096839314,0.8467407253653388,0.8762100967133953,0.8762100967133953,0.10963396533510227,0.32158634069335346
sub-31152_ses-baseline_fs,IPL_6_1_thickness,0.8762100967133948,1.0,0.30442076981547483,0.32658854651041697,0.8963423052232251,0.6174889196474499,0.5894310546503393,1.0,0.19410489317766458,0.0969286670319645,0.7936916919243535,0.010171798443606717,0.2603306985754812,0.9989372792801435,0.30442076981547483,0.8762100967133953,0.8963423052232251,1.0,0.5894310546503392,0.30442076981547483,0.9987316423972167,0.5894310546503393,0.30442076981547483,0.8963423052232251,0.30442076981547483,0.13261395810175,0.998930162703404,0.8963423052232251,0.9068455351562592,0.5832016134958906,0.8472426168901971,0.7746640574879582,0.01657397953908318,0.32558467273041874,0.0014739668901809174,0.003606075046601638,0.56973311185259,0.44849299932088027,0.009392083732121727,0.998930162703404,0.13261395810175,0.998930162703404,0.5894310546503393,0.8715446207953431,0.8956514995296461,0.9999994714026182,0.7915525262547999,1.0,0.03631085096915173,0.28176543213473493,0.5972227158340678,0.998930162703404,0.0002674503966789191,0.8267151279127345,0.9999471416449036,0.32658854651041697,0.8963423052232251,0.5894310546503393,0.30442076981547483,0.30442076981547483,0.8472426168901971,0.32658854651041697,0.9999471416449036,0.561444861388682,0.30442076981547483,0.32658854651041697,0.561444861388682,0.036745683747183296,0.036745683747183296,2.5884810796450227e-05,0.30442076981547483,2.7135968522166435e-05,0.7099615901006786,0.8472426168901971,2.411062172465591e-05,0.998930162703404,0.5894310546503393,0.7099615901006786,0.43493690200535273,0.3870700054881229,0.8853352705367961,0.5894310546503393,0.012095771392060356,0.8762100967133948,0.32658854651041697,0.8472426168901971,1.0,0.561444861388682,0.0002122893524678097,0.9999994714026182,0.5794661889375501,0.998930162703404,0.998930162703404,0.036745683747183296,0.5832016134958906
sub-31152_ses-baseline_fs,IPL_6_2_thickness,0.30442076981547483,0.5894310546503392,0.03674568374718326,0.04134224266505811,0.32658854651041747,0.13261395810175,0.12070688793493534,0.5894310546503392,0.017778987377600895,0.00619659266473044,0.2325564670036846,0.000266164976309434,0.028402550584295225,0.6173954048934785,0.8762100967133949,0.8762100967133948,0.32658854651041747,0.5894310546503392,1.0,0.03674568374718326,0.6199824380760497,0.12070688793493534,0.03674568374718326,0.32658854651041747,0.03674568374718326,0.009894989386511904,0.6174889196474498,0.32658854651041747,0.8422477400750377,0.9999471416449036,0.9027257512556865,0.9520166218315709,0.0005142469156426688,0.04112811126182197,2.1205192852212648e-05,6.756221548375057e-05,0.11283372092889576,0.07189460852168549,0.00023922661589867886,0.6174889196474498,0.009894989386511904,0.6174889196474498,0.12070688793493534,0.8808074239996598,0.3257853105382937,0.5888079290948071,0.23098759666404606,0.5894310546503392,0.0015155434913162883,0.8532182094387917,0.9999174100480059,0.6174889196474498,2.4344044563405526e-06,0.9189021805870227,0.5956640586554811,0.04134224266505811,0.32658854651041747,0.12070688793493534,0.03674568374718326,0.03674568374718326,0.9027257512556865,0.04134224266505811,0.5956640586554811,0.998930162703404,0.03674568374718326,0.04134224266505811,0.998930162703404,0.0015410062941669906,0.0015410062941669906,1.3525369760141726e-07,0.03674568374718326,1.432982274801466e-07,0.17867550492590628,0.9027257512556865,1.2400110398215472e-07,0.6174889196474498,0.12070688793493534,0.17867550492590628,0.06802148881881133,0.055332845885000446,0.3141640393862521,0.12070688793493534,0.00033586859699889055,0.30442076981547483,0.04134224266505811,0.9027257512556865,0.5894310546503392,0.998930162703404,1.8231623000889738e-06,0.5888079290948071,0.11667585626560611,0.6174889196474498,0.6174889196474498,0.0015410062941669906,0.9999471416449036
sub-31152_ses-baseline_fs,IPL_6_3_thickness,0.5894310546503393,0.30442076981547483,1.0,0.998930162703404,0.5614448613886813,0.8546983504231344,0.8762100967133949,0.30442076981547483,0.9646160337230467,0.8260854591719,0.6893832926494983,0.33104863626046405,0.9951790988466086,0.28322022445867945,0.008588100528336291,0.12070688793493539,0.5614448613886813,0.30442076981547483,0.03674568374718326,1.0,0.2813045407360277,0.8762100967133949,1.0,0.5614448613886813,1.0,0.8963423052232251,0.2831508459688401,0.5614448613886813,0.13957168319018926,0.035785330035412,0.10612300403883251,0.07833223511211923,0.4177661543261992,0.9990231006599258,0.11767380050755609,0.19371126524832635,0.890520837414475,0.9626501566958224,0.3182837336416557,0.2831508459688401,0.8963423052232251,0.2831508459688401,0.8762100967133949,0.1181752193039208,0.5624374047743941,0.30490373980896834,0.6917356486870573,0.30442076981547483,0.5866272887747175,0.0073663594159666486,0.037976802828187585,0.2831508459688401,0.04242704788255249,0.09718731601088168,0.29961552525558344,0.998930162703404,0.5614448613886813,0.8762100967133949,1.0,1.0,0.10612300403883251,0.998930162703404,0.29961552525558344,0.03259033973754482,1.0,0.998930162703404,0.03259033973754482,0.5894310546503393,0.5894310546503393,0.009440881940753931,1.0,0.009741501216138896,0.7746640574879583,0.10612300403883251,0.009005472320010418,0.2831508459688401,0.8762100967133949,0.7746640574879583,0.9687690187714367,0.9865590506676591,0.5769770076553429,0.8762100967133949,0.36012529325621856,0.5894310546503393,0.998930162703404,0.10612300403883251,0.30442076981547483,0.03259033973754482,0.03674568374718318,0.30490373980896834,0.8835325542435519,0.2831508459688401,0.2831508459688401,0.5894310546503393,0.035785330035412
sub-31152_ses-baseline_fs,IPL_6_4_thickness,0.8527235959519964,0.9987316423972167,0.2813045407360277,0.30249333005540485,0.8743520090881965,0.5869387790560234,0.5589645407294654,0.9987316423972167,0.17695617898443677,0.08682187629049666,0.7659957835613587,0.008720979043603607,0.2393738703134654,0.9999908962706254,0.3286014205567387,0.8980610177717638,0.8743520090881965,0.9987316423972167,0.6199824380760497,0.2813045407360277,1.0,0.5589645407294654,0.2813045407360277,0.8743520090881965,0.2813045407360277,0.11968929481916017,0.9999915424754213,0.8743520090881965,0.9261009534876862,0.6137479674073855,0.8710743767523883,0.8020436843972528,0.014329132228405442,0.3015322786829085,0.001227227533911277,0.003041537249683926,0.5393996466739884,0.4202380305617317,0.008041848316116424,0.9999915424754213,0.11968929481916017,0.9999915424754213,0.5589645407294654,0.893742055590357,0.8736057401664977,0.9986793789847219,0.7637789210362989,0.9987316423972167,0.031852247811332966,0.3049037398089689,0.6277713229122501,0.9999915424754213,0.00021774047364642946,0.85173252765303,0.9991963262886725,0.30249333005540485,0.8743520090881965,0.5589645407294654,0.2813045407360277,0.2813045407360277,0.8710743767523883,0.30249333005540485,0.9991963262886725,0.5919239004649676,0.2813045407360277,0.30249333005540485,0.5919239004649676,0.03224120246654072,0.03224120246654072,2.050830134893121e-05,0.2813045407360277,2.1510722511244646e-05,0.6801005459992308,0.8710743767523883,1.9087789694184314e-05,0.9999915424754213,0.5589645407294654,0.6801005459992308,0.40704331135636096,0.3606546961569167,0.8624973012994396,0.5589645407294654,0.010400744260628855,0.8527235959519964,0.30249333005540485,0.8710743767523883,0.9987316423972167,0.5919239004649676,0.00017234026770145177,0.9986793789847219,0.5490594674237005,0.9999915424754213,0.9999915424754213,0.03224120246654072,0.6137479674073855
sub-31152_ses-baseline_fs,IPL_6_5_thickness,0.8762100967133953,0.5894310546503393,0.8762100967133949,0.8963423052232247,0.8546983504231344,0.998930162703404,1.0,0.5894310546503393,0.7362612980992892,0.5267657851771019,0.9411119198837549,0.13505498244208847,0.8290093945120636,0.5615379024361097,0.03674568374718326,0.30442076981547544,0.8546983504231344,0.5894310546503393,0.12070688793493534,0.8762100967133949,0.5589645407294654,1.0,0.8762100967133949,0.8546983504231344,0.8762100967133949,0.6174889196474498,0.5614448613886821,0.8546983504231344,0.33922887366280213,0.1181752193039207,0.276264944939683,0.21900211445587578,0.18558716077318427,0.8954785026315071,0.03559584082850478,0.06687005269538222,0.9994706321339216,0.9720330689838642,0.1281092360043601,0.5614448613886821,0.6174889196474498,0.5614448613886821,1.0,0.2996155252555838,0.8554854803195509,0.5900542158464736,0.9424034013503644,0.5894310546503393,0.3022529002560836,0.03232818582456168,0.12392945293445873,0.5614448613886821,0.010208449504965664,0.25840952275132156,0.5832016134958906,0.8963423052232247,0.8546983504231344,1.0,0.8762100967133949,0.8762100967133949,0.276264944939683,0.8963423052232247,0.5832016134958906,0.10963396533510246,0.8762100967133949,0.8963423052232247,0.10963396533510246,0.30442076981547506,0.30442076981547506,0.001721103031285543,0.8762100967133949,0.0017853191428806045,0.9801007360088808,0.276264944939683,0.0016287607443379343,0.5614448613886821,1.0,0.9801007360088808,0.9662119548929463,0.9407236368149202,0.8668123428956352,1.0,0.15134349769268013,0.8762100967133953,0.8963423052232247,0.276264944939683,0.5894310546503393,0.10963396533510246,0.008588100528336275,0.5900542158464736,0.9998646881899689,0.5614448613886821,0.5614448613886821,0.30442076981547506,0.1181752193039207
sub-31152_ses-baseline_fs,IPL_6_6_thickness,0.5894310546503393,0.30442076981547483,1.0,0.998930162703404,0.5614448613886813,0.8546983504231344,0.8762100967133949,0.30442076981547483,0.9646160337230467,0.8260854591719,0.6893832926494983,0.33104863626046405,0.9951790988466086,0.28322022445867945,0.008588100528336291,0.12070688793493539,0.5614448613886813,0.30442076981547483,0.03674568374718326,1.0,0.2813045407360277,0.8762100967133949,1.0,0.5614448613886813,1.0,0.8963423052232251,0.2831508459688401,0.5614448613886813,0.13957168319018926,0.035785330035412,0.10612300403883251,0.07833223511211923,0.4177661543261992,0.9990231006599258,0.11767380050755609,0.19371126524832635,0.890520837414475,0.9626501566958224,0.3182837336416557,0.2831508459688401,0.8963423052232251,0.2831508459688401,0.8762100967133949,0.1181752193039208,0.5624374047743941,0.30490373980896834,0.6917356486870573,0.30442076981547483,0.5866272887747175,0.0073663594159666486,0.037976802828187585,0.2831508459688401,0.04242704788255249,0.09718731601088168,0.29961552525558344,0.998930162703404,0.5614448613886813,0.8762100967133949,1.0,1.0,0.10612300403883251,0.998930162703404,0.29961552525558344,0.03259033973754482,1.0,0.998930162703404,0.03259033973754482,0.5894310546503393,0.5894310546503393,0.009440881940753931,1.0,0.009741501216138896,0.7746640574879583,0.10612300403883251,0.009005472320010418,0.2831508459688401,0.8762100967133949,0.7746640574879583,0.9687690187714367,0.9865590506676591,0.5769770076553429,0.8762100967133949,0.36012529325621856,0.5894310546503393,0.998930162703404,0.10612300403883251,0.30442076981547483,0.03259033973754482,0.03674568374718318,0.30490373980896834,0.8835325542435519,0.2831508459688401,0.2831508459688401,0.5894310546503393,0.035785330035412
sub-31152_ses-baseline_fs,ITG_5_1_thickness,0.998930162703404,0.8963423052232251,0.5614448613886813,0.5894310546503385,1.0,0.8762100967133948,0.8546983504231344,0.8963423052232251,0.4058880867160746,0.23871479350119565,0.9777861986416692,0.03761325973596667,0.5027276341730479,0.8762795634185978,0.13261395810175006,0.6174889196474507,1.0,0.8963423052232251,0.32658854651041747,0.5614448613886813,0.8743520090881965,0.8546983504231344,0.5614448613886813,1.0,0.5614448613886813,0.30442076981547483,0.8762100967133953,1.0,0.6609319722694125,0.32158634069335346,0.5800886272155391,0.49704723251329247,0.05671576387592665,0.5881848404590319,0.007155489468250994,0.015523556470925669,0.8388092029529376,0.7269902494244347,0.03515857302864247,0.8762100967133953,0.30442076981547483,0.8762100967133953,0.8546983504231344,0.6112536743868662,0.9999986467912606,0.896773096839314,0.9769584551716581,0.8963423052232251,0.10857136380736808,0.11994307622085128,0.3329013675433607,0.8762100967133953,0.0015990098717747598,0.5552469793690813,0.8919938874296465,0.5894310546503385,1.0,0.8546983504231344,0.5614448613886813,0.5614448613886813,0.5800886272155391,0.5894310546503385,0.8919938874296465,0.30442076981547544,0.5614448613886813,0.5894310546503385,0.30442076981547544,0.10963396533510227,0.10963396533510227,0.00019921797503404695,0.5614448613886813,0.00020784510159827413,0.937298763559518,0.5800886272155391,0.00018690698212147662,0.8762100967133953,0.8546983504231344,0.937298763559518,0.7129796404458169,0.6609938166157603,0.9996696811163714,0.8546983504231344,0.04353571517179689,0.998930162703404,0.5894310546503385,0.5800886272155391,0.8963423052232251,0.30442076981547544,0.0013032446135278948,0.896773096839314,0.8467407253653388,0.8762100967133953,0.8762100967133953,0.10963396533510227,0.32158634069335346
sub-31152_ses-baseline_fs,ITG_5_2_thickness,0.5894310546503393,0.30442076981547483,1.0,0.998930162703404,0.5614448613886813,0.8546983504231344,0.8762100967133949,0.30442076981547483,0.9646160337230467,0.8260854591719,0.6893832926494983,0.33104863626046405,0.9951790988466086,0.28322022445867945,0.008588100528336291,0.12070688793493539,0.5614448613886813,0.30442076981547483,0.03674568374718326,1.0,0.2813045407360277,0.8762100967133949,1.0,0.5614448613886813,1.0,0.8963423052232251,0.2831508459688401,0.5614448613886813,0.13957168319018926,0.035785330035412,0.10612300403883251,0.07833223511211923,0.4177661543261992,0.9990231006599258,0.11767380050755609,0.19371126524832635,0.890520837414475,0.9626501566958224,0.3182837336416557,0.2831508459688401,0.8963423052232251,0.2831508459688401,0.8762100967133949,0.1181752193039208,0.5624374047743941,0.30490373980896834,0.6917356486870573,0.30442076981547483,0.5866272887747175,0.0073663594159666486,0.037976802828187585,0.2831508459688401,0.04242704788255249,0.09718731601088168,0.29961552525558344,0.998930162703404,0.5614448613886813,0.8762100967133949,1.0,1.0,0.10612300403883251,0.998930162703404,0.29961552525558344,0.03259033973754482,1.0,0.998930162703404,0.03259033973754482,0.5894310546503393,0.5894310546503393,0.009440881940753931,1.0,0.009741501216138896,0.7746640574879583,0.10612300403883251,0.009005472320010418,0.2831508459688401,0.8762100967133949,0.7746640574879583,0.9687690187714367,0.9865590506676591,0.5769770076553429,0.8762100967133949,0.36012529325621856,0.5894310546503393,0.998930162703404,0.10612300403883251,0.30442076981547483,0.03259033973754482,0.03674568374718318,0.30490373980896834,0.8835325542435519,0.2831508459688401,0.2831508459688401,0.5894310546503393,0.035785330035412
sub-31152_ses-baseline_fs,ITG_5_3_thickness,0.32658854651041747,0.13261395810175,0.8963423052232251,0.8762100967133953,0.30442076981547483,0.5894310546503392,0.6174889196474498,0.13261395810175,0.9803143509551724,0.9887651120648445,0.4127564663416173,0.5949440058732292,0.9340060383506629,0.12074517578749837,0.0018182480908982444,0.04134224266505823,0.30442076981547483,0.13261395810175,0.009894989386511904,0.8963423052232251,0.11968929481916017,0.6174889196474498,0.8963423052232251,0.30442076981547483,0.8963423052232251,1.0,0.12070688793493539,0.30442076981547483,0.04943810563806072,0.009590140439630402,0.03531320668945895,0.02442675833182577,0.6947863904357869,0.877135056902293,0.2776338796740791,0.4052774184836541,0.6372016257884181,0.7583723084961524,0.5790616339699872,0.12070688793493539,1.0,0.12070688793493539,0.6174889196474498,0.040280915822553685,0.30519373465181615,0.1328882599894612,0.41493261911916257,0.13261395810175,0.8524760587797919,0.0015239876224354284,0.010288184028085255,0.12070688793493539,0.1232797587585459,0.031723490883792456,0.12989433523805946,0.8762100967133953,0.30442076981547483,0.6174889196474498,0.8963423052232251,0.8963423052232251,0.03531320668945895,0.8762100967133953,0.12989433523805946,0.008588100528336329,0.8963423052232251,0.8762100967133953,0.008588100528336329,0.8546983504231344,0.8546983504231344,0.03531320668945887,0.8963423052232251,0.03626280704612291,0.49704723251329247,0.03531320668945895,0.0339285011725326,0.12070688793493539,0.6174889196474498,0.49704723251329247,0.7718131549424307,0.8187890507779488,0.3166272759026325,0.6174889196474498,0.6299510454695665,0.32658854651041747,0.8762100967133953,0.03531320668945895,0.13261395810175,0.008588100528336329,0.10963396533510202,0.1328882599894612,0.6274598869236948,0.12070688793493539,0.12070688793493539,0.8546983504231344,0.009590140439630402
sub-31152_ses-baseline_fs,ITG_5_4_thickness,0.8546983504231344,0.998930162703404,0.2831508459688401,0.30442076981547483,0.8762100967133953,0.5894310546503393,0.5614448613886821,0.998930162703404,0.1783143517611179,0.08761418258330186,0.7682930807532249,0.008832065465161104,0.24104241126212153,0.9999999881065559,0.32658854651041697,0.8963423052232252,0.8762100967133953,0.998930162703404,0.6174889196474498,0.2831508459688401,0.9999915424754213,0.5614448613886821,0.2831508459688401,0.8762100967133953,0.2831508459688401,0.12070688793493539,1.0,0.8762100967133953,0.9246018422773802,0.6112536743868653,0.8691867473774927,0.7998488930622698,0.014501768234030566,0.3034561612632471,0.001245837278059728,0.003084398706943377,0.5418656700049134,0.42251646647400526,0.008145162185231484,1.0,0.12070688793493539,1.0,0.5614448613886821,0.8919938874296465,0.8754681653335891,0.9988821129463261,0.7660820419677572,0.998930162703404,0.03219778582735766,0.3029745233348786,0.6252795294761722,1.0,0.00022144741476615973,0.8497430650916754,0.9993526776397597,0.30442076981547483,0.8762100967133953,0.5614448613886821,0.2831508459688401,0.2831508459688401,0.8691867473774927,0.30442076981547483,0.9993526776397597,0.5894310546503392,0.2831508459688401,0.30442076981547483,0.5894310546503392,0.03259033973754482,0.03259033973754482,2.090380391816125e-05,0.2831508459688401,2.192462960750735e-05,0.6825553138503792,0.8691867473774927,1.945713185755425e-05,1.0,0.5614448613886821,0.6825553138503792,0.40929062066038646,0.3627762664336491,0.8644215778459163,0.5614448613886821,0.010530726261534926,0.8546983504231344,0.30442076981547483,0.8691867473774927,0.998930162703404,0.5894310546503392,0.00017531505971832116,0.9988821129463261,0.5515331515541961,1.0,1.0,0.03259033973754482,0.6112536743868653
sub-31152_ses-baseline_fs,ITG_5_5_thickness,0.998930162703404,0.8963423052232251,0.5614448613886813,0.5894310546503385,1.0,0.8762100967133948,0.8546983504231344,0.8963423052232251,0.4058880867160746,0.23871479350119565,0.9777861986416692,0.03761325973596667,0.5027276341730479,0.8762795634185978,0.13261395810175006,0.6174889196474507,1.0,0.8963423052232251,0.32658854651041747,0.5614448613886813,0.8743520090881965,0.8546983504231344,0.5614448613886813,1.0,0.5614448613886813,0.30442076981547483,0.8762100967133953,1.0,0.6609319722694125,0.32158634069335346,0.5800886272155391,0.49704723251329247,0.05671576387592665,0.5881848404590319,0.007155489468250994,0.015523556470925669,0.8388092029529376,0.7269902494244347,0.03515857302864247,0.8762100967133953,0.30442076981547483,0.8762100967133953,0.8546983504231344,0.6112536743868662,0.9999986467912606,0.896773096839314,0.9769584551716581,0.8963423052232251,0.10857136380736808,0.11994307622085128,0.3329013675433607,0.8762100967133953,0.0015990098717747598,0.5552469793690813,0.8919938874296465,0.5894310546503385,1.0,0.8546983504231344,0.5614448613886813,0.5614448613886813,0.5800886272155391,0.5894310546503385,0.8919938874296465,0.30442076981547544,0.5614448613886813,0.5894310546503385,0.30442076981547544,0.10963396533510227,0.10963396533510227,0.00019921797503404695,0.5614448613886813,0.00020784510159827413,0.937298763559518,0.5800886272155391,0.00018690698212147662,0.8762100967133953,0.8546983504231344,0.937298763559518,0.7129796404458169,0.6609938166157603,0.9996696811163714,0.8546983504231344,0.04353571517179689,0.998930162703404,0.5894310546503385,0.5800886272155391,0.8963423052232251,0.30442076981547544,0.0013032446135278948,0.896773096839314,0.8467407253653388,0.8762100967133953,0.8762100967133953,0.10963396533510227,0.32158634069335346
sub-31152_ses-baseline_fs,LOcC_4_1_thickness,0.6330016053414174,0.9068455351562592,0.13957168319018926,0.15283059170000074,0.6609319722694125,0.36272315015496515,0.33922887366280213,0.9068455351562592,0.07903274787393974,0.03381070255093566,0.5328752315030805,0.0024162588675953676,0.11427914674044282,0.9245453686141847,0.5460317319705364,0.9974205996088444,0.6609319722694125,0.9068455351562592,0.8422477400750377,0.13957168319018926,0.9261009534876862,0.33922887366280213,0.13957168319018926,0.6609319722694125,0.13957168319018926,0.04943810563806072,0.9246018422773802,0.6609319722694125,1.0,0.8371442394891777,0.9911201014026337,0.96358675798936,0.004236394141053775,0.15222232444363162,0.0002707036041045505,0.0007419588681063785,0.32320734427806636,0.23231150809572804,0.002205327450028231,0.9246018422773802,0.04943810563806072,0.9246018422773802,0.33922887366280213,0.9966311156051096,0.6599423004436431,0.9064328074585272,0.5305095011210591,0.9068455351562592,0.010543803663251026,0.5165472366522457,0.8485447292061999,0.9246018422773802,4.0340708483904705e-05,0.9848573197567035,0.9109301940697008,0.15283059170000074,0.6609319722694125,0.33922887366280213,0.13957168319018926,0.13957168319018926,0.9911201014026337,0.15283059170000074,0.9109301940697008,0.8188422837933614,0.13957168319018926,0.15283059170000074,0.8188422837933614,0.010691923606797608,0.010691923606797608,3.0751879959005087e-06,0.13957168319018926,3.2385211512807556e-06,0.44647997719478616,0.9911201014026337,2.8449391540567656e-06,0.9246018422773802,0.33922887366280213,0.44647997719478616,0.2229103869369131,0.1908570989741184,0.6454369061812729,0.33922887366280213,0.002947599069213071,0.6330016053414174,0.15283059170000074,0.9911201014026337,0.9068455351562592,0.8188422837933614,3.122967347959568e-05,0.9064328074585272,0.3310764740312686,0.9246018422773802,0.9246018422773802,0.010691923606797608,0.8371442394891777
sub-31152_ses-baseline_fs,LOcC_4_2_thickness,0.29961552525558327,0.5832016134958906,0.035785330035412,0.04028091582255356,0.32158634069335346,0.1298943352380594,0.1181752193039207,0.5832016134958906,0.017266610822388645,0.005996410129106484,0.22849597816803124,0.00025527589805339,0.027632299979309223,0.6111601347470084,0.8808074239996599,0.8715446207953425,0.32158634069335346,0.5832016134958906,0.9999471416449036,0.035785330035412,0.6137479674073855,0.1181752193039207,0.035785330035412,0.32158634069335346,0.035785330035412,0.009590140439630402,0.6112536743868653,0.32158634069335346,0.8371442394891777,1.0,0.8984888358995194,0.9489016804399438,0.0004940495612677892,0.04007143426724237,2.0216368487787844e-05,6.458206792526829e-05,0.11043022526555035,0.07021454780116552,0.0002293777802438718,0.6112536743868653,0.009590140439630402,0.6112536743868653,0.1181752193039207,0.8762100967133948,0.32078998126821634,0.5825789144561165,0.22694526334536955,0.5832016134958906,0.0014603437522290646,0.8581302529865473,0.9997324333071026,0.6112536743868653,2.3102852356388607e-06,0.9149761831757358,0.5894310546503392,0.04028091582255356,0.32158634069335346,0.1181752193039207,0.035785330035412,0.035785330035412,0.8984888358995194,0.04028091582255356,0.5894310546503392,0.9993526776397597,0.035785330035412,0.04028091582255356,0.9993526776397597,0.0014849497815469575,0.0014849497815469575,1.2764727905119744e-07,0.035785330035412,1.3525369760141824e-07,0.17528901198699007,0.8984888358995194,1.1700895388349339e-07,0.6112536743868653,0.1181752193039207,0.17528901198699007,0.06641553960683916,0.0539779411878095,0.3092703834202934,0.1181752193039207,0.0003223191669019167,0.29961552525558327,0.04028091582255356,0.8984888358995194,0.5832016134958906,0.9993526776397597,1.7292017899710768e-06,0.5825789144561165,0.11420941294192911,0.6112536743868653,0.6112536743868653,0.0014849497815469575,1.0
sub-31152_ses-baseline_fs,LOcC_4_3_thickness,0.5521518526591568,0.8472426168901971,0.10612300403883251,0.11692473150559188,0.5800886272155391,0.29722963822892745,0.276264944939683,0.8472426168901971,0.057976139116821535,0.02367063684243643,0.45464040340245665,0.0015062769213370299,0.08575838343916337,0.8691157549203703,0.6268369813611768,0.9980988583861022,0.5800886272155391,0.8472426168901971,0.9027257512556865,0.10612300403883251,0.8710743767523883,0.276264944939683,0.10612300403883251,0.5800886272155391,0.10612300403883251,0.03531320668945895,0.8691867473774927,0.5800886272155391,0.9911201014026337,0.8984888358995194,1.0,0.990412565505125,0.0027000340827076524,0.11642738767206652,0.0001561376191323697,0.0004428888781220535,0.26207556930009374,0.18326846427680776,0.0013699789186613796,0.8691867473774927,0.03531320668945895,0.8691867473774927,0.276264944939683,0.9986793789847219,0.5790927527360998,0.8467407253653394,0.4523827544166831,0.8472426168901971,0.006983926168562515,0.5969109739854362,0.9079150148097084,0.8691867473774927,2.1924629607507157e-05,0.9991546015164525,0.852228368222234,0.11692473150559188,0.5800886272155391,0.276264944939683,0.10612300403883251,0.10612300403883251,1.0,0.11692473150559188,0.852228368222234,0.8830801150339574,0.10612300403883251,0.11692473150559188,0.8830801150339574,0.007086414687461124,0.007086414687461124,1.5550652818402157e-06,0.10612300403883251,1.6399103530210114e-06,0.37347802295102983,1.0,1.4356722784152404e-06,0.8691867473774927,0.276264944939683,0.37347802295102983,0.1752890119869902,0.14834167478514446,0.5645473162023693,0.276264944939683,0.0018517354482712033,0.5521518526591568,0.11692473150559188,1.0,0.8472426168901971,0.8830801150339574,1.6845189648288337e-05,0.8467407253653394,0.26903391277730476,0.8691867473774927,0.8691867473774927,0.007086414687461124,0.8984888358995194
sub-31152_ses-baseline_fs,LOcC_4_4_thickness,0.4700808980317851,0.7746640574879582,0.07833223511211923,0.08686135579216822,0.49704723251329247,0.2371394884210524,0.21900211445587578,0.7746640574879582,0.04122863624739703,0.016035285420868586,0.3782627051332599,0.0009044793486084276,0.06244261131733437,0.7997664421614762,0.7099615901006786,0.9801007360088806,0.49704723251329247,0.7746640574879582,0.9520166218315709,0.07833223511211923,0.8020436843972528,0.21900211445587578,0.07833223511211923,0.49704723251329247,0.07833223511211923,0.02442675833182577,0.7998488930622698,0.49704723251329247,0.96358675798936,0.9489016804399438,0.990412565505125,1.0,0.001659021307652165,0.08646720272980964,8.648256590896142e-05,0.00025421563785364004,0.20681750759837267,0.14055680787519367,0.0008196481420533266,0.7998488930622698,0.02442675833182577,0.7998488930622698,0.21900211445587578,0.9820714140832822,0.4960806254028638,0.7740946725104898,0.37617757402376173,0.7746640574879582,0.004466513108044223,0.6807144885259487,0.9557825770149708,0.7998488930622698,1.141601688701855e-05,0.9952407685718934,0.7803356182625809,0.08686135579216822,0.49704723251329247,0.21900211445587578,0.07833223511211923,0.07833223511211923,0.990412565505125,0.08686135579216822,0.7803356182625809,0.9372987635595184,0.07833223511211923,0.08686135579216822,0.9372987635595184,0.004534970437178361,0.004534970437178361,7.512592674896012e-07,0.07833223511211923,7.933798304439058e-07,0.30442076981547483,0.990412565505125,6.920967108868771e-07,0.7998488930622698,0.21900211445587578,0.30442076981547483,0.13398973647373363,0.11202409791121656,0.48200781416646143,0.21900211445587578,0.0011208653247976321,0.4700808980317851,0.08686135579216822,0.990412565505125,0.7746640574879582,0.9372987635595184,8.702603005515769e-06,0.7740946725104898,0.2127834398719514,0.7998488930622698,0.7998488930622698,0.004534970437178361,0.9489016804399438
sub-31152_ses-baseline_fs,MFG_7_1_thickness,0.06329641451861673,0.01657397953908318,0.4177661543261992,0.39257167155026734,0.05671576387592665,0.17029547886997118,0.18558716077318427,0.01657397953908318,0.5745261168843949,0.7810134413356319,0.09214744132762649,0.9863656302560004,0.4734194760726714,0.014508277615379471,6.09352930537095e-05,0.0033318925977016477,0.05671576387592665,0.01657397953908318,0.0005142469156426688,0.4177661543261992,0.014329132228405442,0.18558716077318427,0.4177661543261992,0.05671576387592665,0.4177661543261992,0.6947863904357869,0.014501768234030566,0.05671576387592665,0.004236394141053775,0.0004940495612677892,0.0027000340827076524,0.001659021307652165,1.0,0.39367635890789876,0.7562531385986531,0.88661279994245,0.1969050496964132,0.27930498365540224,0.9817531292914836,0.014501768234030566,0.6947863904357869,0.014501768234030566,0.18558716077318427,0.0032179958961460523,0.05693965737348458,0.016622841233670305,0.09294673418991348,0.01657397953908318,0.9592628201888261,4.896720392740999e-05,0.0005405782921035872,0.014501768234030566,0.49101489042841506,0.002341907910146909,0.016092257025420314,0.39257167155026734,0.05671576387592665,0.18558716077318427,0.4177661543261992,0.4177661543261992,0.0027000340827076524,0.39257167155026734,0.016092257025420314,0.00042904695925160977,0.4177661543261992,0.39257167155026734,0.00042904695925160977,0.9579733366719614,0.9579733366719614,0.2229501003213331,0.4177661543261992,0.22694526334537005,0.12589416022674685,0.0027000340827076524,0.21704581100727624,0.014501768234030566,0.18558716077318427,0.12589416022674685,0.29013935467964436,0.3316334985721914,0.06029827114325916,0.18558716077318427,0.9941891609399319,0.06329641451861673,0.39257167155026734,0.0027000340827076524,0.01657397953908318,0.00042904695925160977,0.4582552772873738,0.016622841233670305,0.19125025586315997,0.014501768234030566,0.014501768234030566,0.9579733366719614,0.0004940495612677892
sub-31152_ses-baseline_fs,MFG_7_2_thickness,0.6162420147898076,0.32558467273041874,0.9990231006599258,0.9999978856121494,0.5881848404590319,0.8752824105327189,0.8954785026315071,0.32558467273041874,0.9523047749356909,0.8030288727852475,0.7154800020598296,0.3096821985042667,0.9898948681590055,0.30352844528418915,0.00983333721426587,0.13206663290071965,0.5881848404590319,0.32558467273041874,0.04112811126182197,0.9990231006599258,0.3015322786829085,0.8954785026315071,0.9990231006599258,0.5881848404590319,0.9990231006599258,0.877135056902293,0.3034561612632471,0.5881848404590319,0.15222232444363162,0.04007143426724237,0.11642738767206652,0.08646720272980964,0.39367635890789876,1.0,0.10728348578146647,0.1786243668374299,0.9087954389090118,0.9735135179025397,0.2973962859806129,0.3034561612632471,0.877135056902293,0.3034561612632471,0.8954785026315071,0.1293554993736489,0.5891818000795883,0.3260863956792094,0.7177957682600921,0.32558467273041874,0.5598944841410065,0.00845287351949843,0.04248191132302084,0.3034561612632471,0.03792689545225539,0.10681811676796901,0.3205910641667104,0.9999978856121494,0.5881848404590319,0.8954785026315071,0.9990231006599258,0.9990231006599258,0.11642738767206652,0.9999978856121494,0.3205910641667104,0.03655188215065813,0.9990231006599258,0.9999978856121494,0.03655188215065813,0.5626855767172732,0.5626855767172732,0.008240472182376425,0.9990231006599258,0.008506733895544887,0.7987486840742835,0.11642738767206652,0.007855066845149519,0.3034561612632471,0.8954785026315071,0.7987486840742835,0.9786620519208903,0.9927901451389869,0.6037701718843373,0.8954785026315071,0.3377432809853456,0.6162420147898076,0.9999978856121494,0.11642738767206652,0.32558467273041874,0.03655188215065813,0.03276611577462212,0.3260863956792094,0.9023054547862167,0.3034561612632471,0.3034561612632471,0.5626855767172732,0.04007143426724237
sub-31152_ses-baseline_fs,MFG_7_3_thickness,0.00826675827449027,0.0014739668901809174,0.11767380050755609,0.1068181167679693,0.007155489468250994,0.03155250749636809,0.03559584082850478,0.0014739668901809174,0.19778603528549366,0.34920449361928646,0.01362165047762778,0.8443006287805068,0.1435185431351027,0.0012465401964332657,1.7109772529608552e-06,0.00020177006038622774,0.007155489468250994,0.0014739668901809174,2.1205192852212648e-05,0.11767380050755609,0.001227227533911277,0.03559584082850478,0.11767380050755609,0.007155489468250994,0.11767380050755609,0.2776338796740791,0.001245837278059728,0.007155489468250994,0.0002707036041045505,2.0216368487787844e-05,0.0001561376191323697,8.648256590896142e-05,0.7562531385986531,0.10728348578146647,1.0,0.9675407731532701,0.03869658575637246,0.0640106974405317,0.8569815305662679,0.001245837278059728,0.2776338796740791,0.001245837278059728,0.03559584082850478,0.0001933807820646412,0.007192576260100735,0.0014794489263020361,0.013780522346031441,0.0014739668901809174,0.5847585699252773,1.325130648060997e-06,2.2506165740997205e-05,0.001245837278059728,0.905646504503521,0.00013132775008133964,0.0014201688617802926,0.1068181167679693,0.007155489468250994,0.03559584082850478,0.11767380050755609,0.11767380050755609,0.0001561376191323697,0.1068181167679693,0.0014201688617802926,1.709050089660962e-05,0.11767380050755609,0.1068181167679693,1.709050089660962e-05,0.5819562650461745,0.5819562650461745,0.615618530645238,0.11767380050755609,0.6218522796654309,0.020785849855039482,0.0001561376191323697,0.606264691927201,0.001245837278059728,0.03559584082850478,0.020785849855039482,0.06769779459631543,0.08260350137760446,0.00775506034194761,0.03559584082850478,0.8150499139534526,0.00826675827449027,0.1068181167679693,0.0001561376191323697,0.0014739668901809174,1.709050089660962e-05,0.8817185941317591,0.0014794489263020361,0.037135903930859096,0.001245837278059728,0.001245837278059728,0.5819562650461745,2.0216368487787844e-05
sub-31152_ses-baseline_fs,MFG_7_4_thickness,0.01772249896764448,0.003606075046601638,0.19371126524832635,0.1779435181090125,0.015523556470925669,0.05998303634246319,0.06687005269538222,0.003606075046601638,0.30389483793694066,0.49044294299801944,0.0279855078118916,0.9485868162479664,0.23036403460438556,0.003086016693161714,6.221043000544921e-06,0.0005633276497842236,0.015523556470925669,0.003606075046601638,6.756221548375057e-05,0.19371126524832635,0.003041537249683926,0.06687005269538222,0.19371126524832635,0.015523556470925669,0.19371126524832635,0.4052774184836541,0.003084398706943377,0.015523556470925669,0.0007419588681063785,6.458206792526829e-05,0.0004428888781220535,0.00025421563785364004,0.88661279994245,0.1786243668374299,0.9675407731532701,1.0,0.07208988619548681,0.1131126887738376,0.9563718501293021,0.003084398706943377,0.4052774184836541,0.003084398706943377,0.06687005269538222,0.0005413333739024647,0.015597421582972183,0.003618530978272727,0.0282831311781053,0.003606075046601638,0.73827957571106,4.879597139290142e-06,7.147089751120639e-05,0.003084398706943377,0.7815496249964945,0.00037647167866918104,0.0034836471908165118,0.1779435181090125,0.015523556470925669,0.06687005269538222,0.19371126524832635,0.19371126524832635,0.0004428888781220535,0.1779435181090125,0.0034836471908165118,5.510342648553694e-05,0.19371126524832635,0.1779435181090125,5.510342648553694e-05,0.7356154166459293,0.7356154166459293,0.46247083580212994,0.19371126524832635,0.46838938434481586,0.04111208917985174,0.0004428888781220535,0.4536430100746618,0.003084398706943377,0.06687005269538222,0.04111208917985174,0.11889256624849462,0.14184952763290173,0.016713568853713192,0.06687005269538222,0.9294070816286882,0.01772249896764448,0.1779435181090125,0.0004428888781220535,0.003606075046601638,5.510342648553694e-05,0.7499262212978033,0.003618530978272727,0.06946898843286499,0.003084398706943377,0.003084398706943377,0.7356154166459293,6.458206792526829e-05
sub-31152_ses-baseline_fs,MFG_7_5_thickness,0.8612168052204316,0.56973311185259,0.890520837414475,0.9096112137496586,0.8388092029529376,0.9968991894227436,0.9994706321339216,0.56973311185259,0.7548513252683534,0.5462479038226834,0.9300092804338111,0.14406595929293012,0.84524911128997,0.5419581865438168,0.03377904716475263,0.28936562096022544,0.8388092029529376,0.56973311185259,0.11283372092889576,0.890520837414475,0.5393996466739884,0.9994706321339216,0.890520837414475,0.8388092029529376,0.890520837414475,0.6372016257884181,0.5418656700049134,0.8388092029529376,0.32320734427806636,0.11043022526555035,0.26207556930009374,0.20681750759837267,0.1969050496964132,0.9087954389090118,0.03869658575637246,0.07208988619548681,1.0,0.9790780642570237,0.13677341440037816,0.5418656700049134,0.6372016257884181,0.5418656700049134,0.9994706321339216,0.2847027419688448,0.8396266491723603,0.5703545317634491,0.9314055034844333,0.56973311185259,0.3176898151349944,0.02967050098341264,0.11589455560353829,0.5418656700049134,0.011259662053364079,0.2448093535796795,0.5635232620217869,0.9096112137496586,0.8388092029529376,0.9994706321339216,0.890520837414475,0.890520837414475,0.26207556930009374,0.9096112137496586,0.5635232620217869,0.10232884161123632,0.890520837414475,0.9096112137496586,0.10232884161123632,0.31992022961882466,0.31992022961882466,0.0019319751023058422,0.890520837414475,0.00200338861574044,0.9732111877585402,0.26207556930009374,0.0018292367724444083,0.5418656700049134,0.9994706321339216,0.9732111877585402,0.9739754266478435,0.9509831777004024,0.8514099033132178,0.9994706321339216,0.161138200686312,0.8612168052204316,0.9096112137496586,0.26207556930009374,0.56973311185259,0.10232884161123632,0.009489906374971503,0.5703545317634491,0.9998705429538309,0.5418656700049134,0.5418656700049134,0.31992022961882466,0.11043022526555035
sub-31152_ses-baseline_fs,MFG_7_6_thickness,0.7535465761640059,0.44849299932088027,0.9626501566958224,0.9739754266478435,0.7269902494244347,0.9603511031657441,0.9720330689838642,0.44849299932088027,0.8622994810025185,0.6705334568182632,0.8419431646220893,0.21143727526227787,0.9323718257510646,0.4226020086534559,0.01936383666256324,0.20493575803247288,0.7269902494244347,0.44849299932088027,0.07189460852168549,0.9626501566958224,0.4202380305617317,0.9720330689838642,0.9626501566958224,0.7269902494244347,0.9626501566958224,0.7583723084961524,0.42251646647400526,0.7269902494244347,0.23231150809572804,0.07021454780116552,0.18326846427680776,0.14055680787519367,0.27930498365540224,0.9735135179025397,0.0640106974405317,0.1131126887738376,0.9790780642570237,1.0,0.2018194373063869,0.42251646647400526,0.7583723084961524,0.42251646647400526,0.9720330689838642,0.2012075126736998,0.7279449484025723,0.44907712247009757,0.8438938579804379,0.44849299932088027,0.4246857678064901,0.016836864198195287,0.07404031922620079,0.42251646647400526,0.02041109333673057,0.1697524840217635,0.44266765311274303,0.9739754266478435,0.7269902494244347,0.9720330689838642,0.9626501566958224,0.9626501566958224,0.18326846427680776,0.9739754266478435,0.44266765311274303,0.06458375101350926,0.9626501566958224,0.9739754266478435,0.06458375101350926,0.4272606504883462,0.4272606504883462,0.003913375352228551,0.9626501566958224,0.004049458137521538,0.9082635179777834,0.18326846427680776,0.0037170406038842733,0.42251646647400526,0.9720330689838642,0.9082635179777834,0.9997118382644132,0.9938136266790198,0.7418220986396344,0.9720330689838642,0.233701852161864,0.7535465761640059,0.9739754266478435,0.18326846427680776,0.44849299932088027,0.06458375101350926,0.01740416990500444,0.44907712247009757,0.975717299409891,0.42251646647400526,0.42251646647400526,0.4272606504883462,0.07021454780116552
sub-31152_ses-baseline_fs,MFG_7_7_thickness,0.03958794380960174,0.009392083732121727,0.3182837336416557,0.29644475293017886,0.03515857302864247,0.11651430544510508,0.1281092360043601,0.009392083732121727,0.46085374294269604,0.6699786298099663,0.05949455835587726,0.9996564732596352,0.367554094222266,0.008149059487776101,2.5683725949575506e-05,0.0017107142497452326,0.03515857302864247,0.009392083732121727,0.00023922661589867886,0.3182837336416557,0.008041848316116424,0.1281092360043601,0.3182837336416557,0.03515857302864247,0.3182837336416557,0.5790616339699872,0.008145162185231484,0.03515857302864247,0.002205327450028231,0.0002293777802438718,0.0013699789186613796,0.0008196481420533266,0.9817531292914836,0.2973962859806129,0.8569815305662679,0.9563718501293021,0.13677341440037816,0.2018194373063869,1.0,0.008145162185231484,0.5790616339699872,0.008145162185231484,0.1281092360043601,0.0016489784941742418,0.035308512336748386,0.009421631447588558,0.06005622556914424,0.009392083732121727,0.8910494324849318,2.04447100718892e-05,0.0002520969666159943,0.008145162185231484,0.6060464198448507,0.001178926031098351,0.009101126363386215,0.29644475293017886,0.03515857302864247,0.1281092360043601,0.3182837336416557,0.3182837336416557,0.0013699789186613796,0.29644475293017886,0.009101126363386215,0.0001978273113476354,0.3182837336416557,0.29644475293017886,0.0001978273113476354,0.8890618384212059,0.8890618384212059,0.30521790809161764,0.3182837336416557,0.3100748117038257,0.08362326386227466,0.0013699789186613796,0.29801574388393,0.008145162185231484,0.1281092360043601,0.08362326386227466,0.21061630051794394,0.24480935357967912,0.03756425228607433,0.1281092360043601,0.9964821890563496,0.03958794380960174,0.29644475293017886,0.0013699789186613796,0.009392083732121727,0.0001978273113476354,0.5717840769754362,0.009421631447588558,0.13243589049274718,0.008145162185231484,0.008145162185231484,0.8890618384212059,0.0002293777802438718
sub-31152_ses-baseline_fs,MTG_4_1_thickness,0.8546983504231344,0.998930162703404,0.2831508459688401,0.30442076981547483,0.8762100967133953,0.5894310546503393,0.5614448613886821,0.998930162703404,0.1783143517611179,0.08761418258330186,0.7682930807532249,0.008832065465161104,0.24104241126212153,0.9999999881065559,0.32658854651041697,0.8963423052232252,0.8762100967133953,0.998930162703404,0.6174889196474498,0.2831508459688401,0.9999915424754213,0.5614448613886821,0.2831508459688401,0.8762100967133953,0.2831508459688401,0.12070688793493539,1.0,0.8762100967133953,0.9246018422773802,0.6112536743868653,0.8691867473774927,0.7998488930622698,0.014501768234030566,0.3034561612632471,0.001245837278059728,0.003084398706943377,0.5418656700049134,0.42251646647400526,0.008145162185231484,1.0,0.12070688793493539,1.0,0.5614448613886821,0.8919938874296465,0.8754681653335891,0.9988821129463261,0.7660820419677572,0.998930162703404,0.03219778582735766,0.3029745233348786,0.6252795294761722,1.0,0.00022144741476615973,0.8497430650916754,0.9993526776397597,0.30442076981547483,0.8762100967133953,0.5614448613886821,0.2831508459688401,0.2831508459688401,0.8691867473774927,0.30442076981547483,0.9993526776397597,0.5894310546503392,0.2831508459688401,0.30442076981547483,0.5894310546503392,0.03259033973754482,0.03259033973754482,2.090380391816125e-05,0.2831508459688401,2.192462960750735e-05,0.6825553138503792,0.8691867473774927,1.945713185755425e-05,1.0,0.5614448613886821,0.6825553138503792,0.40929062066038646,0.3627762664336491,0.8644215778459163,0.5614448613886821,0.010530726261534926,0.8546983504231344,0.30442076981547483,0.8691867473774927,0.998930162703404,0.5894310546503392,0.00017531505971832116,0.9988821129463261,0.5515331515541961,1.0,1.0,0.03259033973754482,0.6112536743868653
sub-31152_ses-baseline_fs,MTG_4_2_thickness,0.32658854651041747,0.13261395810175,0.8963423052232251,0.8762100967133953,0.30442076981547483,0.5894310546503392,0.6174889196474498,0.13261395810175,0.9803143509551724,0.9887651120648445,0.4127564663416173,0.5949440058732292,0.9340060383506629,0.12074517578749837,0.0018182480908982444,0.04134224266505823,0.30442076981547483,0.13261395810175,0.009894989386511904,0.8963423052232251,0.11968929481916017,0.6174889196474498,0.8963423052232251,0.30442076981547483,0.8963423052232251,1.0,0.12070688793493539,0.30442076981547483,0.04943810563806072,0.009590140439630402,0.03531320668945895,0.02442675833182577,0.6947863904357869,0.877135056902293,0.2776338796740791,0.4052774184836541,0.6372016257884181,0.7583723084961524,0.5790616339699872,0.12070688793493539,1.0,0.12070688793493539,0.6174889196474498,0.040280915822553685,0.30519373465181615,0.1328882599894612,0.41493261911916257,0.13261395810175,0.8524760587797919,0.0015239876224354284,0.010288184028085255,0.12070688793493539,0.1232797587585459,0.031723490883792456,0.12989433523805946,0.8762100967133953,0.30442076981547483,0.6174889196474498,0.8963423052232251,0.8963423052232251,0.03531320668945895,0.8762100967133953,0.12989433523805946,0.008588100528336329,0.8963423052232251,0.8762100967133953,0.008588100528336329,0.8546983504231344,0.8546983504231344,0.03531320668945887,0.8963423052232251,0.03626280704612291,0.49704723251329247,0.03531320668945895,0.0339285011725326,0.12070688793493539,0.6174889196474498,0.49704723251329247,0.7718131549424307,0.8187890507779488,0.3166272759026325,0.6174889196474498,0.6299510454695665,0.32658854651041747,0.8762100967133953,0.03531320668945895,0.13261395810175,0.008588100528336329,0.10963396533510202,0.1328882599894612,0.6274598869236948,0.12070688793493539,0.12070688793493539,0.8546983504231344,0.009590140439630402
sub-31152_ses-baseline_fs,MTG_4_3_thickness,0.8546983504231344,0.998930162703404,0.2831508459688401,0.30442076981547483,0.8762100967133953,0.5894310546503393,0.5614448613886821,0.998930162703404,0.1783143517611179,0.08761418258330186,0.7682930807532249,0.008832065465161104,0.24104241126212153,0.9999999881065559,0.32658854651041697,0.8963423052232252,0.8762100967133953,0.998930162703404,0.6174889196474498,0.2831508459688401,0.9999915424754213,0.5614448613886821,0.2831508459688401,0.8762100967133953,0.2831508459688401,0.12070688793493539,1.0,0.8762100967133953,0.9246018422773802,0.6112536743868653,0.8691867473774927,0.7998488930622698,0.014501768234030566,0.3034561612632471,0.001245837278059728,0.003084398706943377,0.5418656700049134,0.42251646647400526,0.008145162185231484,1.0,0.12070688793493539,1.0,0.5614448613886821,0.8919938874296465,0.8754681653335891,0.9988821129463261,0.7660820419677572,0.998930162703404,0.03219778582735766,0.3029745233348786,0.6252795294761722,1.0,0.00022144741476615973,0.8497430650916754,0.9993526776397597,0.30442076981547483,0.8762100967133953,0.5614448613886821,0.2831508459688401,0.2831508459688401,0.8691867473774927,0.30442076981547483,0.9993526776397597,0.5894310546503392,0.2831508459688401,0.30442076981547483,0.5894310546503392,0.03259033973754482,0.03259033973754482,2.090380391816125e-05,0.2831508459688401,2.192462960750735e-05,0.6825553138503792,0.8691867473774927,1.945713185755425e-05,1.0,0.5614448613886821,0.6825553138503792,0.40929062066038646,0.3627762664336491,0.8644215778459163,0.5614448613886821,0.010530726261534926,0.8546983504231344,0.30442076981547483,0.8691867473774927,0.998930162703404,0.5894310546503392,0.00017531505971832116,0.9988821129463261,0.5515331515541961,1.0,1.0,0.03259033973754482,0.6112536743868653
sub-31152_ses-baseline_fs,MTG_4_4_thickness,0.8762100967133953,0.5894310546503393,0.8762100967133949,0.8963423052232247,0.8546983504231344,0.998930162703404,1.0,0.5894310546503393,0.7362612980992892,0.5267657851771019,0.9411119198837549,0.13505498244208847,0.8290093945120636,0.5615379024361097,0.03674568374718326,0.30442076981547544,0.8546983504231344,0.5894310546503393,0.12070688793493534,0.8762100967133949,0.5589645407294654,1.0,0.8762100967133949,0.8546983504231344,0.8762100967133949,0.6174889196474498,0.5614448613886821,0.8546983504231344,0.33922887366280213,0.1181752193039207,0.276264944939683,0.21900211445587578,0.18558716077318427,0.8954785026315071,0.03559584082850478,0.06687005269538222,0.9994706321339216,0.9720330689838642,0.1281092360043601,0.5614448613886821,0.6174889196474498,0.5614448613886821,1.0,0.2996155252555838,0.8554854803195509,0.5900542158464736,0.9424034013503644,0.5894310546503393,0.3022529002560836,0.03232818582456168,0.12392945293445873,0.5614448613886821,0.010208449504965664,0.25840952275132156,0.5832016134958906,0.8963423052232247,0.8546983504231344,1.0,0.8762100967133949,0.8762100967133949,0.276264944939683,0.8963423052232247,0.5832016134958906,0.10963396533510246,0.8762100967133949,0.8963423052232247,0.10963396533510246,0.30442076981547506,0.30442076981547506,0.001721103031285543,0.8762100967133949,0.0017853191428806045,0.9801007360088808,0.276264944939683,0.0016287607443379343,0.5614448613886821,1.0,0.9801007360088808,0.9662119548929463,0.9407236368149202,0.8668123428956352,1.0,0.15134349769268013,0.8762100967133953,0.8963423052232247,0.276264944939683,0.5894310546503393,0.10963396533510246,0.008588100528336275,0.5900542158464736,0.9998646881899689,0.5614448613886821,0.5614448613886821,0.30442076981547506,0.1181752193039207
sub-31152_ses-baseline_fs,MVOcC_5_1_thickness,0.5832016134958906,0.8715446207953431,0.1181752193039208,0.12989433523805946,0.6112536743868662,0.32158634069335346,0.2996155252555838,0.8715446207953431,0.06545747491662253,0.027209990586114608,0.48431473622005833,0.001810592213739689,0.0959817076640239,0.8919281041933433,0.5956640586554804,0.9999471416449036,0.6112536743868662,0.8715446207953431,0.8808074239996598,0.1181752193039208,0.893742055590357,0.2996155252555838,0.1181752193039208,0.6112536743868662,0.1181752193039208,0.040280915822553685,0.8919938874296465,0.6112536743868662,0.9966311156051096,0.8762100967133948,0.9986793789847219,0.9820714140832822,0.0032179958961460523,0.1293554993736489,0.0001933807820646412,0.0005413333739024647,0.2847027419688448,0.2012075126736998,0.0016489784941742418,0.8919938874296465,0.040280915822553685,0.8919938874296465,0.2996155252555838,1.0,0.6102559074980649,0.8710743767523882,0.48200781416646216,0.8715446207953431,0.008201183422096064,0.5657889060022187,0.8864562211321896,0.8919938874296465,2.77829447471702e-05,0.995727513228036,0.8762100967133953,0.12989433523805946,0.6112536743868662,0.2996155252555838,0.1181752193039208,0.1181752193039208,0.9986793789847219,0.12989433523805946,0.8762100967133953,0.8595916521442373,0.1181752193039208,0.12989433523805946,0.8595916521442373,0.008319555888162113,0.008319555888162113,2.0260348076216937e-06,0.1181752193039208,2.13544710054471e-06,0.4008916654738152,0.9986793789847219,1.8719659372785021e-06,0.8919938874296465,0.2996155252555838,0.4008916654738152,0.19268467897346334,0.16379739400908067,0.5956640586554812,0.2996155252555838,0.0022192469588677675,0.5832016134958906,0.12989433523805946,0.9986793789847219,0.8715446207953431,0.8595916521442373,2.1408415903133614e-05,0.8710743767523882,0.29202018221137366,0.8919938874296465,0.8919938874296465,0.008319555888162113,0.8762100967133948
sub-31152_ses-baseline_fs,MVOcC_5_2_thickness,0.9990048503426051,0.8956514995296461,0.5624374047743941,0.5904281291389653,0.9999986467912606,0.8769502834580166,0.8554854803195509,0.8956514995296461,0.4067852220337917,0.2393801132805995,0.9781258936300359,0.03777203848659064,0.5036978334724316,0.8755377953652047,0.1321759616434145,0.616491402727418,0.9999986467912606,0.8956514995296461,0.3257853105382937,0.5624374047743941,0.8736057401664977,0.8554854803195509,0.5624374047743941,0.9999986467912606,0.5624374047743941,0.30519373465181615,0.8754681653335891,0.9999986467912606,0.6599423004436431,0.32078998126821634,0.5790927527360998,0.4960806254028638,0.05693965737348458,0.5891818000795883,0.007192576260100735,0.015597421582972183,0.8396266491723603,0.7279449484025723,0.035308512336748386,0.8754681653335891,0.30519373465181615,0.8754681653335891,0.8554854803195509,0.6102559074980649,1.0,0.8960834748719243,0.9773042270903032,0.8956514995296461,0.10894825976627145,0.11953722313356341,0.3320896269492458,0.8754681653335891,0.0016084751710058632,0.5542562495883053,0.8912913566074727,0.5904281291389653,0.9999986467912606,0.8554854803195509,0.5624374047743941,0.5624374047743941,0.5790927527360998,0.5904281291389653,0.8912913566074727,0.30364894086638927,0.5624374047743941,0.5904281291389653,0.30364894086638927,0.11001371261589356,0.11001371261589356,0.00020057528146725874,0.5624374047743941,0.00020925764648484766,0.9378525670005895,0.5790927527360998,0.0001881851863382031,0.8754681653335891,0.8554854803195509,0.9378525670005895,0.7139441383526232,0.6619831617487962,0.9997106030245215,0.8554854803195509,0.04371534210198768,0.9990048503426051,0.5904281291389653,0.5790927527360998,0.8956514995296461,0.30364894086638927,0.001311081106006552,0.8960834748719243,0.8475434644989017,0.8754681653335891,0.8754681653335891,0.11001371261589356,0.32078998126821634
sub-31152_ses-baseline_fs,MVOcC_5_3_thickness,0.8766729182264057,0.9999994714026182,0.30490373980896834,0.3270911248203917,0.896773096839314,0.6181123376795367,0.5900542158464736,0.9999994714026182,0.1944665083644866,0.09714417023749707,0.7942462283311288,0.010203524138616856,0.26077007701098104,0.9988893875838735,0.30393824352818877,0.8757465937020766,0.896773096839314,0.9999994714026182,0.5888079290948071,0.30490373980896834,0.9986793789847219,0.5900542158464736,0.30490373980896834,0.896773096839314,0.30490373980896834,0.1328882599894612,0.9988821129463261,0.896773096839314,0.9064328074585272,0.5825789144561165,0.8467407253653394,0.7740946725104898,0.016622841233670305,0.3260863956792094,0.0014794489263020361,0.003618530978272727,0.5703545317634491,0.44907712247009757,0.009421631447588558,0.9988821129463261,0.1328882599894612,0.9988821129463261,0.5900542158464736,0.8710743767523882,0.8960834748719243,1.0,0.7921087921049563,0.9999994714026182,0.03640710098999294,0.28130454073602823,0.5965992371812004,0.9988821129463261,0.00026856802182987364,0.826190457991884,0.9999360417453168,0.3270911248203917,0.896773096839314,0.5900542158464736,0.30490373980896834,0.30490373980896834,0.8467407253653394,0.3270911248203917,0.9999360417453168,0.5608246406606905,0.30490373980896834,0.3270911248203917,0.5608246406606905,0.036842911113365975,0.036842911113365975,2.600740939572833e-05,0.30490373980896834,2.726420476031548e-05,0.7105656788114727,0.8467407253653394,2.422520136527549e-05,0.9988821129463261,0.5900542158464736,0.7105656788114727,0.43551412026906783,0.38761852855552104,0.8857841829121121,0.5900542158464736,0.012132777625982314,0.8766729182264057,0.3270911248203917,0.8467407253653394,0.9999994714026182,0.5608246406606905,0.0002131888656003771,1.0,0.5800886272155383,0.9988821129463261,0.9988821129463261,0.036842911113365975,0.5825789144561165
sub-31152_ses-baseline_fs,MVOcC_5_4_thickness,0.9857119889333684,0.7915525262547999,0.6917356486870573,0.7189972736310137,0.9769584551716581,0.9565185931489993,0.9424034013503644,0.7915525262547999,0.5299199490264525,0.33610808734492115,0.9999921648939324,0.06388657214397926,0.6326810470365427,0.7661682918629116,0.08393979043877957,0.48800688184032975,0.9769584551716581,0.7915525262547999,0.23098759666404606,0.6917356486870573,0.7637789210362989,0.9424034013503644,0.6917356486870573,0.9769584551716581,0.6917356486870573,0.41493261911916257,0.7660820419677572,0.9769584551716581,0.5305095011210591,0.22694526334536955,0.4523827544166831,0.37617757402376173,0.09294673418991348,0.7177957682600921,0.013780522346031441,0.0282831311781053,0.9314055034844333,0.8438938579804379,0.06005622556914424,0.7660820419677572,0.41493261911916257,0.7660820419677572,0.9424034013503644,0.48200781416646216,0.9773042270903032,0.7921087921049563,1.0,0.7915525262547999,0.1671861726108399,0.07511484160317178,0.2361068114328004,0.7660820419677572,0.003390209448984063,0.4291816732973234,0.7859656060422558,0.7189972736310137,0.9769584551716581,0.9424034013503644,0.6917356486870573,0.6917356486870573,0.4523827544166831,0.7189972736310137,0.7859656060422558,0.21316857111874057,0.6917356486870573,0.7189972736310137,0.21316857111874057,0.1686538668843032,0.1686538668843032,0.0004745952934028465,0.6917356486870573,0.0004940495612677918,0.9896929738065575,0.4523827544166831,0.00044675220311573253,0.7660820419677572,0.9424034013503644,0.9896929738065575,0.8319318128499268,0.7859656060422558,0.9820714140832825,0.9424034013503644,0.07302977058038682,0.9857119889333684,0.7189972736310137,0.4523827544166831,0.7915525262547999,0.21316857111874057,0.002797076348991698,0.7921087921049563,0.9369515147833447,0.7660820419677572,0.7660820419677572,0.1686538668843032,0.22694526334536955
sub-31152_ses-baseline_fs,MVOcC_5_5_thickness,0.8762100967133948,1.0,0.30442076981547483,0.32658854651041697,0.8963423052232251,0.6174889196474499,0.5894310546503393,1.0,0.19410489317766458,0.0969286670319645,0.7936916919243535,0.010171798443606717,0.2603306985754812,0.9989372792801435,0.30442076981547483,0.8762100967133953,0.8963423052232251,1.0,0.5894310546503392,0.30442076981547483,0.9987316423972167,0.5894310546503393,0.30442076981547483,0.8963423052232251,0.30442076981547483,0.13261395810175,0.998930162703404,0.8963423052232251,0.9068455351562592,0.5832016134958906,0.8472426168901971,0.7746640574879582,0.01657397953908318,0.32558467273041874,0.0014739668901809174,0.003606075046601638,0.56973311185259,0.44849299932088027,0.009392083732121727,0.998930162703404,0.13261395810175,0.998930162703404,0.5894310546503393,0.8715446207953431,0.8956514995296461,0.9999994714026182,0.7915525262547999,1.0,0.03631085096915173,0.28176543213473493,0.5972227158340678,0.998930162703404,0.0002674503966789191,0.8267151279127345,0.9999471416449036,0.32658854651041697,0.8963423052232251,0.5894310546503393,0.30442076981547483,0.30442076981547483,0.8472426168901971,0.32658854651041697,0.9999471416449036,0.561444861388682,0.30442076981547483,0.32658854651041697,0.561444861388682,0.036745683747183296,0.036745683747183296,2.5884810796450227e-05,0.30442076981547483,2.7135968522166435e-05,0.7099615901006786,0.8472426168901971,2.411062172465591e-05,0.998930162703404,0.5894310546503393,0.7099615901006786,0.43493690200535273,0.3870700054881229,0.8853352705367961,0.5894310546503393,0.012095771392060356,0.8762100967133948,0.32658854651041697,0.8472426168901971,1.0,0.561444861388682,0.0002122893524678097,0.9999994714026182,0.5794661889375501,0.998930162703404,0.998930162703404,0.036745683747183296,0.5832016134958906
sub-31152_ses-baseline_fs,MeanThickness_thickness,0.11956255815015931,0.03631085096915173,0.5866272887747175,0.5586546076527332,0.10857136380736808,0.2810742663921364,0.3022529002560836,0.03631085096915173,0.7466509637772002,0.9176154670544168,0.1659378014054827,0.902029749792793,0.6461913693039688,0.0322108055705227,0.00020828555511968018,0.008466309914983547,0.10857136380736808,0.03631085096915173,0.0015155434913162883,0.5866272887747175,0.031852247811332966,0.3022529002560836,0.5866272887747175,0.10857136380736808,0.5866272887747175,0.8524760587797919,0.03219778582735766,0.10857136380736808,0.010543803663251026,0.0014603437522290646,0.006983926168562515,0.004466513108044223,0.9592628201888261,0.5598944841410065,0.5847585699252773,0.73827957571106,0.3176898151349944,0.4246857678064901,0.8910494324849318,0.03219778582735766,0.8524760587797919,0.03219778582735766,0.3022529002560836,0.008201183422096064,0.10894825976627145,0.03640710098999294,0.1671861726108399,0.03631085096915173,1.0,0.00016977640527979606,0.0015872504963206596,0.03219778582735766,0.33391756323536215,0.006129876007415578,0.03536017941705892,0.5586546076527332,0.10857136380736808,0.3022529002560836,0.5866272887747175,0.5866272887747175,0.006983926168562515,0.5586546076527332,0.03536017941705892,0.0012814361017811614,0.5866272887747175,0.5586546076527332,0.0012814361017811614,0.9999892959574787,0.9999892959574787,0.12975946765323276,0.5866272887747175,0.1324769670362832,0.21724091075081528,0.006983926168562515,0.12576244880144125,0.03219778582735766,0.3022529002560836,0.21724091075081528,0.4381153651354079,0.48830743236395896,0.11457680054672954,0.3022529002560836,0.9244512046410464,0.11956255815015931,0.5586546076527332,0.006983926168562515,0.03631085096915173,0.0012814361017811614,0.3065976243635165,0.03640710098999294,0.310001632350262,0.03219778582735766,0.03219778582735766,0.9999892959574787,0.0014603437522290646
sub-31152_ses-baseline_fs,OrG_6_1_thickness,0.10892467412158312,0.28176543213473493,0.0073663594159666486,0.008506733895544858,0.11994307622085128,0.03645530718011311,0.03232818582456168,0.28176543213473493,0.0030638639968291305,0.0008768682466463126,0.07579389005590965,2.3085381033671744e-05,0.005386996110442074,0.3029023159889833,0.9987828526359489,0.5595844791241603,0.11994307622085128,0.28176543213473493,0.8532182094387917,0.0073663594159666486,0.3049037398089689,0.03232818582456168,0.0073663594159666486,0.11994307622085128,0.0073663594159666486,0.0015239876224354284,0.3029745233348786,0.11994307622085128,0.5165472366522457,0.8581302529865473,0.5969109739854362,0.6807144885259487,4.896720392740999e-05,0.00845287351949843,1.325130648060997e-06,4.879597139290142e-06,0.02967050098341264,0.016836864198195287,2.04447100718892e-05,0.3029745233348786,0.0015239876224354284,0.3029745233348786,0.03232818582456168,0.5657889060022187,0.11953722313356341,0.28130454073602823,0.07511484160317178,0.28176543213473493,0.00016977640527979606,1.0,0.8469917458822268,0.3029745233348786,1.1837610899122738e-07,0.6218522796654309,0.2863994295735674,0.008506733895544858,0.11994307622085128,0.03232818582456168,0.0073663594159666486,0.0073663594159666486,0.5969109739854362,0.008506733895544858,0.2863994295735674,0.8748175485470402,0.0073663594159666486,0.008506733895544858,0.8748175485470402,0.00017307947416964306,0.00017307947416964306,4.852076381708551e-09,0.0073663594159666486,5.170533482006528e-09,0.05357687209292494,0.5969109739854362,4.409912298506312e-09,0.3029745233348786,0.03232818582456168,0.05357687209292494,0.015715783326729786,0.012169884212146662,0.11372097383388496,0.03232818582456168,3.0094313571637538e-05,0.10892467412158312,0.008506733895544858,0.5969109739854362,0.28176543213473493,0.8748175485470402,8.587334103717131e-08,0.28130454073602823,0.030960259404412986,0.3029745233348786,0.3029745233348786,0.00017307947416964306,0.8581302529865473
sub-31152_ses-baseline_fs,OrG_6_2_thickness,0.31048968162357116,0.5972227158340678,0.037976802828187585,0.04270196259439158,0.3329013675433607,0.13607346822737626,0.12392945293445873,0.5972227158340678,0.018438150577319477,0.006455284794147004,0.2376983577278316,0.00028039012266510577,0.02939125697958488,0.6251860741521449,0.8703677610925505,0.8819459511615104,0.3329013675433607,0.5972227158340678,0.9999174100480059,0.037976802828187585,0.6277713229122501,0.12392945293445873,0.037976802828187585,0.3329013675433607,0.037976802828187585,0.010288184028085255,0.6252795294761722,0.3329013675433607,0.8485447292061999,0.9997324333071026,0.9079150148097084,0.9557825770149708,0.0005405782921035872,0.04248191132302084,2.2506165740997205e-05,7.147089751120639e-05,0.11589455560353829,0.07404031922620079,0.0002520969666159943,0.6252795294761722,0.010288184028085255,0.6252795294761722,0.12392945293445873,0.8864562211321896,0.3320896269492458,0.5965992371812004,0.2361068114328004,0.5972227158340678,0.0015872504963206596,0.8469917458822268,1.0,0.6252795294761722,2.598585933643744e-06,0.9236960408438707,0.6034583617057828,0.04270196259439158,0.3329013675433607,0.12392945293445873,0.037976802828187585,0.037976802828187585,0.9079150148097084,0.04270196259439158,0.6034583617057828,0.9982538507402299,0.037976802828187585,0.04270196259439158,0.9982538507402299,0.0016138220836060427,0.0016138220836060427,1.4538063531329363e-07,0.037976802828187585,1.5400713519622643e-07,0.18297356865713588,0.9079150148097084,1.3331194197991055e-07,0.6252795294761722,0.12392945293445873,0.18297356865713588,0.07007322447309386,0.05706591778268825,0.3203425150360032,0.12392945293445873,0.0003535565763253052,0.31048968162357116,0.04270196259439158,0.9079150148097084,0.5972227158340678,0.9982538507402299,1.9475352869075694e-06,0.5965992371812004,0.11981613416214908,0.6252795294761722,0.6252795294761722,0.0016138220836060427,0.9997324333071026
sub-31152_ses-baseline_fs,OrG_6_3_thickness,0.8546983504231344,0.998930162703404,0.2831508459688401,0.30442076981547483,0.8762100967133953,0.5894310546503393,0.5614448613886821,0.998930162703404,0.1783143517611179,0.08761418258330186,0.7682930807532249,0.008832065465161104,0.24104241126212153,0.9999999881065559,0.32658854651041697,0.8963423052232252,0.8762100967133953,0.998930162703404,0.6174889196474498,0.2831508459688401,0.9999915424754213,0.5614448613886821,0.2831508459688401,0.8762100967133953,0.2831508459688401,0.12070688793493539,1.0,0.8762100967133953,0.9246018422773802,0.6112536743868653,0.8691867473774927,0.7998488930622698,0.014501768234030566,0.3034561612632471,0.001245837278059728,0.003084398706943377,0.5418656700049134,0.42251646647400526,0.008145162185231484,1.0,0.12070688793493539,1.0,0.5614448613886821,0.8919938874296465,0.8754681653335891,0.9988821129463261,0.7660820419677572,0.998930162703404,0.03219778582735766,0.3029745233348786,0.6252795294761722,1.0,0.00022144741476615973,0.8497430650916754,0.9993526776397597,0.30442076981547483,0.8762100967133953,0.5614448613886821,0.2831508459688401,0.2831508459688401,0.8691867473774927,0.30442076981547483,0.9993526776397597,0.5894310546503392,0.2831508459688401,0.30442076981547483,0.5894310546503392,0.03259033973754482,0.03259033973754482,2.090380391816125e-05,0.2831508459688401,2.192462960750735e-05,0.6825553138503792,0.8691867473774927,1.945713185755425e-05,1.0,0.5614448613886821,0.6825553138503792,0.40929062066038646,0.3627762664336491,0.8644215778459163,0.5614448613886821,0.010530726261534926,0.8546983504231344,0.30442076981547483,0.8691867473774927,0.998930162703404,0.5894310546503392,0.00017531505971832116,0.9988821129463261,0.5515331515541961,1.0,1.0,0.03259033973754482,0.6112536743868653
sub-31152_ses-baseline_fs,OrG_6_4_thickness,0.001885789713023665,0.0002674503966789191,0.04242704788255249,0.03772782123278609,0.0015990098717747598,0.008864376259566877,0.010208449504965664,0.0002674503966789191,0.08036347263423084,0.16579232809004005,0.00334522384192837,0.5901508089398302,0.05406046691518439,0.00022158757316401327,1.5624000288603858e-07,2.912123151695249e-05,0.0015990098717747598,0.0002674503966789191,2.4344044563405526e-06,0.04242704788255249,0.00021774047364642946,0.010208449504965664,0.04242704788255249,0.0015990098717747598,0.04242704788255249,0.1232797587585459,0.00022144741476615973,0.0015990098717747598,4.0340708483904705e-05,2.3102852356388607e-06,2.1924629607507157e-05,1.141601688701855e-05,0.49101489042841506,0.03792689545225539,0.905646504503521,0.7815496249964945,0.011259662053364079,0.02041109333673057,0.6060464198448507,0.00022144741476615973,0.1232797587585459,0.00022144741476615973,0.010208449504965664,2.77829447471702e-05,0.0016084751710058632,0.00026856802182987364,0.003390209448984063,0.0002674503966789191,0.33391756323536215,1.1837610899122738e-07,2.598585933643744e-06,0.00022144741476615973,1.0,1.810627098856746e-05,0.00025651186272141694,0.03772782123278609,0.0015990098717747598,0.010208449504965664,0.04242704788255249,0.04242704788255249,2.1924629607507157e-05,0.03772782123278609,0.00025651186272141694,1.9220251835613435e-06,0.04242704788255249,0.03772782123278609,1.9220251835613435e-06,0.33163349857219127,0.33163349857219127,0.8644215778459167,0.04242704788255249,0.8691867473774934,0.0054520689263682365,2.1924629607507157e-05,0.8571528365401678,0.00022144741476615973,0.010208449504965664,0.0054520689263682365,0.021818773169299203,0.027679146154419534,0.001752940216110653,0.010208449504965664,0.5552469793690797,0.001885789713023665,0.03772782123278609,2.1924629607507157e-05,0.0002674503966789191,1.9220251835613435e-06,0.9984022702288816,0.00026856802182987364,0.010728411144425715,0.00022144741476615973,0.00022144741476615973,0.33163349857219127,2.3102852356388607e-06
sub-31152_ses-baseline_fs,OrG_6_5_thickness,0.5275018001684814,0.8267151279127345,0.09718731601088168,0.10728348578146618,0.5552469793690813,0.2785487968415582,0.25840952275132156,0.8267151279127345,0.052511555506891315,0.021133369291022164,0.4313937642577379,0.001297614589433962,0.07822050860826966,0.8496682711261563,0.6517045314432236,0.9947279709682624,0.5552469793690813,0.8267151279127345,0.9189021805870227,0.09718731601088168,0.85173252765303,0.25840952275132156,0.09718731601088168,0.5552469793690813,0.09718731601088168,0.031723490883792456,0.8497430650916754,0.5552469793690813,0.9848573197567035,0.9149761831757358,0.9991546015164525,0.9952407685718934,0.002341907910146909,0.10681811676796901,0.00013132775008133964,0.00037647167866918104,0.2448093535796795,0.1697524840217635,0.001178926031098351,0.8497430650916754,0.031723490883792456,0.8497430650916754,0.25840952275132156,0.995727513228036,0.5542562495883053,0.826190457991884,0.4291816732973234,0.8267151279127345,0.006129876007415578,0.6218522796654309,0.9236960408438707,0.8497430650916754,1.810627098856746e-05,1.0,0.8319318128499272,0.10728348578146618,0.5552469793690813,0.25840952275132156,0.09718731601088168,0.09718731601088168,0.9991546015164525,0.10728348578146618,0.8319318128499272,0.9006167035135066,0.09718731601088168,0.10728348578146618,0.9006167035135066,0.006221015129394712,0.006221015129394712,1.2560402678988686e-06,0.09718731601088168,1.325130648060997e-06,0.35223217866332457,0.9991546015164525,1.1588701368561603e-06,0.8497430650916754,0.25840952275132156,0.35223217866332457,0.16220127342667634,0.13677341440037843,0.5398002317571788,0.25840952275132156,0.0015990098717747739,0.5275018001684814,0.10728348578146618,0.9991546015164525,0.8267151279127345,0.9006167035135066,1.3879140136715748e-05,0.826190457991884,0.25147563595499905,0.8497430650916754,0.8497430650916754,0.006221015129394712,0.9149761831757358
sub-31152_ses-baseline_fs,OrG_6_6_thickness,0.8715446207953426,0.9999471416449036,0.29961552525558344,0.32158634069335285,0.8919938874296465,0.6112536743868654,0.5832016134958906,0.9999471416449036,0.1905144416066155,0.09479424252446966,0.7881217505813499,0.0098593433414729,0.2559625431552531,0.9993582124505004,0.3092703834202935,0.8808074239996605,0.8919938874296465,0.9999471416449036,0.5956640586554811,0.29961552525558344,0.9991963262886725,0.5832016134958906,0.29961552525558344,0.8919938874296465,0.29961552525558344,0.12989433523805946,0.9993526776397597,0.8919938874296465,0.9109301940697008,0.5894310546503392,0.852228368222234,0.7803356182625809,0.016092257025420314,0.3205910641667104,0.0014201688617802926,0.0034836471908165118,0.5635232620217869,0.44266765311274303,0.009101126363386215,0.9993526776397597,0.12989433523805946,0.9993526776397597,0.5832016134958906,0.8762100967133953,0.8912913566074727,0.9999360417453168,0.7859656060422558,0.9999471416449036,0.03536017941705892,0.2863994295735674,0.6034583617057828,0.9993526776397597,0.00025651186272141694,0.8319318128499272,1.0,0.32158634069335285,0.8919938874296465,0.5832016134958906,0.29961552525558344,0.29961552525558344,0.852228368222234,0.32158634069335285,1.0,0.5676519115189081,0.29961552525558344,0.32158634069335285,0.5676519115189081,0.035785330035412,0.035785330035412,2.468872996444002e-05,0.29961552525558344,2.5884810796450366e-05,0.7039079468366073,0.852228368222234,2.2992875830202843e-05,0.9993526776397597,0.5832016134958906,0.7039079468366073,0.42918167329732265,0.3816050968754956,0.8808074239996599,0.5832016134958906,0.011731178462422642,0.8715446207953426,0.32158634069335285,0.852228368222234,0.9999471416449036,0.5676519115189081,0.00020348851231398235,0.9999360417453168,0.5732450888266655,0.9993526776397597,0.9993526776397597,0.035785330035412,0.5894310546503392
sub-31152_ses-baseline_fs,PCL_2_1_thickness,0.6174889196474499,0.32658854651041697,0.998930162703404,1.0,0.5894310546503385,0.8762100967133949,0.8963423052232247,0.32658854651041697,0.9516907213301559,0.8019341240969733,0.7166834651791847,0.3087079969940913,0.9896026937550028,0.3044931870359788,0.00989498938651186,0.13261395810175006,0.5894310546503385,0.32658854651041697,0.04134224266505811,0.998930162703404,0.30249333005540485,0.8963423052232247,0.998930162703404,0.5894310546503385,0.998930162703404,0.8762100967133953,0.30442076981547483,0.5894310546503385,0.15283059170000074,0.04028091582255356,0.11692473150559188,0.08686135579216822,0.39257167155026734,0.9999978856121494,0.1068181167679693,0.1779435181090125,0.9096112137496586,0.9739754266478435,0.29644475293017886,0.30442076981547483,0.8762100967133953,0.30442076981547483,0.8963423052232247,0.12989433523805946,0.5904281291389653,0.3270911248203917,0.7189972736310137,0.32658854651041697,0.5586546076527332,0.008506733895544858,0.04270196259439158,0.30442076981547483,0.03772782123278609,0.10728348578146618,0.32158634069335285,1.0,0.5894310546503385,0.8963423052232247,0.998930162703404,0.998930162703404,0.11692473150559188,1.0,0.32158634069335285,0.03674568374718326,0.998930162703404,1.0,0.03674568374718326,0.5614448613886821,0.5614448613886821,0.008188124511342813,0.998930162703404,0.008452873519498461,0.7998488930622699,0.11692473150559188,0.007804919921259397,0.30442076981547483,0.8963423052232247,0.7998488930622699,0.9790780642570237,0.9930336758973438,0.6050174255155346,0.8963423052232247,0.3367207823163597,0.6174889196474499,1.0,0.11692473150559188,0.32658854651041697,0.03674568374718326,0.03259033973754474,0.3270911248203917,0.9031452886992307,0.30442076981547483,0.30442076981547483,0.5614448613886821,0.04028091582255356
sub-31152_ses-baseline_fs,PCL_2_2_thickness,0.998930162703404,0.8963423052232251,0.5614448613886813,0.5894310546503385,1.0,0.8762100967133948,0.8546983504231344,0.8963423052232251,0.4058880867160746,0.23871479350119565,0.9777861986416692,0.03761325973596667,0.5027276341730479,0.8762795634185978,0.13261395810175006,0.6174889196474507,1.0,0.8963423052232251,0.32658854651041747,0.5614448613886813,0.8743520090881965,0.8546983504231344,0.5614448613886813,1.0,0.5614448613886813,0.30442076981547483,0.8762100967133953,1.0,0.6609319722694125,0.32158634069335346,0.5800886272155391,0.49704723251329247,0.05671576387592665,0.5881848404590319,0.007155489468250994,0.015523556470925669,0.8388092029529376,0.7269902494244347,0.03515857302864247,0.8762100967133953,0.30442076981547483,0.8762100967133953,0.8546983504231344,0.6112536743868662,0.9999986467912606,0.896773096839314,0.9769584551716581,0.8963423052232251,0.10857136380736808,0.11994307622085128,0.3329013675433607,0.8762100967133953,0.0015990098717747598,0.5552469793690813,0.8919938874296465,0.5894310546503385,1.0,0.8546983504231344,0.5614448613886813,0.5614448613886813,0.5800886272155391,0.5894310546503385,0.8919938874296465,0.30442076981547544,0.5614448613886813,0.5894310546503385,0.30442076981547544,0.10963396533510227,0.10963396533510227,0.00019921797503404695,0.5614448613886813,0.00020784510159827413,0.937298763559518,0.5800886272155391,0.00018690698212147662,0.8762100967133953,0.8546983504231344,0.937298763559518,0.7129796404458169,0.6609938166157603,0.9996696811163714,0.8546983504231344,0.04353571517179689,0.998930162703404,0.5894310546503385,0.5800886272155391,0.8963423052232251,0.30442076981547544,0.0013032446135278948,0.896773096839314,0.8467407253653388,0.8762100967133953,0.8762100967133953,0.10963396533510227,0.32158634069335346
sub-31152_ses-baseline_fs,PCun_4_1_thickness,0.8762100967133953,0.5894310546503393,0.8762100967133949,0.8963423052232247,0.8546983504231344,0.998930162703404,1.0,0.5894310546503393,0.7362612980992892,0.5267657851771019,0.9411119198837549,0.13505498244208847,0.8290093945120636,0.5615379024361097,0.03674568374718326,0.30442076981547544,0.8546983504231344,0.5894310546503393,0.12070688793493534,0.8762100967133949,0.5589645407294654,1.0,0.8762100967133949,0.8546983504231344,0.8762100967133949,0.6174889196474498,0.5614448613886821,0.8546983504231344,0.33922887366280213,0.1181752193039207,0.276264944939683,0.21900211445587578,0.18558716077318427,0.8954785026315071,0.03559584082850478,0.06687005269538222,0.9994706321339216,0.9720330689838642,0.1281092360043601,0.5614448613886821,0.6174889196474498,0.5614448613886821,1.0,0.2996155252555838,0.8554854803195509,0.5900542158464736,0.9424034013503644,0.5894310546503393,0.3022529002560836,0.03232818582456168,0.12392945293445873,0.5614448613886821,0.010208449504965664,0.25840952275132156,0.5832016134958906,0.8963423052232247,0.8546983504231344,1.0,0.8762100967133949,0.8762100967133949,0.276264944939683,0.8963423052232247,0.5832016134958906,0.10963396533510246,0.8762100967133949,0.8963423052232247,0.10963396533510246,0.30442076981547506,0.30442076981547506,0.001721103031285543,0.8762100967133949,0.0017853191428806045,0.9801007360088808,0.276264944939683,0.0016287607443379343,0.5614448613886821,1.0,0.9801007360088808,0.9662119548929463,0.9407236368149202,0.8668123428956352,1.0,0.15134349769268013,0.8762100967133953,0.8963423052232247,0.276264944939683,0.5894310546503393,0.10963396533510246,0.008588100528336275,0.5900542158464736,0.9998646881899689,0.5614448613886821,0.5614448613886821,0.30442076981547506,0.1181752193039207
sub-31152_ses-baseline_fs,PCun_4_2_thickness,0.5894310546503393,0.30442076981547483,1.0,0.998930162703404,0.5614448613886813,0.8546983504231344,0.8762100967133949,0.30442076981547483,0.9646160337230467,0.8260854591719,0.6893832926494983,0.33104863626046405,0.9951790988466086,0.28322022445867945,0.008588100528336291,0.12070688793493539,0.5614448613886813,0.30442076981547483,0.03674568374718326,1.0,0.2813045407360277,0.8762100967133949,1.0,0.5614448613886813,1.0,0.8963423052232251,0.2831508459688401,0.5614448613886813,0.13957168319018926,0.035785330035412,0.10612300403883251,0.07833223511211923,0.4177661543261992,0.9990231006599258,0.11767380050755609,0.19371126524832635,0.890520837414475,0.9626501566958224,0.3182837336416557,0.2831508459688401,0.8963423052232251,0.2831508459688401,0.8762100967133949,0.1181752193039208,0.5624374047743941,0.30490373980896834,0.6917356486870573,0.30442076981547483,0.5866272887747175,0.0073663594159666486,0.037976802828187585,0.2831508459688401,0.04242704788255249,0.09718731601088168,0.29961552525558344,0.998930162703404,0.5614448613886813,0.8762100967133949,1.0,1.0,0.10612300403883251,0.998930162703404,0.29961552525558344,0.03259033973754482,1.0,0.998930162703404,0.03259033973754482,0.5894310546503393,0.5894310546503393,0.009440881940753931,1.0,0.009741501216138896,0.7746640574879583,0.10612300403883251,0.009005472320010418,0.2831508459688401,0.8762100967133949,0.7746640574879583,0.9687690187714367,0.9865590506676591,0.5769770076553429,0.8762100967133949,0.36012529325621856,0.5894310546503393,0.998930162703404,0.10612300403883251,0.30442076981547483,0.03259033973754482,0.03674568374718318,0.30490373980896834,0.8835325542435519,0.2831508459688401,0.2831508459688401,0.5894310546503393,0.035785330035412
sub-31152_ses-baseline_fs,PCun_4_3_thickness,0.5894310546503393,0.30442076981547483,1.0,0.998930162703404,0.5614448613886813,0.8546983504231344,0.8762100967133949,0.30442076981547483,0.9646160337230467,0.8260854591719,0.6893832926494983,0.33104863626046405,0.9951790988466086,0.28322022445867945,0.008588100528336291,0.12070688793493539,0.5614448613886813,0.30442076981547483,0.03674568374718326,1.0,0.2813045407360277,0.8762100967133949,1.0,0.5614448613886813,1.0,0.8963423052232251,0.2831508459688401,0.5614448613886813,0.13957168319018926,0.035785330035412,0.10612300403883251,0.07833223511211923,0.4177661543261992,0.9990231006599258,0.11767380050755609,0.19371126524832635,0.890520837414475,0.9626501566958224,0.3182837336416557,0.2831508459688401,0.8963423052232251,0.2831508459688401,0.8762100967133949,0.1181752193039208,0.5624374047743941,0.30490373980896834,0.6917356486870573,0.30442076981547483,0.5866272887747175,0.0073663594159666486,0.037976802828187585,0.2831508459688401,0.04242704788255249,0.09718731601088168,0.29961552525558344,0.998930162703404,0.5614448613886813,0.8762100967133949,1.0,1.0,0.10612300403883251,0.998930162703404,0.29961552525558344,0.03259033973754482,1.0,0.998930162703404,0.03259033973754482,0.5894310546503393,0.5894310546503393,0.009440881940753931,1.0,0.009741501216138896,0.7746640574879583,0.10612300403883251,0.009005472320010418,0.2831508459688401,0.8762100967133949,0.7746640574879583,0.9687690187714367,0.9865590506676591,0.5769770076553429,0.8762100967133949,0.36012529325621856,0.5894310546503393,0.998930162703404,0.10612300403883251,0.30442076981547483,0.03259033973754482,0.03674568374718318,0.30490373980896834,0.8835325542435519,0.2831508459688401,0.2831508459688401,0.5894310546503393,0.035785330035412
sub-31152_ses-baseline_fs,PCun_4_4_thickness,0.5521518526591568,0.8472426168901971,0.10612300403883251,0.11692473150559188,0.5800886272155391,0.29722963822892745,0.276264944939683,0.8472426168901971,0.057976139116821535,0.02367063684243643,0.45464040340245665,0.0015062769213370299,0.08575838343916337,0.8691157549203703,0.6268369813611768,0.9980988583861022,0.5800886272155391,0.8472426168901971,0.9027257512556865,0.10612300403883251,0.8710743767523883,0.276264944939683,0.10612300403883251,0.5800886272155391,0.10612300403883251,0.03531320668945895,0.8691867473774927,0.5800886272155391,0.9911201014026337,0.8984888358995194,1.0,0.990412565505125,0.0027000340827076524,0.11642738767206652,0.0001561376191323697,0.0004428888781220535,0.26207556930009374,0.18326846427680776,0.0013699789186613796,0.8691867473774927,0.03531320668945895,0.8691867473774927,0.276264944939683,0.9986793789847219,0.5790927527360998,0.8467407253653394,0.4523827544166831,0.8472426168901971,0.006983926168562515,0.5969109739854362,0.9079150148097084,0.8691867473774927,2.1924629607507157e-05,0.9991546015164525,0.852228368222234,0.11692473150559188,0.5800886272155391,0.276264944939683,0.10612300403883251,0.10612300403883251,1.0,0.11692473150559188,0.852228368222234,0.8830801150339574,0.10612300403883251,0.11692473150559188,0.8830801150339574,0.007086414687461124,0.007086414687461124,1.5550652818402157e-06,0.10612300403883251,1.6399103530210114e-06,0.37347802295102983,1.0,1.4356722784152404e-06,0.8691867473774927,0.276264944939683,0.37347802295102983,0.1752890119869902,0.14834167478514446,0.5645473162023693,0.276264944939683,0.0018517354482712033,0.5521518526591568,0.11692473150559188,1.0,0.8472426168901971,0.8830801150339574,1.6845189648288337e-05,0.8467407253653394,0.26903391277730476,0.8691867473774927,0.8691867473774927,0.007086414687461124,0.8984888358995194
sub-31152_ses-baseline_fs,PhG_6_1_thickness,0.6174889196474499,0.32658854651041697,0.998930162703404,1.0,0.5894310546503385,0.8762100967133949,0.8963423052232247,0.32658854651041697,0.9516907213301559,0.8019341240969733,0.7166834651791847,0.3087079969940913,0.9896026937550028,0.3044931870359788,0.00989498938651186,0.13261395810175006,0.5894310546503385,0.32658854651041697,0.04134224266505811,0.998930162703404,0.30249333005540485,0.8963423052232247,0.998930162703404,0.5894310546503385,0.998930162703404,0.8762100967133953,0.30442076981547483,0.5894310546503385,0.15283059170000074,0.04028091582255356,0.11692473150559188,0.08686135579216822,0.39257167155026734,0.9999978856121494,0.1068181167679693,0.1779435181090125,0.9096112137496586,0.9739754266478435,0.29644475293017886,0.30442076981547483,0.8762100967133953,0.30442076981547483,0.8963423052232247,0.12989433523805946,0.5904281291389653,0.3270911248203917,0.7189972736310137,0.32658854651041697,0.5586546076527332,0.008506733895544858,0.04270196259439158,0.30442076981547483,0.03772782123278609,0.10728348578146618,0.32158634069335285,1.0,0.5894310546503385,0.8963423052232247,0.998930162703404,0.998930162703404,0.11692473150559188,1.0,0.32158634069335285,0.03674568374718326,0.998930162703404,1.0,0.03674568374718326,0.5614448613886821,0.5614448613886821,0.008188124511342813,0.998930162703404,0.008452873519498461,0.7998488930622699,0.11692473150559188,0.007804919921259397,0.30442076981547483,0.8963423052232247,0.7998488930622699,0.9790780642570237,0.9930336758973438,0.6050174255155346,0.8963423052232247,0.3367207823163597,0.6174889196474499,1.0,0.11692473150559188,0.32658854651041697,0.03674568374718326,0.03259033973754474,0.3270911248203917,0.9031452886992307,0.30442076981547483,0.30442076981547483,0.5614448613886821,0.04028091582255356
sub-31152_ses-baseline_fs,PhG_6_2_thickness,0.8715446207953426,0.9999471416449036,0.29961552525558344,0.32158634069335285,0.8919938874296465,0.6112536743868654,0.5832016134958906,0.9999471416449036,0.1905144416066155,0.09479424252446966,0.7881217505813499,0.0098593433414729,0.2559625431552531,0.9993582124505004,0.3092703834202935,0.8808074239996605,0.8919938874296465,0.9999471416449036,0.5956640586554811,0.29961552525558344,0.9991963262886725,0.5832016134958906,0.29961552525558344,0.8919938874296465,0.29961552525558344,0.12989433523805946,0.9993526776397597,0.8919938874296465,0.9109301940697008,0.5894310546503392,0.852228368222234,0.7803356182625809,0.016092257025420314,0.3205910641667104,0.0014201688617802926,0.0034836471908165118,0.5635232620217869,0.44266765311274303,0.009101126363386215,0.9993526776397597,0.12989433523805946,0.9993526776397597,0.5832016134958906,0.8762100967133953,0.8912913566074727,0.9999360417453168,0.7859656060422558,0.9999471416449036,0.03536017941705892,0.2863994295735674,0.6034583617057828,0.9993526776397597,0.00025651186272141694,0.8319318128499272,1.0,0.32158634069335285,0.8919938874296465,0.5832016134958906,0.29961552525558344,0.29961552525558344,0.852228368222234,0.32158634069335285,1.0,0.5676519115189081,0.29961552525558344,0.32158634069335285,0.5676519115189081,0.035785330035412,0.035785330035412,2.468872996444002e-05,0.29961552525558344,2.5884810796450366e-05,0.7039079468366073,0.852228368222234,2.2992875830202843e-05,0.9993526776397597,0.5832016134958906,0.7039079468366073,0.42918167329732265,0.3816050968754956,0.8808074239996599,0.5832016134958906,0.011731178462422642,0.8715446207953426,0.32158634069335285,0.852228368222234,0.9999471416449036,0.5676519115189081,0.00020348851231398235,0.9999360417453168,0.5732450888266655,0.9993526776397597,0.9993526776397597,0.035785330035412,0.5894310546503392
sub-31152_ses-baseline_fs,PhG_6_3_thickness,0.28315084596883994,0.561444861388682,0.03259033973754482,0.03674568374718326,0.30442076981547544,0.12070688793493534,0.10963396533510246,0.561444861388682,0.015573843573925156,0.005340895650762562,0.2146557269744145,0.0002203709847611289,0.025076354026282135,0.5893375835136452,0.8963423052232247,0.8546983504231342,0.30442076981547544,0.561444861388682,0.998930162703404,0.03259033973754482,0.5919239004649676,0.10963396533510246,0.03259033973754482,0.30442076981547544,0.03259033973754482,0.008588100528336329,0.5894310546503392,0.30442076981547544,0.8188422837933614,0.9993526776397597,0.8830801150339574,0.9372987635595184,0.00042904695925160977,0.03655188215065813,1.709050089660962e-05,5.510342648553694e-05,0.10232884161123632,0.06458375101350926,0.0001978273113476354,0.5894310546503392,0.008588100528336329,0.5894310546503392,0.10963396533510246,0.8595916521442373,0.30364894086638927,0.5608246406606905,0.21316857111874057,0.561444861388682,0.0012814361017811614,0.8748175485470402,0.9982538507402299,0.5894310546503392,1.9220251835613435e-06,0.9006167035135066,0.5676519115189081,0.03674568374718326,0.30442076981547544,0.10963396533510246,0.03259033973754482,0.03259033973754482,0.8830801150339574,0.03674568374718326,0.5676519115189081,1.0,0.03259033973754482,0.03674568374718326,1.0,0.0013032446135279063,0.0013032446135279063,1.041521995515035e-07,0.03259033973754482,1.103994037954686e-07,0.16379739400908067,0.8830801150339574,9.54190164250207e-08,0.5894310546503392,0.10963396533510246,0.16379739400908067,0.06103664309702024,0.0494505728453746,0.2924915180348748,0.10963396533510246,0.0002788259078494369,0.28315084596883994,0.03674568374718326,0.8830801150339574,0.561444861388682,1.0,1.4356722784152404e-06,0.5608246406606905,0.10589208255728057,0.5894310546503392,0.5894310546503392,0.0013032446135279063,0.9993526776397597
sub-31152_ses-baseline_fs,PhG_6_4_thickness,0.5894310546503393,0.30442076981547483,1.0,0.998930162703404,0.5614448613886813,0.8546983504231344,0.8762100967133949,0.30442076981547483,0.9646160337230467,0.8260854591719,0.6893832926494983,0.33104863626046405,0.9951790988466086,0.28322022445867945,0.008588100528336291,0.12070688793493539,0.5614448613886813,0.30442076981547483,0.03674568374718326,1.0,0.2813045407360277,0.8762100967133949,1.0,0.5614448613886813,1.0,0.8963423052232251,0.2831508459688401,0.5614448613886813,0.13957168319018926,0.035785330035412,0.10612300403883251,0.07833223511211923,0.4177661543261992,0.9990231006599258,0.11767380050755609,0.19371126524832635,0.890520837414475,0.9626501566958224,0.3182837336416557,0.2831508459688401,0.8963423052232251,0.2831508459688401,0.8762100967133949,0.1181752193039208,0.5624374047743941,0.30490373980896834,0.6917356486870573,0.30442076981547483,0.5866272887747175,0.0073663594159666486,0.037976802828187585,0.2831508459688401,0.04242704788255249,0.09718731601088168,0.29961552525558344,0.998930162703404,0.5614448613886813,0.8762100967133949,1.0,1.0,0.10612300403883251,0.998930162703404,0.29961552525558344,0.03259033973754482,1.0,0.998930162703404,0.03259033973754482,0.5894310546503393,0.5894310546503393,0.009440881940753931,1.0,0.009741501216138896,0.7746640574879583,0.10612300403883251,0.009005472320010418,0.2831508459688401,0.8762100967133949,0.7746640574879583,0.9687690187714367,0.9865590506676591,0.5769770076553429,0.8762100967133949,0.36012529325621856,0.5894310546503393,0.998930162703404,0.10612300403883251,0.30442076981547483,0.03259033973754482,0.03674568374718318,0.30490373980896834,0.8835325542435519,0.2831508459688401,0.2831508459688401,0.5894310546503393,0.035785330035412
sub-31152_ses-baseline_fs,PhG_6_5_thickness,0.6174889196474499,0.32658854651041697,0.998930162703404,1.0,0.5894310546503385,0.8762100967133949,0.8963423052232247,0.32658854651041697,0.9516907213301559,0.8019341240969733,0.7166834651791847,0.3087079969940913,0.9896026937550028,0.3044931870359788,0.00989498938651186,0.13261395810175006,0.5894310546503385,0.32658854651041697,0.04134224266505811,0.998930162703404,0.30249333005540485,0.8963423052232247,0.998930162703404,0.5894310546503385,0.998930162703404,0.8762100967133953,0.30442076981547483,0.5894310546503385,0.15283059170000074,0.04028091582255356,0.11692473150559188,0.08686135579216822,0.39257167155026734,0.9999978856121494,0.1068181167679693,0.1779435181090125,0.9096112137496586,0.9739754266478435,0.29644475293017886,0.30442076981547483,0.8762100967133953,0.30442076981547483,0.8963423052232247,0.12989433523805946,0.5904281291389653,0.3270911248203917,0.7189972736310137,0.32658854651041697,0.5586546076527332,0.008506733895544858,0.04270196259439158,0.30442076981547483,0.03772782123278609,0.10728348578146618,0.32158634069335285,1.0,0.5894310546503385,0.8963423052232247,0.998930162703404,0.998930162703404,0.11692473150559188,1.0,0.32158634069335285,0.03674568374718326,0.998930162703404,1.0,0.03674568374718326,0.5614448613886821,0.5614448613886821,0.008188124511342813,0.998930162703404,0.008452873519498461,0.7998488930622699,0.11692473150559188,0.007804919921259397,0.30442076981547483,0.8963423052232247,0.7998488930622699,0.9790780642570237,0.9930336758973438,0.6050174255155346,0.8963423052232247,0.3367207823163597,0.6174889196474499,1.0,0.11692473150559188,0.32658854651041697,0.03674568374718326,0.03259033973754474,0.3270911248203917,0.9031452886992307,0.30442076981547483,0.30442076981547483,0.5614448613886821,0.04028091582255356
sub-31152_ses-baseline_fs,PhG_6_6_thickness,0.28315084596883994,0.561444861388682,0.03259033973754482,0.03674568374718326,0.30442076981547544,0.12070688793493534,0.10963396533510246,0.561444861388682,0.015573843573925156,0.005340895650762562,0.2146557269744145,0.0002203709847611289,0.025076354026282135,0.5893375835136452,0.8963423052232247,0.8546983504231342,0.30442076981547544,0.561444861388682,0.998930162703404,0.03259033973754482,0.5919239004649676,0.10963396533510246,0.03259033973754482,0.30442076981547544,0.03259033973754482,0.008588100528336329,0.5894310546503392,0.30442076981547544,0.8188422837933614,0.9993526776397597,0.8830801150339574,0.9372987635595184,0.00042904695925160977,0.03655188215065813,1.709050089660962e-05,5.510342648553694e-05,0.10232884161123632,0.06458375101350926,0.0001978273113476354,0.5894310546503392,0.008588100528336329,0.5894310546503392,0.10963396533510246,0.8595916521442373,0.30364894086638927,0.5608246406606905,0.21316857111874057,0.561444861388682,0.0012814361017811614,0.8748175485470402,0.9982538507402299,0.5894310546503392,1.9220251835613435e-06,0.9006167035135066,0.5676519115189081,0.03674568374718326,0.30442076981547544,0.10963396533510246,0.03259033973754482,0.03259033973754482,0.8830801150339574,0.03674568374718326,0.5676519115189081,1.0,0.03259033973754482,0.03674568374718326,1.0,0.0013032446135279063,0.0013032446135279063,1.041521995515035e-07,0.03259033973754482,1.103994037954686e-07,0.16379739400908067,0.8830801150339574,9.54190164250207e-08,0.5894310546503392,0.10963396533510246,0.16379739400908067,0.06103664309702024,0.0494505728453746,0.2924915180348748,0.10963396533510246,0.0002788259078494369,0.28315084596883994,0.03674568374718326,0.8830801150339574,0.561444861388682,1.0,1.4356722784152404e-06,0.5608246406606905,0.10589208255728057,0.5894310546503392,0.5894310546503392,0.0013032446135279063,0.9993526776397597
sub-31152_ses-baseline_fs,PoG_4_1_thickness,0.12070688793493539,0.036745683747183296,0.5894310546503393,0.5614448613886821,0.10963396533510227,0.2831508459688401,0.30442076981547506,0.036745683747183296,0.7492883924637407,0.9193678993533296,0.16739760248591679,0.9001268319692519,0.6489845446686524,0.03260349495073492,0.00021228935246781085,0.008588100528336329,0.10963396533510227,0.036745683747183296,0.0015410062941669906,0.5894310546503393,0.03224120246654072,0.30442076981547506,0.5894310546503393,0.10963396533510227,0.5894310546503393,0.8546983504231344,0.03259033973754482,0.10963396533510227,0.010691923606797608,0.0014849497815469575,0.007086414687461124,0.004534970437178361,0.9579733366719614,0.5626855767172732,0.5819562650461745,0.7356154166459293,0.31992022961882466,0.4272606504883462,0.8890618384212059,0.03259033973754482,0.8546983504231344,0.03259033973754482,0.30442076981547506,0.008319555888162113,0.11001371261589356,0.036842911113365975,0.1686538668843032,0.036745683747183296,0.9999892959574787,0.00017307947416964306,0.0016138220836060427,0.03259033973754482,0.33163349857219127,0.006221015129394712,0.035785330035412,0.5614448613886821,0.10963396533510227,0.30442076981547506,0.5894310546503393,0.5894310546503393,0.007086414687461124,0.5614448613886821,0.035785330035412,0.0013032446135279063,0.5894310546503393,0.5614448613886821,0.0013032446135279063,1.0,1.0,0.12855041446407212,0.5894310546503393,0.13124883699576745,0.2190021144558759,0.007086414687461124,0.12458174787781497,0.03259033973754482,0.30442076981547506,0.2190021144558759,0.4407227115729107,0.4910148904284154,0.11568441835552994,0.30442076981547506,0.9227474661820465,0.12070688793493539,0.5614448613886821,0.007086414687461124,0.036745683747183296,0.0013032446135279063,0.30442076981547445,0.036842911113365975,0.31220131362383796,0.03259033973754482,0.03259033973754482,1.0,0.0014849497815469575
sub-31152_ses-baseline_fs,PoG_4_2_thickness,0.12070688793493539,0.036745683747183296,0.5894310546503393,0.5614448613886821,0.10963396533510227,0.2831508459688401,0.30442076981547506,0.036745683747183296,0.7492883924637407,0.9193678993533296,0.16739760248591679,0.9001268319692519,0.6489845446686524,0.03260349495073492,0.00021228935246781085,0.008588100528336329,0.10963396533510227,0.036745683747183296,0.0015410062941669906,0.5894310546503393,0.03224120246654072,0.30442076981547506,0.5894310546503393,0.10963396533510227,0.5894310546503393,0.8546983504231344,0.03259033973754482,0.10963396533510227,0.010691923606797608,0.0014849497815469575,0.007086414687461124,0.004534970437178361,0.9579733366719614,0.5626855767172732,0.5819562650461745,0.7356154166459293,0.31992022961882466,0.4272606504883462,0.8890618384212059,0.03259033973754482,0.8546983504231344,0.03259033973754482,0.30442076981547506,0.008319555888162113,0.11001371261589356,0.036842911113365975,0.1686538668843032,0.036745683747183296,0.9999892959574787,0.00017307947416964306,0.0016138220836060427,0.03259033973754482,0.33163349857219127,0.006221015129394712,0.035785330035412,0.5614448613886821,0.10963396533510227,0.30442076981547506,0.5894310546503393,0.5894310546503393,0.007086414687461124,0.5614448613886821,0.035785330035412,0.0013032446135279063,0.5894310546503393,0.5614448613886821,0.0013032446135279063,1.0,1.0,0.12855041446407212,0.5894310546503393,0.13124883699576745,0.2190021144558759,0.007086414687461124,0.12458174787781497,0.03259033973754482,0.30442076981547506,0.2190021144558759,0.4407227115729107,0.4910148904284154,0.11568441835552994,0.30442076981547506,0.9227474661820465,0.12070688793493539,0.5614448613886821,0.007086414687461124,0.036745683747183296,0.0013032446135279063,0.30442076981547445,0.036842911113365975,0.31220131362383796,0.03259033973754482,0.03259033973754482,1.0,0.0014849497815469575
sub-31152_ses-baseline_fs,PoG_4_3_thickness,0.00024088939388363569,2.5884810796450227e-05,0.009440881940753931,0.008188124511342813,0.00019921797503404695,0.0014576331157028965,0.001721103031285543,2.5884810796450227e-05,0.020670726610883768,0.051505147909324665,0.0004672981437242581,0.29303647221993645,0.01268519345366594,2.0918775845870034e-05,6.576971844945988e-09,2.135447100544695e-06,0.00019921797503404695,2.5884810796450227e-05,1.3525369760141726e-07,0.009440881940753931,2.050830134893121e-05,0.001721103031285543,0.009440881940753931,0.00019921797503404695,0.009440881940753931,0.03531320668945887,2.090380391816125e-05,0.00019921797503404695,3.0751879959005087e-06,1.2764727905119744e-07,1.5550652818402157e-06,7.512592674896012e-07,0.2229501003213331,0.008240472182376425,0.615618530645238,0.46247083580212994,0.0019319751023058422,0.003913375352228551,0.30521790809161764,2.090380391816125e-05,0.03531320668945887,2.090380391816125e-05,0.001721103031285543,2.0260348076216937e-06,0.00020057528146725874,2.600740939572833e-05,0.0004745952934028465,2.5884810796450227e-05,0.12975946765323276,4.852076381708551e-09,1.4538063531329363e-07,2.090380391816125e-05,0.8644215778459167,1.2560402678988686e-06,2.468872996444002e-05,0.008188124511342813,0.00019921797503404695,0.001721103031285543,0.009440881940753931,0.009440881940753931,1.5550652818402157e-06,0.008188124511342813,2.468872996444002e-05,1.041521995515035e-07,0.009440881940753931,0.008188124511342813,1.041521995515035e-07,0.12855041446407212,0.12855041446407212,1.0,0.009440881940753931,0.9999471416449036,0.0008249062264325598,1.5550652818402157e-06,0.9998810726300864,2.090380391816125e-05,0.001721103031285543,0.0008249062264325598,0.004237834308591021,0.005635795003897554,0.00022144741476616013,0.001721103031285543,0.26724462203362154,0.00024088939388363569,0.008188124511342813,1.5550652818402157e-06,2.5884810796450227e-05,1.041521995515035e-07,0.8897923193812554,2.600740939572833e-05,0.001824900619277501,2.090380391816125e-05,2.090380391816125e-05,0.12855041446407212,1.2764727905119744e-07
sub-31152_ses-baseline_fs,PoG_4_4_thickness,0.5894310546503393,0.30442076981547483,1.0,0.998930162703404,0.5614448613886813,0.8546983504231344,0.8762100967133949,0.30442076981547483,0.9646160337230467,0.8260854591719,0.6893832926494983,0.33104863626046405,0.9951790988466086,0.28322022445867945,0.008588100528336291,0.12070688793493539,0.5614448613886813,0.30442076981547483,0.03674568374718326,1.0,0.2813045407360277,0.8762100967133949,1.0,0.5614448613886813,1.0,0.8963423052232251,0.2831508459688401,0.5614448613886813,0.13957168319018926,0.035785330035412,0.10612300403883251,0.07833223511211923,0.4177661543261992,0.9990231006599258,0.11767380050755609,0.19371126524832635,0.890520837414475,0.9626501566958224,0.3182837336416557,0.2831508459688401,0.8963423052232251,0.2831508459688401,0.8762100967133949,0.1181752193039208,0.5624374047743941,0.30490373980896834,0.6917356486870573,0.30442076981547483,0.5866272887747175,0.0073663594159666486,0.037976802828187585,0.2831508459688401,0.04242704788255249,0.09718731601088168,0.29961552525558344,0.998930162703404,0.5614448613886813,0.8762100967133949,1.0,1.0,0.10612300403883251,0.998930162703404,0.29961552525558344,0.03259033973754482,1.0,0.998930162703404,0.03259033973754482,0.5894310546503393,0.5894310546503393,0.009440881940753931,1.0,0.009741501216138896,0.7746640574879583,0.10612300403883251,0.009005472320010418,0.2831508459688401,0.8762100967133949,0.7746640574879583,0.9687690187714367,0.9865590506676591,0.5769770076553429,0.8762100967133949,0.36012529325621856,0.5894310546503393,0.998930162703404,0.10612300403883251,0.30442076981547483,0.03259033973754482,0.03674568374718318,0.30490373980896834,0.8835325542435519,0.2831508459688401,0.2831508459688401,0.5894310546503393,0.035785330035412
sub-31152_ses-baseline_fs,PrG_6_1_thickness,0.00025120156509672874,2.7135968522166435e-05,0.009741501216138896,0.008452873519498461,0.00020784510159827413,0.0015127383913349584,0.0017853191428806045,2.7135968522166435e-05,0.021270144985957192,0.05280847760392576,0.00048647309212348626,0.29777978412731543,0.013075894747009325,2.1940297888226568e-05,7.00508362618095e-09,2.250530066124575e-06,0.00020784510159827413,2.7135968522166435e-05,1.432982274801466e-07,0.009741501216138896,2.1510722511244646e-05,0.0017853191428806045,0.009741501216138896,0.00020784510159827413,0.009741501216138896,0.03626280704612291,2.192462960750735e-05,0.00020784510159827413,3.2385211512807556e-06,1.3525369760141824e-07,1.6399103530210114e-06,7.933798304439058e-07,0.22694526334537005,0.008506733895544887,0.6218522796654309,0.46838938434481586,0.00200338861574044,0.004049458137521538,0.3100748117038257,2.192462960750735e-05,0.03626280704612291,2.192462960750735e-05,0.0017853191428806045,2.13544710054471e-06,0.00020925764648484766,2.726420476031548e-05,0.0004940495612677918,2.7135968522166435e-05,0.1324769670362832,5.170533482006528e-09,1.5400713519622643e-07,2.192462960750735e-05,0.8691867473774934,1.325130648060997e-06,2.5884810796450366e-05,0.008452873519498461,0.00020784510159827413,0.0017853191428806045,0.009741501216138896,0.009741501216138896,1.6399103530210114e-06,0.008452873519498461,2.5884810796450366e-05,1.103994037954686e-07,0.009741501216138896,0.008452873519498461,1.103994037954686e-07,0.13124883699576745,0.13124883699576745,0.9999471416449036,0.009741501216138896,1.0,0.0008574501588122777,1.6399103530210114e-06,0.9996696811163714,2.192462960750735e-05,0.0017853191428806045,0.0008574501588122777,0.004384117377520814,0.005825096500039038,0.0002309761315693262,0.0017853191428806045,0.27173171789296524,0.00025120156509672874,0.008452873519498461,1.6399103530210114e-06,2.7135968522166435e-05,1.103994037954686e-07,0.8941772693995731,2.726420476031548e-05,0.0018926693504900244,2.192462960750735e-05,2.192462960750735e-05,0.13124883699576745,1.3525369760141824e-07
sub-31152_ses-baseline_fs,PrG_6_2_thickness,0.9520166218315709,0.7099615901006786,0.7746640574879583,0.7998488930622699,0.937298763559518,0.9881770032102996,0.9801007360088808,0.7099615901006786,0.6168280710384093,0.4114306097178078,0.9891214296279693,0.08862165983899084,0.718627920311,0.6826473151793278,0.06029827114325916,0.4064823403847523,0.937298763559518,0.7099615901006786,0.17867550492590628,0.7746640574879583,0.6801005459992308,0.9801007360088808,0.7746640574879583,0.937298763559518,0.7746640574879583,0.49704723251329247,0.6825553138503792,0.937298763559518,0.44647997719478616,0.17528901198699007,0.37347802295102983,0.30442076981547483,0.12589416022674685,0.7987486840742835,0.020785849855039482,0.04111208917985174,0.9732111877585402,0.9082635179777834,0.08362326386227466,0.6825553138503792,0.49704723251329247,0.6825553138503792,0.9801007360088808,0.4008916654738152,0.9378525670005895,0.7105656788114727,0.9896929738065575,0.7099615901006786,0.21724091075081528,0.05357687209292494,0.18297356865713588,0.6825553138503792,0.0054520689263682365,0.35223217866332457,0.7039079468366073,0.7998488930622699,0.937298763559518,0.9801007360088808,0.7746640574879583,0.7746640574879583,0.37347802295102983,0.7998488930622699,0.7039079468366073,0.16379739400908067,0.7746640574879583,0.7998488930622699,0.16379739400908067,0.2190021144558759,0.2190021144558759,0.0008249062264325598,0.7746640574879583,0.0008574501588122777,1.0,0.37347802295102983,0.0007782372941551763,0.6825553138503792,0.9801007360088808,1.0,0.8984888358995194,0.8595916521442373,0.9456969470525777,0.9801007360088808,0.10046635734263708,0.9520166218315709,0.7998488930622699,0.37347802295102983,0.7099615901006786,0.16379739400908067,0.004534970437178346,0.7105656788114727,0.976741067459861,0.6825553138503792,0.6825553138503792,0.2190021144558759,0.17528901198699007
sub-31152_ses-baseline_fs,PrG_6_3_thickness,0.5521518526591568,0.8472426168901971,0.10612300403883251,0.11692473150559188,0.5800886272155391,0.29722963822892745,0.276264944939683,0.8472426168901971,0.057976139116821535,0.02367063684243643,0.45464040340245665,0.0015062769213370299,0.08575838343916337,0.8691157549203703,0.6268369813611768,0.9980988583861022,0.5800886272155391,0.8472426168901971,0.9027257512556865,0.10612300403883251,0.8710743767523883,0.276264944939683,0.10612300403883251,0.5800886272155391,0.10612300403883251,0.03531320668945895,0.8691867473774927,0.5800886272155391,0.9911201014026337,0.8984888358995194,1.0,0.990412565505125,0.0027000340827076524,0.11642738767206652,0.0001561376191323697,0.0004428888781220535,0.26207556930009374,0.18326846427680776,0.0013699789186613796,0.8691867473774927,0.03531320668945895,0.8691867473774927,0.276264944939683,0.9986793789847219,0.5790927527360998,0.8467407253653394,0.4523827544166831,0.8472426168901971,0.006983926168562515,0.5969109739854362,0.9079150148097084,0.8691867473774927,2.1924629607507157e-05,0.9991546015164525,0.852228368222234,0.11692473150559188,0.5800886272155391,0.276264944939683,0.10612300403883251,0.10612300403883251,1.0,0.11692473150559188,0.852228368222234,0.8830801150339574,0.10612300403883251,0.11692473150559188,0.8830801150339574,0.007086414687461124,0.007086414687461124,1.5550652818402157e-06,0.10612300403883251,1.6399103530210114e-06,0.37347802295102983,1.0,1.4356722784152404e-06,0.8691867473774927,0.276264944939683,0.37347802295102983,0.1752890119869902,0.14834167478514446,0.5645473162023693,0.276264944939683,0.0018517354482712033,0.5521518526591568,0.11692473150559188,1.0,0.8472426168901971,0.8830801150339574,1.6845189648288337e-05,0.8467407253653394,0.26903391277730476,0.8691867473774927,0.8691867473774927,0.007086414687461124,0.8984888358995194
sub-31152_ses-baseline_fs,PrG_6_4_thickness,0.00022616458407559724,2.411062172465591e-05,0.009005472320010418,0.007804919921259397,0.00018690698212147662,0.001378442754890324,0.0016287607443379343,2.411062172465591e-05,0.01979919781447535,0.04960038388755336,0.00043985630007103526,0.28600609583195774,0.012118518357938769,1.9471113951260598e-05,5.982171821819121e-09,1.9733709343899175e-06,0.00018690698212147662,2.411062172465591e-05,1.2400110398215472e-07,0.009005472320010418,1.9087789694184314e-05,0.0016287607443379343,0.009005472320010418,0.00018690698212147662,0.009005472320010418,0.0339285011725326,1.945713185755425e-05,0.00018690698212147662,2.8449391540567656e-06,1.1700895388349339e-07,1.4356722784152404e-06,6.920967108868771e-07,0.21704581100727624,0.007855066845149519,0.606264691927201,0.4536430100746618,0.0018292367724444083,0.0037170406038842733,0.29801574388393,1.945713185755425e-05,0.0339285011725326,1.945713185755425e-05,0.0016287607443379343,1.8719659372785021e-06,0.0001881851863382031,2.422520136527549e-05,0.00044675220311573253,2.411062172465591e-05,0.12576244880144125,4.409912298506312e-09,1.3331194197991055e-07,1.945713185755425e-05,0.8571528365401678,1.1588701368561603e-06,2.2992875830202843e-05,0.007804919921259397,0.00018690698212147662,0.0016287607443379343,0.009005472320010418,0.009005472320010418,1.4356722784152404e-06,0.007804919921259397,2.2992875830202843e-05,9.54190164250207e-08,0.009005472320010418,0.007804919921259397,9.54190164250207e-08,0.12458174787781497,0.12458174787781497,0.9998810726300864,0.009005472320010418,0.9996696811163714,0.0007782372941551763,1.4356722784152404e-06,1.0,1.945713185755425e-05,0.0016287607443379343,0.0007782372941551763,0.004026712141074619,0.005362251694050805,0.00020784510159827375,0.0016287607443379343,0.2606008612055022,0.00022616458407559724,0.007804919921259397,1.4356722784152404e-06,2.411062172465591e-05,9.54190164250207e-08,0.8830801150339576,2.422520136527549e-05,0.0017274275226739479,1.945713185755425e-05,1.945713185755425e-05,0.12458174787781497,1.1700895388349339e-07
sub-31152_ses-baseline_fs,PrG_6_5_thickness,0.8546983504231344,0.998930162703404,0.2831508459688401,0.30442076981547483,0.8762100967133953,0.5894310546503393,0.5614448613886821,0.998930162703404,0.1783143517611179,0.08761418258330186,0.7682930807532249,0.008832065465161104,0.24104241126212153,0.9999999881065559,0.32658854651041697,0.8963423052232252,0.8762100967133953,0.998930162703404,0.6174889196474498,0.2831508459688401,0.9999915424754213,0.5614448613886821,0.2831508459688401,0.8762100967133953,0.2831508459688401,0.12070688793493539,1.0,0.8762100967133953,0.9246018422773802,0.6112536743868653,0.8691867473774927,0.7998488930622698,0.014501768234030566,0.3034561612632471,0.001245837278059728,0.003084398706943377,0.5418656700049134,0.42251646647400526,0.008145162185231484,1.0,0.12070688793493539,1.0,0.5614448613886821,0.8919938874296465,0.8754681653335891,0.9988821129463261,0.7660820419677572,0.998930162703404,0.03219778582735766,0.3029745233348786,0.6252795294761722,1.0,0.00022144741476615973,0.8497430650916754,0.9993526776397597,0.30442076981547483,0.8762100967133953,0.5614448613886821,0.2831508459688401,0.2831508459688401,0.8691867473774927,0.30442076981547483,0.9993526776397597,0.5894310546503392,0.2831508459688401,0.30442076981547483,0.5894310546503392,0.03259033973754482,0.03259033973754482,2.090380391816125e-05,0.2831508459688401,2.192462960750735e-05,0.6825553138503792,0.8691867473774927,1.945713185755425e-05,1.0,0.5614448613886821,0.6825553138503792,0.40929062066038646,0.3627762664336491,0.8644215778459163,0.5614448613886821,0.010530726261534926,0.8546983504231344,0.30442076981547483,0.8691867473774927,0.998930162703404,0.5894310546503392,0.00017531505971832116,0.9988821129463261,0.5515331515541961,1.0,1.0,0.03259033973754482,0.6112536743868653
sub-31152_ses-baseline_fs,PrG_6_6_thickness,0.8762100967133953,0.5894310546503393,0.8762100967133949,0.8963423052232247,0.8546983504231344,0.998930162703404,1.0,0.5894310546503393,0.7362612980992892,0.5267657851771019,0.9411119198837549,0.13505498244208847,0.8290093945120636,0.5615379024361097,0.03674568374718326,0.30442076981547544,0.8546983504231344,0.5894310546503393,0.12070688793493534,0.8762100967133949,0.5589645407294654,1.0,0.8762100967133949,0.8546983504231344,0.8762100967133949,0.6174889196474498,0.5614448613886821,0.8546983504231344,0.33922887366280213,0.1181752193039207,0.276264944939683,0.21900211445587578,0.18558716077318427,0.8954785026315071,0.03559584082850478,0.06687005269538222,0.9994706321339216,0.9720330689838642,0.1281092360043601,0.5614448613886821,0.6174889196474498,0.5614448613886821,1.0,0.2996155252555838,0.8554854803195509,0.5900542158464736,0.9424034013503644,0.5894310546503393,0.3022529002560836,0.03232818582456168,0.12392945293445873,0.5614448613886821,0.010208449504965664,0.25840952275132156,0.5832016134958906,0.8963423052232247,0.8546983504231344,1.0,0.8762100967133949,0.8762100967133949,0.276264944939683,0.8963423052232247,0.5832016134958906,0.10963396533510246,0.8762100967133949,0.8963423052232247,0.10963396533510246,0.30442076981547506,0.30442076981547506,0.001721103031285543,0.8762100967133949,0.0017853191428806045,0.9801007360088808,0.276264944939683,0.0016287607443379343,0.5614448613886821,1.0,0.9801007360088808,0.9662119548929463,0.9407236368149202,0.8668123428956352,1.0,0.15134349769268013,0.8762100967133953,0.8963423052232247,0.276264944939683,0.5894310546503393,0.10963396533510246,0.008588100528336275,0.5900542158464736,0.9998646881899689,0.5614448613886821,0.5614448613886821,0.30442076981547506,0.1181752193039207
sub-31152_ses-baseline_fs,SFG_6_1_thickness,0.9520166218315709,0.7099615901006786,0.7746640574879583,0.7998488930622699,0.937298763559518,0.9881770032102996,0.9801007360088808,0.7099615901006786,0.6168280710384093,0.4114306097178078,0.9891214296279693,0.08862165983899084,0.718627920311,0.6826473151793278,0.06029827114325916,0.4064823403847523,0.937298763559518,0.7099615901006786,0.17867550492590628,0.7746640574879583,0.6801005459992308,0.9801007360088808,0.7746640574879583,0.937298763559518,0.7746640574879583,0.49704723251329247,0.6825553138503792,0.937298763559518,0.44647997719478616,0.17528901198699007,0.37347802295102983,0.30442076981547483,0.12589416022674685,0.7987486840742835,0.020785849855039482,0.04111208917985174,0.9732111877585402,0.9082635179777834,0.08362326386227466,0.6825553138503792,0.49704723251329247,0.6825553138503792,0.9801007360088808,0.4008916654738152,0.9378525670005895,0.7105656788114727,0.9896929738065575,0.7099615901006786,0.21724091075081528,0.05357687209292494,0.18297356865713588,0.6825553138503792,0.0054520689263682365,0.35223217866332457,0.7039079468366073,0.7998488930622699,0.937298763559518,0.9801007360088808,0.7746640574879583,0.7746640574879583,0.37347802295102983,0.7998488930622699,0.7039079468366073,0.16379739400908067,0.7746640574879583,0.7998488930622699,0.16379739400908067,0.2190021144558759,0.2190021144558759,0.0008249062264325598,0.7746640574879583,0.0008574501588122777,1.0,0.37347802295102983,0.0007782372941551763,0.6825553138503792,0.9801007360088808,1.0,0.8984888358995194,0.8595916521442373,0.9456969470525777,0.9801007360088808,0.10046635734263708,0.9520166218315709,0.7998488930622699,0.37347802295102983,0.7099615901006786,0.16379739400908067,0.004534970437178346,0.7105656788114727,0.976741067459861,0.6825553138503792,0.6825553138503792,0.2190021144558759,0.17528901198699007
sub-31152_ses-baseline_fs,SFG_6_2_thickness,0.7398455711597901,0.43493690200535273,0.9687690187714367,0.9790780642570237,0.7129796404458169,0.9535401212712816,0.9662119548929463,0.43493690200535273,0.8733908682799391,0.6848848190490836,0.8299298906085241,0.22051453274248564,0.9405155158811255,0.40937500099232393,0.018095926830855518,0.19630345424098403,0.7129796404458169,0.43493690200535273,0.06802148881881133,0.9687690187714367,0.40704331135636096,0.9662119548929463,0.9687690187714367,0.7129796404458169,0.9687690187714367,0.7718131549424307,0.40929062066038646,0.7129796404458169,0.2229103869369131,0.06641553960683916,0.1752890119869902,0.13398973647373363,0.29013935467964436,0.9786620519208903,0.06769779459631543,0.11889256624849462,0.9739754266478435,0.9997118382644132,0.21061630051794394,0.40929062066038646,0.7718131549424307,0.40929062066038646,0.9662119548929463,0.19268467897346334,0.7139441383526232,0.43551412026906783,0.8319318128499268,0.43493690200535273,0.4381153651354079,0.015715783326729786,0.07007322447309386,0.40929062066038646,0.021818773169299203,0.16220127342667634,0.42918167329732265,0.9790780642570237,0.7129796404458169,0.9662119548929463,0.9687690187714367,0.9687690187714367,0.1752890119869902,0.9790780642570237,0.42918167329732265,0.06103664309702024,0.9687690187714367,0.9790780642570237,0.06103664309702024,0.4407227115729107,0.4407227115729107,0.004237834308591021,0.9687690187714367,0.004384117377520814,0.8984888358995194,0.1752890119869902,0.004026712141074619,0.40929062066038646,0.9662119548929463,0.8984888358995194,1.0,0.9961881664597627,0.727974771192329,0.9662119548929463,0.24339731995164288,0.7398455711597901,0.9790780642570237,0.1752890119869902,0.43493690200535273,0.06103664309702024,0.01862974952219076,0.43551412026906783,0.9702572669168017,0.40929062066038646,0.40929062066038646,0.4407227115729107,0.06641553960683916
sub-31152_ses-baseline_fs,SFG_6_3_thickness,0.6886801004884093,0.3870700054881229,0.9865590506676591,0.9930336758973438,0.6609938166157603,0.9246394810835331,0.9407236368149202,0.3870700054881229,0.9105414467752383,0.73617836087356,0.7838030777814221,0.2557279903260702,0.9660515822934443,0.362855948243507,0.014073577591464522,0.16702366521388382,0.6609938166157603,0.3870700054881229,0.055332845885000446,0.9865590506676591,0.3606546961569167,0.9407236368149202,0.9865590506676591,0.6609938166157603,0.9865590506676591,0.8187890507779488,0.3627762664336491,0.6609938166157603,0.1908570989741184,0.0539779411878095,0.14834167478514446,0.11202409791121656,0.3316334985721914,0.9927901451389869,0.08260350137760446,0.14184952763290173,0.9509831777004024,0.9938136266790198,0.24480935357967912,0.3627762664336491,0.8187890507779488,0.3627762664336491,0.9407236368149202,0.16379739400908067,0.6619831617487962,0.38761852855552104,0.7859656060422558,0.3870700054881229,0.48830743236395896,0.012169884212146662,0.05706591778268825,0.3627762664336491,0.027679146154419534,0.13677341440037843,0.3816050968754956,0.9930336758973438,0.6609938166157603,0.9407236368149202,0.9865590506676591,0.9865590506676591,0.14834167478514446,0.9930336758973438,0.3816050968754956,0.0494505728453746,0.9865590506676591,0.9930336758973438,0.0494505728453746,0.4910148904284154,0.4910148904284154,0.005635795003897554,0.9865590506676591,0.005825096500039038,0.8595916521442373,0.14834167478514446,0.005362251694050805,0.3627762664336491,0.9407236368149202,0.8595916521442373,0.9961881664597627,1.0,0.6764134842143209,0.9407236368149202,0.28084410632279305,0.6886801004884093,0.9930336758973438,0.14834167478514446,0.3870700054881229,0.0494505728453746,0.023750667989705022,0.38761852855552104,0.9460214333059129,0.3627762664336491,0.3627762664336491,0.4910148904284154,0.0539779411878095
sub-31152_ses-baseline_fs,SFG_6_4_thickness,0.9997885833430581,0.8853352705367961,0.5769770076553429,0.6050174255155346,0.9996696811163714,0.8875727263694232,0.8668123428956352,0.8853352705367961,0.42000478480933423,0.2492479029221848,0.9828034793097097,0.0401598277090751,0.5179426285005246,0.8644935372087651,0.12589416022674685,0.6018993383887774,0.9996696811163714,0.8853352705367961,0.3141640393862521,0.5769770076553429,0.8624973012994396,0.8668123428956352,0.5769770076553429,0.9996696811163714,0.5769770076553429,0.3166272759026325,0.8644215778459163,0.9996696811163714,0.6454369061812729,0.3092703834202934,0.5645473162023693,0.48200781416646143,0.06029827114325916,0.6037701718843373,0.00775506034194761,0.016713568853713192,0.8514099033132178,0.7418220986396344,0.03756425228607433,0.8644215778459163,0.3166272759026325,0.8644215778459163,0.8668123428956352,0.5956640586554812,0.9997106030245215,0.8857841829121121,0.9820714140832825,0.8853352705367961,0.11457680054672954,0.11372097383388496,0.3203425150360032,0.8644215778459163,0.001752940216110653,0.5398002317571788,0.8808074239996599,0.6050174255155346,0.9996696811163714,0.8668123428956352,0.5769770076553429,0.5769770076553429,0.5645473162023693,0.6050174255155346,0.8808074239996599,0.2924915180348748,0.5769770076553429,0.6050174255155346,0.2924915180348748,0.11568441835552994,0.11568441835552994,0.00022144741476616013,0.5769770076553429,0.0002309761315693262,0.9456969470525777,0.5645473162023693,0.00020784510159827375,0.8644215778459163,0.8668123428956352,0.9456969470525777,0.727974771192329,0.6764134842143209,1.0,0.8668123428956352,0.046414319171066705,0.9997885833430581,0.6050174255155346,0.5645473162023693,0.8853352705367961,0.2924915180348748,0.001430781142723506,0.8857841829121121,0.8591051510121684,0.8644215778459163,0.8644215778459163,0.11568441835552994,0.3092703834202934
sub-31152_ses-baseline_fs,SFG_6_5_thickness,0.8762100967133953,0.5894310546503393,0.8762100967133949,0.8963423052232247,0.8546983504231344,0.998930162703404,1.0,0.5894310546503393,0.7362612980992892,0.5267657851771019,0.9411119198837549,0.13505498244208847,0.8290093945120636,0.5615379024361097,0.03674568374718326,0.30442076981547544,0.8546983504231344,0.5894310546503393,0.12070688793493534,0.8762100967133949,0.5589645407294654,1.0,0.8762100967133949,0.8546983504231344,0.8762100967133949,0.6174889196474498,0.5614448613886821,0.8546983504231344,0.33922887366280213,0.1181752193039207,0.276264944939683,0.21900211445587578,0.18558716077318427,0.8954785026315071,0.03559584082850478,0.06687005269538222,0.9994706321339216,0.9720330689838642,0.1281092360043601,0.5614448613886821,0.6174889196474498,0.5614448613886821,1.0,0.2996155252555838,0.8554854803195509,0.5900542158464736,0.9424034013503644,0.5894310546503393,0.3022529002560836,0.03232818582456168,0.12392945293445873,0.5614448613886821,0.010208449504965664,0.25840952275132156,0.5832016134958906,0.8963423052232247,0.8546983504231344,1.0,0.8762100967133949,0.8762100967133949,0.276264944939683,0.8963423052232247,0.5832016134958906,0.10963396533510246,0.8762100967133949,0.8963423052232247,0.10963396533510246,0.30442076981547506,0.30442076981547506,0.001721103031285543,0.8762100967133949,0.0017853191428806045,0.9801007360088808,0.276264944939683,0.0016287607443379343,0.5614448613886821,1.0,0.9801007360088808,0.9662119548929463,0.9407236368149202,0.8668123428956352,1.0,0.15134349769268013,0.8762100967133953,0.8963423052232247,0.276264944939683,0.5894310546503393,0.10963396533510246,0.008588100528336275,0.5900542158464736,0.9998646881899689,0.5614448613886821,0.5614448613886821,0.30442076981547506,0.1181752193039207
sub-31152_ses-baseline_fs,SFG_6_6_thickness,0.04883041498048088,0.012095771392060356,0.36012529325621856,0.3367207823163597,0.04353571517179689,0.13818138747811304,0.15134349769268013,0.012095771392060356,0.5098185194061305,0.7197176811088909,0.0723708172885801,0.9983345174779612,0.4124544589556373,0.010535628594180318,3.7649748119321685e-05,0.002300346358688993,0.04353571517179689,0.012095771392060356,0.00033586859699889055,0.36012529325621856,0.010400744260628855,0.15134349769268013,0.36012529325621856,0.04353571517179689,0.36012529325621856,0.6299510454695665,0.010530726261534926,0.04353571517179689,0.002947599069213071,0.0003223191669019167,0.0018517354482712033,0.0011208653247976321,0.9941891609399319,0.3377432809853456,0.8150499139534526,0.9294070816286882,0.161138200686312,0.233701852161864,0.9964821890563496,0.010530726261534926,0.6299510454695665,0.010530726261534926,0.15134349769268013,0.0022192469588677675,0.04371534210198768,0.012132777625982314,0.07302977058038682,0.012095771392060356,0.9244512046410464,3.0094313571637538e-05,0.0003535565763253052,0.010530726261534926,0.5552469793690797,0.0015990098717747739,0.011731178462422642,0.3367207823163597,0.04353571517179689,0.15134349769268013,0.36012529325621856,0.36012529325621856,0.0018517354482712033,0.3367207823163597,0.011731178462422642,0.0002788259078494369,0.36012529325621856,0.3367207823163597,0.0002788259078494369,0.9227474661820465,0.9227474661820465,0.26724462203362154,0.36012529325621856,0.27173171789296524,0.10046635734263708,0.0018517354482712033,0.2606008612055022,0.010530726261534926,0.15134349769268013,0.10046635734263708,0.24339731995164288,0.28084410632279305,0.046414319171066705,0.15134349769268013,1.0,0.04883041498048088,0.3367207823163597,0.0018517354482712033,0.012095771392060356,0.0002788259078494369,0.5213753755174309,0.012132777625982314,0.15623891305043322,0.010530726261534926,0.010530726261534926,0.9227474661820465,0.0003223191669019167
sub-31152_ses-baseline_fs,SPL_4_1_thickness,1.0,0.8762100967133948,0.5894310546503393,0.6174889196474499,0.998930162703404,0.8963423052232251,0.8762100967133953,0.8762100967133948,0.4314455307567249,0.2578853350448649,0.9863664704900671,0.042300541317605196,0.5301932137107946,0.8547722113478305,0.12070688793493507,0.5894310546503393,0.998930162703404,0.8762100967133948,0.30442076981547483,0.5894310546503393,0.8527235959519964,0.8762100967133953,0.5894310546503393,0.998930162703404,0.5894310546503393,0.32658854651041747,0.8546983504231344,0.998930162703404,0.6330016053414174,0.29961552525558327,0.5521518526591568,0.4700808980317851,0.06329641451861673,0.6162420147898076,0.00826675827449027,0.01772249896764448,0.8612168052204316,0.7535465761640059,0.03958794380960174,0.8546983504231344,0.32658854651041747,0.8546983504231344,0.8762100967133953,0.5832016134958906,0.9990048503426051,0.8766729182264057,0.9857119889333684,0.8762100967133948,0.11956255815015931,0.10892467412158312,0.31048968162357116,0.8546983504231344,0.001885789713023665,0.5275018001684814,0.8715446207953426,0.6174889196474499,0.998930162703404,0.8762100967133953,0.5894310546503393,0.5894310546503393,0.5521518526591568,0.6174889196474499,0.8715446207953426,0.28315084596883994,0.5894310546503393,0.6174889196474499,0.28315084596883994,0.12070688793493539,0.12070688793493539,0.00024088939388363569,0.5894310546503393,0.00025120156509672874,0.9520166218315709,0.5521518526591568,0.00022616458407559724,0.8546983504231344,0.8762100967133953,0.9520166218315709,0.7398455711597901,0.6886801004884093,0.9997885833430581,0.8762100967133953,0.04883041498048088,1.0,0.6174889196474499,0.5521518526591568,0.8762100967133948,0.28315084596883994,0.0015410062941669878,0.8766729182264057,0.868713183522444,0.8546983504231344,0.8546983504231344,0.12070688793493539,0.29961552525558327
sub-31152_ses-baseline_fs,SPL_4_2_thickness,0.6174889196474499,0.32658854651041697,0.998930162703404,1.0,0.5894310546503385,0.8762100967133949,0.8963423052232247,0.32658854651041697,0.9516907213301559,0.8019341240969733,0.7166834651791847,0.3087079969940913,0.9896026937550028,0.3044931870359788,0.00989498938651186,0.13261395810175006,0.5894310546503385,0.32658854651041697,0.04134224266505811,0.998930162703404,0.30249333005540485,0.8963423052232247,0.998930162703404,0.5894310546503385,0.998930162703404,0.8762100967133953,0.30442076981547483,0.5894310546503385,0.15283059170000074,0.04028091582255356,0.11692473150559188,0.08686135579216822,0.39257167155026734,0.9999978856121494,0.1068181167679693,0.1779435181090125,0.9096112137496586,0.9739754266478435,0.29644475293017886,0.30442076981547483,0.8762100967133953,0.30442076981547483,0.8963423052232247,0.12989433523805946,0.5904281291389653,0.3270911248203917,0.7189972736310137,0.32658854651041697,0.5586546076527332,0.008506733895544858,0.04270196259439158,0.30442076981547483,0.03772782123278609,0.10728348578146618,0.32158634069335285,1.0,0.5894310546503385,0.8963423052232247,0.998930162703404,0.998930162703404,0.11692473150559188,1.0,0.32158634069335285,0.03674568374718326,0.998930162703404,1.0,0.03674568374718326,0.5614448613886821,0.5614448613886821,0.008188124511342813,0.998930162703404,0.008452873519498461,0.7998488930622699,0.11692473150559188,0.007804919921259397,0.30442076981547483,0.8963423052232247,0.7998488930622699,0.9790780642570237,0.9930336758973438,0.6050174255155346,0.8963423052232247,0.3367207823163597,0.6174889196474499,1.0,0.11692473150559188,0.32658854651041697,0.03674568374718326,0.03259033973754474,0.3270911248203917,0.9031452886992307,0.30442076981547483,0.30442076981547483,0.5614448613886821,0.04028091582255356
sub-31152_ses-baseline_fs,SPL_4_3_thickness,0.5521518526591568,0.8472426168901971,0.10612300403883251,0.11692473150559188,0.5800886272155391,0.29722963822892745,0.276264944939683,0.8472426168901971,0.057976139116821535,0.02367063684243643,0.45464040340245665,0.0015062769213370299,0.08575838343916337,0.8691157549203703,0.6268369813611768,0.9980988583861022,0.5800886272155391,0.8472426168901971,0.9027257512556865,0.10612300403883251,0.8710743767523883,0.276264944939683,0.10612300403883251,0.5800886272155391,0.10612300403883251,0.03531320668945895,0.8691867473774927,0.5800886272155391,0.9911201014026337,0.8984888358995194,1.0,0.990412565505125,0.0027000340827076524,0.11642738767206652,0.0001561376191323697,0.0004428888781220535,0.26207556930009374,0.18326846427680776,0.0013699789186613796,0.8691867473774927,0.03531320668945895,0.8691867473774927,0.276264944939683,0.9986793789847219,0.5790927527360998,0.8467407253653394,0.4523827544166831,0.8472426168901971,0.006983926168562515,0.5969109739854362,0.9079150148097084,0.8691867473774927,2.1924629607507157e-05,0.9991546015164525,0.852228368222234,0.11692473150559188,0.5800886272155391,0.276264944939683,0.10612300403883251,0.10612300403883251,1.0,0.11692473150559188,0.852228368222234,0.8830801150339574,0.10612300403883251,0.11692473150559188,0.8830801150339574,0.007086414687461124,0.007086414687461124,1.5550652818402157e-06,0.10612300403883251,1.6399103530210114e-06,0.37347802295102983,1.0,1.4356722784152404e-06,0.8691867473774927,0.276264944939683,0.37347802295102983,0.1752890119869902,0.14834167478514446,0.5645473162023693,0.276264944939683,0.0018517354482712033,0.5521518526591568,0.11692473150559188,1.0,0.8472426168901971,0.8830801150339574,1.6845189648288337e-05,0.8467407253653394,0.26903391277730476,0.8691867473774927,0.8691867473774927,0.007086414687461124,0.8984888358995194
sub-31152_ses-baseline_fs,SPL_4_4_thickness,0.8762100967133948,1.0,0.30442076981547483,0.32658854651041697,0.8963423052232251,0.6174889196474499,0.5894310546503393,1.0,0.19410489317766458,0.0969286670319645,0.7936916919243535,0.010171798443606717,0.2603306985754812,0.9989372792801435,0.30442076981547483,0.8762100967133953,0.8963423052232251,1.0,0.5894310546503392,0.30442076981547483,0.9987316423972167,0.5894310546503393,0.30442076981547483,0.8963423052232251,0.30442076981547483,0.13261395810175,0.998930162703404,0.8963423052232251,0.9068455351562592,0.5832016134958906,0.8472426168901971,0.7746640574879582,0.01657397953908318,0.32558467273041874,0.0014739668901809174,0.003606075046601638,0.56973311185259,0.44849299932088027,0.009392083732121727,0.998930162703404,0.13261395810175,0.998930162703404,0.5894310546503393,0.8715446207953431,0.8956514995296461,0.9999994714026182,0.7915525262547999,1.0,0.03631085096915173,0.28176543213473493,0.5972227158340678,0.998930162703404,0.0002674503966789191,0.8267151279127345,0.9999471416449036,0.32658854651041697,0.8963423052232251,0.5894310546503393,0.30442076981547483,0.30442076981547483,0.8472426168901971,0.32658854651041697,0.9999471416449036,0.561444861388682,0.30442076981547483,0.32658854651041697,0.561444861388682,0.036745683747183296,0.036745683747183296,2.5884810796450227e-05,0.30442076981547483,2.7135968522166435e-05,0.7099615901006786,0.8472426168901971,2.411062172465591e-05,0.998930162703404,0.5894310546503393,0.7099615901006786,0.43493690200535273,0.3870700054881229,0.8853352705367961,0.5894310546503393,0.012095771392060356,0.8762100967133948,0.32658854651041697,0.8472426168901971,1.0,0.561444861388682,0.0002122893524678097,0.9999994714026182,0.5794661889375501,0.998930162703404,0.998930162703404,0.036745683747183296,0.5832016134958906
sub-31152_ses-baseline_fs,STG_6_1_thickness,0.28315084596883994,0.561444861388682,0.03259033973754482,0.03674568374718326,0.30442076981547544,0.12070688793493534,0.10963396533510246,0.561444861388682,0.015573843573925156,0.005340895650762562,0.2146557269744145,0.0002203709847611289,0.025076354026282135,0.5893375835136452,0.8963423052232247,0.8546983504231342,0.30442076981547544,0.561444861388682,0.998930162703404,0.03259033973754482,0.5919239004649676,0.10963396533510246,0.03259033973754482,0.30442076981547544,0.03259033973754482,0.008588100528336329,0.5894310546503392,0.30442076981547544,0.8188422837933614,0.9993526776397597,0.8830801150339574,0.9372987635595184,0.00042904695925160977,0.03655188215065813,1.709050089660962e-05,5.510342648553694e-05,0.10232884161123632,0.06458375101350926,0.0001978273113476354,0.5894310546503392,0.008588100528336329,0.5894310546503392,0.10963396533510246,0.8595916521442373,0.30364894086638927,0.5608246406606905,0.21316857111874057,0.561444861388682,0.0012814361017811614,0.8748175485470402,0.9982538507402299,0.5894310546503392,1.9220251835613435e-06,0.9006167035135066,0.5676519115189081,0.03674568374718326,0.30442076981547544,0.10963396533510246,0.03259033973754482,0.03259033973754482,0.8830801150339574,0.03674568374718326,0.5676519115189081,1.0,0.03259033973754482,0.03674568374718326,1.0,0.0013032446135279063,0.0013032446135279063,1.041521995515035e-07,0.03259033973754482,1.103994037954686e-07,0.16379739400908067,0.8830801150339574,9.54190164250207e-08,0.5894310546503392,0.10963396533510246,0.16379739400908067,0.06103664309702024,0.0494505728453746,0.2924915180348748,0.10963396533510246,0.0002788259078494369,0.28315084596883994,0.03674568374718326,0.8830801150339574,0.561444861388682,1.0,1.4356722784152404e-06,0.5608246406606905,0.10589208255728057,0.5894310546503392,0.5894310546503392,0.0013032446135279063,0.9993526776397597
sub-31152_ses-baseline_fs,STG_6_2_thickness,0.0015410062941669878,0.0002122893524678097,0.03674568374718318,0.03259033973754474,0.0013032446135278948,0.007437879872348293,0.008588100528336275,0.0002122893524678097,0.07066666519370401,0.1486995563505015,0.0027593434069676584,0.5559623277220418,0.04708231583816021,0.00017542755009453188,1.1365764455454079e-07,2.2452697163972668e-05,0.0013032446135278948,0.0002122893524678097,1.8231623000889738e-06,0.03674568374718318,0.00017234026770145177,0.008588100528336275,0.03674568374718318,0.0013032446135278948,0.03674568374718318,0.10963396533510202,0.00017531505971832116,0.0013032446135278948,3.122967347959568e-05,1.7292017899710768e-06,1.6845189648288337e-05,8.702603005515769e-06,0.4582552772873738,0.03276611577462212,0.8817185941317591,0.7499262212978033,0.009489906374971503,0.01740416990500444,0.5717840769754362,0.00017531505971832116,0.10963396533510202,0.00017531505971832116,0.008588100528336275,2.1408415903133614e-05,0.001311081106006552,0.0002131888656003771,0.002797076348991698,0.0002122893524678097,0.3065976243635165,8.587334103717131e-08,1.9475352869075694e-06,0.00017531505971832116,0.9984022702288816,1.3879140136715748e-05,0.00020348851231398235,0.03259033973754474,0.0013032446135278948,0.008588100528336275,0.03674568374718318,0.03674568374718318,1.6845189648288337e-05,0.03259033973754474,0.00020348851231398235,1.4356722784152404e-06,0.03674568374718318,0.03259033973754474,1.4356722784152404e-06,0.30442076981547445,0.30442076981547445,0.8897923193812554,0.03674568374718318,0.8941772693995731,0.004534970437178346,1.6845189648288337e-05,0.8830801150339576,0.00017531505971832116,0.008588100528336275,0.004534970437178346,0.01862974952219076,0.023750667989705022,0.001430781142723506,0.008588100528336275,0.5213753755174309,0.0015410062941669878,0.03259033973754474,1.6845189648288337e-05,0.0002122893524678097,1.4356722784152404e-06,1.0,0.0002131888656003771,0.009033931246892042,0.00017531505971832116,0.00017531505971832116,0.30442076981547445,1.7292017899710768e-06
sub-31152_ses-baseline_fs,STG_6_3_thickness,0.8766729182264057,0.9999994714026182,0.30490373980896834,0.3270911248203917,0.896773096839314,0.6181123376795367,0.5900542158464736,0.9999994714026182,0.1944665083644866,0.09714417023749707,0.7942462283311288,0.010203524138616856,0.26077007701098104,0.9988893875838735,0.30393824352818877,0.8757465937020766,0.896773096839314,0.9999994714026182,0.5888079290948071,0.30490373980896834,0.9986793789847219,0.5900542158464736,0.30490373980896834,0.896773096839314,0.30490373980896834,0.1328882599894612,0.9988821129463261,0.896773096839314,0.9064328074585272,0.5825789144561165,0.8467407253653394,0.7740946725104898,0.016622841233670305,0.3260863956792094,0.0014794489263020361,0.003618530978272727,0.5703545317634491,0.44907712247009757,0.009421631447588558,0.9988821129463261,0.1328882599894612,0.9988821129463261,0.5900542158464736,0.8710743767523882,0.8960834748719243,1.0,0.7921087921049563,0.9999994714026182,0.03640710098999294,0.28130454073602823,0.5965992371812004,0.9988821129463261,0.00026856802182987364,0.826190457991884,0.9999360417453168,0.3270911248203917,0.896773096839314,0.5900542158464736,0.30490373980896834,0.30490373980896834,0.8467407253653394,0.3270911248203917,0.9999360417453168,0.5608246406606905,0.30490373980896834,0.3270911248203917,0.5608246406606905,0.036842911113365975,0.036842911113365975,2.600740939572833e-05,0.30490373980896834,2.726420476031548e-05,0.7105656788114727,0.8467407253653394,2.422520136527549e-05,0.9988821129463261,0.5900542158464736,0.7105656788114727,0.43551412026906783,0.38761852855552104,0.8857841829121121,0.5900542158464736,0.012132777625982314,0.8766729182264057,0.3270911248203917,0.8467407253653394,0.9999994714026182,0.5608246406606905,0.0002131888656003771,1.0,0.5800886272155383,0.9988821129463261,0.9988821129463261,0.036842911113365975,0.5825789144561165
sub-31152_ses-baseline_fs,STG_6_4_thickness,0.868713183522444,0.5794661889375501,0.8835325542435519,0.9031452886992307,0.8467407253653388,0.9980350217251186,0.9998646881899689,0.5794661889375501,0.7456998557437249,0.5365971513553687,0.9356065729589251,0.1395560201251179,0.8372904856853308,0.5516259496823793,0.03521942042277999,0.2967538044056248,0.8467407253653388,0.5794661889375501,0.11667585626560611,0.8835325542435519,0.5490594674237005,0.9998646881899689,0.8835325542435519,0.8467407253653388,0.8835325542435519,0.6274598869236948,0.5515331515541961,0.8467407253653388,0.3310764740312686,0.11420941294192911,0.26903391277730476,0.2127834398719514,0.19125025586315997,0.9023054547862167,0.037135903930859096,0.06946898843286499,0.9998705429538309,0.975717299409891,0.13243589049274718,0.5515331515541961,0.6274598869236948,0.5515331515541961,0.9998646881899689,0.29202018221137366,0.8475434644989017,0.5800886272155383,0.9369515147833447,0.5794661889375501,0.310001632350262,0.030960259404412986,0.11981613416214908,0.5515331515541961,0.010728411144425715,0.25147563595499905,0.5732450888266655,0.9031452886992307,0.8467407253653388,0.9998646881899689,0.8835325542435519,0.8835325542435519,0.26903391277730476,0.9031452886992307,0.5732450888266655,0.10589208255728057,0.8835325542435519,0.9031452886992307,0.10589208255728057,0.31220131362383796,0.31220131362383796,0.001824900619277501,0.8835325542435519,0.0018926693504900244,0.976741067459861,0.26903391277730476,0.0017274275226739479,0.5515331515541961,0.9998646881899689,0.976741067459861,0.9702572669168017,0.9460214333059129,0.8591051510121684,0.9998646881899689,0.15623891305043322,0.868713183522444,0.9031452886992307,0.26903391277730476,0.5794661889375501,0.10589208255728057,0.009033931246892042,0.5800886272155383,1.0,0.5515331515541961,0.5515331515541961,0.31220131362383796,0.11420941294192911
sub-31152_ses-baseline_fs,STG_6_5_thickness,0.8546983504231344,0.998930162703404,0.2831508459688401,0.30442076981547483,0.8762100967133953,0.5894310546503393,0.5614448613886821,0.998930162703404,0.1783143517611179,0.08761418258330186,0.7682930807532249,0.008832065465161104,0.24104241126212153,0.9999999881065559,0.32658854651041697,0.8963423052232252,0.8762100967133953,0.998930162703404,0.6174889196474498,0.2831508459688401,0.9999915424754213,0.5614448613886821,0.2831508459688401,0.8762100967133953,0.2831508459688401,0.12070688793493539,1.0,0.8762100967133953,0.9246018422773802,0.6112536743868653,0.8691867473774927,0.7998488930622698,0.014501768234030566,0.3034561612632471,0.001245837278059728,0.003084398706943377,0.5418656700049134,0.42251646647400526,0.008145162185231484,1.0,0.12070688793493539,1.0,0.5614448613886821,0.8919938874296465,0.8754681653335891,0.9988821129463261,0.7660820419677572,0.998930162703404,0.03219778582735766,0.3029745233348786,0.6252795294761722,1.0,0.00022144741476615973,0.8497430650916754,0.9993526776397597,0.30442076981547483,0.8762100967133953,0.5614448613886821,0.2831508459688401,0.2831508459688401,0.8691867473774927,0.30442076981547483,0.9993526776397597,0.5894310546503392,0.2831508459688401,0.30442076981547483,0.5894310546503392,0.03259033973754482,0.03259033973754482,2.090380391816125e-05,0.2831508459688401,2.192462960750735e-05,0.6825553138503792,0.8691867473774927,1.945713185755425e-05,1.0,0.5614448613886821,0.6825553138503792,0.40929062066038646,0.3627762664336491,0.8644215778459163,0.5614448613886821,0.010530726261534926,0.8546983504231344,0.30442076981547483,0.8691867473774927,0.998930162703404,0.5894310546503392,0.00017531505971832116,0.9988821129463261,0.5515331515541961,1.0,1.0,0.03259033973754482,0.6112536743868653
sub-31152_ses-baseline_fs,STG_6_6_thickness,0.8546983504231344,0.998930162703404,0.2831508459688401,0.30442076981547483,0.8762100967133953,0.5894310546503393,0.5614448613886821,0.998930162703404,0.1783143517611179,0.08761418258330186,0.7682930807532249,0.008832065465161104,0.24104241126212153,0.9999999881065559,0.32658854651041697,0.8963423052232252,0.8762100967133953,0.998930162703404,0.6174889196474498,0.2831508459688401,0.9999915424754213,0.5614448613886821,0.2831508459688401,0.8762100967133953,0.2831508459688401,0.12070688793493539,1.0,0.8762100967133953,0.9246018422773802,0.6112536743868653,0.8691867473774927,0.7998488930622698,0.014501768234030566,0.3034561612632471,0.001245837278059728,0.003084398706943377,0.5418656700049134,0.42251646647400526,0.008145162185231484,1.0,0.12070688793493539,1.0,0.5614448613886821,0.8919938874296465,0.8754681653335891,0.9988821129463261,0.7660820419677572,0.998930162703404,0.03219778582735766,0.3029745233348786,0.6252795294761722,1.0,0.00022144741476615973,0.8497430650916754,0.9993526776397597,0.30442076981547483,0.8762100967133953,0.5614448613886821,0.2831508459688401,0.2831508459688401,0.8691867473774927,0.30442076981547483,0.9993526776397597,0.5894310546503392,0.2831508459688401,0.30442076981547483,0.5894310546503392,0.03259033973754482,0.03259033973754482,2.090380391816125e-05,0.2831508459688401,2.192462960750735e-05,0.6825553138503792,0.8691867473774927,1.945713185755425e-05,1.0,0.5614448613886821,0.6825553138503792,0.40929062066038646,0.3627762664336491,0.8644215778459163,0.5614448613886821,0.010530726261534926,0.8546983504231344,0.30442076981547483,0.8691867473774927,0.998930162703404,0.5894310546503392,0.00017531505971832116,0.9988821129463261,0.5515331515541961,1.0,1.0,0.03259033973754482,0.6112536743868653
sub-31152_ses-baseline_fs,pSTS_2_1_thickness,0.12070688793493539,0.036745683747183296,0.5894310546503393,0.5614448613886821,0.10963396533510227,0.2831508459688401,0.30442076981547506,0.036745683747183296,0.7492883924637407,0.9193678993533296,0.16739760248591679,0.9001268319692519,0.6489845446686524,0.03260349495073492,0.00021228935246781085,0.008588100528336329,0.10963396533510227,0.036745683747183296,0.0015410062941669906,0.5894310546503393,0.03224120246654072,0.30442076981547506,0.5894310546503393,0.10963396533510227,0.5894310546503393,0.8546983504231344,0.03259033973754482,0.10963396533510227,0.010691923606797608,0.0014849497815469575,0.007086414687461124,0.004534970437178361,0.9579733366719614,0.5626855767172732,0.5819562650461745,0.7356154166459293,0.31992022961882466,0.4272606504883462,0.8890618384212059,0.03259033973754482,0.8546983504231344,0.03259033973754482,0.30442076981547506,0.008319555888162113,0.11001371261589356,0.036842911113365975,0.1686538668843032,0.036745683747183296,0.9999892959574787,0.00017307947416964306,0.0016138220836060427,0.03259033973754482,0.33163349857219127,0.006221015129394712,0.035785330035412,0.5614448613886821,0.10963396533510227,0.30442076981547506,0.5894310546503393,0.5894310546503393,0.007086414687461124,0.5614448613886821,0.035785330035412,0.0013032446135279063,0.5894310546503393,0.5614448613886821,0.0013032446135279063,1.0,1.0,0.12855041446407212,0.5894310546503393,0.13124883699576745,0.2190021144558759,0.007086414687461124,0.12458174787781497,0.03259033973754482,0.30442076981547506,0.2190021144558759,0.4407227115729107,0.4910148904284154,0.11568441835552994,0.30442076981547506,0.9227474661820465,0.12070688793493539,0.5614448613886821,0.007086414687461124,0.036745683747183296,0.0013032446135279063,0.30442076981547445,0.036842911113365975,0.31220131362383796,0.03259033973754482,0.03259033973754482,1.0,0.0014849497815469575
sub-31152_ses-baseline_fs,pSTS_2_2_thickness,0.29961552525558327,0.5832016134958906,0.035785330035412,0.04028091582255356,0.32158634069335346,0.1298943352380594,0.1181752193039207,0.5832016134958906,0.017266610822388645,0.005996410129106484,0.22849597816803124,0.00025527589805339,0.027632299979309223,0.6111601347470084,0.8808074239996599,0.8715446207953425,0.32158634069335346,0.5832016134958906,0.9999471416449036,0.035785330035412,0.6137479674073855,0.1181752193039207,0.035785330035412,0.32158634069335346,0.035785330035412,0.009590140439630402,0.6112536743868653,0.32158634069335346,0.8371442394891777,1.0,0.8984888358995194,0.9489016804399438,0.0004940495612677892,0.04007143426724237,2.0216368487787844e-05,6.458206792526829e-05,0.11043022526555035,0.07021454780116552,0.0002293777802438718,0.6112536743868653,0.009590140439630402,0.6112536743868653,0.1181752193039207,0.8762100967133948,0.32078998126821634,0.5825789144561165,0.22694526334536955,0.5832016134958906,0.0014603437522290646,0.8581302529865473,0.9997324333071026,0.6112536743868653,2.3102852356388607e-06,0.9149761831757358,0.5894310546503392,0.04028091582255356,0.32158634069335346,0.1181752193039207,0.035785330035412,0.035785330035412,0.8984888358995194,0.04028091582255356,0.5894310546503392,0.9993526776397597,0.035785330035412,0.04028091582255356,0.9993526776397597,0.0014849497815469575,0.0014849497815469575,1.2764727905119744e-07,0.035785330035412,1.3525369760141824e-07,0.17528901198699007,0.8984888358995194,1.1700895388349339e-07,0.6112536743868653,0.1181752193039207,0.17528901198699007,0.06641553960683916,0.0539779411878095,0.3092703834202934,0.1181752193039207,0.0003223191669019167,0.29961552525558327,0.04028091582255356,0.8984888358995194,0.5832016134958906,0.9993526776397597,1.7292017899710768e-06,0.5825789144561165,0.11420941294192911,0.6112536743868653,0.6112536743868653,0.0014849497815469575,1.0
